PMID,title,year,journal,flag_protein,flag_net_carbs,flag_fiber,flag_calcium,flag_iron,flag_magnesium,flag_phosphorus,flag_potassium,flag_sodium,flag_zinc,flag_copper,flag_vitamin_a,flag_vitamin_c,flag_vitamin_d,flag_vitamin_b12,flag_vitamin_b6,flag_thiamine,flag_riboflavin,flag_niacin,flag_folate,flag_saturated_fat,flag_monounsaturated_fat,flag_polyunsaturated_fat,flag_linoleic_acid,flag_alpha_linolenic_acid
41941492,"Managing Anaemia in Pregnancy with Traditional Medicines: Experiences of women in the Cape Coast Metropolis, Ghana.",2026,PloS one,0,0,0,0,0,0,0,0,0,0,0,0,0,0,0,0,0,0,0,0,0,0,0,0,0
41908780,Reducing relapses after acute malnutrition treatment: evidence from a simplified approach in emergency settings of Mali.,2026,Frontiers in public health,0,0,0,0,0,0,0,0,0,0,0,0,0,0,0,0,0,0,0,0,0,0,0,0,0
41883324,Mother-child dyads double burden of malnutrition and associated factors in Burkina Faso.,2026,Public health nutrition,0,0,0,0,0,0,0,0,0,0,0,0,0,0,0,0,0,0,0,0,0,0,0,0,0
41825474,"Oral rehydration for severe malnutrition in children with moderate and severe dehydration (GASTROSAM): a phase 2, open-label, superiority randomised controlled trial.",2026,The Lancet. Child & adolescent health,0,0,0,0,0,0,0,0,1,0,0,0,0,0,0,0,0,0,0,0,0,0,0,0,0
41807671,Prevalence and associated factors of anemia among women of childbearing age in the eastern region of Burkina Faso.,2026,Scientific reports,0,0,0,0,1,0,0,0,0,0,0,0,0,0,0,0,0,0,0,0,0,0,0,0,0
41729840,Implementing intravenous iron for maternal anemia in Nigeria: A qualitative study of healthcare provider experiences using the normalization process theory.,2026,PloS one,0,0,0,0,1,0,0,0,0,0,0,0,0,0,0,0,0,0,0,0,0,0,0,0,0
41729835,"Malaria and malnutrition in children under the Seasonal Malaria Chemoprevention (SMC) coverage in the health district of Nanoro, Burkina Faso.",2026,PloS one,0,0,0,0,0,0,0,0,0,0,0,0,0,0,0,0,0,0,0,0,0,0,0,0,0
41686543,"Estimation of prevalence and complications of iron deficiency anemia in pregnancy at Obio-Akpor, Rivers State, Nigeria from 2019 to 2023.",2026,Medicine,0,0,0,0,1,0,0,0,0,0,0,0,0,0,0,0,0,0,0,0,0,0,0,0,0
41637471,Intravenous iron for anaemia in pregnancy: A quantitative study of acceptability and feasibility of its integration into routine antenatal care practice in Nigeria.,2026,PloS one,0,0,0,0,1,0,0,0,0,0,0,0,0,0,0,0,0,0,0,0,0,0,0,0,0
41628108,Patients' perceptions of care in a Type 1 hybrid effectiveness-implementation trial on intravenous iron for anaemia in pregnancy in Nigeria.,2026,PloS one,0,0,0,0,1,0,0,0,0,0,0,0,0,0,0,0,0,0,0,0,0,0,0,0,0
41617945,Ovarian reserve and oxidative stress in sickle cell anaemia: a comparative cross-sectional study.,2026,Scientific reports,0,0,0,0,0,0,0,0,0,0,0,0,0,0,0,0,0,0,0,0,0,0,0,0,0
41580870,"Coronavirus disease 19 death among infants with complications of severe acute malnutrition, Kenema district, Sierra Leone, June 2020: a case series.",2026,Journal of medical case reports,0,0,0,0,0,0,0,0,0,0,0,0,0,0,0,0,0,0,0,0,0,0,0,0,0
41569394,Caregiver Screening for Relapse Among Children Recently Recovered From Severe Acute Malnutrition: A Randomized Controlled Feasibility Trial.,2026,Maternal & child nutrition,0,0,0,0,0,0,0,0,0,0,0,0,0,0,0,0,0,0,0,0,0,0,0,0,0
41554788,The effect of air pollution and household environmental indicators on anemia status among under-five children in low-middle income countries: exploring potential machine learning applications on demographic and health surveys.,2026,Scientific reports,0,0,0,0,0,0,0,0,0,0,0,0,0,0,0,0,0,0,0,0,0,0,0,0,0
41520274,Genetic patterns & public health implications of sickle cell anaemia across populations: A systematic review.,2025,The Indian journal of medical research,0,0,0,0,0,0,0,0,0,0,0,0,0,0,0,0,0,0,0,0,0,0,0,0,0
41519151,Episiotomy and postpartum haemorrhage in women with moderate or severe anaemia: a cohort analysis of data from the WOMAN-2 trial.,2026,The Lancet. Global health,0,0,0,0,0,0,0,0,0,0,0,0,0,0,0,0,0,0,0,0,0,0,0,0,0
41500362,"Factors Associated with Anemia, Iron Deficiency, and Iron Deficiency Anemia among Adolescents Aged 10-19 Years: Analysis of the 2020 Burkina Faso National Micronutrient Survey.",2026,The Journal of nutrition,0,0,0,0,1,0,0,0,0,0,0,1,0,0,0,0,0,0,0,0,0,0,0,0,0
41492149,Assessment of Urine Kidney Injury Molecule-1 as an Early Biomarker for Nephropathy in Sickle Cell Anaemia Patients.,2025,Acta medica (Hradec Kralove),0,0,0,0,0,0,0,0,0,0,0,0,0,0,0,0,0,0,0,0,0,0,0,0,0
41464479,Combating Malnutrition: Nutrient and Energy Composition of Locally Formulated Ready-to-Use Therapeutic Foods for Children.,2025,International journal of environmental research and public health,1,1,0,1,1,1,0,1,1,1,0,1,1,0,0,0,0,0,0,0,0,0,0,0,0
41402964,Association between sickle cell anaemia and dental caries among children in Nigeria.,2025,BMC oral health,0,1,0,0,0,0,0,0,0,0,0,0,0,0,0,0,0,0,0,0,0,0,0,0,0
41401535,Spatial variability in the association of ambient PM2.5 exposure with child undernutrition in sub-Saharan Africa.,2026,Environment international,0,0,0,0,0,0,0,0,0,0,0,0,0,0,0,0,0,0,0,0,0,0,0,0,0
41286697,The double burden: co-occurrence of malaria and anaemia in children under five in Ghana - a multilevel mixed-effects logistic regression analysis.,2025,BMC pediatrics,0,0,0,0,0,0,0,0,0,0,0,0,0,0,0,0,0,0,0,0,0,0,0,0,0
41286649,Impact of iron deficiency on health-related quality of life and functional status in adults with chronic heart failure in Nigeria.,2025,BMC cardiovascular disorders,0,0,0,0,1,0,0,0,0,0,0,0,0,0,0,0,0,0,0,0,0,0,0,0,0
41268976,Household air pollutant exposure and anemia prevalence among pregnant women in five countries of the West African Region.,2026,International journal of gynaecology and obstetrics: the official organ of the International Federation of Gynaecology and Obstetrics,0,0,0,0,0,0,0,0,0,0,0,0,0,0,0,0,0,0,0,0,0,0,0,0,0
41253090,Including malnourished siblings in treatment improves nutritional outcomes for children with sickle cell anemia in Northern Nigeria: Results from a feasibility trial.,2025,"Nutrition research (New York, N.Y.)",0,0,0,0,0,0,0,0,0,0,0,0,0,0,0,0,0,0,0,0,0,0,0,0,0
41243200,Hepcidin is low in children with moderate acute malnutrition and asymptomatic malaria: secondary analysis of a 2×2×3 factorial randomised trial in Burkina Faso.,2026,The British journal of nutrition,0,0,0,0,1,0,0,0,0,0,0,0,0,0,0,0,0,0,0,0,0,0,0,0,0
41235708,Integration of a WASH Component in the Standard National Protocol for Treatment of Severe Acute Malnutrition in Children Aged 6-59 Months in Northern Senegal-A Costing Study.,2026,Maternal & child nutrition,0,0,0,0,0,0,0,0,0,0,0,0,0,0,0,0,0,0,0,0,0,0,0,0,0
41160552,Red blood cell indices versus serum ferritin as surrogate markers of iron deficiency during pregnancy.,2025,PloS one,0,0,0,0,1,0,0,0,0,0,0,0,0,0,0,0,0,0,0,0,0,0,0,0,0
41122257,Prevalence of anaemia and associated factors among patients with type 2 diabetes mellitus in the Ho municipality in Ghana.,2025,Ghana medical journal,0,0,0,0,0,0,0,0,0,0,0,0,0,0,0,0,0,0,0,0,0,0,0,0,0
41101327,"Associations Between Climate-Sensitive Nutrients, Clinical Malaria, and Anaemia Among Young Children in Rural Burkina Faso: An Analysis of Baseline Data From a Cluster-Randomised Controlled Trial.",2026,Tropical medicine & international health : TM & IH,0,0,1,0,0,0,0,0,0,0,0,1,0,0,0,0,0,0,0,0,0,0,0,0,0
41088031,Mixed-methods exploration of knowledge about causes and prevention of anaemia in reproductive-aged women; a two-centre study.,2025,BMC women's health,0,0,0,0,0,0,0,0,0,0,0,0,0,0,0,0,0,0,0,0,0,0,0,0,0
41057203,"Effect of caregiver training on knowledge and confidence of at-home clinical and anthropometric surveillance of children with uncomplicated severe acute malnutrition: analysis of a cross-over cluster randomised trial in Sokoto, Nigeria.",2025,BMJ global health,0,0,0,0,0,0,0,0,0,0,0,0,0,0,0,0,0,0,0,0,0,0,0,0,0
41043877,"Optimizing management of uncomplicated acute malnutrition in children in rural Niger: a 3-arm individually randomized, controlled, noninferiority trial.",2025,The American journal of clinical nutrition,0,0,0,0,0,0,0,0,0,0,0,0,0,0,0,0,0,0,0,0,0,0,0,0,0
41034740,"Determination of prevalence and cause of anaemia among adolescent pregnant girls in Ussher Hospital, James Town, Ghana.",2025,BMC pregnancy and childbirth,0,0,0,0,1,0,0,0,0,0,0,0,0,0,0,0,0,0,0,0,0,0,0,0,0
41026753,Perceived family support and undernutrition among older outpatients of a Northern Nigerian hospital: A mixed methods study.,2025,PloS one,0,0,0,0,0,0,0,0,0,0,0,0,0,0,0,0,0,0,0,0,0,0,0,0,0
41016981,Severity patterns and predictors of sickle cell anaemia among Gambian children: A cross-sectional analysis.,2025,Annals of hematology,0,0,0,0,0,0,0,0,0,0,0,0,0,0,0,0,0,0,0,0,0,0,0,0,0
40977778,Trends in the disease burden of maternal sepsis and other maternal infections attributable to iron deficiency from 1990 to 2021 and its projection until 2050.,2025,Frontiers in public health,0,0,0,0,1,0,0,0,0,0,0,0,0,0,0,0,0,0,0,0,0,0,0,0,0
40890373,BamClassifier: a machine learning method for assessing iron deficiency.,2025,Scientific reports,0,0,0,0,1,0,0,0,0,0,0,0,0,0,0,0,0,0,0,0,0,0,0,0,0
40866872,Factors associated with inequalities in malnutrition among children in Ghana using the 2022 GDHS and WHO HEAT framework.,2025,BMC public health,0,0,0,0,0,0,0,0,0,0,0,0,0,0,0,0,0,0,0,0,0,0,0,0,0
40813685,Dental caries prevention profile of children with and without sickle cell anaemia in a suburban community in Nigeria.,2025,BMC research notes,0,0,0,0,0,0,0,0,0,0,0,0,0,0,0,0,0,0,0,0,0,0,0,0,0
40803493,Heme iron compared with ferrous iron salts to treat iron deficiency anemia in Gambian children: a randomized controlled trial.,2025,The American journal of clinical nutrition,0,0,0,0,1,0,0,0,0,0,0,0,0,0,0,0,0,0,0,0,0,0,0,0,0
40798923,Liver function tests among children with moderate acute malnutrition: A secondary analysis of a randomized trial from Burkina Faso.,2025,Journal of pediatric gastroenterology and nutrition,0,0,0,0,0,0,0,0,0,0,0,0,0,0,0,0,0,0,0,0,0,0,0,0,0
40792539,Socioeconomic Risk Factors Associated With Acute Malnutrition Severity Among Under-Five Children Based on a Machine Learning Approach: The Case of Rural Emergency Contexts in Niger and Mali.,2025,Maternal & child nutrition,0,0,0,0,0,0,0,0,0,0,0,0,0,0,0,0,0,0,0,0,0,0,0,0,0
40780831,Adherence to ready-to-use therapeutic food in older children with sickle cell anaemia and severe acute malnutrition: a mixed-methods study in a low-income setting.,2025,BMJ global health,0,0,0,0,0,0,0,0,0,0,0,0,0,0,0,0,0,0,0,0,0,0,0,0,0
40771242,Determinants associated with anemia level among children under 5 years in Gambia: a structural equation modelling approach.,2025,Frontiers in public health,0,0,0,0,0,0,0,0,0,0,0,0,0,0,0,0,0,0,0,0,0,0,0,0,0
40750762,Acquisition of Escherichia coli carrying extended-spectrum ß-lactamase and carbapenemase genes by hospitalised children with severe acute malnutrition in Niger.,2025,Nature communications,0,0,0,0,0,0,0,0,0,0,0,0,0,0,0,0,0,0,0,0,0,0,0,0,0
40720446,"Protocol for the Redefining Maternal Anemia in Pregnancy and Postpartum (ReMAPP) study: A multisite, international, population-based cohort study to establish global hemoglobin thresholds for maternal anemia.",2025,PloS one,0,0,0,0,0,0,0,0,0,0,0,0,0,0,0,0,0,0,0,0,0,0,0,0,0
40676606,Pooled prevalence of anaemia and its associated factors among adolescent girls in East and West Africa: a systematic review and meta-analysis.,2025,BMC public health,0,0,0,0,0,0,0,0,0,0,0,0,0,0,0,0,0,0,0,0,0,0,0,0,0
40657454,"Vitamin D Status and Oxidative Stress in Children with Sickle Cell Anaemia in Sagamu, Nigeria.",2025,Sultan Qaboos University medical journal,0,0,0,1,0,0,0,0,0,0,0,0,0,1,0,0,0,0,0,0,0,0,0,0,0
40630154,"Diagnostic criteria for severe acute malnutrition and fatal outcomes in children aged 6-59 months, Nigeria.",2025,Bulletin of the World Health Organization,0,0,0,0,0,0,0,0,0,0,0,0,0,0,0,0,0,0,0,0,0,0,0,0,0
40610045,"Malaria and helminths co-infection-Effects on anaemia, iron and folate deficiencies in paediatric population in Ghana.",2025,Tropical medicine & international health : TM & IH,0,0,0,0,1,0,0,0,0,0,0,0,0,0,0,0,0,0,0,1,0,0,0,0,0
40595893,Prevalence and clinical impact of severe anaemia in referral hospitals in southern Benin.,2025,Scientific reports,0,0,0,0,0,0,0,0,0,0,0,0,0,0,0,0,0,0,0,0,0,0,0,0,0
40592757,Azithromycin as adjunctive treatment for uncomplicated severe acute malnutrition (AMOUR): study protocol for a double-masked randomised controlled trial.,2025,BMJ open,0,0,0,0,0,0,0,0,0,0,0,0,0,0,0,0,0,0,0,0,0,0,0,0,0
40585515,Outcomes and factors associated with severe malaria-related anaemia in paediatric patients in northern Nigeria.,2024,Ghana medical journal,0,0,0,0,0,0,0,0,0,0,0,0,0,0,0,0,0,0,0,0,0,0,0,0,0
40567105,The School Food Environment in Ghana is Associated With Dietary Diversity and Anemia: Findings From the 2022 National Nutrition and Health Survey of In-School Adolescents.,2025,Food and nutrition bulletin,0,0,0,0,0,0,0,0,0,0,0,0,0,0,0,0,0,0,0,0,0,0,0,0,0
40526587,"Anemia, micronutrient deficiency, and elevated biomarkers of inflammation among women and children in two districts in the Northern Region of Ghana: A pilot study.",2025,PloS one,1,0,0,0,1,0,0,0,0,1,0,1,0,0,0,0,0,0,0,1,0,0,0,0,0
40492000,"Quantile regression application to identify key determinants of malnutrition in five West African countries of Gabon, Gambia, Liberia, Mauritania, and Nigeria.",2025,Frontiers in public health,0,0,0,0,0,0,0,0,0,0,0,0,0,0,0,0,0,0,0,0,0,0,0,0,0
40478571,Risks and Benefits of Weight Gain in Children With Undernutrition.,2025,JAMA network open,0,0,0,0,0,0,0,0,0,0,0,0,0,0,0,0,0,0,0,0,0,0,0,0,0
40426109,Malaria and anaemia prevalence and associated factors among pregnant women initiating antenatal care in two regions in Ghana: an analytical cross-sectional study.,2025,BMC pregnancy and childbirth,0,0,0,0,0,0,0,0,0,0,0,0,0,0,0,0,0,0,0,0,0,0,0,0,0
40420196,Reference intervals of haematological indices for young adults with sickle cell anaemia in Southwestern Nigeria.,2025,BMC research notes,0,0,0,0,0,0,0,0,0,0,0,0,0,0,0,0,0,0,0,0,0,0,0,0,0
40394903,Micronutrient Powders Combined With Malaria Chemoprevention to Improve Anaemia and Cognitive Function in Early Childhood in Mali: A Cluster-Randomised Trial.,2025,Maternal & child nutrition,0,0,0,0,0,0,0,0,0,0,0,0,0,0,0,0,0,0,0,0,0,0,0,0,0
40392594,"Blood Pressure and Associated Risk Factors for Hypertension in Children with Sickle Cell Anaemia Attending University of Nigeria Teaching Hospital, Enugu, South-East Nigeria.",2024,West African journal of medicine,0,0,0,0,0,0,0,0,0,0,0,0,0,0,0,0,0,0,0,0,0,0,0,0,0
40390109,"Physical activity, vaso-occlusive crises and pain in patients with sickle cell anaemia in Senegal.",2025,British journal of haematology,0,0,0,0,0,0,0,0,0,0,0,0,0,0,0,0,0,0,0,0,0,0,0,0,0
40367293,"Prevalence and determinants of anemia among pregnant women attending maternal and child health clinics at Sukuta Health Center, The Gambia: An institutional-based cross-sectional study.",2025,"Women's health (London, England)",0,0,0,0,1,0,0,0,0,0,0,0,0,0,0,0,0,0,0,0,0,0,0,0,0
40341873,Review of simplified approaches for the provision of care to children with acute malnutrition.,2025,Igiene e sanita pubblica,0,0,0,0,0,0,0,0,0,0,0,0,0,0,0,0,0,0,0,0,0,0,0,0,0
40283776,Malnutrition and Climate in Niger: Findings from Climate Indices and Crop Yield Simulations.,2025,International journal of environmental research and public health,0,0,0,0,0,0,0,0,0,0,0,0,0,0,0,0,0,0,0,0,0,0,0,0,0
40281575,Socioeconomic inequality in undernutrition among late female adolescent in sub-Saharan African countries: a decomposition analysis.,2025,BMC public health,0,0,0,0,0,0,0,0,0,0,0,0,0,0,0,0,0,0,0,0,0,0,0,0,0
40239386,"Iron deficiency in pregnancy and its association with blood lead and manganese levels in offspring in Benin, Sub-Saharan Africa.",2025,Early human development,0,0,0,0,1,0,0,0,0,0,0,0,0,0,0,0,0,0,0,0,0,0,0,0,0
40231323,Assessment of the Knowledge of Chronic Kidney Disease and Anemia Among University Students in Ghana: A Cross-Sectional Study.,2025,TheScientificWorldJournal,0,0,0,0,0,0,0,0,0,0,0,0,0,0,0,0,0,0,0,0,0,0,0,0,0
40204412,What works for anemia reduction among women of reproductive age? Synthesized findings from the exemplars in anemia project.,2025,The American journal of clinical nutrition,0,0,0,0,1,0,0,0,0,0,0,1,0,0,0,0,0,0,0,1,0,0,0,0,0
40201366,"Estimating program coverage in the treatment of acute malnutrition using population-based cluster survey methods: results from surveys in Burkina Faso, Chad, Democratic Republic of the Congo, and Niger.",2025,Frontiers in public health,0,0,0,0,0,0,0,0,0,0,0,0,0,0,0,0,0,0,0,0,0,0,0,0,0
40177293,Erythroferrone-Driven Regulation of Hepcidin and Iron Levels in Polytransfused Sickle Cell Anaemia Patients: A Prospective Study.,2025,BioMed research international,0,0,0,0,1,0,0,0,0,0,0,0,0,0,0,0,0,0,0,0,0,0,0,0,0
40077752,Maternal Anemia as a Predictor of Childhood Anemia: Evidence from Gambian Health Data.,2025,Nutrients,0,0,0,0,1,0,0,0,0,0,0,0,0,0,0,0,0,0,0,0,0,0,0,0,0
40062628,Impact of Food Insecurity on Malnutrition Treatment Response in Nigerian Children With Sickle Cell Anemia and Severe Acute Malnutrition.,2025,Pediatric blood & cancer,0,0,0,0,0,0,0,0,0,0,0,0,0,0,0,0,0,0,0,0,0,0,0,0,0
40050927,"Precipitation, temperature, and child undernutrition: evidence from the Mali demographic and health surveys 2012-2013 and 2018.",2025,"Journal of health, population, and nutrition",0,0,0,0,0,0,0,0,0,0,0,0,0,0,0,0,0,0,0,0,0,0,0,0,0
40044581,"Haplotype-Specific Genetic Epidemiology of Sickle Cell Anemia Patients in Accra, Ghana: Patterns, Clinical Implications, and Public Health Responses.",2025,Hemoglobin,0,0,0,0,0,0,0,0,0,0,0,0,0,0,0,0,0,0,0,0,0,0,0,0,0
40016713,"Is an improvement in anaemia and iron levels associated with the risk of early postpartum depression? A cohort study from Lagos, Nigeria.",2025,BMC public health,0,0,0,0,1,0,0,0,0,0,0,0,0,0,0,0,0,0,0,0,0,0,0,0,0
39979900,Adherence to daily food-based dietary recommendations and its association with anemia among Ghanaian women.,2025,BMC public health,0,0,0,0,0,0,0,0,0,0,0,0,0,0,0,0,0,0,0,0,0,0,0,0,0
39939582,Serum insulin-like growth factor 1 in young children with moderate acute malnutrition: secondary analysis of a randomised trial in Burkina Faso.,2025,The British journal of nutrition,1,0,0,0,0,0,0,0,0,0,0,0,0,0,0,0,0,0,0,0,0,0,0,0,0
39929516,Impact of Nutritional Support for Tuberculosis on Intermediate and Terminal Undernutrition and Treatment Outcomes (INSTITUT) study: a protocol for a quasi-experimental study to assess the impact of nutritional support on tuberculosis treatment outcomes in Benin and Togo.,2025,BMJ open,0,0,0,0,0,0,0,0,0,0,0,0,0,0,0,0,0,0,0,0,0,0,0,0,0
39886109,Family-led mid-upper arm circumference (FL-MUAC) approach and the screening of acute malnutrition in children aged 6 to 59 months in Africa: a scoping review.,2024,The Pan African medical journal,0,0,0,0,0,0,0,0,0,0,0,0,0,0,0,0,0,0,0,0,0,0,0,0,0
39854542,Association between asymptomatic submicroscopic and microscopic malaria infections and anemia: A study in southern Benin.,2025,PloS one,0,0,0,0,0,0,0,0,0,0,0,0,0,0,0,0,0,0,0,0,0,0,0,0,0
39835311,Determining the risk factors of malaria and anemia in children between 6 and 59 months using the joint generalized linear mixed model on the 2021 Nigeria Malaria Indicator Survey dataset.,2024,Frontiers in public health,0,0,0,0,0,0,0,0,0,0,0,0,0,0,0,0,0,0,0,0,0,0,0,0,0
39833749,"Cost-effectiveness of decentralising acute malnutrition treatment with a standard or simplified treatment protocol: an economic evaluation in the region of Gao, Mali.",2025,BMC public health,0,0,0,0,0,0,0,0,0,0,0,0,0,0,0,0,0,0,0,0,0,0,0,0,0
39817444,Population-attributable fractions for risk factors for childhood anaemia: findings from the 2017 Togo Malaria Indicator Survey.,2025,The British journal of nutrition,0,0,0,0,0,0,0,0,0,0,0,0,0,0,0,0,0,0,0,0,0,0,0,0,0
39806459,"Prevalence and factors associated with childhood malaria and anaemia in Osun state, Nigeria: a baseline household malariometric study.",2025,Malaria journal,0,0,0,0,0,0,0,0,0,0,0,0,0,0,0,0,0,0,0,0,0,0,0,0,0
39793851,Artesunate-induced anaemia: A case report of a pharmacological complication to consider.,2025,Parasitology international,0,0,0,0,0,0,0,0,0,0,0,0,0,0,0,0,0,0,0,0,0,0,0,0,0
39780121,Factors influencing malnutrition among adolescent girls in The Gambia: a mixed-methods exploratory study.,2025,BMC public health,0,0,0,0,0,0,0,0,0,0,0,0,0,0,0,0,0,0,0,0,0,0,0,0,0
39767526,Under-5 Malaria and Fever Morbidities as Correlates of Anaemia in Niger: A Heteroscedasticity-Consistent Ordered Probit Approach.,2024,International journal of environmental research and public health,0,0,0,0,0,0,0,0,0,0,0,0,0,0,0,0,0,0,0,0,0,0,0,0,0
39715199,The prevalence of anemia and the factors associated with its severity among children aged 6-59 months in Ghana: A multi-level ordinal logistic regression.,2024,PloS one,0,0,0,0,0,0,0,0,0,0,0,0,0,0,0,0,0,0,0,0,0,0,0,0,0
39706667,"Rates and risk factors for relapse among children recovered from severe acute malnutrition in Mali, South Sudan, and Somalia: a prospective cohort study.",2025,The Lancet. Global health,0,0,0,0,0,0,0,0,0,0,0,0,0,0,0,0,0,0,0,0,0,0,0,0,0
39700575,"Tuberculosis treatment and undernutrition on Daru Island, Papua New Guinea: A qualitative exploration of a local foodscape.",2025,Social science & medicine (1982),0,0,0,0,0,0,0,0,0,0,0,0,0,0,0,0,0,0,0,0,0,0,0,0,0
39696766,Sociodemographic and Clinical Factors Predictive of Poor Health-Related Quality of Life of Children with Sickle Cell Anemia in The Gambia.,2024,Hemoglobin,0,0,0,0,0,0,0,0,0,0,0,0,0,0,0,0,0,0,0,0,0,0,0,0,0
39683605,Using Machine Learning to Fight Child Acute Malnutrition and Predict Weight Gain During Outpatient Treatment with a Simplified Combined Protocol.,2024,Nutrients,0,0,0,0,0,0,0,0,0,0,0,0,0,0,0,0,0,0,0,0,0,0,0,0,0
39638608,Contribution of malnutrition to infant and child deaths in Sub-Saharan Africa and South Asia.,2024,BMJ global health,0,0,0,0,0,0,0,0,0,0,0,0,0,0,0,0,0,0,0,0,0,0,0,0,0
39570864,Screening and treatment practices for iron deficiency in anaemic pregnant women: A cross-sectional survey of healthcare workers in Nigeria.,2024,PloS one,0,0,0,0,1,0,0,0,0,0,0,0,0,0,0,0,0,0,0,0,0,0,0,0,0
39563322,Iron deficiency anemia and its association with cognitive function among adolescents in the Ashanti Region - Ghana.,2024,BMC public health,0,0,0,0,1,0,0,0,0,0,0,0,0,0,0,0,0,0,0,0,0,0,0,0,0
39541371,"Risk factors for anaemia among pregnant women: A cross-sectional study in Upper East Region, Ghana.",2024,PloS one,0,0,0,0,0,0,0,0,0,0,0,0,0,0,0,0,0,0,0,0,0,0,0,0,0
39525391,Things seen and unseen: 2. Anaemia affects urban rich Nigerian adolescents more than other socio‑economic status groups.,2024,Annals of global health,0,0,0,0,0,0,0,0,0,0,0,0,0,0,0,0,0,0,0,0,0,0,0,0,0
39525390,Things seen and unseen: 1. Stunting and overweight/obesity are predominant malnutrition burdens of urban poor Nigerian adolescents.,2024,Annals of global health,0,0,0,0,0,0,0,0,0,0,0,0,0,0,0,0,0,0,0,0,0,0,0,0,0
39527534,Prevalence and factors associated with undernutrition among 15-49-year-old women in Sierra Leone: A secondary data analysis of Sierra Leone Demographic Health Survey of 2019.,2024,PloS one,0,0,0,0,0,0,0,0,0,0,0,0,0,0,0,0,0,0,0,0,0,0,0,0,0
39516919,"Trends and inequalities in anaemia prevalence among children aged 6-59 months in Ghana, 2003-2022.",2024,International journal for equity in health,0,0,0,0,0,0,0,0,0,0,0,0,0,0,0,0,0,0,0,0,0,0,0,0,0
39472915,"Geographical Access to Point-of-care diagnostic tests for diabetes, anaemia, Hepatitis B, and human immunodeficiency virus in the Bono Region, Ghana.",2024,BMC health services research,0,0,0,0,0,0,0,0,0,0,0,0,0,0,0,0,0,0,0,0,0,0,0,0,0
39461792,"The effect of tranexamic acid on postpartum bleeding in women with moderate and severe anaemia (WOMAN-2): an international, randomised, double-blind, placebo-controlled trial.",2024,"Lancet (London, England)",0,0,0,0,0,0,0,0,0,0,0,0,0,0,0,0,0,0,0,0,0,0,0,0,0
39458430,Iron Deficiency: Global Trends and Projections from 1990 to 2050.,2024,Nutrients,0,0,0,0,1,0,0,0,0,0,0,0,0,0,0,0,0,0,0,0,0,0,0,0,0
39430991,Spatial distribution and determinant factors of anemia among women age 15-49 years in Burkina Faso; using mixed-effects ordinal logistic regression model.,2024,Journal of preventive medicine and hygiene,0,0,0,0,0,0,0,0,0,0,0,0,0,0,0,0,0,0,0,0,0,0,0,0,0
39413805,"Prevalence and associated risk factors of myocardial ischemia in children living with sickle cell anemia in Lagos, Nigeria.",2024,Journal of tropical pediatrics,0,0,0,0,0,0,0,0,0,0,0,0,0,0,0,0,0,0,0,0,0,0,0,0,0
39307188,"The Impact of Milk on Gut Permeability, Fecal 16S rRNA Gene Microbiota Profiling, and Fecal Metabolomics in Children with Moderate Malnutrition in Sierra Leone: A Double-Blind, Randomized Controlled Trial.",2024,The American journal of clinical nutrition,1,1,0,0,0,0,0,0,0,0,0,0,0,0,0,0,0,0,0,0,0,0,0,0,0
39304237,"Intravenous versus oral iron for anaemia among pregnant women in Nigeria (IVON): an open-label, randomised controlled trial.",2024,The Lancet. Global health,0,0,0,0,1,0,0,0,0,0,0,0,0,0,0,0,0,0,0,0,0,0,0,0,0
39295425,Pearl millet instant beverage powder enriched with baobab pulp to improve iron and anaemia status of adolescent girls in rural Ghana: a study protocol for a cluster randomised controlled trial.,2024,The British journal of nutrition,1,0,0,0,1,0,0,0,0,0,0,0,1,0,0,0,0,0,0,1,0,0,0,0,0
39267582,"Adolescent pregnancy, maternal and child anaemia: Empirical analysis from India, Bangladesh, and Nigeria.",2025,Maternal & child nutrition,0,0,0,0,0,0,0,0,0,0,0,0,0,0,0,0,0,0,0,0,0,0,0,0,0
39240033,Pro- and anti-inflammatory cytokines mediate the progression of severe anemia in malaria-infected children: A prospective study.,2024,"Immunity, inflammation and disease",0,0,0,0,0,0,0,0,0,0,0,0,0,0,0,0,0,0,0,0,0,0,0,0,0
39232601,Clinical and biochemical responses to treatment of uncomplicated severe acute malnutrition: a multicenter observational cohort from the OptiDiag study.,2024,The American journal of clinical nutrition,0,0,0,0,1,0,0,0,0,0,0,0,0,0,0,0,0,0,0,0,0,0,0,0,0
39153791,Intravenous ferric carboxymaltose versus oral ferrous sulphate for the treatment of moderate to severe postpartum anaemia in Nigerian women (IVON-PP): protocol for an open-label randomised controlled type 1 hybrid effectiveness-implementation trial.,2024,BMJ open,0,0,0,0,1,0,0,0,0,0,0,0,0,0,0,0,0,0,0,0,0,0,0,0,0
39142669,Maternal anaemia and polycythaemia during pregnancy and risk of inappropriate birth weight for gestational age babies: a retrospective cohort study in the northern belt of Ghana.,2024,BMJ open,0,0,0,0,0,0,0,0,0,0,0,0,0,0,0,0,0,0,0,0,0,0,0,0,0
39080991,Anaemia among school-going adolescents in Burkina Faso: Prevalence and associated factors.,2025,Maternal & child nutrition,0,0,0,0,1,0,0,0,0,0,0,0,0,0,0,0,0,0,0,0,0,0,0,0,0
39070077,"Infant Feeding Practices, Prevalence of Adolescent Motherhood and Malnutrition among Infants in Mangu Local Government Area, Plateau State, Nigeria.",2024,Annals of global health,0,0,0,0,0,0,0,0,0,0,0,0,0,0,0,0,0,0,0,0,0,0,0,0,0
39064635,The Economic Burden of Severe Acute Malnutrition with Complications: A Cost Analysis for Inpatient Children Aged 6 to 59 Months in Northern Senegal.,2024,Nutrients,0,0,0,0,0,0,0,0,0,0,0,0,0,0,0,0,0,0,0,0,0,0,0,0,0
39044441,"Knowledge, prevalence and factors associated with anaemia among women of reproductive age in Tamale Metropolis, Ghana: A cross-sectional study.",2024,"Women's health (London, England)",0,0,0,0,1,0,0,0,0,0,0,0,0,0,0,0,0,0,0,0,0,0,0,0,0
39034562,Impact of Malnutrition on Serum Levels of Pro-inflammatory Cytokines among Plasmodium falciparum Malaria Subjects in Nigeria.,2024,Annals of African medicine,0,0,0,0,0,0,0,0,0,0,0,0,0,0,0,0,0,0,0,0,0,0,0,0,0
38999762,The Socio-Environmental Determinants of Childhood Malnutrition: A Spatial and Hierarchical Analysis.,2024,Nutrients,0,0,0,0,0,0,0,0,0,0,0,0,0,0,0,0,0,0,0,0,0,0,0,0,0
38992219,Food-based domestic violence and anemia among women in sexual unions in Nigeria: the effect of urbanization.,2024,Journal of public health policy,0,0,0,0,0,0,0,0,0,0,0,0,0,0,0,0,0,0,0,0,0,0,0,0,0
38977757,Association between exposure to smoke from cooking fuels and anaemia among women of reproductive age in Ghana.,2024,Scientific reports,0,0,0,0,0,0,0,0,0,0,0,0,0,0,0,0,0,0,0,0,0,0,0,0,0
38974274,"Assessment of malnutrition in patients undergoing chemotherapy at the National Oncology Centre of the Korle-Bu Teaching Hospital, Accra, Ghana.",2023,African health sciences,0,0,0,0,0,0,0,0,0,0,0,0,0,0,0,0,0,0,0,0,0,0,0,0,0
38957852,"Relationship between anaemia, hypoalbuminaemia, and dietary lifestyle of the older adults attending a primary care clinic in Nigeria.",2023,Ghana medical journal,0,0,0,0,0,0,0,0,0,0,0,0,0,0,0,0,0,0,0,0,0,0,0,0,0
38957667,Blood pressure and electrocardiographic profile of children with sickle cell anaemia in steady-state and vaso-occlusive crisis.,2023,Ghana medical journal,0,0,0,0,0,0,0,0,0,0,0,0,0,0,0,0,0,0,0,0,0,0,0,0,0
38935685,Molecular characterization of HAMP rs10421768 gene and phenotypic expression of hepcidin; a case-control study among sickle cell anaemia patients in Ghana.,2024,PloS one,0,0,0,0,1,0,0,0,0,0,0,0,0,0,0,0,0,0,0,0,0,0,0,0,0
38929011,"The Risk Factors Associated with the Prevalence of Multimorbidity of Anaemia, Malaria, and Malnutrition among Children Aged 6-59 Months in Nigeria.",2024,International journal of environmental research and public health,0,0,0,0,0,0,0,0,0,0,0,0,0,0,0,0,0,0,0,0,0,0,0,0,0
38908516,Drivers of anemia reduction among women of reproductive age in Senegal: a country case study.,2025,The American journal of clinical nutrition,0,0,0,0,1,0,0,0,0,0,0,0,0,0,0,0,0,0,0,0,0,0,0,0,0
38901972,Integration of Acute Malnutrition Treatment Into Integrated Community Case Management in Three Districts in Southern Mali: An Economic Evaluation.,2024,"Global health, science and practice",0,0,0,0,0,0,0,0,0,0,0,0,0,0,0,0,0,0,0,0,0,0,0,0,0
38837325,Characteristics and treatment outcomes of malnutrition among infants aged less than 6 months in North-East Nigeria (2019-2022).,2024,Maternal & child nutrition,0,0,0,0,0,0,0,0,0,0,0,0,0,0,0,0,0,0,0,0,0,0,0,0,0
38825186,Understanding the determinants of anemia reduction among women of reproductive age: Exemplar country case studies' methodology.,2025,The American journal of clinical nutrition,0,0,0,0,0,0,0,0,0,0,0,0,0,0,0,0,0,0,0,0,0,0,0,0,0
40809563,"Anaemia in pregnancy: prevalence and associated socio-demographic and obstetric factors in urban and rural communities in Nsukka area of Enugu State, Nigeria.",2024,African health sciences,0,0,0,0,0,0,0,0,0,0,0,0,0,0,0,0,0,0,0,0,0,0,0,0,0
38806645,Birth weight mediates the association of maternal undernutrition with child undernutrition prevalence in West Africa.,2024,European journal of clinical nutrition,0,0,0,0,0,0,0,0,0,0,0,0,0,0,0,0,0,0,0,0,0,0,0,0,0
38791859,"The Intersection of a Child's Demographics and Household Socioeconomic Status in the Multimorbidity of Malaria, Anaemia, and Malnutrition among Children Aged 6-59 Months in Nigeria.",2024,International journal of environmental research and public health,0,0,0,0,0,0,0,0,0,0,0,0,0,0,0,0,0,0,0,0,0,0,0,0,0
38784480,Are We Missing Hypothyroidism among Children with Sickle Cell Anaemia?,2023,Ethiopian journal of health sciences,0,0,0,0,0,0,0,0,0,0,0,0,0,0,0,0,0,0,0,0,0,0,0,0,0
38771790,The effect of dietary diversity on anemia levels among children 6-23 months in sub-Saharan Africa: A multilevel ordinal logistic regression model.,2024,PloS one,0,0,0,0,1,0,0,0,0,0,0,0,0,0,0,0,0,0,0,0,0,0,0,0,0
38762586,"Prevalence and determinants of moderate-to-severe anaemia in the third trimester of pregnancy: a multicenter cross-sectional study in Lagos, Nigeria.",2024,Scientific reports,0,0,0,0,0,0,0,0,0,0,0,0,0,0,0,0,0,0,0,0,0,0,0,0,0
38739629,"Nutritional status of primary school children and their caregiver's knowledge on malnutrition in rural and urban communities of Ekiti State, Southwest Nigeria.",2024,PloS one,0,0,0,0,0,0,0,0,0,0,0,0,0,0,0,0,0,0,0,0,0,0,0,0,0
38696387,The relationship between anaemia and the use of treated bed nets among pregnant and non-pregnant women in Ghana.,2024,PloS one,0,0,0,0,0,0,0,0,0,0,0,0,0,0,0,0,0,0,0,0,0,0,0,0,0
38693543,Knowledge and practices of traditional management of child malnutrition and associated pathologies in Benin.,2024,Journal of ethnobiology and ethnomedicine,0,0,0,0,0,0,0,0,0,0,0,0,0,0,0,0,0,0,0,0,0,0,0,0,0
38662746,Multilevel analysis of anemia and associated factors among women of reproductive age (15-49 years) in Liberia: Evidence from the 2019/20 Liberia demographic and health survey data.,2024,PloS one,0,0,0,0,0,0,0,0,0,0,0,0,0,0,0,0,0,0,0,0,0,0,0,0,0
38641845,Haem iron versus ferrous iron salts to treat iron deficiency anaemia in Gambian children: protocol for randomised controlled trial {1}.,2024,Trials,1,0,0,0,1,0,0,0,0,0,0,0,0,0,0,0,0,0,0,0,0,0,0,0,0
38635643,"Spatial distribution and associated factors of co-occurrence of overweight/obesity and Anemia among women in the reproductive age in sub-Saharan Africa: A multilevel analysis, DHS 2016-2021.",2024,PloS one,0,0,0,0,0,0,0,0,0,0,0,0,0,0,0,0,0,0,0,0,0,0,0,0,0
38609913,Prenatal anaemia and risk of postpartum haemorrhage: a cohort analysis of data from the Predict-PPH study.,2024,BMC public health,0,0,0,0,0,0,0,0,0,0,0,0,0,0,0,0,0,0,0,0,0,0,0,0,0
38596519,Temporal variation of chronic child malnutrition in the context of strengthening healthcare services in Burkina Faso: an Oaxaca-Blinder multivariate decomposition analysis.,2024,Frontiers in public health,0,0,0,0,0,0,0,0,0,0,0,0,0,0,0,0,0,0,0,0,0,0,0,0,0
38589908,Assessment of hypoxemia among young adults with sickle cell anaemia in steady state in southwestern Nigeria: a crosssectional study.,2024,BMC research notes,0,0,0,0,0,0,0,0,0,0,0,0,0,0,0,0,0,0,0,0,0,0,0,0,0
38553707,"Cost-effectiveness of severe acute malnutrition treatment delivered by community health workers in the district of Mayahi, Niger.",2024,Human resources for health,0,0,0,0,0,0,0,0,0,0,0,0,0,0,0,0,0,0,0,0,0,0,0,0,0
38547211,"Short-term chemotherapy-related complications and undernutrition in children diagnosed with cancer at Korle Bu Teaching Hospital, Accra, Ghana: A prospective cohort study.",2024,PloS one,0,0,0,0,0,0,0,0,0,0,0,0,0,0,0,0,0,0,0,0,0,0,0,0,0
38504235,"Smoke exposure, hemoglobin levels and the prevalence of anemia: a cross-sectional study in urban informal settlement in Southern Ghana.",2024,BMC public health,0,0,0,0,0,0,0,0,0,0,0,0,0,0,0,0,0,0,0,0,0,0,0,0,0
38456385,Micronutrient supplementation practices in relation to the World Health Organisation 2013 guidelines on management of severe acute malnutrition.,2024,Maternal & child nutrition,0,0,0,0,1,0,0,0,0,0,0,1,0,0,0,0,0,0,0,1,0,0,0,0,0
38450139,Effectiveness of decentralizing outpatient acute malnutrition treatment with community health workers and a simplified combined protocol: a cluster randomized controlled trial in emergency settings of Mali.,2024,Frontiers in public health,0,0,0,0,0,0,0,0,0,0,0,0,0,0,0,0,0,0,0,0,0,0,0,0,0
38434670,"Maternal anaemia care in Kano state, Nigeria: an exploratory qualitative study of experiences of uptake and provision.",2023,F1000Research,0,0,0,0,0,0,0,0,0,0,0,0,0,0,0,0,0,0,0,0,0,0,0,0,0
38427660,The effectiveness of albendazole against hookworm infections and the impact of bi-annual treatment on anaemia and body mass index of school children in the Kpandai district of northern Ghana.,2024,PloS one,0,0,0,0,0,0,0,0,0,0,0,0,0,0,0,0,0,0,0,0,0,0,0,0,0
38419138,Urinary schistosomiasis and anemia among school-aged children from southwestern Nigeria.,2024,Pathogens and global health,0,0,0,0,0,0,0,0,0,0,0,0,0,0,0,0,0,0,0,0,0,0,0,0,0
38416752,Is child anemia associated with early childhood development? A cross-sectional analysis of nine Demographic and Health Surveys.,2024,PloS one,0,0,0,0,1,0,0,0,0,0,0,0,0,0,0,0,0,0,0,0,0,0,0,0,0
38371648,Prevalence and determinants of anaemia among pregnant women in a high malaria transmission setting: a cross-sectional study in rural Burkina Faso.,2024,The Pan African medical journal,0,0,0,0,0,0,0,0,0,0,0,0,0,0,0,0,0,0,0,0,0,0,0,0,0
38349921,Predicting and identifying factors associated with undernutrition among children under five years in Ghana using machine learning algorithms.,2024,PloS one,0,0,0,0,0,0,0,0,0,0,0,0,0,0,0,0,0,0,0,0,0,0,0,0,0
38347614,"Acceptability of IV iron treatment for iron deficiency anaemia in pregnancy in Nigeria: a qualitative study with pregnant women, domestic decision-makers, and health care providers.",2024,Reproductive health,0,0,0,0,1,0,0,0,0,0,0,0,0,0,0,0,0,0,0,0,0,0,0,0,0
38336795,Undernutrition in children under five associated with wealth-related inequality in 24 low- and middle-income countries from 2017 to 2022.,2024,Scientific reports,0,0,0,0,0,0,0,0,0,0,0,0,0,0,0,0,0,0,0,0,0,0,0,0,0
38321794,"Feeding Pattern, Prevalence of Malnutrition and Associated Determinants amongst Primary School Children in Rural and Urban Communities of Ekiti State, Southwest Nigeria.",2024,The Nigerian postgraduate medical journal,0,0,0,0,0,0,0,0,0,0,0,0,0,0,0,0,0,0,0,0,0,0,0,0,0
38308021,"Challenges in the management of iron-deficiency anemia in Senegal, West Africa.",2024,Annals of hematology,0,0,0,0,1,0,0,0,0,0,0,0,0,0,0,0,0,0,0,0,0,0,0,0,0
38265872,"Sexual Maturation of Female Adolescent Patients with Sickle Cell Anaemia in Lagos, Nigeria.",2023,West African journal of medicine,0,0,0,0,0,0,0,0,0,0,0,0,0,0,0,0,0,0,0,0,0,0,0,0,0
38257097,"Why Acute Undernutrition? A Qualitative Exploration of Food Preferences, Perceptions and Factors Underlying Diet in Adolescent Girls in Rural Communities in Nigeria.",2024,Nutrients,1,0,0,0,0,0,0,0,0,0,0,0,0,0,0,0,0,0,0,0,0,0,0,0,0
38253537,Trends of risk factors associated with childhood stunting and anaemia in Ghana: evidence from the Demographic Health Survey and Multiple Indicator Cluster Survey (2003-2017).,2024,Public health nutrition,0,0,0,0,0,0,0,0,1,0,0,0,0,0,0,0,0,0,0,0,0,0,0,0,0
38249368,Anaemia among women of reproductive age in selected sub-Saharan African countries: multivariate decomposition analyses of the demographic and health surveys data 2008-2018.,2023,Frontiers in public health,0,0,0,0,0,0,0,0,0,0,0,0,0,0,0,0,0,0,0,0,0,0,0,0,0
38182997,Prevalence of and risk factors for iron deficiency among pregnant women with moderate or severe anaemia in Nigeria: a cross-sectional study.,2024,BMC pregnancy and childbirth,0,0,0,0,1,0,0,0,0,0,0,0,0,0,0,0,0,0,0,0,0,0,0,0,0
38158354,Two-Dimensional Ultrasound Assessment of Long-Term Intra-Abdominal Organ Changes in Children with Sickle Cell Anemia during Steady State: A Comparative Study.,2023,Nigerian journal of clinical practice,0,0,0,0,0,0,0,0,0,0,0,0,0,0,0,0,0,0,0,0,0,0,0,0,0
38124689,"Disease severity and renal function among sickle cell anaemia patients in a tertiary hospital, South-south, Nigeria: a cross sectional study.",2023,Malawi medical journal : the journal of Medical Association of Malawi,0,0,0,0,0,0,0,0,0,0,0,0,0,0,0,0,0,0,0,0,0,0,0,0,0
38110390,Identifying factors associated with child malnutrition in Ghana: a cross-sectional study using Bayesian multilevel ordinal logistic regression approach.,2023,BMJ open,0,0,0,0,0,0,0,0,0,0,0,0,0,0,0,0,0,0,0,0,0,0,0,0,0
38099563,Intestinal Helminthiasis: Risk factors and relationship with Nutritional status and Anaemia among Institutionalised Children in three States of South-East Nigeria.,2023,West African journal of medicine,0,0,0,0,0,0,0,0,0,0,0,0,0,0,0,0,0,0,0,0,0,0,0,0,0
38097295,Post-discharge malaria chemoprevention in children admitted with severe anaemia in malaria-endemic settings in Africa: a systematic review and individual patient data meta-analysis of randomised controlled trials.,2024,The Lancet. Global health,0,0,0,0,0,0,0,0,0,0,0,0,0,0,0,0,0,0,0,0,0,0,0,0,0
38069623,"RELATIONSHIP BETWEEN ANTHROPOMETRIC INDICES AND LEFT VENTRICULAR MASS IN CHILDREN WITH SEVERE ACUTE MALNUTRITION IN GOMBE STATE, NIGERIA.",2023,West African journal of medicine,0,0,0,0,0,0,0,0,0,0,0,0,0,0,0,0,0,0,0,0,0,0,0,0,0
38064684,"NUTRITIONAL STATUS AND RISK FACTORS ASSOCIATED WITH SEVERE ACUTE MALNUTRITION AMONG HIV-INFECTED CHILDREN ENROLLED IN THE PAEDIATRIC HIV CLINIC, KORLE BU TEACHING HOSPITAL, ACCRA, GHANA.",2023,West African journal of medicine,0,0,0,0,0,0,0,0,0,0,0,0,0,0,0,0,0,0,0,0,0,0,0,0,0
38062092,Geostatistical modelling of child undernutrition in developing countries using remote-sensed data: evidence from Bangladesh and Ghana demographic and health surveys.,2023,Scientific reports,0,0,0,0,0,0,0,0,0,0,0,0,0,0,0,0,0,0,0,0,0,0,0,0,0
38019840,Determinants of anemia level among reproductive-age women in 29 Sub-Saharan African countries: A multilevel mixed-effects modelling with ordered logistic regression analysis.,2023,PloS one,0,0,0,0,0,0,0,0,0,0,0,0,0,0,0,0,0,0,0,0,0,0,0,0,0
37978898,"DIETARY LIFESTYLE, HYPOALBUMINAEMIA AND ANAEMIA AMONG OLDER ADULTS ATTENDING A PRIMARY CARE CLINIC IN NIGERIA: A CROSS-SECTIONAL STUDY.",2023,West African journal of medicine,0,0,0,0,0,0,0,0,0,0,0,0,0,0,0,0,0,0,0,0,0,0,0,0,0
37976329,"RELATIONSHIP BETWEEN SICKLE CELL NEPHROPATHY AND SOME BIOCHEMICAL MARKERS OF HAEMOLYSIS AMONGST PATIENTS WITH SICKLE CELL ANAEMIA IN KANO, NORTHWESTERN NIGERIA.",2023,West African journal of medicine,0,0,0,0,0,0,0,0,0,0,0,0,0,0,0,0,0,0,0,0,0,0,0,0,0
37964977,Prevalence and contributing factors of anaemia among children aged 6-24 months and 25-59 months in Mali.,2023,Journal of nutritional science,0,0,0,0,0,0,0,0,0,0,0,0,0,0,0,0,0,0,0,0,0,0,0,0,0
37925840,Trends in malnutrition among children under 5 in Niger: a retrospective analysis of demographic and nutrition surveys comparing 2008-2014 with 2015-2021.,2023,Public health,0,0,0,0,0,0,0,0,0,0,0,0,0,0,0,0,0,0,0,0,0,0,0,0,0
37866373,"Effect of amoxicillin on the gut microbiome of children with severe acute malnutrition in Madarounfa, Niger: a retrospective metagenomic analysis of a placebo-controlled trial.",2023,The Lancet. Microbe,0,0,0,0,0,0,0,0,0,0,0,0,0,0,0,0,0,0,0,0,0,0,0,0,0
37864203,Geospatial disparities and predictors of anaemia among pregnant women in Sub-Saharan Africa.,2023,BMC pregnancy and childbirth,0,0,0,0,0,0,0,0,0,0,0,0,0,0,0,0,0,0,0,0,0,0,0,0,0
37855236,Prevalence and factors associated with the coexistence of overweight/obesity and anaemia among women of reproductive age in Guinea.,2023,Public health nutrition,0,0,0,0,0,0,0,0,0,0,0,0,0,0,0,0,0,0,0,0,0,0,0,0,0
37756514,Risk factors in underweight older children with sickle cell anemia: a comparison of low- to high-income countries.,2023,Blood advances,0,0,0,0,0,0,0,0,0,0,0,0,0,0,0,0,0,0,0,0,0,0,0,0,0
37716443,School-based supplementation with iron-folic acid or multiple micronutrient tablets to address anemia among adolescents in Burkina Faso: a cluster-randomized trial.,2023,The American journal of clinical nutrition,0,0,0,0,1,0,0,0,0,0,0,0,0,0,0,0,0,0,0,1,0,0,0,0,0
37710279,Co-infection of Plasmodium falciparum and Schistosoma mansoni is associated with anaemia.,2023,Malaria journal,0,0,0,0,0,0,0,0,0,0,0,0,0,0,0,0,0,0,0,0,0,0,0,0,0
37700371,"Alcohol intake, smoking, self-medication practices and burden of anaemia among traders in Tamale metropolis of Ghana.",2023,BMC research notes,0,0,0,0,0,0,0,0,0,0,0,0,0,0,0,0,0,0,0,0,0,0,0,0,0
37686865,"Cost of Acute Malnutrition Treatment Using a Simplified or Standard Protocol in Diffa, Niger.",2023,Nutrients,0,0,0,0,0,0,0,0,0,0,0,0,0,0,0,0,0,0,0,0,0,0,0,0,0
37673454,Undernutrition in children aged 0-59 months by region and over time: secondary analysis of the Burkina Faso 2012-2018 National Nutrition Surveys.,2023,BMJ open,0,0,0,0,0,0,0,0,0,0,0,0,0,0,0,0,0,0,0,0,0,0,0,0,0
37639388,"Predictors of Anaemia among Pregnant Women Booking for Antenatal Care at Federal Medical Centre, Bida, Niger State, Nigeria.",2023,West African journal of medicine,0,0,0,0,1,0,0,0,0,0,0,0,0,0,0,0,0,0,0,0,0,0,0,0,0
37630687,Vitamin B12 Status before and after Outpatient Treatment of Severe Acute Malnutrition in Children Aged 6-59 Months: A Sub-Study of a Randomized Controlled Trial in Burkina Faso.,2023,Nutrients,0,0,0,0,0,0,0,0,0,0,0,0,0,0,1,0,0,0,0,0,0,0,0,0,0
37585171,"Prevalence and risk factors for anaemia among pregnant women attending antenatal clinic at Benue State University Teaching Hospital, North-central Nigeria.",2022,African journal of reproductive health,0,0,0,0,0,0,0,0,0,0,0,0,0,0,0,0,0,0,0,0,0,0,0,0,0
37585128,Hierarchical modelling of factors associated with anaemia among under-five children in Nigeria.,2022,African journal of reproductive health,0,0,0,0,0,0,0,0,0,0,0,0,0,0,0,0,0,0,0,0,0,0,0,0,0
37561793,Prevalence and factors associated with undernutrition among children under the age of five years in Benin.,2023,PloS one,0,0,0,0,0,0,0,0,0,0,0,0,0,0,0,0,0,0,0,0,0,0,0,0,0
37545910,Assessment of knowledge and socioeconomic status of caregivers of children with malnutrition at a district hospital in Ghana.,2023,African health sciences,0,0,0,0,0,0,0,0,0,0,0,0,0,0,0,0,0,0,0,0,0,0,0,0,0
37545905,What factors are associated with anaemia in pregnancy among Nigerian women? Evidence from a national survey.,2023,African health sciences,0,0,0,0,0,0,0,0,0,0,0,0,0,0,0,0,0,0,0,0,0,0,0,0,0
37484170,"Atrial Fibrillation in Heart Failure: Epidemiology, Quality of Life and Clinical Characteristics in the Iron Deficiency and ANaemia in Heart Failure (IDAN-HF) Study in Ogbomoso, Nigeria.",2023,Ethiopian journal of health sciences,0,0,0,0,1,0,0,0,0,0,0,0,0,0,0,0,0,0,0,0,0,0,0,0,0
37475774,Treatment outcomes and associated factors for hospitalization of children treated for acute malnutrition under the OptiMA simplified protocol: a prospective observational cohort in rural Niger.,2023,Frontiers in public health,0,0,0,0,0,0,0,0,0,0,0,0,0,0,0,0,0,0,0,0,0,0,0,0,0
37428866,Feasibility trial for the management of severe acute malnutrition in older children with sickle cell anemia in Nigeria.,2023,Blood advances,0,0,0,0,0,0,0,0,0,0,0,0,0,0,0,0,0,0,0,0,0,0,0,0,0
37419241,Evaluating the Validity of the Responses to Illness Severity Quantification Score to Discriminate Illness Severity and Level of Care Transitions in Hospitalized Children with Severe Acute Malnutrition.,2023,The Journal of pediatrics,0,0,0,0,0,0,0,0,0,0,0,0,0,0,0,0,0,0,0,0,0,0,0,0,0
37413986,Quantifying differences in iron deficiency-attributable anemia during pregnancy and postpartum.,2023,Cell reports. Medicine,0,0,0,0,1,0,0,0,0,0,0,0,0,0,0,0,0,0,0,0,0,0,0,0,0
37407912,An unacceptably high burden of anaemia and it's predictors among young women (15-24 years) in low and middle income countries; set back to SDG progress.,2023,BMC public health,0,0,0,0,0,0,0,0,0,0,0,0,0,0,0,0,0,0,0,0,0,0,0,0,0
37390833,Maternal anaemia and the risk of postpartum haemorrhage: a cohort analysis of data from the WOMAN-2 trial.,2023,The Lancet. Global health,0,0,0,0,0,0,0,0,0,0,0,0,0,0,0,0,0,0,0,0,0,0,0,0,0
37369407,High-risk fertility behaviour and undernutrition among children under-five in sub-Saharan Africa: a cross-sectional study.,2023,BMJ open,0,0,0,0,0,0,0,0,0,0,0,0,0,0,0,0,0,0,0,0,0,0,0,0,0
37357470,"Effect of late antenatal booking on maternal anemia and fetus birth weight on parturients in Enugu, Nigeria: An analytical cross-sectional study.",2023,Nigerian journal of clinical practice,0,0,0,0,0,0,0,0,0,0,0,0,0,0,0,0,0,0,0,0,0,0,0,0,0
37315029,Relationship between history of hormonal contraceptive use and anaemia status among women in sub-Saharan Africa: A large population-based study.,2023,PloS one,0,0,0,0,0,0,0,0,0,0,0,0,0,0,0,0,0,0,0,0,0,0,0,0,0
37308103,Impact of COVID-19 on Outpatient Malnutrition Centers in Urban and Rural Burkina Faso.,2023,The American journal of tropical medicine and hygiene,0,0,0,0,0,0,0,0,0,0,0,0,0,0,0,0,0,0,0,0,0,0,0,0,0
37301593,Determinants and spatial patterns of anaemia and haemoglobin concentration among pregnant women in Nigeria using structured additive regression models.,2023,Spatial and spatio-temporal epidemiology,0,0,0,0,0,0,0,0,0,0,0,0,0,0,0,0,0,0,0,0,0,0,0,0,0
37300587,High burden of asymptomatic malaria and anaemia despite high adherence to malaria control measures: a cross-sectional study among pregnant women across two seasons in a malaria-endemic setting in Ghana.,2023,Infection,0,0,0,0,0,0,0,0,0,0,0,0,0,0,0,0,0,0,0,0,0,0,0,0,0
37244997,Sociodemographic factors associated with anemia among reproductive age women in Mali; evidenced by Mali malaria indicator survey 2021: spatial and multilevel mixed effect model analysis.,2023,BMC women's health,0,0,0,0,0,0,0,0,0,0,0,0,0,0,0,0,0,0,0,0,0,0,0,0,0
37228063,"Factors associated with anaemia in pregnancy: A retrospective cross-sectional study in the Bolgatanga Municipality, northern Ghana.",2023,PloS one,0,0,0,0,0,0,0,0,0,0,0,0,0,0,0,0,0,0,0,0,0,0,0,0,0
37155690,Efficacy and safety of Mojeaga remedy in combination with conventional oral iron therapy for correcting anemia in obstetric population: A phase II randomized pilot clinical trial.,2023,PloS one,0,0,0,0,1,0,0,0,0,0,0,0,0,0,0,0,0,0,0,0,0,0,0,0,0
37111194,"Effectiveness and Coverage of Severe Acute Malnutrition Treatment with a Simplified Protocol in a Humanitarian Context in Diffa, Niger.",2023,Nutrients,0,0,0,0,0,0,0,0,0,0,0,0,0,0,0,0,0,0,0,0,0,0,0,0,0
37107770,Socio-Economic Inequalities in the Double Burden of Malnutrition among under-Five Children: Evidence from 10 Selected Sub-Saharan African Countries.,2023,International journal of environmental research and public health,0,0,0,0,0,0,0,0,0,0,0,0,0,0,0,0,0,0,0,0,0,0,0,0,0
37093799,"Understanding the relationship between WASH and malnutrition: Analysis of anthropometric data of children attending WASH-supported schools in Ogun State, Nigeria.",2025,Nutrition and health,0,0,0,0,0,0,0,0,0,0,0,0,0,0,0,0,0,0,0,0,0,0,0,0,0
37040379,Spatial variations and determinants of malnutrition among under-five children in Nigeria: A population-based cross-sectional study.,2023,PloS one,0,0,0,0,0,0,0,0,0,0,0,0,0,0,0,0,0,0,0,0,0,0,0,0,0
36989322,Serum anti-erythropoietin antibodies among pregnant women with Plasmodium falciparum malaria and anaemia: A case-control study in northern Ghana.,2023,PloS one,0,0,0,0,0,0,0,0,0,0,0,0,0,0,0,0,0,0,0,0,0,0,0,0,0
36932857,"Factors Affecting Anemia in Pregnancy Women in Ibeju-Lekki, Lagos State, Nigeria.",2023,"Inquiry : a journal of medical care organization, provision and financing",0,0,0,0,0,0,0,0,0,0,0,0,0,0,0,0,0,0,0,0,0,0,0,0,0
36867642,Feasibility of smartphone colorimetry of the face as an anaemia screening tool for infants and young children in Ghana.,2023,PloS one,0,0,0,0,0,0,0,0,0,0,0,0,0,0,0,0,0,0,0,0,0,0,0,0,0
36850016,Multinomial logistic regression analysis of the determinants of anaemia severity among children aged 6-59 months in Ghana: new evidence from the 2019 Malaria Indicator Survey.,2023,BMC pediatrics,0,0,0,0,0,0,0,0,0,0,0,0,0,0,0,0,0,0,0,0,0,0,0,0,0
36800992,"Time to recovery and its predictors among children 6-59 months with acute malnutrition admitted to community inpatient therapeutic feeding centers in Katsina State, Northwest Nigeria: a retrospective review of health records (2010-2016).",2023,"Journal of health, population, and nutrition",0,0,0,0,0,0,0,0,0,0,0,0,0,0,0,0,0,0,0,0,0,0,0,0,0
36796481,Trends in the Intraindividual Double Burden of Overweight/Obesity and Anemia among Adult Women Living in 33 Low- and Middle-Income Countries: A Secondary Analysis of Demographic and Health Surveys from 2000-2019.,2023,The Journal of nutrition,0,0,0,0,0,0,0,0,0,0,0,0,0,0,0,0,0,0,0,0,0,0,0,0,0
36645778,"Prevalence of pneumonia and malnutrition among children in Jigawa state, Nigeria: a community-based clinical screening study.",2022,BMJ paediatrics open,0,0,0,0,0,0,0,0,0,0,0,0,0,0,0,0,0,0,0,0,0,0,0,0,0
36623486,The Association between Malnutrition and Malaria Infection in Children under 5 Years in Burkina Faso: A Longitudinal Study.,2023,The American journal of tropical medicine and hygiene,0,0,0,0,0,0,0,0,0,0,0,0,0,0,0,0,0,0,0,0,0,0,0,0,0
36590995,"Distinct pattern and prevalence of Plasmodium falciparum dihydropteroate synthase gene mutations in children with sickle cell anaemia and haemoglobin AA in Benin City, Nigeria: the impact of HbAA.",2022,The Pan African medical journal,0,0,0,0,0,0,0,0,0,0,0,0,0,0,0,0,0,0,0,0,0,0,0,0,0
36583942,"Predictors of Undernutrition among School-Age Children in Abakaliki, Nigeria.",2022,West African journal of medicine,0,0,0,0,0,0,0,0,0,0,0,0,0,0,0,0,0,0,0,0,0,0,0,0,0
36554669,The Nutrition Transition and the Double Burden of Malnutrition in Sub-Saharan African Countries: How Do These Countries Compare with the Recommended LANCET COMMISSION Global Diet?,2022,International journal of environmental research and public health,0,0,0,0,0,0,0,0,0,0,0,0,0,0,0,0,0,0,0,0,0,0,0,0,0
36523280,Factors associated with childhood chronic malnutrition in West and Central Africa: a scoping review.,2022,The Pan African medical journal,0,0,0,0,0,0,0,0,0,0,0,0,0,0,0,0,0,0,0,0,0,0,0,0,0
36521942,"Hepcidin-guided screen-and-treat interventions for young children with iron-deficiency anaemia in The Gambia: an individually randomised, three-arm, double-blind, controlled, proof-of-concept, non-inferiority trial.",2023,The Lancet. Global health,0,0,0,0,1,0,0,0,0,0,0,0,0,0,0,0,0,0,0,0,0,0,0,0,0
36515440,Determinants of anaemia prevalence in women of reproductive age in Nigeria: A cross-sectional study using secondary data from Nigeria Demographic and Health Survey 2018.,2022,"Women's health (London, England)",0,0,0,0,0,0,0,0,0,0,0,0,0,0,0,0,0,0,0,0,0,0,0,0,0
36508472,"Factors associated with acute malnutrition among children aged 6-59 months in Haiti, Burkina Faso and Madagascar: A pooled analysis.",2022,PloS one,0,0,0,0,0,0,0,0,0,0,0,0,0,0,0,0,0,0,0,0,0,0,0,0,0
36494691,"Ecological analysis of demographic-, nutritional- and housing-related factors associated with anaemia among women of reproductive age group in Nigeria.",2022,"Journal of health, population, and nutrition",0,0,0,0,1,0,0,0,0,0,0,0,0,0,0,0,0,0,0,0,0,0,0,0,0
36490293,Prevalence of childhood anemia: Potential sociodemographic and dietary factors in Nigeria.,2022,PloS one,0,0,0,0,0,0,0,0,0,0,0,0,0,0,0,0,0,0,0,0,0,0,0,0,0
36474896,Community Preventive Health Education Intervention for Pediatric Iron-Deficiency Anemia in Rural Southeast Nigeria.,2022,Annals of global health,0,0,0,0,1,0,0,0,0,0,0,0,0,0,0,0,0,0,0,0,0,0,0,0,0
36432609,"Effectiveness of Acute Malnutrition Treatment at Health Center and Community Levels with a Simplified, Combined Protocol in Mali: An Observational Cohort Study.",2022,Nutrients,0,0,0,0,0,0,0,0,0,0,0,0,0,0,0,0,0,0,0,0,0,0,0,0,0
36385021,Contribution of malaria and sickle cell disease to anaemia among children aged 6-59 months in Nigeria: a cross-sectional study using data from the 2018 Demographic and Health Survey.,2022,BMJ open,0,0,0,0,0,0,0,0,0,0,0,0,0,0,0,0,0,0,0,0,0,0,0,0,0
36383708,Underweight children older than 5 years with sickle cell anemia are at risk for early mortality in a low-resource setting.,2023,Blood advances,0,0,0,0,0,0,0,0,0,0,0,0,0,0,0,0,0,0,0,0,0,0,0,0,0
36322937,Hydroxyurea for secondary stroke prevention in children with sickle cell anemia in Nigeria: a randomized controlled trial.,2023,Blood,0,0,0,0,0,0,0,0,0,0,0,0,0,0,0,0,0,0,0,0,0,0,0,0,0
36320061,Bayesian spatio-temporal modelling and mapping of malaria and anaemia among children between 0 and 59 months in Nigeria.,2022,Malaria journal,0,0,0,0,0,0,0,0,0,0,0,0,0,0,0,0,0,0,0,0,0,0,0,0,0
36304821,Adequacy of antenatal care services utilisation and its effect on anaemia in pregnancy.,2022,Journal of nutritional science,0,0,0,0,0,0,0,0,0,0,0,0,0,0,0,0,0,0,0,0,0,0,0,0,0
36271427,Scaling severe acute malnutrition treatment with community health workers: a geospatial coverage analysis in rural Mali.,2022,Human resources for health,0,0,0,0,0,0,0,0,0,0,0,0,0,0,0,0,0,0,0,0,0,0,0,0,0
36259140,Do dietary practices and household environmental quality mediate socio-economic inequalities in child undernutrition risk in West Africa?,2023,Public health nutrition,0,0,0,0,0,0,0,0,0,0,0,0,0,0,0,0,0,0,0,0,0,0,0,0,0
36245046,Cross-sectional prevalence and pattern of non-anaemia severe malaria among 2-10 year olds in Sokoto in Northwestern Nigeria.,2022,Frontiers of medicine,0,0,0,0,0,0,0,0,0,0,0,0,0,0,0,0,0,0,0,0,0,0,0,0,0
36217188,Sex of household head and other household determinants of childhood anaemia among households in Ghana: regression analysis of the 2019 Malaria Indicator Survey.,2022,"Journal of health, population, and nutrition",0,0,0,0,0,0,0,0,0,0,0,0,0,0,0,0,0,0,0,0,0,0,0,0,0
36196180,PRIMARY STROKE PREVENTION IN CHILDREN WITH SICKLE CELL ANEMIA LIVING IN AFRICA: THE FALSE CHOICE BETWEEN PATIENT-ORIENTED RESEARCH AND HUMANITARIAN SERVICE-PART II.,2022,Transactions of the American Clinical and Climatological Association,0,0,0,0,0,0,0,0,0,0,0,0,0,0,0,0,0,0,0,0,0,0,0,0,0
36076211,Intravenous versus oral iron for iron deficiency anaemia in pregnant Nigerian women (IVON): study protocol for a randomised hybrid effectiveness-implementation trial.,2022,Trials,0,0,0,0,1,0,0,0,0,0,0,0,0,0,0,0,0,0,0,0,0,0,0,0,0
36058006,"Cardiovascular Findings in Adult Patients with Sickle Cell Anaemia in Steady State seen in Calabar, Nigeria.",2022,West African journal of medicine,0,0,0,0,0,0,0,0,0,0,0,0,0,0,0,0,0,0,0,0,0,0,0,0,0
36055798,"An Alternative Oat-Containing, Ready-To-Use, Therapeutic Food Does Not Alter Intestinal Permeability or the 16S Ribosomal RNA Fecal Microbiome Configuration Among Children With Severe Malnutrition in Sierra Leone: A Randomized Controlled Trial.",2023,The Journal of nutrition,0,0,0,0,0,0,0,0,0,0,0,0,0,0,0,0,0,0,0,0,0,0,0,0,0
35991819,"Folate levels in children with sickle cell anaemia on folic acid supplementation in steady state and crises at a tertiary hospital in Enugu, Nigeria: a prospective, comparative study.",2022,Malawi medical journal : the journal of Medical Association of Malawi,0,0,0,0,0,0,0,0,0,0,0,0,0,0,0,0,0,0,0,0,0,0,0,0,0
35989492,"Prevalence of Obesity and Anemia Among Early Adolescents in Junior Secondary Schools: A Cross-Sectional Study in Ouagadougou, Burkina Faso.",2022,The Journal of school health,0,0,0,0,0,0,0,0,0,0,0,0,0,0,0,0,0,0,0,0,0,0,0,0,0
35984853,"The magnitude of anemia and preventive practices in mothers with children under five years of age in Dodi Papase, Volta region of Ghana.",2022,PloS one,0,0,0,0,1,0,0,0,0,0,0,0,0,0,0,0,0,0,0,0,0,0,0,0,0
35910059,"Dietary iron intakes and odds of iron deficiency anaemia among pregnant women in Ifako-Ijaiye, Lagos, Nigeria: a cross-sectional study.",2022,The Pan African medical journal,0,0,0,0,1,0,0,0,0,0,0,0,0,0,0,0,0,0,0,0,0,0,0,0,0
35906874,"Fortified Balanced Energy-Protein Supplementation, Maternal Anemia, and Gestational Weight Gain: A Randomized Controlled Efficacy Trial among Pregnant Women in Rural Burkina Faso.",2022,The Journal of nutrition,0,0,0,0,1,0,0,0,0,0,0,0,0,0,0,0,0,0,0,0,0,0,0,0,0
35897450,"Copula Geo-Additive Modeling of Anaemia and Malnutrition among Children under Five Years in Angola, Senegal, and Malawi.",2022,International journal of environmental research and public health,0,0,0,0,0,0,0,0,0,0,0,0,0,0,0,0,0,0,0,0,0,0,0,0,0
35895362,Gut Resistome after Antibiotics among Children with Uncomplicated Severe Acute Malnutrition: A Randomized Controlled Trial.,2022,The American journal of tropical medicine and hygiene,0,0,0,0,0,0,0,0,0,0,0,0,0,0,0,0,0,0,0,0,0,0,0,0,0
35877761,Prevalence and risk factors of malaria and anaemia and the impact of preventive methods among pregnant women: A case study at the Akatsi South District in Ghana.,2022,PloS one,0,0,0,0,0,0,0,0,0,0,0,0,0,0,0,0,0,0,0,0,0,0,0,0,0
35866201,Burden and risk factors for relapse following successful treatment of uncomplicated severe acute malnutrition in young children: Secondary analysis from a randomised trial in Niger.,2022,Maternal & child nutrition,0,0,0,0,0,0,0,0,0,0,0,0,0,0,0,0,0,0,0,0,0,0,0,0,0
35855023,"Micronutrient levels and haemato-biochemical status of patients with sickle cell anaemia at a tertiary hospital in Abakaliki, south-eastern Nigeria: a cross-sectional study.",2022,The Pan African medical journal,0,0,0,1,1,1,0,0,0,1,1,0,0,0,0,0,0,0,0,0,0,0,0,0,0
35802561,"Associations of bacterial enteropathogens with systemic inflammation, iron deficiency, and anemia in preschool-age children in southern Ghana.",2022,PloS one,1,0,0,0,1,0,0,0,0,0,0,0,0,0,0,0,0,0,0,0,0,0,0,0,0
35798952,Spatial variation and risk factors of malaria and anaemia among children aged 0 to 59 months: a cross-sectional study of 2010 and 2015 datasets.,2022,Scientific reports,0,0,0,0,0,0,0,0,0,0,0,0,0,0,0,0,0,0,0,0,0,0,0,0,0
35713878,Maternal autonomy and childhood undernutrition: Analysis of 2018 Nigeria demographic and health survey.,2024,Journal of child health care : for professionals working with children in the hospital and community,0,0,0,0,0,0,0,0,0,0,0,0,0,0,0,0,0,0,0,0,0,0,0,0,0
35708496,Rural-urban differentials in the relationship between household wealth index and maternal anaemia status in Nigeria.,2025,Health care for women international,0,0,0,0,0,0,0,0,0,0,0,0,0,0,0,0,0,0,0,0,0,0,0,0,0
35708432,Uptake and usage of proguanil as malaria chemoprophylaxis and the socio-economic determinants of proguanil usage in children with sickle cell anemia in Benin City.,2022,Nigerian journal of clinical practice,0,0,0,0,0,0,0,0,0,0,0,0,0,0,0,0,0,0,0,0,0,0,0,0,0
35681131,"Inequalities in the prevalence of stunting, anemia and exclusive breastfeeding among African children.",2022,BMC pediatrics,0,0,0,0,0,0,0,0,0,0,0,0,0,0,0,0,0,0,0,0,0,0,0,0,0
35650583,"ALIMUS-We are feeding! Study protocol of a multi-center, cluster-randomized controlled trial on the effects of a home garden and nutrition counseling intervention to reduce child undernutrition in rural Burkina Faso and Kenya.",2022,Trials,0,0,0,0,1,0,0,0,0,1,0,0,0,0,0,0,0,0,0,0,0,0,0,0,0
35639683,Predictors of time to recovery and non-response during outpatient treatment of severe acute malnutrition.,2022,PloS one,0,0,0,0,0,0,0,0,0,0,0,0,0,0,0,0,0,0,0,0,0,0,0,0,0
35619134,Associations of maternal iron deficiency with malaria infection in a cohort of pregnant Papua New Guinean women.,2022,Malaria journal,0,0,0,0,1,0,0,0,0,0,0,0,0,0,0,0,0,0,0,0,0,0,0,0,0
35617098,Effectiveness of nutrition education and counselling programme on iron deficiency anaemia among adolescents: A study protocol of a randomized trial.,2022,Nutrition and health,1,0,0,0,1,0,0,0,0,0,0,0,1,0,0,0,0,0,0,0,0,0,0,0,0
35510934,Predictors of Anaemia Prevalence Among Ghanaian Pregnant Women: A Cross-Sectional Study.,2022,"Inquiry : a journal of medical care organization, provision and financing",0,0,0,0,1,0,0,0,0,0,0,0,0,0,0,0,0,0,0,1,0,0,0,0,0
35505427,"A review of the prevalence, trends, and determinants of coexisting forms of malnutrition in neonates, infants, and children.",2022,BMC public health,0,0,0,0,0,0,0,0,0,0,0,0,0,0,0,0,0,0,0,0,0,0,0,0,0
35487561,"Scaling Up Improved Inpatient Treatment of Severe Malnutrition: Key Factors and Experiences From South Africa, Bolivia, Malawi, and Ghana.",2022,"Global health, science and practice",0,0,0,0,0,0,0,0,0,0,0,0,0,0,0,0,0,0,0,0,0,0,0,0,0
35486953,The Impact of Vitamin A Deficiency on Tuberculosis Progression.,2022,Clinical infectious diseases : an official publication of the Infectious Diseases Society of America,0,0,0,0,0,0,0,0,0,0,0,1,0,0,0,0,0,0,0,0,0,0,0,0,0
35446902,Effects of a locally available dietary interventions counselling on the community-based management of anaemia in children under five years in Ghana: Kumbungu cluster randomized controlled trial protocol.,2022,PloS one,0,0,0,0,1,0,0,0,0,0,0,0,0,0,0,0,0,0,0,0,0,0,0,0,0
35437698,La pérennité d'un projet de prévention et de prise en charge de la malnutrition au Niger.,2022,Canadian journal of public health = Revue canadienne de sante publique,0,0,0,0,0,0,0,0,0,0,0,0,0,0,0,0,0,0,0,0,0,0,0,0,0
35406039,"Co-Occurrence of Overweight/Obesity, Anemia and Micronutrient Deficiencies among Non-Pregnant Women of Reproductive Age in Ghana: Results from a Nationally Representative Survey.",2022,Nutrients,0,0,0,0,0,0,0,0,0,0,0,0,0,0,0,0,0,0,0,0,0,0,0,0,0
35405984,Vitamin D Deficiency and Its Association with Iron Deficiency in African Children.,2022,Nutrients,0,0,0,0,1,0,0,0,0,0,0,0,0,1,0,0,0,0,0,0,0,0,0,0,0
35366666,Anaemia among Pregnant Women: Prevalence and Pattern at Booking Clinic of a Tertiary Health Care Facility in North Central Nigeria.,2022,West African journal of medicine,0,0,0,0,1,0,0,0,0,0,0,0,0,0,0,0,0,0,0,0,0,0,0,0,0
35346836,Risk of community- and hospital-acquired bacteremia and profile of antibiotic resistance in children hospitalized with severe acute malnutrition in Niger.,2022,International journal of infectious diseases : IJID : official publication of the International Society for Infectious Diseases,0,0,0,0,0,0,0,0,0,0,0,0,0,0,0,0,0,0,0,0,0,0,0,0,0
35275168,Comparison of Child Undernutrition Anthropometric Indicators Across 56 Low- and Middle-Income Countries.,2022,JAMA network open,0,0,0,0,0,0,0,0,0,0,0,0,0,0,0,0,0,0,0,0,0,0,0,0,0
35267925,Global Burden of Vitamin A Deficiency in 204 Countries and Territories from 1990-2019.,2022,Nutrients,0,0,0,0,0,0,0,0,0,0,0,1,0,0,0,0,0,0,0,0,0,0,0,0,0
35263343,Serum cobalamin in children with moderate acute malnutrition in Burkina Faso: Secondary analysis of a randomized trial.,2022,PLoS medicine,1,0,0,0,0,0,0,0,0,0,0,0,0,0,1,0,0,0,0,0,0,0,0,0,0
35240076,"Estimating the risk of child mortality attributable to sickle cell anaemia in sub-Saharan Africa: a retrospective, multicentre, case-control study.",2022,The Lancet. Haematology,0,0,0,0,0,0,0,0,0,0,0,0,0,0,0,0,0,0,0,0,0,0,0,0,0
35231024,"Effectiveness of a monthly schedule of follow-up for the treatment of uncomplicated severe acute malnutrition in Sokoto, Nigeria: A cluster randomized crossover trial.",2022,PLoS medicine,0,0,0,0,0,0,0,0,0,0,0,0,0,0,0,0,0,0,0,0,0,0,0,0,0
35215439,"Food Security, Dietary Diversity, Dietary Patterns and the Double Burden of Malnutrition among School-Aged Children and Adolescents in Two Nigerian States.",2022,Nutrients,0,0,0,0,0,0,0,0,0,0,0,0,0,0,0,0,0,0,0,0,0,0,0,0,0
35147644,Multiple oral and cerebral relapses of a Granular cell tumor (Abrikossoff Tumor) in a young girl affected by congenital dyserythropoietic anemia type II.,2022,La Clinica terapeutica,0,0,0,0,0,0,0,0,0,0,0,0,0,0,0,0,0,0,0,0,0,0,0,0,0
35090531,Simplifying and optimising management of acute malnutrition in children aged 6 to 59 months: study protocol for a 3 arms community-based individually randomised controlled trial in decentralised Niger.,2022,Trials,0,0,0,0,0,0,0,0,0,0,0,0,0,0,0,0,0,0,0,0,0,0,0,0,0
35073831,Prevalence and determinants of anaemia during third trimester of pregnancy: a retrospective cohort study of women in the northern region of Ghana.,2022,Women & health,0,0,0,0,0,0,0,0,0,0,0,0,0,0,0,0,0,0,0,0,0,0,0,0,0
35066367,Determinants of malnutrition among children: A systematic review.,2022,"Nutrition (Burbank, Los Angeles County, Calif.)",0,0,0,0,0,0,0,0,0,0,0,0,0,0,0,0,0,0,0,0,0,0,0,0,0
35039103,"Secular trends in low birth weight and child undernutrition in West Africa: evidence from complex nationwide surveys, 1985-2019.",2022,Public health nutrition,0,0,0,0,0,0,0,0,0,0,0,0,0,0,0,0,0,0,0,0,0,0,0,0,0
35016722,Effects of deworming medication on anaemia among children aged 6-59 months in sub-Saharan Africa.,2022,Parasites & vectors,0,0,0,0,0,0,0,0,0,0,0,0,0,0,0,0,0,0,0,0,0,0,0,0,0
35008126,Children born during the hunger season are at a higher risk of severe acute malnutrition: Findings from a Guinea Sahelian ecological zone in Northern Ghana.,2022,Maternal & child nutrition,0,0,0,0,0,0,0,0,0,0,0,0,0,0,0,0,0,0,0,0,0,0,0,0,0
35008055,Comparing Azithromycin to Amoxicillin in the Management of Uncomplicated Severe Acute Malnutrition in Burkina Faso: A Pilot Randomized Trial.,2022,The American journal of tropical medicine and hygiene,0,0,0,0,0,0,0,0,0,0,0,0,0,0,0,0,0,0,0,0,0,0,0,0,0
34982817,Supplementary Feeding of Moderately Wasted Children in Sierra Leone Reduces Severe Acute Malnutrition and Death When Compared with Nutrition Counseling: A Retrospective Cohort Study.,2022,The Journal of nutrition,0,0,0,0,0,0,0,0,0,0,0,0,0,0,0,0,0,0,0,0,0,0,0,0,0
34971579,"Hydroxyurea for primary stroke prevention in children with sickle cell anaemia in Nigeria (SPRING): a double-blind, multicentre, randomised, phase 3 trial.",2022,The Lancet. Haematology,0,0,0,0,0,0,0,0,0,0,0,0,0,0,0,0,0,0,0,0,0,0,0,0,0
34957682,"Utilization patterns, outcomes and costs of a simplified acute malnutrition treatment programme in Burkina Faso.",2022,Maternal & child nutrition,0,0,0,0,0,0,0,0,0,0,0,0,0,0,0,0,0,0,0,0,0,0,0,0,0
34935294,Intra-household double burden of overweight/obesity and anaemia: Evidence from 49 low-and middle-income countries.,2022,Maternal & child nutrition,0,0,0,0,0,0,0,0,0,0,0,0,0,0,0,0,0,0,0,0,0,0,0,0,0
34895288,Ovarian reserve in nigerian women with sickle cell anaemia: a cross- sectional study.,2021,Journal of ovarian research,0,0,0,0,0,0,0,0,0,0,0,0,0,0,0,0,0,0,0,0,0,0,0,0,0
34855316,Hepatobiliary Findings in Nigerian Children with Sickle Cell Anaemia.,2021,West African journal of medicine,0,0,0,0,0,0,0,0,0,0,0,0,0,0,0,0,0,0,0,0,0,0,0,0,0
34852123,"Undernutrition and associated factors in primary schoolchildren in Lokossa, Benin: a cross-sectional study.",2021,Revista brasileira de enfermagem,0,0,0,0,0,0,0,0,0,0,0,0,0,0,0,0,0,0,0,0,0,0,0,0,0
34847910,Clinical depression in children and adolescents with sickle cell anaemia: influencing factors in a resource-limited setting.,2021,BMC pediatrics,0,0,0,0,0,0,0,0,0,0,0,0,0,0,0,0,0,0,0,0,0,0,0,0,0
34836322,Impact of Integration of Severe Acute Malnutrition Treatment in Primary Health Care Provided by Community Health Workers in Rural Niger.,2021,Nutrients,0,0,0,0,0,0,0,0,0,0,0,0,0,0,0,0,0,0,0,0,0,0,0,0,0
34835932,Epidemiology of Malnutrition among Children with Cerebral Palsy in Low- and Middle-Income Countries: Findings from the Global LMIC CP Register.,2021,Nutrients,0,0,0,0,0,0,0,0,0,0,0,0,0,0,0,0,0,0,0,0,0,0,0,0,0
34802507,Reply to: Observations on malnutrition and anti-TB drugs in Ghana.,2021,The international journal of tuberculosis and lung disease : the official journal of the International Union against Tuberculosis and Lung Disease,0,0,0,0,0,0,0,0,0,0,0,0,0,0,0,0,0,0,0,0,0,0,0,0,0
34802506,Observations on malnutrition and anti-TB drugs in Ghana.,2021,The international journal of tuberculosis and lung disease : the official journal of the International Union against Tuberculosis and Lung Disease,0,0,0,0,0,0,0,0,0,0,0,0,0,0,0,0,0,0,0,0,0,0,0,0,0
34795735,"Psycho-social problems of adolescents with sickle-cell anaemia in Ekiti State, Nigeria.",2021,African health sciences,0,0,0,0,0,0,0,0,0,0,0,0,0,0,0,0,0,0,0,0,0,0,0,0,0
34795733,"Relationship between disease severity and folate status of children with sickle cell anaemia in Enugu, South East Nigeria.",2021,African health sciences,0,0,0,0,0,0,0,0,0,0,0,0,0,0,0,0,0,0,0,1,0,0,0,0,0
34777708,"Left ventricular function and cardiac valvar annular dimensions among children with sickle cell anemia compared to those with hemoglobin AA type in Enugu, Nigeria.",2021,Malawi medical journal : the journal of Medical Association of Malawi,0,0,0,0,0,0,0,0,0,0,0,0,0,0,0,0,0,0,0,0,0,0,0,0,0
34736513,"Burden of anemia and its underlying causes in 204 countries and territories, 1990-2019: results from the Global Burden of Disease Study 2019.",2021,Journal of hematology & oncology,0,0,0,0,1,0,0,0,0,0,0,0,0,0,0,0,0,0,0,0,0,0,0,0,0
34684435,Dietary Diversity and Undernutrition in Children Aged 6-23 Months in Sub-Saharan Africa.,2021,Nutrients,0,0,0,0,0,0,0,0,0,0,0,0,0,0,0,0,0,0,0,0,0,0,0,0,0
34672848,Nutritional and Obstetric Determinant of Iron Deficiency Anemia among Pregnant Women Attending Antenatal Care Services in Public Health Hospitals in Abidjan (Côte d'Ivoire): A Cross-Sectional Study.,2022,Ecology of food and nutrition,1,0,0,0,1,0,0,0,0,0,0,0,1,0,0,0,0,0,0,0,0,0,0,0,0
34654415,A feasibility study to assess non-clinical community health workers' capacity to use simplified protocols and tools to treat severe acute malnutrition in Niger state Nigeria.,2021,BMC health services research,0,0,0,0,0,0,0,0,0,0,0,0,0,0,0,0,0,0,0,0,0,0,0,0,0
34648913,"Availability, use, and consumption practices of ready-to-use therapeutic foods prescribed to children with uncomplicated severe acute malnutrition aged 6-59 months during outpatient treatment in Burkina Faso.",2022,Appetite,0,0,0,0,0,0,0,0,0,0,0,0,0,0,0,0,0,0,0,0,0,0,0,0,0
34620262,Conceptualising factors impacting nutrition services coverage of treatment for acute malnutrition in children: an application of the Three Delays Model in Niger.,2023,Public health nutrition,0,0,0,0,0,0,0,0,0,0,0,0,0,0,0,0,0,0,0,0,0,0,0,0,0
34616704,The Impact of Rainfall Variability on Diets and Undernutrition of Young Children in Rural Burkina Faso.,2021,Frontiers in public health,0,0,0,0,0,0,0,0,0,0,0,0,0,0,0,0,0,0,0,0,0,0,0,0,0
34563875,Capacity Building for Primary Stroke Prevention Teams in Children Living With Sickle Cell Anemia in Africa.,2021,Pediatric neurology,0,0,0,0,0,0,0,0,0,0,0,0,0,0,0,0,0,0,0,0,0,0,0,0,0
34460425,Host Fecal mRNAs Predicted Environmental Enteric Dysfunction among Children with Moderate Acute Malnutrition in Sierra Leone.,2021,The American journal of tropical medicine and hygiene,0,0,0,0,0,0,0,0,0,0,0,0,0,0,0,0,0,0,0,0,0,0,0,0,0
34395630,Variations and Determinants of Anemia among Reproductive Age Women in Five Sub-Saharan Africa Countries.,2021,BioMed research international,0,0,0,0,0,0,0,0,0,0,0,0,0,0,0,0,0,0,0,0,0,0,0,0,0
34394292,Relationship of oxidative stress and antioxidant response with vaso-occlusive crisis in sickle cell anaemia.,2021,African health sciences,0,0,0,0,0,0,0,0,0,0,0,0,0,0,0,0,0,0,0,0,0,0,0,0,0
34367440,Prevalence and factors associated with anaemia in pregnant women in Cascades Region of Burkina Faso in 2012.,2021,The Pan African medical journal,0,0,0,0,0,0,0,0,0,0,0,0,0,0,0,0,0,0,0,0,0,0,0,0,0
34271599,The effect of sickle cell anemia on the linear growth of Nigerian children.,2021,Journal of pediatric endocrinology & metabolism : JPEM,0,0,0,0,0,0,0,0,0,0,0,0,0,0,0,0,0,0,0,0,0,0,0,0,0
34208123,"Temporal Relation between Double Fortification of Wheat Flour with Iron and Folic Acid, and Markers and Prevalence of Anemia in Children.",2021,Nutrients,0,0,0,0,1,0,0,0,0,0,0,0,0,0,0,0,0,0,0,0,0,0,0,0,0
34203582,Bayesian Spatial Modeling of Anemia among Children under 5 Years in Guinea.,2021,International journal of environmental research and public health,0,0,0,0,0,0,0,0,0,0,0,0,0,0,0,0,0,0,0,0,0,0,0,0,0
34185789,A Listeria monocytogenes clone in human breast milk associated with severe acute malnutrition in West Africa: A multicentric case-controlled study.,2021,PLoS neglected tropical diseases,0,0,0,0,0,0,0,0,0,0,0,0,0,0,0,0,0,0,0,0,0,0,0,0,0
34122706,"Malnutrition prevalence and associated biochemical factors among drug-resistance tuberculosis (DR-TB) patients at key treatment sites in Conakry City, Republic of Guinea.",2021,The Pan African medical journal,0,0,0,0,0,0,0,0,0,0,0,0,0,0,0,0,0,0,0,0,0,0,0,0,0
34103123,"The co-occurrence of overweight/obesity and anaemia among adult women, adolescent girls and children living in fifty-two low- and middle-income countries.",2022,Public health nutrition,0,0,0,0,0,0,0,0,0,0,0,0,0,0,0,0,0,0,0,0,0,0,0,0,0
34103114,Geographical variation and temporal trend in anemia among children aged 6-59 months in low- and middle-income countries during 2000-2018: forecasting the 2030 SDG target.,2021,Public health nutrition,0,0,0,0,0,0,0,0,0,0,0,0,0,0,0,0,0,0,0,0,0,0,0,0,0
34097646,Effect of Personalized Support at Home on the Prevalence of Anemia in Pregnancy in Burkina Faso: A Cluster Randomized Trial.,2021,The American journal of tropical medicine and hygiene,0,0,0,0,0,0,0,0,0,0,0,0,0,0,0,0,0,0,0,0,0,0,0,0,0
34081411,Anaemia among under-five children: Is maternal marriage at 18th birthday and above protective? Evidence from 15 countries in Sub-Saharan Africa.,2021,Maternal & child nutrition,0,0,0,0,0,0,0,0,0,0,0,0,0,0,0,0,0,0,0,0,0,0,0,0,0
34066577,Multi-Nutrient Fortified Dairy-Based Drink Reduces Anaemia without Observed Adverse Effects on Gut Microbiota in Anaemic Malnourished Nigerian Toddlers: A Randomised Dose-Response Study.,2021,Nutrients,1,0,0,0,1,0,0,0,0,0,0,0,0,0,0,0,0,0,0,0,0,0,0,0,0
34051718,"Transcranial Doppler Ultrasonography Imaging Studies in Children with Sickle Cell Anaemia in a Tertiary Hospital, Abuja, Nigeria.",2021,West African journal of medicine,0,0,0,0,0,0,0,0,0,0,0,0,0,0,0,0,0,0,0,0,0,0,0,0,0
34040202,Double burden of malnutrition among women of reproductive age in 55 low- and middle-income countries: progress achieved and opportunities for meeting the global target.,2022,European journal of clinical nutrition,0,0,0,0,0,0,0,0,0,0,0,0,0,0,0,0,0,0,0,0,0,0,0,0,0
34030705,"Assessment of a combined strategy of seasonal malaria chemoprevention and supplementation with vitamin A, zinc and Plumpy'Doz™ to prevent malaria and malnutrition in children under 5 years old in Burkina Faso: a randomized open-label trial (SMC-NUT).",2021,Trials,0,0,0,0,0,0,0,0,0,1,0,1,0,0,0,0,0,0,0,0,0,0,0,0,0
34021063,Clinical and Biochemical Markers of Risk in Uncomplicated Severe Acute Malnutrition.,2021,Pediatrics,0,0,0,0,0,0,0,0,0,0,0,0,0,0,0,0,0,0,0,0,0,0,0,0,0
34020452,Effectiveness and cost-effectiveness of 4 supplementary foods for treating moderate acute malnutrition: results from a cluster-randomized intervention trial in Sierra Leone.,2021,The American journal of clinical nutrition,0,0,0,0,0,0,0,0,0,0,0,0,0,0,0,0,0,0,0,0,0,0,0,0,0
33996040,Incidence of relapse following a new approach to simplifying and optimising acute malnutrition treatment in children aged 6-59 months: a prospective cohort in rural Northern Burkina Faso.,2021,Journal of nutritional science,0,0,0,0,0,0,0,0,0,0,0,0,0,0,0,0,0,0,0,0,0,0,0,0,0
33963734,Treating high-risk moderate acute malnutrition using therapeutic food compared with nutrition counseling (Hi-MAM Study): a cluster-randomized controlled trial.,2021,The American journal of clinical nutrition,0,0,0,0,0,0,0,0,0,0,0,0,0,0,0,0,0,0,0,0,0,0,0,0,0
33963730,Correlates of serum IGF-1 in young children with moderate acute malnutrition: a cross-sectional study in Burkina Faso.,2021,The American journal of clinical nutrition,1,0,0,0,0,0,0,0,0,0,0,0,0,0,0,0,0,0,0,0,0,0,0,0,0
33944705,Undernutrition and malaria among under-five children: findings from the 2018 Nigeria demographic and health survey.,2021,Pathogens and global health,0,0,0,0,0,0,0,0,0,0,0,0,0,0,0,0,0,0,0,0,0,0,0,0,0
33933072,"Asymptomatic malaria and anaemia among pregnant women during high and low malaria transmission seasons in Burkina Faso: household-based cross-sectional surveys in Burkina Faso, 2013 and 2017.",2021,Malaria journal,0,0,0,0,0,0,0,0,0,0,0,0,0,0,0,0,0,0,0,0,0,0,0,0,0
33916468,A Model for Determining Predictors of the MUAC in Acute Malnutrition in Ghana.,2021,International journal of environmental research and public health,1,0,0,0,0,0,0,0,0,0,0,0,0,0,0,0,0,0,0,0,0,0,0,0,0
33905433,"Factors associated with iron deficiency anaemia among pregnant teenagers in Ashanti Region, Ghana: A hospital-based prospective cohort study.",2021,PloS one,1,0,0,0,1,0,0,0,0,1,0,1,0,0,0,0,0,0,0,0,0,0,0,0,0
33902958,Plasma L-Arginine in Sickle Cell Anaemia Patients in Crises and its Correlation with Markers of Severity of Disease.,2021,West African journal of medicine,0,0,0,0,0,0,0,0,0,0,0,0,0,0,0,0,0,0,0,0,0,0,0,0,0
33883846,"Counselling Needs of Sickle-Cell Anaemia Adolescents in Ekiti State, Nigeria.",2020,Ethiopian journal of health sciences,0,0,0,0,0,0,0,0,0,0,0,0,0,0,0,0,0,0,0,0,0,0,0,0,0
33880554,Body Composition Changes in Children during Treatment for Moderate Acute Malnutrition: Findings from a 4-Arm Cluster-Randomized Trial in Sierra Leone.,2021,The Journal of nutrition,0,0,0,0,0,0,0,0,0,0,0,0,0,0,0,0,0,0,0,0,0,0,0,0,0
33878140,Intermittent preventive treatment comparing two versus three doses of sulphadoxine pyrimethamine (IPTp-SP) in the prevention of anaemia in pregnancy in Ghana: A cross-sectional study.,2021,PloS one,0,0,0,0,0,0,0,0,0,0,0,0,0,0,0,0,0,0,0,0,0,0,0,0,0
33797342,Clinical and laboratory features associated with mortality in children with severe malnutrition in Papua New Guinea.,2021,Paediatrics and international child health,0,0,0,0,0,0,0,0,1,0,0,0,0,0,0,0,0,0,0,0,0,0,0,0,0
33780144,Perceptions and beliefs about anaemia: A qualitative study in three agroecological regions of Ghana.,2021,Maternal & child nutrition,0,0,0,0,0,0,0,0,0,0,0,0,0,0,0,0,0,0,0,0,0,0,0,0,0
33760869,"The prevalence of anemia and iron deficiency among pregnant Ghanaian women, a longitudinal study.",2021,PloS one,0,0,0,0,1,0,0,0,0,0,0,0,1,0,0,0,0,0,0,0,0,0,0,0,0
33758915,A School-Based Weekly Iron and Folic Acid Supplementation Program Effectively Reduces Anemia in a Prospective Cohort of Ghanaian Adolescent Girls.,2021,The Journal of nutrition,0,0,0,0,1,0,0,0,0,0,0,0,0,0,0,0,0,0,0,0,0,0,0,0,0
33686095,Clinical evidence of the role of Methanobrevibacter smithii in severe acute malnutrition.,2021,Scientific reports,0,0,0,0,0,0,0,0,0,0,0,0,0,0,0,0,0,0,0,0,0,0,0,0,0
33668048,Biomarkers of environmental enteric dysfunction are differently associated with recovery and growth among children with moderate acute malnutrition in Sierra Leone.,2021,The American journal of clinical nutrition,0,0,0,0,0,0,0,0,0,0,0,0,0,0,0,0,0,0,0,0,0,0,0,0,0
33645904,Associations between livestock ownership and lower odds of anaemia among children 6-59 months old are not mediated by animal-source food consumption in Ghana.,2021,Maternal & child nutrition,0,0,0,0,1,0,0,0,0,0,0,0,0,0,0,0,0,0,0,0,0,0,0,0,0
33639447,"Climate change, women's workload in smallholder agriculture, and embodied political ecologies of undernutrition in northern Ghana.",2021,Health & place,0,0,0,0,0,0,0,0,0,0,0,0,0,0,0,0,0,0,0,0,0,0,0,0,0
33631085,Association between uptake of selected vaccines and undernutrition among Nigerian children.,2021,Human vaccines & immunotherapeutics,0,0,0,0,0,0,0,0,0,0,0,0,0,0,0,0,0,0,0,0,0,0,0,0,0
33593454,User fees removal and community-based management of undernutrition in Burkina Faso: what effects on children's nutritional status?,2021,Public health nutrition,0,0,0,0,0,0,0,0,0,0,0,0,0,0,0,0,0,0,0,0,0,0,0,0,0
33589568,Measuring the Overall Burden of Early Childhood Malnutrition in Ghana: A Comparison of Estimates From Multiple Data Sources.,2022,International journal of health policy and management,0,0,0,0,0,0,0,0,0,0,0,0,0,0,0,0,0,0,0,0,0,0,0,0,0
33571267,Impact of iron fortification on anaemia and iron deficiency among pre-school children living in Rural Ghana.,2021,PloS one,0,0,0,0,1,0,0,0,0,1,0,1,1,0,0,0,0,0,0,0,0,0,0,0,0
33560078,Psychometric Impact of Priapism on Lives of Adolescents and Adults With Sickle Cell Anemia: A Sequential Independent Mixed-Methods Design.,2022,Journal of pediatric hematology/oncology,0,0,0,0,0,0,0,0,0,0,0,0,0,0,0,0,0,0,0,0,0,0,0,0,0
33509424,Spatial pattern and determinants of anemia among women of childbearing age in Nigeria.,2021,Spatial and spatio-temporal epidemiology,0,0,0,0,0,0,0,0,0,0,0,0,0,0,0,0,0,0,0,0,0,0,0,0,0
33502363,"How the Smart Food Concept Can Lead to the Transformation of Food Systems and Combat Malnutrition: Different Approaches in Africa, Globally, and a Case Study from Myanmar with Lessons Learnt for Creating Behavior Change in Diets.",2020,World review of nutrition and dietetics,0,0,0,0,0,0,0,0,0,0,0,0,0,0,0,0,0,0,0,0,0,0,0,0,0
33478451,Common mental disorders in mothers of children attending out-patient malnutrition clinics in rural North-western Nigeria: a cross-sectional study.,2021,BMC public health,0,0,0,0,0,0,0,0,0,0,0,0,0,0,0,0,0,0,0,0,0,0,0,0,0
33473021,Iron Deficiency Anemia in Nigerians with Heart Failure (IDAN-HF): Therapeutic efficacy of iron replacement: An interventional study.,2021,Nigerian journal of clinical practice,0,0,0,0,1,0,0,0,0,0,0,0,0,0,0,0,0,0,0,0,0,0,0,0,0
33425141,Blood transfusion requirements among children with severe malarial anemia: a cross-sectional study in a second level reference hospital in Burkina Faso.,2020,The Pan African medical journal,0,0,0,0,0,0,0,0,0,0,0,0,0,0,0,0,0,0,0,0,0,0,0,0,0
33413393,"Plasmodium falciparum gametocyte carriage in symptomatic patients shows significant association with genetically diverse infections, anaemia, and asexual stage density.",2021,Malaria journal,0,0,0,0,0,0,0,0,0,0,0,0,0,0,0,0,0,0,0,0,0,0,0,0,0
33402949,"Contributions of malaria, helminths, HIV and iron deficiency to anaemia in pregnant women attending ante-natal clinic in SouthWest Nigeria.",2020,African health sciences,0,0,0,0,1,0,0,0,0,0,0,0,0,0,0,0,0,0,0,0,0,0,0,0,0
33402929,A comparative study of the prevalence of zinc deficiency among children with acute diarrhoea in SouthWestern Nigeria.,2020,African health sciences,0,0,0,0,0,0,0,0,0,1,0,0,0,0,0,0,0,0,0,0,0,0,0,0,0
33370352,The prevalence and correlates of the double burden of malnutrition among women in Ghana.,2020,PloS one,0,0,0,0,0,0,0,0,0,0,0,0,0,0,0,0,0,0,0,0,0,0,0,0,0
33368337,Qualitative assessments of anemia-related programs in Ghana reveal gaps and implementation challenges.,2021,Annals of the New York Academy of Sciences,0,0,0,0,1,0,0,0,0,0,0,0,1,0,0,0,0,0,0,0,0,0,0,0,0
33362989,Population and Individual-Level Double Burden of Malnutrition Among Adolescents in Two Emerging Cities in Northern and Southern Nigeria: A Comparative Cross-Sectional Study.,2020,Annals of global health,0,0,0,0,0,0,0,0,0,0,0,0,0,0,0,0,0,0,0,0,0,0,0,0,0
33362221,Impact of food supplements on early child development in children with moderate acute malnutrition: A randomised 2 x 2 x 3 factorial trial in Burkina Faso.,2020,PLoS medicine,1,0,0,0,0,0,0,0,0,0,0,0,0,0,0,0,0,0,0,0,0,0,0,0,0
33339041,Comorbid patterns of anaemia and diarrhoea among children aged under 5 years in Ghana: a multivariate complex sample logistic regression analysis and spatial mapping visualisation.,2021,International health,0,0,0,0,0,0,0,0,0,0,0,0,0,0,0,0,0,0,0,0,0,0,0,0,0
33243953,Treatment of recalcitrant chronic leg ulcer in a known sickle cell anaemia patient using honey and fresh hbaa red cell concentrate in a Nigerian secondary healthcare facility.,2020,Annals of African medicine,0,0,0,0,0,0,0,0,0,0,0,0,0,0,0,0,0,0,0,0,0,0,0,0,0
33236662,Primary prevention of stroke in children with sickle cell anemia in sub-Saharan Africa: rationale and design of phase III randomized clinical trial.,2021,Pediatric hematology and oncology,0,0,0,0,0,0,0,0,0,0,0,0,0,0,0,0,0,0,0,0,0,0,0,0,0
33217900,"Key Determinants of Anemia among Youngsters under Five Years in Senegal, Malawi, and Angola.",2020,International journal of environmental research and public health,0,0,0,0,0,0,0,0,0,0,0,0,0,0,0,0,0,0,0,0,0,0,0,0,0
33160357,"Socio-economic behavioural indicators of falciparum malaria parasitaemia and moderate to severe anaemia among pregnant women attending antenatal clinics in Lagos, Southwest Nigeria.",2020,Malaria journal,0,0,0,0,0,0,0,0,0,0,0,0,0,0,0,0,0,0,0,0,0,0,0,0,0
33126295,The persistence of amoebosis caused by Entamoeba histolytica in Nigeria and the role of malnutrition.,2020,Annals of parasitology,0,0,0,0,0,0,0,0,0,0,0,0,0,0,0,0,0,0,0,0,0,0,0,0,0
33086945,Implementing effective eLearning for scaling up global capacity building: findings from the malnutrition elearning course evaluation in Ghana.,2020,Global health action,0,0,0,0,0,0,0,0,0,0,0,0,0,0,0,0,0,0,0,0,0,0,0,0,0
33075179,Randomized control trial of oral arginine therapy for children with sickle cell anemia hospitalized for pain in Nigeria.,2021,American journal of hematology,0,0,0,0,0,0,0,0,0,0,0,0,0,0,0,0,0,0,0,0,0,0,0,0,0
33065100,Proteinuric and nonproteinuric chronic kidney disease among patients with sickle cell anaemia (HbSS) attending a tertiary hospital in north-eastern Nigeria.,2021,Hematology/oncology and stem cell therapy,0,0,0,0,0,0,0,0,0,0,0,0,0,0,0,0,0,0,0,0,0,0,0,0,0
33060094,"Undernutrition, polygynous context and family structure: a multilevel analysis of cross-sectional surveys of 350 000 mother-child pairs from 32 countries.",2020,BMJ global health,0,0,0,0,0,0,0,0,0,0,0,0,0,0,0,0,0,0,0,0,0,0,0,0,0
33045915,"The presence of the double burden of malnutrition in children and their mothers in Grand-Popo, Benin.",2021,Nutrition and health,0,0,0,0,0,0,0,0,0,0,0,0,0,0,0,0,0,0,0,0,0,0,0,0,0
32983426,Predictors of anaemia among adolescent schoolchildren of Ghana.,2020,Journal of nutritional science,0,0,0,0,1,0,0,0,0,0,0,0,0,0,0,0,0,0,0,0,0,0,0,0,0
32973247,A cross-sectional study on risk factors for infection with Parvovirus B19 and the association with anaemia in a febrile paediatric population in Ghana.,2020,Scientific reports,0,0,0,0,0,0,0,0,0,0,0,0,0,0,0,0,0,0,0,0,0,0,0,0,0
32955084,Uptake of iron supplements and anemia during pregnancy in Nigeria.,2022,"Journal of public health (Oxford, England)",0,0,0,0,1,0,0,0,0,0,0,0,0,0,0,0,0,0,0,1,0,0,0,0,0
32945623,Risk factors for anaemia among Ghanaian women and children vary by population group and climate zone.,2021,Maternal & child nutrition,0,0,0,0,1,0,0,0,0,0,0,1,0,0,0,0,0,0,0,0,0,0,0,0,0
32925931,Association between health insurance membership and anaemia among children under-five years. Evidence from Ghana.,2020,PloS one,0,0,0,0,0,0,0,0,0,0,0,0,0,0,0,0,0,0,0,0,0,0,0,0,0
32911770,"Malnutrition, Hypertension Risk, and Correlates: An Analysis of the 2014 Ghana Demographic and Health Survey Data for 15-19 Years Adolescent Boys and Girls.",2020,Nutrients,0,0,0,0,0,0,0,0,0,0,0,0,0,0,0,0,0,0,0,0,0,0,0,0,0
32881316,Establishing Ghanaian adult reference intervals for hematological parameters controlling for latent anemia and inflammation.,2020,International journal of laboratory hematology,0,0,0,0,1,0,0,0,0,0,0,0,0,0,0,0,0,0,0,0,0,0,0,0,0
32843525,Factors influencing undernutrition among children under 5 years from cocoa-growing communities in Bougainville.,2020,BMJ global health,0,0,0,0,0,0,0,0,0,0,0,0,0,0,0,0,0,0,0,0,0,0,0,0,0
32835405,Early Detection of Renal Injury in Children with Sickle Cell Anaemia using Microalbuminuria in a Tertiary Health Institution in Southern Nigeria.,2020,West African journal of medicine,0,0,0,0,0,0,0,0,0,0,0,0,0,0,0,0,0,0,0,0,0,0,0,0,0
32822409,A multicenter study of the prevalence and risk factors of malaria and anemia among pregnant women at first antenatal care visit in Ghana.,2020,PloS one,0,0,0,0,0,0,0,0,0,0,0,0,0,0,0,0,0,0,0,0,0,0,0,0,0
32807912,Spatial prediction of childhood malnutrition across space in Nigeria based on point-referenced data: an SPDE approach.,2020,Journal of public health policy,0,0,0,0,0,0,0,0,0,0,0,0,0,0,0,0,0,0,0,0,0,0,0,0,0
32802508,"Knowledge of and Adherence to Anaemia Prevention Strategies among Pregnant Women Attending Antenatal Care Facilities in Juaboso District in Western-North Region, Ghana.",2020,Journal of pregnancy,0,0,0,0,1,0,0,0,0,0,0,0,0,0,0,0,0,0,0,0,0,0,0,0,0
32788485,"Comparative study of nutritional status of children and adolescents with sickle cell anemia in Enugu, Southeast Nigeria.",2020,Nigerian journal of clinical practice,0,0,0,0,0,0,0,0,0,0,0,0,0,0,0,0,0,0,0,0,0,0,0,0,0
32782039,"Treatment outcomes among children treated for uncomplicated severe acute malnutrition: a retrospective study in Accra, Ghana.",2021,Public health nutrition,0,0,0,0,0,0,0,0,0,0,0,0,0,0,0,0,0,0,0,0,0,0,0,0,0
32780808,A cross-sectional study of prevalence and risk factors for stunting among under-fives attending acute malnutrition treatment programmes in north-western Nigeria: Should these programmes be adapted to also manage stunting?,2021,International health,0,0,0,0,0,0,0,0,0,0,0,0,0,0,0,0,0,0,0,0,0,0,0,0,0
32764545,"Association between admission criteria and body composition among young children with moderate acute malnutrition, a cross-sectional study from Burkina Faso.",2020,Scientific reports,0,0,0,0,0,0,0,0,0,0,0,0,0,0,0,0,0,0,0,0,0,0,0,0,0
32761792,"Incidence of severe acute malnutrition after treatment: A prospective matched cohort study in Sokoto, Nigeria.",2021,Maternal & child nutrition,0,0,0,0,0,0,0,0,0,0,0,0,0,0,0,0,0,0,0,0,0,0,0,0,0
32743647,Association between anemia and household water source or sanitation in preschool children: the Biomarkers Reflecting Inflammation and Nutritional Determinants of Anemia (BRINDA) project.,2019,The American journal of clinical nutrition,0,0,0,0,0,0,0,0,0,0,0,0,0,0,0,0,0,0,0,0,0,0,0,0,0
32699176,"Effects of food supplementation on cognitive function, cerebral blood flow, and nutritional status in young children at risk of undernutrition: randomized controlled trial.",2020,BMJ (Clinical research ed.),1,0,0,0,0,0,0,0,0,0,0,0,0,0,0,0,0,0,0,0,0,0,0,0,0
32688368,Thymus size in children with moderate malnutrition: a cohort study from Burkina Faso.,2021,Pediatric research,0,0,0,0,0,0,0,0,0,0,0,0,0,0,0,0,0,0,0,0,0,0,0,0,0
32666072,Incidence Correction Factors for Moderate and Severe Acute Child Malnutrition From 2 Longitudinal Cohorts in Mali and Burkina Faso.,2020,American journal of epidemiology,0,0,0,0,0,0,0,0,0,0,0,0,0,0,0,0,0,0,0,0,0,0,0,0,0
32662752,"Myocardial injury in patients with sickle cell anaemia and myocardial ischaemia in Calabar, Nigeria.",2020,Paediatrics and international child health,0,0,0,0,0,0,0,0,0,0,0,0,0,0,0,0,0,0,0,0,0,0,0,0,0
32661976,Carbon dioxide emissions from transport and anemia influence on under-five mortality in Benin.,2020,Environmental science and pollution research international,0,0,0,0,0,0,0,0,0,0,0,0,0,0,0,0,0,0,0,0,0,0,0,0,0
32637022,"Quality of life of adolescents living with sickle cell anaemia in Ondo State, Nigeria.",2020,The Pan African medical journal,0,0,0,0,0,0,0,0,0,0,0,0,0,0,0,0,0,0,0,0,0,0,0,0,0
32620715,Iron deficiency anemia in pregnancy in Nigeria-A systematic review.,2020,Nigerian journal of clinical practice,0,0,0,0,1,0,0,0,0,0,0,0,0,0,0,0,0,0,0,0,0,0,0,0,0
32609719,"Malnutrition, enamel defects, and early childhood caries in preschool children in a sub-urban Nigeria population.",2020,PloS one,0,0,0,0,0,0,0,0,0,0,0,0,0,0,0,0,0,0,0,0,0,0,0,0,0
32600355,"Associations of malaria, HIV, and coinfection, with anemia in pregnancy in sub-Saharan Africa: a population-based cross-sectional study.",2020,BMC pregnancy and childbirth,0,0,0,0,0,0,0,0,0,0,0,0,0,0,0,0,0,0,0,0,0,0,0,0,0
32512907,"Knowledge, Attitude, and Practice of Adolescent Girls towards Reducing Malnutrition in Maiduguri Metropolitan Council, Borno State, Nigeria: Cross-Sectional Study.",2020,Nutrients,0,0,0,0,0,0,0,0,0,0,0,0,0,0,0,0,0,0,0,0,0,0,0,0,0
32438903,Right ventricular function among South East Nigeria children with sickle cell anaemia.,2020,BMC pediatrics,0,0,0,0,0,0,0,0,0,0,0,0,0,0,0,0,0,0,0,0,0,0,0,0,0
32433726,Inverse Association between Iron Deficiency and Glycated Hemoglobin Levels in Ghanaian Adults-the RODAM Study.,2020,The Journal of nutrition,1,0,0,0,1,0,0,0,0,0,0,0,0,0,0,0,0,0,0,0,0,0,0,0,0
32429903,Improving the effectiveness of point of care tests for malaria and anaemia: a qualitative study across three Ghanaian antenatal clinics.,2020,BMC health services research,0,0,0,0,0,0,0,0,0,0,0,0,0,0,0,0,0,0,0,0,0,0,0,0,0
32417915,Socio-demographic and Household-Level Risk Factors for Severe Acute Malnutrition in Pre-school Children in North-Western Nigeria.,2020,Journal of tropical pediatrics,0,0,0,0,0,0,0,0,0,0,0,0,0,0,0,0,0,0,0,0,0,0,0,0,0
32415792,"Low educational level of head of household, as a proxy for poverty, is associated with severe anaemia among children with sickle cell disease living in a low-resource setting: evidence from the SPRING trial.",2020,British journal of haematology,0,0,0,0,0,0,0,0,0,0,0,0,0,0,0,0,0,0,0,0,0,0,0,0,0
32380990,Simultaneous quantile regression and determinants of under-five severe chronic malnutrition in Ghana.,2020,BMC public health,0,0,0,0,0,0,0,0,0,0,0,0,0,0,0,0,0,0,0,0,0,0,0,0,0
32334558,Decomposing the educational inequalities in the factors associated with severe acute malnutrition among under-five children in low- and middle-income countries.,2020,BMC public health,0,0,0,0,0,0,0,0,0,0,0,0,0,0,0,0,0,0,0,0,0,0,0,0,0
32201547,"Methylene tetrahydrofolate reductase gene mutation in sickle cell anaemia patients in Lagos, Nigeria.",2019,The Pan African medical journal,0,0,0,0,0,0,0,0,0,0,0,0,0,0,0,0,0,0,0,0,0,0,0,0,0
32188508,Effect of Gum Arabic (Acacia senegal) on C-reactive protein level among sickle cell anemia patients.,2020,BMC research notes,0,0,0,0,0,0,0,0,0,0,0,0,0,0,0,0,0,0,0,0,0,0,0,0,0
32184026,Body composition during outpatient treatment of severe acute malnutrition: Results from a randomised trial testing different doses of ready-to-use therapeutic foods.,2020,"Clinical nutrition (Edinburgh, Scotland)",0,0,0,0,0,0,0,0,0,0,0,0,0,0,0,0,0,0,0,0,0,0,0,0,0
32183478,"Maternal Dietary Intakes, Red Blood Cell Indices and Risk for Anemia in the First, Second and Third Trimesters of Pregnancy and at Predelivery.",2020,Nutrients,0,0,0,0,1,0,0,0,0,0,0,0,0,0,0,0,0,0,0,1,0,0,0,0,0
32179568,"Treatment of severe acute malnutrition with oat or standard ready-to-use therapeutic food: a triple-blind, randomised controlled clinical trial.",2020,Gut,0,0,0,0,0,0,0,0,0,0,0,0,0,0,0,0,0,0,0,0,0,0,0,0,0
32163502,Potential new tool for anemia screening: An evaluation of the performance and usability of the TrueHb Hemometer.,2020,PloS one,0,0,0,0,0,0,0,0,0,0,0,0,0,0,0,0,0,0,0,0,0,0,0,0,0
32144946,Energy needs in the treatment of uncomplicated severe acute malnutrition: Secondary analysis to optimize delivery of ready-to-use therapeutic foods.,2020,Maternal & child nutrition,0,0,0,0,0,0,0,0,0,0,0,0,0,0,0,0,0,0,0,0,0,0,0,0,0
32127883,Under-five malnutrition in a South-Eastern Nigeria metropolitan city.,2019,African health sciences,0,0,0,0,0,0,0,0,0,0,0,0,0,0,0,0,0,0,0,0,0,0,0,0,0
32127842,Joint spatial mapping of childhood anemia and malnutrition in sub-Saharan Africa: a cross-sectional study of small-scale geographical disparities.,2019,African health sciences,0,0,0,0,1,0,0,0,0,0,0,0,0,0,0,0,0,0,0,0,0,0,0,0,0
32102669,Estimating the burden of iron deficiency among African children.,2020,BMC medicine,0,0,0,0,1,0,0,0,0,0,0,0,0,0,0,0,0,0,0,0,0,0,0,0,0
32048455,"The impact of civil conflict on infant and child malnutrition, Nigeria, 2013.",2020,Maternal & child nutrition,0,0,0,0,0,0,0,0,0,0,0,0,0,0,0,0,0,0,0,0,0,0,0,0,0
32033590,Reducing the burden of iron deficiency anemia in Cote D'Ivoire through fortification.,2020,"Journal of health, population, and nutrition",0,0,0,0,1,0,0,0,0,0,0,0,0,0,0,0,0,0,0,0,0,0,0,0,0
32030533,"Factors Associated with Anemia Status Among Children Aged 6-59 months in Ghana, 2003-2014.",2020,Maternal and child health journal,0,0,0,0,0,0,0,0,0,0,0,0,0,0,0,0,0,0,0,0,0,0,0,0,0
32023265,Bringing severe acute malnutrition treatment close to households through community health workers can lead to early admissions and improved discharge outcomes.,2020,PloS one,0,0,0,0,0,0,0,0,0,0,0,0,0,0,0,0,0,0,0,0,0,0,0,0,0
31999737,"Anemia, micronutrient deficiencies, malaria, hemoglobinopathies and malnutrition in young children and non-pregnant women in Ghana: Findings from a national survey.",2020,PloS one,0,0,0,0,1,0,0,0,0,0,0,1,0,0,1,0,0,0,0,1,0,0,0,0,0
31978048,Prevalence of anaemia and low intake of dietary nutrients in pregnant women living in rural and urban areas in the Ashanti region of Ghana.,2020,PloS one,0,0,0,1,1,0,0,0,0,1,0,1,0,0,1,0,0,0,0,1,0,0,0,0,0
31971986,"Prevalence and foetomaternal effects of iron deficiency anaemia among pregnant women in Lagos, Nigeria.",2020,PloS one,0,0,0,0,1,0,0,0,0,0,0,0,0,0,0,0,0,0,0,0,0,0,0,0,0
31930369,Extended Follow-up From a Randomized Clinical Trial of Routine Amoxicillin in the Treatment of Uncomplicated Severe Acute Malnutrition in Niger.,2020,JAMA pediatrics,0,0,0,0,0,0,0,0,0,0,0,0,0,0,0,0,0,0,0,0,0,0,0,0,0
31892187,Actions Targeting the Double Burden of Malnutrition: A Scoping Review.,2019,Nutrients,0,0,0,0,0,0,0,0,0,0,0,0,0,0,0,0,0,0,0,0,0,0,0,0,0
31852658,Criteria for undernutrition screening in hospitalised infants under 6 months: a diagnostic accuracy study in a resource-poor setting.,2020,Archives of disease in childhood,0,0,0,0,0,0,0,0,0,0,0,0,0,0,0,0,0,0,0,0,0,0,0,0,0
31842870,Active and adaptive case finding to estimate therapeutic program coverage for severe acute malnutrition: a capture-recapture study.,2019,BMC health services research,0,0,0,0,0,0,0,0,0,0,0,0,0,0,0,0,0,0,0,0,0,0,0,0,0
31829146,Prevalence and determinants of anaemia in pregnant women receiving antenatal care at a tertiary referral hospital in Northern Ghana.,2019,BMC pregnancy and childbirth,0,0,0,0,0,0,0,0,0,0,0,0,0,0,0,0,0,0,0,0,0,0,0,0,0
31823490,Early development in children with moderate acute malnutrition: A cross-sectional study in Burkina Faso.,2020,Maternal & child nutrition,0,0,0,0,1,0,0,0,0,0,0,0,0,0,0,0,0,0,0,0,0,0,1,0,0
31818335,New approach to simplifying and optimising acute malnutrition treatment in children aged 6-59 months: the OptiMA single-arm proof-of-concept trial in Burkina Faso.,2020,The British journal of nutrition,0,0,0,0,0,0,0,0,0,0,0,0,0,0,0,0,0,0,0,0,0,0,0,0,0
31773867,Combined protocol for severe and moderate acute malnutrition in emergencies: Stakeholders perspectives in four countries.,2020,Maternal & child nutrition,0,0,0,0,0,0,0,0,0,0,0,0,0,0,0,0,0,0,0,0,0,0,0,0,0
31722683,Association between early childhood caries and malnutrition in a sub-urban population in Nigeria.,2019,BMC pediatrics,0,0,0,0,0,0,0,0,0,0,0,0,0,0,0,0,0,0,0,0,0,0,0,0,0
31718702,Microalbuminuria risks and glomerular filtration in children with sickle cell anaemia in Nigeria.,2019,Italian journal of pediatrics,0,0,0,0,0,0,0,0,0,0,0,0,0,0,0,0,0,0,0,0,0,0,0,0,0
31692871,"Anaemia at antenatal care initiation and associated factors among pregnant women in West Gonja District, Ghana: a cross-sectional study.",2019,The Pan African medical journal,0,0,0,0,1,0,0,0,0,0,0,0,0,0,0,0,0,0,0,0,0,0,0,0,0
31655557,Comparative analysis of trends and determinants of anaemia between adult and teenage pregnant women in two rural districts of Ghana.,2019,BMC public health,0,0,0,0,1,0,0,0,0,0,0,0,0,0,0,0,0,0,0,0,0,0,0,0,0
31624220,Differences in lung function between children with sickle cell anaemia from West Africa and Europe.,2019,Thorax,0,0,0,0,0,0,0,0,0,0,0,0,0,0,0,0,0,0,0,0,0,0,0,0,0
31619193,Uridine diphosphate glucuronosyl transferase 1A (UGT1A1) promoter polymorphism in young patients with sickle cell anaemia: report of the first cohort study from Nigeria.,2019,BMC medical genetics,0,0,0,0,0,0,0,0,0,0,0,0,0,0,0,0,0,0,0,0,0,0,0,0,0
31608959,"Effectiveness and Safety of Hydroxyurea in the Treatment of Sickle Cell Anaemia Children in Jos, North Central Nigeria.",2020,Journal of tropical pediatrics,0,0,0,0,0,0,0,0,0,0,0,0,0,0,0,0,0,0,0,0,0,0,0,0,0
31607468,Hepcidin-guided screen-and-treat interventions against iron-deficiency anaemia in pregnancy: a randomised controlled trial in The Gambia.,2019,The Lancet. Global health,0,0,0,0,1,0,0,0,0,0,0,0,0,0,0,0,0,0,0,0,0,0,0,0,0
31580313,"Co-existence of maternal overweight and obesity with childhood undernutrition in rural and urban communities of Lagos State, Nigeria.",2019,Acta bio-medica : Atenei Parmensis,0,0,0,0,0,0,0,0,0,0,0,0,0,0,0,0,0,0,0,0,0,0,0,0,0
31547543,"Micronutrient Deficiencies, Nutritional Status and the Determinants of Anemia in Children 0-59 Months of Age and Non-Pregnant Women of Reproductive Age in The Gambia.",2019,Nutrients,0,0,0,0,1,0,0,0,0,0,0,1,0,0,0,0,0,0,0,0,0,0,0,0,0
31522560,"The Prevalence of Zinc Deficiency among Men with and without Prostate Cancer in Port Harcourt, Nigeria.",2020,Nutrition and cancer,0,0,0,0,0,0,0,0,0,1,0,0,0,0,0,0,0,0,0,0,0,0,0,0,0
31480222,The Problem of Hospital Malnutrition in the African Continent.,2019,Nutrients,0,0,0,0,0,0,0,0,0,0,0,0,0,0,0,0,0,0,0,0,0,0,0,0,0
31477117,"Microscopic and submicroscopic Plasmodium falciparum infection, maternal anaemia and adverse pregnancy outcomes in Papua New Guinea: a cohort study.",2019,Malaria journal,0,0,0,0,0,0,0,0,0,0,0,0,0,0,0,0,0,0,0,0,0,0,0,0,0
31454356,Impact on child acute malnutrition of integrating small-quantity lipid-based nutrient supplements into community-level screening for acute malnutrition: A cluster-randomized controlled trial in Mali.,2019,PLoS medicine,0,0,0,0,0,0,0,0,0,0,0,0,0,0,0,0,0,0,0,0,0,0,0,0,0
31454351,Impact of reduced dose of ready-to-use therapeutic foods in children with uncomplicated severe acute malnutrition: A randomised non-inferiority trial in Burkina Faso.,2019,PLoS medicine,0,0,0,0,0,0,0,0,0,0,0,0,0,0,0,0,0,0,0,0,0,0,0,0,0
31454347,Impact on child acute malnutrition of integrating a preventive nutrition package into facility-based screening for acute malnutrition during well-baby consultation: A cluster-randomized controlled trial in Burkina Faso.,2019,PLoS medicine,0,0,0,0,0,0,0,0,0,0,0,0,0,0,0,0,0,0,0,0,0,0,0,0,0
31433592,"Factors Influencing the Use of Anemia Preventing Measures among Antenatal Clinic Attendees in the Kintampo North Municipality, Ghana.",2019,African journal of reproductive health,0,0,0,0,0,0,0,0,0,0,0,0,0,0,0,0,0,0,0,0,0,0,0,0,0
31423630,Approximately 40 000 children with sickle cell anemia require screening with TCD and treating with hydroxyurea for stroke prevention in three states in northern Nigeria.,2019,American journal of hematology,0,0,0,0,0,0,0,0,0,0,0,0,0,0,0,0,0,0,0,0,0,0,0,0,0
31417050,"Assessing agreement of hemoglobin and three- fold conversion of hematocrit as methods for detecting anemia in children living in malaria-endemic areas of Calabar, Nigeria.",2019,Nigerian journal of clinical practice,0,0,0,0,0,0,0,0,0,0,0,0,0,0,0,0,0,0,0,0,0,0,0,0,0
31412530,"Estimating the Double Burden of Malnutrition among 595,975 Children in 65 Low- and Middle-Income Countries: A Meta-Analysis of Demographic and Health Surveys.",2019,International journal of environmental research and public health,0,0,0,0,0,0,0,0,0,0,0,0,0,0,0,0,0,0,0,0,0,0,0,0,0
31386678,Severe acute malnutrition and mortality in children in the community: Comparison of indicators in a multi-country pooled analysis.,2019,PloS one,0,0,0,0,0,0,0,0,0,0,0,0,0,0,0,0,0,0,0,0,0,0,0,0,0
31385599,Burden and Correlates of Anaemia among Patients with Diabetes Mellitus in a Tertiary Health Facility in Northwestern Nigeria.,2019,West African journal of medicine,0,0,0,0,0,0,0,0,0,0,0,0,0,0,0,0,0,0,0,0,0,0,0,0,0
31378073,Influence of Food Security Status and Anemia-Related Knowledge on Perceptions About 2 Nutritious Underutilized Foods Among Ghanaian Caregivers.,2019,Food and nutrition bulletin,0,0,0,0,0,0,0,0,0,0,0,0,0,0,0,0,0,0,0,0,0,0,0,0,0
31365528,The epidemiology of undernutrition and its determinants in children under five years in Ghana.,2019,PloS one,0,0,0,0,0,0,0,0,0,0,0,0,0,0,0,0,0,0,0,0,0,0,0,0,0
31362946,Improved care and survival in severe malnutrition through eLearning.,2020,Archives of disease in childhood,0,0,0,0,0,0,0,0,0,0,0,0,0,0,0,0,0,0,0,0,0,0,0,0,0
31351027,Using structural equation modelling to understand the contributors to anaemia among young Burkinabe children.,2020,Maternal & child nutrition,1,0,0,0,1,0,0,0,0,0,0,1,0,0,0,0,0,0,0,0,0,0,0,0,0
31339928,"Livestock ownership, household food security and childhood anaemia in rural Ghana.",2019,PloS one,0,0,0,0,0,0,0,0,0,0,0,0,0,0,0,0,0,0,0,0,0,0,0,0,0
31336045,Feasibility of engaging caregivers in at-home surveillance of children with uncomplicated severe acute malnutrition.,2020,Maternal & child nutrition,0,0,0,0,0,0,0,0,0,0,0,0,0,0,0,0,0,0,0,0,0,0,0,0,0
31322815,Combined and differential effects of alpha-thalassemia and HbF-quantitative trait loci in Senegalese hydroxyurea-free children with sickle cell anemia.,2019,Pediatric blood & cancer,0,0,0,0,0,0,0,0,0,0,0,0,0,0,0,0,0,0,0,0,0,0,0,0,0
31282410,"Anaemia and thrombocytopenia among pregnant women attending Aminu Kano Teaching Hospital, Kano State, North Western Nigeria.",2020,Human antibodies,0,0,0,0,0,0,0,0,0,0,0,0,0,0,0,0,0,0,0,0,0,0,0,0,0
31272983,Correlates of the double burden of malnutrition among women: an analysis of cross sectional survey data from sub-Saharan Africa.,2019,BMJ open,0,0,0,0,0,0,0,0,0,0,0,0,0,0,0,0,0,0,0,0,0,0,0,0,0
31189698,Alternative Ready-To-Use Therapeutic Food Yields Less Recovery Than the Standard for Treating Acute Malnutrition in Children From Ghana.,2019,"Global health, science and practice",1,0,0,0,0,0,0,0,0,0,0,0,0,0,0,0,0,0,0,0,0,0,0,0,0
31111804,Predictors of early childhood undernutrition in Nigeria: the role of maternal autonomy.,2019,Public health nutrition,0,0,0,0,0,0,0,0,0,0,0,0,0,0,0,0,0,0,0,0,0,0,0,0,0
31086994,Pulmonary hypertension and right ventricular function in Nigerian children with sickle cell anaemia.,2019,Transactions of the Royal Society of Tropical Medicine and Hygiene,0,0,0,0,0,0,0,0,0,0,0,0,0,0,0,0,0,0,0,0,0,0,0,0,0
31086979,Contextual Factors and Spatial Patterns of Childhood Malnutrition in Provinces of Burkina Faso.,2020,Journal of tropical pediatrics,0,0,0,0,0,0,0,0,0,0,0,0,0,0,0,0,0,0,0,0,0,0,0,0,0
31038334,Descriptive epidemiology of anaemia among pregnant women initiating antenatal care in rural Northern Ghana.,2019,African journal of primary health care & family medicine,0,0,0,0,0,0,0,0,0,0,0,0,0,0,0,0,0,0,0,0,0,0,0,0,0
30968123,"Percent Fat Mass Increases with Recovery, But Does Not Vary According to Dietary Therapy in Young Malian Children Treated for Moderate Acute Malnutrition.",2019,The Journal of nutrition,0,0,0,0,0,0,0,0,0,0,0,0,0,0,0,0,0,0,0,0,0,0,0,0,0
30942488,Coordinating Nigeria's micronutrient deficiency control programs is necessary to prevent deficiencies and toxicity risks.,2019,Annals of the New York Academy of Sciences,0,0,0,0,0,0,0,0,0,0,0,0,0,0,0,0,0,0,0,0,0,0,0,0,0
30917718,Assessing the relative importance of social determinants of health in malaria and anemia classiﬁcation based on machine learning techniques.,2020,Informatics for health & social care,0,0,0,0,0,0,0,0,0,0,0,0,0,0,0,0,0,0,0,0,0,0,0,0,0
30894794,Antierythropoietin Antibody Production Is Not Associated with Malaria and Malaria-Related Anaemia in Humans.,2019,TheScientificWorldJournal,0,0,0,0,0,0,0,0,0,0,0,0,0,0,0,0,0,0,0,0,0,0,0,0,0
30786883,"Prevalence and risk factors of anemia in children aged from 6 to 59 months in Togo: analysis from Togo demographic and health survey data, 2013-2014.",2019,BMC public health,0,0,0,0,0,0,0,0,0,0,0,0,0,0,0,0,0,0,0,0,0,0,0,0,0
30766565,Single tube allele specific PCR: a low cost technique for molecular screening of sickle cell anaemia in Nigeria.,2018,African health sciences,0,0,0,0,0,0,0,0,0,0,0,0,0,0,0,0,0,0,0,0,0,0,0,0,0
30730946,Trends in socioeconomic inequalities in child undernutrition: Evidence from Nigeria Demographic and Health Survey (2003 - 2013).,2019,PloS one,0,0,0,0,0,0,0,0,0,0,0,0,0,0,0,0,0,0,0,0,0,0,0,0,0
30683086,Inpatient and outpatient treatment for acute malnutrition in infants under 6 months; a qualitative study from Senegal.,2019,BMC health services research,0,0,0,0,0,0,0,0,0,0,0,0,0,0,0,0,0,0,0,0,0,0,0,0,0
30682069,Seasonal malaria chemoprevention packaged with malnutrition prevention in northern Nigeria: A pragmatic trial (SMAMP study) with nested case-control.,2019,PloS one,0,0,0,0,0,0,0,0,0,0,0,0,0,0,0,0,0,0,0,0,0,0,0,0,0
30666015,"Serum zinc level during and after acute painful episodes in children with sickle cell anemia at the aminu kano teaching hospital, Kano, Northern Nigeria.",2019,Nigerian journal of clinical practice,0,0,0,0,0,0,0,0,0,1,0,0,0,0,0,0,0,0,0,0,0,0,0,0,0
30648272,Modeling the spatial variability in the spread and correlation of childhood malnutrition in Nigeria.,2019,Statistics in medicine,0,0,0,0,0,0,0,0,0,0,0,0,0,0,0,0,0,0,0,0,0,0,0,0,0
30629202,"Prenatal Iron Deficiency and Replete Iron Status Are Associated with Adverse Birth Outcomes, but Associations Differ in Ghana and Malawi.",2019,The Journal of nutrition,0,0,0,0,1,0,0,0,0,1,0,0,0,0,0,0,0,0,0,0,0,0,0,0,0
30625159,The influence of maternal agency on severe child undernutrition in conflict-ridden Nigeria: Modeling heterogeneous treatment effects with machine learning.,2019,PloS one,0,0,0,0,0,0,0,0,0,0,0,0,0,0,0,0,0,0,0,0,0,0,0,0,0
30622282,Atypical β-S haplotypes: classification and genetic modulation in patients with sickle cell anemia.,2019,Journal of human genetics,0,0,0,0,0,0,0,0,0,0,0,0,0,0,0,0,0,0,0,0,0,0,0,0,0
30603007,Vitamin A deficiency among under-five Nigerian children with diarrhoea.,2018,African health sciences,0,0,0,0,0,0,0,0,0,0,0,1,0,0,0,0,0,0,0,0,0,0,0,0,0
30596326,"Anemia in Pregnancy: Urban-Rural Comparison of Management and Prevention Among Women of Child-Bearing Age in Anambra State, Nigeria.",2019,International quarterly of community health education,0,0,0,0,0,0,0,0,0,0,0,0,0,0,0,0,0,0,0,0,0,0,0,0,0
30588939,Assessment of iron deficiency anaemia and its risk factors among adults with chronic kidney disease in a tertiary hospital in Nigeria.,2018,The Nigerian postgraduate medical journal,1,0,0,0,1,0,0,0,0,0,0,0,0,0,0,0,0,0,0,0,0,0,0,0,0
30536980,Lung function impairment in pediatric patients with sickle cell anemia from Nigeria is associated with low steady state hemoglobin.,2019,American journal of hematology,0,0,0,0,0,0,0,0,0,0,0,0,0,0,0,0,0,0,0,0,0,0,0,0,0
30526641,"Young maternal age is a risk factor for child undernutrition in Tamale Metropolis, Ghana.",2018,BMC research notes,0,0,0,0,0,0,0,0,0,0,0,0,0,0,0,0,0,0,0,0,0,0,0,0,0
30504193,Incorporating low-cost spirometry testing of pulmonary function into comprehensive care for children with sickle cell anemia in northwestern Nigeria: a multicountry collaboration for achieving a sustainable initiative.,2018,Blood advances,0,0,0,0,0,0,0,0,0,0,0,0,0,0,0,0,0,0,0,0,0,0,0,0,0
30514364,"A multicenter, randomized controlled comparison of three renutrition strategies for the management of moderate acute malnutrition among children aged from 6 to 24 months (the MALINEA project).",2018,Trials,0,0,0,0,0,0,0,0,0,0,0,0,0,0,0,0,0,0,0,0,0,0,0,0,0
30510258,Low plasma haptoglobin is a risk factor for life-threatening childhood severe malarial anemia and not an exclusive consequence of hemolysis.,2018,Scientific reports,0,0,0,0,0,0,0,0,0,0,0,0,0,0,0,0,0,0,0,0,0,0,0,0,0
30477586,Perception of childhood anaemia among mothers in Kumasi: a quantitative approach.,2018,Italian journal of pediatrics,0,0,0,0,0,0,0,0,0,0,0,0,0,0,0,0,0,0,0,0,0,0,0,0,0
30411691,Delayed Hemolytic Anemia after Treatment with Artesunate: Case Report and Literature Review.,2019,Current drug safety,0,0,0,0,0,0,0,0,0,0,0,0,0,0,0,0,0,0,0,0,0,0,0,0,0
30387091,The Prevalence and Pattern of Malnutrition in Pre-Dialytic Chronic Kidney Disease Patients at a Tertiary Care Facility in Nigeria.,2018,West African journal of medicine,0,0,0,0,0,0,0,0,0,0,0,0,0,0,0,0,0,0,0,0,0,0,0,0,0
30382849,Thresholds of socio-economic and environmental conditions necessary to escape from childhood malnutrition: a natural experiment in rural Gambia.,2018,BMC medicine,0,0,0,0,0,0,0,0,0,0,0,0,0,0,0,0,0,0,0,0,0,0,0,0,0
30282620,Effectiveness of the Malnutrition eLearning Course for Global Capacity Building in the Management of Malnutrition: Cross-Country Interrupted Time-Series Study.,2018,Journal of medical Internet research,0,0,0,0,0,0,0,0,0,0,0,0,0,0,0,0,0,0,0,0,0,0,0,0,0
30269648,"Associations of transcranial doppler velocity, age, and gender with cognitive function in children with sickle cell anemia in Nigeria.",2019,Child neuropsychology : a journal on normal and abnormal development in childhood and adolescence,0,0,0,0,0,0,0,0,0,0,0,0,0,0,0,0,0,0,0,0,0,0,0,0,0
30231938,Iron deficiency during pregnancy is associated with a reduced risk of adverse birth outcomes in a malaria-endemic area in a longitudinal cohort study.,2018,BMC medicine,0,0,0,0,1,0,0,0,0,0,0,0,0,0,0,0,0,0,0,0,0,0,0,0,0
30217201,Severely malnourished children with a low weight-for-height have a higher mortality than those with a low mid-upper-arm-circumference: III. Effect of case-load on malnutrition related mortality- policy implications.,2018,Nutrition journal,0,0,0,0,0,0,0,0,0,0,0,0,0,0,0,0,0,0,0,0,0,0,0,0,0
30194814,MUAC as the sole discharge criterion from community-based management of severe acute malnutrition in Burkina Faso.,2019,Maternal & child nutrition,0,0,0,0,0,0,0,0,0,0,0,0,0,0,0,0,0,0,0,0,0,0,0,0,0
30156198,Complement Levels in Nigeria Patients with Sickle Cell Anaemia in the Asymptomatic State.,2018,Nigerian journal of clinical practice,0,0,0,0,0,0,0,0,0,0,0,0,0,0,0,0,0,0,0,0,0,0,0,0,0
30129219,Influence of alpha thalassemia on clinical and laboratory parameters among nigerian children with sickle cell anemia.,2019,Journal of clinical laboratory analysis,0,0,0,0,0,0,0,0,0,0,0,0,0,0,0,0,0,0,0,0,0,0,0,0,0
30096167,Enuresis in children and adolescents with sickle cell anaemia is more frequent and substantially different from the general population.,2018,PloS one,0,0,0,0,0,0,0,0,0,0,0,0,0,0,0,0,0,0,0,0,0,0,0,0,0
30081945,Is chronic malnutrition associated with an increase in malaria incidence? A cohort study in children aged under 5 years in rural Gambia.,2018,Parasites & vectors,0,0,0,0,0,0,0,0,0,0,0,0,0,0,0,0,0,0,0,0,0,0,0,0,0
30047257,Agro-ecological zone and farm diversity are factors associated with haemoglobin and anaemia among rural school-aged children and adolescents in Ghana.,2019,Maternal & child nutrition,0,0,0,0,0,0,0,0,0,0,0,0,0,0,0,0,0,0,0,0,0,0,0,0,0
30041091,Leveraging smallholder livestock production to reduce anemia: A qualitative study of three agroecological zones in Ghana.,2018,Social science & medicine (1982),0,0,0,0,1,0,0,0,0,0,0,0,0,0,0,0,0,0,0,0,0,0,0,0,0
30005609,Does body mass index early in pregnancy influence the risk of maternal anaemia? An observational study in Indonesian and Ghanaian women.,2018,BMC public health,0,0,0,0,0,0,0,0,0,0,0,0,0,0,0,0,0,0,0,0,0,0,0,0,0
29989272,"Possible effect of maternal safe food preparation behavior on child malnutrition in Benin, Africa.",2018,Pediatrics international : official journal of the Japan Pediatric Society,0,0,0,0,0,0,0,0,0,0,0,0,0,0,0,0,0,0,0,0,0,0,0,0,0
29971823,Understanding the process of strengthening multi-sectoral efforts for anemia reduction: Qualitative findings from Sierra Leone and Uganda.,2018,The International journal of health planning and management,0,0,0,0,0,0,0,0,0,0,0,0,0,0,0,0,0,0,0,0,0,0,0,0,0
29970172,Estimating program coverage in the treatment of severe acute malnutrition: a comparative analysis of the validity and operational feasibility of two methods.,2018,Population health metrics,0,0,0,0,0,0,0,0,0,0,0,0,0,0,0,0,0,0,0,0,0,0,0,0,0
29959274,Effectiveness of SMS Technology on Timely Community Health Worker Follow-Up for Childhood Malnutrition: A Retrospective Cohort Study in sub-Saharan Africa.,2018,"Global health, science and practice",0,0,0,0,0,0,0,0,0,0,0,0,0,0,0,0,0,0,0,0,0,0,0,0,0
29942407,"Socio-demographic determinants of malnutrition among primary school aged children in Enugu, Nigeria.",2017,The Pan African medical journal,0,0,0,0,0,0,0,0,0,0,0,0,0,0,0,0,0,0,0,0,0,0,0,0,0
29924797,"Survival and nutritional status of children with severe acute malnutrition, six months post-discharge from outpatient treatment in Jigawa state, Nigeria.",2018,PloS one,0,0,0,0,0,0,0,0,0,0,0,0,0,0,0,0,0,0,0,0,0,0,0,0,0
29921302,Effectiveness of pregnant women's active participation in their antenatal care for the control of malaria and anaemia in pregnancy in Ghana: a cluster randomized controlled trial.,2018,Malaria journal,0,0,0,0,0,0,0,0,0,0,0,0,0,0,0,0,0,0,0,0,0,0,0,0,0
29914295,"HIV and the dual burden of malnutrition in Senegal, 1994-2012.",2018,International journal of STD & AIDS,0,0,0,0,0,0,0,0,0,0,0,0,0,0,0,0,0,0,0,0,0,0,0,0,0
29879141,A survey of genetic fetal-haemoglobin modifiers in Nigerian patients with sickle cell anaemia.,2018,PloS one,0,0,0,0,0,0,0,0,0,0,0,0,0,0,0,0,0,0,0,0,0,0,0,0,0
29870301,"Impact of zinc on sexual maturation of female sickle cell anemia (SCA) children in Enugu, Southeast Nigeria.",2018,Pediatric hematology and oncology,0,0,0,0,0,0,0,0,0,0,0,0,0,0,0,0,0,0,0,0,0,0,0,0,0
29767699,"Impact of Double-Fortified Salt with Iron and Iodine on Hemoglobin, Anemia, and Iron Deficiency Anemia: A Systematic Review and Meta-Analysis.",2018,"Advances in nutrition (Bethesda, Md.)",0,0,0,0,1,0,0,0,1,0,0,0,0,0,0,0,0,0,0,0,0,0,0,0,0
29764873,"Individual, maternal and household risk factors for anaemia among young children in sub-Saharan Africa: a cross-sectional study.",2018,BMJ open,0,0,0,0,0,0,0,0,0,0,0,0,0,0,0,0,0,0,0,0,0,0,0,0,0
29736993,"Children with cerebral palsy in Ghana: malnutrition, feeding challenges, and caregiver quality of life.",2018,Developmental medicine and child neurology,0,0,0,0,0,0,0,0,0,0,0,0,0,0,0,0,0,0,0,0,0,0,0,0,0
29720136,Prevalence and predictors of under-nutrition among school children in a rural South-eastern Nigerian community: a cross sectional study.,2018,BMC public health,0,0,0,0,0,0,0,0,0,1,0,1,0,0,0,0,0,0,0,0,0,0,0,0,0
29683544,High folate levels are not associated with increased malaria risk but with reduced anaemia rates in the context of high-dosed folate supplements and intermittent preventive treatment against malaria in pregnancy with sulphadoxine-pyrimethamine in Benin.,2018,Tropical medicine & international health : TM & IH,0,0,0,0,1,0,0,0,0,0,0,0,0,0,0,0,0,0,0,0,0,0,0,0,0
29676339,Prevalence of Vitamin A deficiency among under-five children in South-Western Nigeria.,2018,The Nigerian postgraduate medical journal,0,0,0,0,0,0,0,0,0,0,0,1,0,0,0,0,0,0,0,0,0,0,0,0,0
29642714,Study of the Determinants of Chronic Malnutrition in Northern Nigeria: Quantitative Evidence from the Nigeria Demographic and Health Surveys International Food Policy Research Institute (IFPRI) Working Paper 45 (September 2017).,2018,Food and nutrition bulletin,0,0,0,0,0,0,0,0,0,0,0,0,0,0,0,0,0,0,0,0,0,0,0,0,0
29608248,"Livestock ownership is associated with higher odds of anaemia among preschool-aged children, but not women of reproductive age in Ghana.",2018,Maternal & child nutrition,0,0,0,0,0,0,0,0,0,0,0,0,0,0,0,0,0,0,0,0,0,0,0,0,0
29599385,Prevalence and sociodemographic determinants of adult obesity: a large representative household survey in a resource-constrained African setting with double burden of undernutrition and overnutrition.,2018,Journal of epidemiology and community health,0,0,0,0,0,0,0,0,0,0,0,0,0,0,0,0,0,0,0,0,0,0,0,0,0
29580238,The effectiveness of treatment for Severe Acute Malnutrition (SAM) delivered by community health workers compared to a traditional facility based model.,2018,BMC health services research,0,0,0,0,0,0,0,0,0,0,0,0,0,0,0,0,0,0,0,0,0,0,0,0,0
29555644,"Biological impact of α genes, β haplotypes, and G6PD activity in sickle cell anemia at baseline and with hydroxyurea.",2018,Blood advances,0,0,0,0,0,0,0,0,0,0,0,0,0,0,0,0,0,0,0,0,0,0,0,0,0
29536665,Innovative optimization of ready to use food for treatment of acute malnutrition.,2018,Maternal & child nutrition,1,0,0,0,0,0,0,0,0,0,0,0,0,0,0,0,0,0,0,0,0,0,0,0,0
29529160,"Impact of food supplements on hemoglobin, iron status, and inflammation in children with moderate acute malnutrition: a 2 × 2 × 3 factorial randomized trial in Burkina Faso.",2018,The American journal of clinical nutrition,1,0,0,0,1,0,0,0,0,0,0,0,0,0,0,0,0,0,0,0,0,0,0,0,0
29522089,Malaria and Nutritional Status Among Children With Severe Acute Malnutrition in Niger: A Prospective Cohort Study.,2018,Clinical infectious diseases : an official publication of the Infectious Diseases Society of America,1,0,0,0,0,0,0,0,0,0,0,0,0,0,0,0,0,0,0,0,0,0,0,0,0
29497505,An emergency cash transfer program promotes weight gain and reduces acute malnutrition risk among children 6-24 months old during a food crisis in Niger.,2018,Journal of global health,0,0,0,0,0,0,0,0,0,0,0,0,0,0,0,0,0,0,0,0,0,0,0,0,0
29465053,"Erythropoietic Response to Anaemia of Dialysis Naïve Patients with Chronic Kidney Disease in Zaria, North-West Nigeria.",2018,Nigerian journal of clinical practice,0,0,0,0,1,0,0,0,0,0,0,0,0,0,0,0,0,0,0,0,0,0,0,0,0
29458382,Cost-effectiveness of the treatment of uncomplicated severe acute malnutrition by community health workers compared to treatment provided at an outpatient facility in rural Mali.,2018,Human resources for health,0,0,0,0,0,0,0,0,0,0,0,0,0,0,0,0,0,0,0,0,0,0,0,0,0
29406463,"Malnutrition, Growth Response and Metabolic Changes Within the First 24 Months After ART Initiation in HIV-infected Children Treated Before the Age of 2 Years in West Africa.",2018,The Pediatric infectious disease journal,0,0,0,0,0,0,0,0,0,0,0,0,0,0,0,0,0,0,0,0,0,0,0,0,0
29382224,"Determinants of Stunting, Wasting, and Anemia in Guinean Preschool-Age Children: An Analysis of DHS Data From 1999, 2005, and 2012.",2018,Food and nutrition bulletin,0,0,0,0,0,0,0,0,0,0,0,0,0,0,0,0,0,0,0,0,0,0,0,0,0
29355156,Relationship between foetal haemoglobin and haematological indices in children with sickle cell anaemia from South Western Nigeria.,2017,The Nigerian postgraduate medical journal,0,0,0,0,0,0,0,0,0,0,0,0,0,0,0,0,0,0,0,0,0,0,0,0,0
29352829,The WHO recommendation of home fortification of foods with multiple-micronutrient powders in children under 2 years of age and its effectiveness on anaemia and weight: a pragmatic cluster-randomized controlled trial.,2018,Public health nutrition,0,0,0,0,0,0,0,0,0,0,0,0,0,0,0,0,0,0,0,0,0,0,0,0,0
29343300,Association between sickle cell and β-thalassemia genes and hemoglobin concentration and anemia in children and non-pregnant women in Sierra Leone: ancillary analysis of data from Sierra Leone's 2013 National Micronutrient Survey.,2018,BMC research notes,0,0,0,0,0,0,0,0,0,0,0,0,0,0,0,0,0,0,0,0,0,0,0,0,0
29303133,"Relationship between zinc levels and anthropometric indices among school-aged female children with sickle cell anemia in enugu, Nigeria.",2017,Nigerian journal of clinical practice,0,0,0,0,0,0,0,0,0,1,0,0,0,0,0,0,0,0,0,0,0,0,0,0,0
29303127,Assessment of biochemical liver function tests in relation to age among steady state sickle cell anemia patients.,2017,Nigerian journal of clinical practice,0,0,0,0,0,0,0,0,0,0,0,0,0,0,0,0,0,0,0,0,0,0,0,0,0
29258448,Factors contributing to anaemia after uncomplicated falciparum malaria in under five year-old Nigerian children ten years following adoption of artemisinin-based combination therapies as first-line antimalarials.,2017,BMC infectious diseases,0,0,0,0,0,0,0,0,0,0,0,0,0,0,0,0,0,0,0,0,0,0,0,0,0
29221497,Low serum ferritin and G6PD deficiency as potential predictors of anaemia in pregnant women visiting Prime Care Hospital Enugu Nigeria.,2017,BMC research notes,0,0,0,0,1,0,0,0,0,0,0,0,0,0,0,0,0,0,0,0,0,0,0,0,0
29216027,"Acute Malnutrition Among Children, Mortality, and Humanitarian Interventions in Conflict-Affected Regions - Nigeria, October 2016-March 2017.",2017,MMWR. Morbidity and mortality weekly report,0,0,0,0,0,0,0,0,0,0,0,0,0,0,0,0,0,0,0,0,0,0,0,0,0
29129112,Folate Deficiency and Anemia Among Women of Reproductive Age (15-49 Years) in Senegal: Results of a National Cross-Sectional Survey.,2018,Food and nutrition bulletin,1,0,0,0,1,0,0,0,0,0,0,0,0,0,0,0,0,0,0,1,0,0,0,0,0
29113439,Nurses' knowledge and attitudes regarding malnutrition in children and its management in Ghana.,2017,Curationis,0,0,0,0,0,0,0,0,0,0,0,0,0,0,0,0,0,0,0,0,0,0,0,0,0
29045661,Factors associated with malnutrition among children <5 years old in Burkina Faso: evidence from the Demographic and Health Surveys IV 2010.,2017,International journal for quality in health care : journal of the International Society for Quality in Health Care,0,0,0,0,0,0,0,0,0,0,0,0,0,0,0,0,0,0,0,0,0,0,0,0,0
28931524,"Degree of anemia, indirect markers of hemolysis, and vascular complications of sickle cell disease in Africa.",2017,Blood,0,0,0,0,0,0,0,0,0,0,0,0,0,0,0,0,0,0,0,0,0,0,0,0,0
28910308,Pulmonary hypertension among 5 to 18 year old children with sickle cell anaemia in Nigeria.,2017,PloS one,0,0,0,0,0,0,0,0,0,0,0,0,0,0,0,0,0,0,0,0,0,0,0,0,0
28892496,Effectiveness of food supplements in increasing fat-free tissue accretion in children with moderate acute malnutrition: A randomised 2 × 2 × 3 factorial trial in Burkina Faso.,2017,PLoS medicine,1,0,0,0,0,0,0,0,0,0,0,0,0,0,0,0,0,0,0,0,0,0,0,0,0
28891545,"Protein C and antithrombin levels in patients with sickle cell anemia in Ahmadu Bello University Teaching Hospital Zaria, Nigeria.",2017,Nigerian journal of clinical practice,0,0,0,0,0,0,0,0,0,0,0,0,0,0,0,0,0,0,0,0,0,0,0,0,0
28810666,Monitoring and discharging children being treated for severe acute malnutrition using mid-upper arm circumference: secondary data analysis from rural Gambia.,2017,International health,0,0,0,0,0,0,0,0,0,0,0,0,0,0,0,0,0,0,0,0,0,0,0,0,0
28800737,"Anaemia in pregnancy and associated factors: a cross sectional study of antenatal attendants at the Sunyani Municipal Hospital, Ghana.",2017,BMC research notes,0,0,0,0,1,0,0,0,0,0,0,0,0,0,0,0,0,0,0,0,0,0,0,0,0
28736939,Fetal hemoglobin in sickle cell anemia: The Arab-Indian haplotype and new therapeutic agents.,2017,American journal of hematology,0,0,0,0,0,0,0,0,0,0,0,0,0,0,0,0,0,0,0,0,0,0,0,0,0
28731216,Indigenous food ingredients for complementary food formulations to combat infant malnutrition in Benin: a review.,2018,Journal of the science of food and agriculture,0,0,0,0,0,0,0,0,0,0,0,0,0,0,0,0,0,0,0,0,0,0,0,0,0
28727775,"Adolescent health in rural Ghana: A cross-sectional study on the co-occurrence of infectious diseases, malnutrition and cardio-metabolic risk factors.",2017,PloS one,1,0,0,0,1,0,0,0,0,0,0,1,0,0,0,0,0,0,0,0,0,0,0,0,0
28708072,Iron Fortified Complementary Foods Containing a Mixture of Sodium Iron EDTA with Either Ferrous Fumarate or Ferric Pyrophosphate Reduce Iron Deficiency Anemia in 12- to 36-Month-Old Children in a Malaria Endemic Setting: A Secondary Analysis of a Cluster-Randomized Controlled Trial.,2017,Nutrients,1,0,0,0,1,0,0,0,1,0,0,0,0,0,0,0,0,0,0,0,0,0,0,0,0
28705254,Correlates of whole-blood polyunsaturated fatty acids among young children with moderate acute malnutrition.,2017,Nutrition journal,0,0,0,0,0,0,0,0,0,0,0,0,0,0,0,0,0,0,0,0,0,0,1,0,0
28673023,Anemia and growth retardation associated with Schistosoma haematobium infection in Mali: a possible subtle impact of a neglected tropical disease.,2017,Transactions of the Royal Society of Tropical Medicine and Hygiene,0,0,0,0,0,0,0,0,0,0,0,0,0,0,0,0,0,0,0,0,0,0,0,0,0
28656923,"Assessment of gross malnutrition among primary school children using body mass index as an assessment tool in abakaliki metropolis of Ebonyi State, South-East Nigeria.",2017,Nigerian journal of clinical practice,0,0,0,0,0,0,0,0,0,0,0,0,0,0,0,0,0,0,0,0,0,0,0,0,0
28612658,"The dimensions of food insecurity and malnutrition among people living with HIV in Senegal, West Africa.",2017,AIDS care,0,0,0,0,0,0,0,0,0,0,0,0,0,0,0,0,0,0,0,0,0,0,0,0,0
28612458,Genetic determinants of HbF in Saudi Arabian and African Benin haplotype sickle cell anemia.,2017,American journal of hematology,0,0,0,0,0,0,0,0,0,0,0,0,0,0,0,0,0,0,0,0,0,0,0,0,0
28566529,Unconditional Seasonal Cash Transfer Increases Intake of High-Nutritional-Value Foods in Young Burkinabe Children: Results of 24-Hour Dietary Recall Surveys within the Moderate Acute Malnutrition Out (MAM'Out) Randomized Controlled Trial.,2017,The Journal of nutrition,0,0,0,0,1,0,0,0,0,0,0,0,0,0,0,0,0,0,0,0,0,0,0,0,0
28558709,Beneficiaries' perceptions and reported use of unconditional cash transfers intended to prevent acute malnutrition in children in poor rural communities in Burkina Faso: qualitative results from the MAM'Out randomized controlled trial.,2017,BMC public health,0,0,0,0,0,0,0,0,0,0,0,0,0,0,0,0,0,0,0,0,0,0,0,0,0
28552186,Modelling and forecasting spatio-temporal variation in the risk of chronic malnutrition among under-five children in Ghana.,2017,Spatial and spatio-temporal epidemiology,0,0,0,0,0,0,0,0,0,0,0,0,0,0,0,0,0,0,0,0,0,0,0,0,0
28549163,"Factors Influencing the Academic Performance of Children with Sickle Cell Anaemia in Ekiti, South West Nigeria.",2018,Journal of tropical pediatrics,0,0,0,0,0,0,0,0,0,0,0,0,0,0,0,0,0,0,0,0,0,0,0,0,0
28539413,Unconditional Cash Transfers Do Not Prevent Children's Undernutrition in the Moderate Acute Malnutrition Out (MAM'Out) Cluster-Randomized Controlled Trial in Rural Burkina Faso.,2017,The Journal of nutrition,0,0,0,0,0,0,0,0,0,0,0,0,0,0,0,0,0,0,0,0,0,0,0,0,0
28538421,"Malnutrition is associated with HIV infection in children less than 5 years in Bobo-Dioulasso City, Burkina Faso: A case-control study.",2017,Medicine,0,0,0,0,0,0,0,0,0,0,0,0,0,0,0,0,0,0,0,0,0,0,0,0,0
28507438,Pulmonary hypertension in Nigerian adults with sickle cell anemia.,2017,Vascular health and risk management,0,0,0,0,0,0,0,0,0,0,0,0,0,0,0,0,0,0,0,0,0,0,0,0,0
28494007,Child malnutrition in sub-Saharan Africa: A meta-analysis of demographic and health surveys (2006-2016).,2017,PloS one,0,0,0,0,0,0,0,0,0,0,0,0,0,0,0,0,0,0,0,0,0,0,0,0,0
28467452,"Prevalence of anemia and associated factors in children living in urban and rural settings from Bata District, Equatorial Guinea, 2013.",2017,PloS one,0,0,0,0,1,0,0,0,0,0,0,0,0,0,0,0,0,0,0,0,0,0,0,0,0
28450766,Coinheritance of B-Thalassemia and Sickle Cell Anaemia in Southwestern Nigeria.,2016,Ethiopian journal of health sciences,0,0,0,0,0,0,0,0,0,0,0,0,0,0,0,0,0,0,0,0,0,0,0,0,0
28448988,Anaemia following Artemisinin-Based Combination Treatments of Uncomplicated Plasmodium falciparum Malaria in Children: Temporal Patterns of Haematocrit and the Use of Uncomplicated Hyperparasitaemia as a Model for Evaluating Late-Appearing Anaemia.,2017,Chemotherapy,0,0,0,0,0,0,0,0,0,0,0,0,0,0,0,0,0,0,0,0,0,0,0,0,0
28439953,Feasibility trial for primary stroke prevention in children with sickle cell anemia in Nigeria (SPIN trial).,2017,American journal of hematology,0,0,0,0,0,0,0,0,0,0,0,0,0,0,0,0,0,0,0,0,0,0,0,0,0
28424258,Serum Hepcidin Concentrations Decline during Pregnancy and May Identify Iron Deficiency: Analysis of a Longitudinal Pregnancy Cohort in The Gambia.,2017,The Journal of nutrition,1,0,0,0,1,0,0,0,0,0,0,0,0,0,0,0,0,0,0,0,0,0,0,0,0
28406128,"Variations in the β-globin genes of sickle cell anaemia patients in Zaria, Northwestern, Nigeria.",2017,Nigerian journal of clinical practice,0,0,0,0,0,0,0,0,0,0,0,0,0,0,0,0,0,0,0,0,0,0,0,0,0
28388354,"Haemoglobin oxygen saturation, leucocyte count and lactate dehydrogenase are predictors of elevated cerebral blood flow velocity in Nigerian children with sickle cell anaemia.",2018,Paediatrics and international child health,0,0,0,0,0,0,0,0,0,0,0,0,0,0,0,0,0,0,0,0,0,0,0,0,0
28378463,Quality of care for treatment of uncomplicated severe acute malnutrition delivered by community health workers in a rural area of Mali.,2018,Maternal & child nutrition,0,0,0,0,0,0,0,0,0,0,0,0,0,0,0,0,0,0,0,0,0,0,0,0,0
28274214,"The impact of integrated prevention and treatment on child malnutrition and health: the PROMIS project, a randomized control trial in Burkina Faso and Mali.",2017,BMC public health,0,0,0,0,0,0,0,0,0,0,0,0,0,0,0,0,0,0,0,0,0,0,0,0,0
28185414,Severe acute malnutrition in children aged under 5 years can be successfully managed in a non-emergency routine community healthcare setting in Ghana.,2017,Maternal & child nutrition,0,0,0,0,0,0,0,0,0,0,0,0,0,0,0,0,0,0,0,0,0,0,0,0,0
28173853,Therapeutic efficacy and effects of artemisinin-based combination treatments on uncomplicated Plasmodium falciparum malaria -associated anaemia in Nigerian children during seven years of adoption as first-line treatments.,2017,Infectious diseases of poverty,0,0,0,0,0,0,0,0,0,0,0,0,0,0,0,0,0,0,0,0,0,0,0,0,0
28120735,"Prevalence of anaemia, deficiencies of iron and vitamin A and their determinants in rural women and young children: a cross-sectional study in Kalalé district of northern Benin.",2017,Public health nutrition,1,0,0,0,1,0,0,0,0,0,0,1,0,0,0,0,0,0,0,0,0,0,0,0,0
28100278,Prevalence and risk factors of undernutrition among schoolchildren in the Plateau Central and Centre-Ouest regions of Burkina Faso.,2017,Infectious diseases of poverty,0,0,0,0,0,0,0,0,0,0,0,0,0,0,0,0,0,0,0,0,0,0,0,0,0
28091440,Nocturnal enuresis in school-aged children with sickle-cell anemia: Any relationship with hyposthenuria?,2017,Nigerian journal of clinical practice,0,0,0,0,0,0,0,0,0,0,0,0,0,0,0,0,0,0,0,0,0,0,0,0,0
28073728,Biermer anemia: Hematologic characteristics of 66 patients in a Clinical Hematology Unit at Senegal.,2016,Medecine et sante tropicales,0,0,0,0,0,0,0,0,0,0,0,0,0,0,0,0,0,0,0,0,0,0,0,0,0
28065195,Programming maternal and child overweight and obesity in the context of undernutrition: current evidence and key considerations for low- and middle-income countries.,2017,Public health nutrition,0,0,0,0,0,0,0,0,0,0,0,0,0,0,0,0,0,0,0,0,0,0,0,0,0
28057071,Parasitic infections and maternal anaemia among expectant mothers in the Dangme East District of Ghana.,2017,BMC research notes,0,0,0,0,0,0,0,0,0,0,0,0,0,0,0,0,0,0,0,0,0,0,0,0,0
28003287,"Maternal Malaria and Malnutrition (M3) initiative, a pooled birth cohort of 13 pregnancy studies in Africa and the Western Pacific.",2016,BMJ open,0,0,0,0,0,0,0,0,0,0,0,0,0,0,0,0,0,0,0,0,0,0,0,0,0
27976918,"Unraveling the Sikasso Paradox: Agricultural Change and Malnutrition in Sikasso, Mali.",2017,Ecology of food and nutrition,0,0,0,0,0,0,0,0,0,0,0,0,0,0,0,0,0,0,0,0,0,0,0,0,0
27940685,"Prenatal Iron Deficiency, Neonatal Ferritin, and Infant Cognitive Function.",2016,Pediatrics,0,0,0,0,1,0,0,0,0,0,0,0,0,0,0,0,0,0,0,1,0,0,0,0,0
27930540,Invasive bacterial infections in Gambians with sickle cell anemia in an era of widespread pneumococcal and hemophilus influenzae type b vaccination.,2016,Medicine,0,0,0,0,0,0,0,0,0,0,0,0,0,0,0,0,0,0,0,0,0,0,0,0,0
27921381,Cost analysis of the treatment of severe acute malnutrition in West Africa.,2017,Maternal & child nutrition,0,0,0,0,0,0,0,0,0,0,0,0,0,0,0,0,0,0,0,0,0,0,0,0,0
27917226,"Iron deficiency anaemia among apparently healthy pre-school children in Lagos, Nigeria.",2016,African health sciences,0,0,0,0,1,0,0,0,0,0,0,0,0,0,0,0,0,0,0,0,0,0,0,0,0
27917209,Left ventricular systolic function in sickle cell anaemia: an echocardiographic evaluation in adult Nigerian patients.,2016,African health sciences,0,0,0,0,0,0,0,0,0,0,0,0,0,0,0,0,0,0,0,0,0,0,0,0,0
27881597,Assessment of Regression Models for Adjustment of Iron Status Biomarkers for Inflammation in Children with Moderate Acute Malnutrition in Burkina Faso.,2017,The Journal of nutrition,1,0,0,0,1,0,0,0,0,0,0,0,0,0,0,0,0,0,0,0,0,0,0,0,0
27856449,Invited Commentary: Improving Estimates of Severe Acute Malnutrition Requires More Data.,2016,American journal of epidemiology,0,0,0,0,0,0,0,0,0,0,0,0,0,0,0,0,0,0,0,0,0,0,0,0,0
27856446,Improving Estimates of Numbers of Children With Severe Acute Malnutrition Using Cohort and Survey Data.,2016,American journal of epidemiology,0,0,0,0,0,0,0,0,0,0,0,0,0,0,0,0,0,0,0,0,0,0,0,0,0
27811439,"Rates and determinants of peripartum and puerperal anemia in Enugu, Nigeria.",2016,Nigerian journal of clinical practice,0,0,0,0,0,0,0,0,0,0,0,0,0,0,0,0,0,0,0,0,0,0,0,0,0
27806723,"Factors associated with compliance to recommended micronutrients uptake for prevention of anemia during pregnancy in urban, peri-urban, and rural communities in Southeast Nigeria.",2016,"Journal of health, population, and nutrition",0,0,0,0,1,0,0,0,0,0,0,0,0,0,0,0,0,0,0,0,0,0,0,0,0
27296062,Understanding factors that influence the integration of acute malnutrition interventions into the national health system in Niger.,2016,Health policy and planning,0,0,0,0,0,0,0,0,0,0,0,0,0,0,0,0,0,0,0,0,0,0,0,0,0
27794258,"Misfortunes never come singly: Structural change, multiple shocks and child malnutrition in rural Senegal.",2016,Economics and human biology,0,0,0,0,0,0,0,0,0,0,0,0,0,0,0,0,0,0,0,0,0,0,0,0,0
27776521,Efficacy of artemether-lumefantrine in relation to drug exposure in children with and without severe acute malnutrition: an open comparative intervention study in Mali and Niger.,2016,BMC medicine,0,0,0,0,0,0,0,0,0,0,0,0,0,0,0,0,0,0,0,0,0,0,0,0,0
27501013,A candidate transacting modulator of fetal hemoglobin gene expression in the Arab-Indian haplotype of sickle cell anemia.,2016,American journal of hematology,0,0,0,0,0,0,0,0,0,0,0,0,0,0,0,0,0,0,0,0,0,0,0,0,0
27694090,Malnutrition: prevalence and risk factors among the children younger than five years in a semi-urban area of Abidjan.,2016,Medecine et sante tropicales,0,0,0,0,0,0,0,0,0,0,0,0,0,0,0,0,0,0,0,0,0,0,0,0,0
27645533,"Iron deficiency among apparently healthy children aged 6 to 24 months in Ibadan, Nigeria.",2016,Pediatric hematology and oncology,0,0,0,0,1,0,0,0,0,0,0,0,0,0,0,0,0,0,0,0,0,0,0,0,0
27642435,Anaemia in pregnant adolescent girls with malaria and practicing pica.,2016,The Pan African medical journal,0,0,0,0,0,0,0,0,0,0,0,0,0,0,0,0,0,0,0,0,0,0,0,0,0
27606677,Challenges of Estimating the Annual Caseload of Severe Acute Malnutrition: The Case of Niger.,2016,PloS one,0,0,0,0,0,0,0,0,0,0,0,0,0,0,0,0,0,0,0,0,0,0,0,0,0
27605954,"Prevalence and factors associated with anthropometric failure, vitamin A and iron deficiency among adolescents in a Nigerian urban community.",2016,African health sciences,0,0,0,0,1,0,0,0,0,0,0,1,0,0,0,0,0,0,0,0,0,0,0,0,0
27581730,"Anaemia is typical of pregnancies: capturing community perception and management of anaemia in pregnancy in Anambra State, Nigeria.",2016,"Journal of health, population, and nutrition",0,0,0,0,0,0,0,0,0,0,0,0,0,0,0,0,0,0,0,0,0,0,0,0,0
27525605,"Knowledge, attitude and practice of the mothers with anemia of children under five years old in the peadiatric department at Sylvanus Olympio teaching hospital in Lomé.",2016,La Tunisie medicale,0,0,0,0,1,0,0,0,0,0,0,0,0,0,0,0,0,0,0,0,0,0,0,0,0
27520556,Malnutrition in Pre-school Children across Different Geographic Areas and Socio-Demographic Groups in Ghana.,2017,Maternal and child health journal,0,0,0,0,0,0,0,0,0,0,0,0,0,0,0,0,0,0,0,0,0,0,0,0,0
27449936,"Clinical Anaemia Detection in Children of Varied Skin Complexion: A Community-based Study in Southeast, Nigeria.",2017,Journal of tropical pediatrics,0,0,0,0,0,0,0,0,0,0,0,0,0,0,0,0,0,0,0,0,0,0,0,0,0
27393914,Cognitive functioning in children from Nigeria with sickle cell anemia.,2016,Pediatric blood & cancer,0,0,0,0,0,0,0,0,0,0,0,0,0,0,0,0,0,0,0,0,0,0,0,0,0
27384596,Therapeutic efficacy and effects of artesunate-amodiaquine and artemether-lumefantrine on malaria-associated anaemia in Nigerian children aged two years and under.,2016,Infectious diseases of poverty,0,0,0,0,0,0,0,0,0,0,0,0,0,0,0,0,0,0,0,0,0,0,0,0,0
27358637,Malnutrition in pre-dialysis chronic kidney disease patients in a teaching hospital in Southern Nigeria.,2016,African health sciences,0,0,0,0,0,0,0,0,0,0,0,0,0,0,0,0,0,0,0,0,0,0,0,0,0
27358614,"Iron deficiency anaemia among apparently healthy pre-school children in Lagos, Nigeria.",2016,African health sciences,0,0,0,0,1,0,0,0,0,0,0,0,0,0,0,0,0,0,0,0,0,0,0,0,0
27358546,Point-of-Care Testing for Anaemia in Children Using Portable Haematocrit Meter: A Pilot Study from Southwest Nigeria and Implications for Developing Countries.,2016,Ethiopian journal of health sciences,0,0,0,0,0,0,0,0,0,0,0,0,0,0,0,0,0,0,0,0,0,0,0,0,0
27295805,Phyto suppression of Plasmodium berghei Multiplication by Nauclea latifolia improves the Indices of Pancreatic Beta Cell Function and Anaemia in Experimental Mice.,2015,Nigerian quarterly journal of hospital medicine,0,0,0,0,0,0,0,0,0,0,0,0,0,0,0,0,0,0,0,0,0,0,0,0,0
27280237,Predictors of hypoxaemia during steady-state among children with Sickle Cell Anaemia in North-Western Nigeria.,2015,African journal of medicine and medical sciences,0,0,0,0,0,0,0,0,0,0,0,0,0,0,0,0,0,0,0,0,0,0,0,0,0
27251962,Prevalence and associations of symptomatic renal papillary necrosis in sickle cell anemia patients in South-Eastern Nigeria.,2016,Nigerian journal of clinical practice,0,0,0,0,0,0,0,0,0,0,0,0,0,0,0,0,0,0,0,0,0,0,0,0,0
27251128,Severe anaemia associated with Plasmodium falciparum infection in children: consequences for additional blood sampling for research.,2016,Malaria journal,0,0,0,0,0,0,0,0,0,0,0,0,0,0,0,0,0,0,0,0,0,0,0,0,0
27246468,Clinical illness and outcomes in Nigerian children with late-appearing anaemia after artemisinin-based combination treatments of uncomplicated falciparum malaria.,2016,BMC infectious diseases,0,0,0,0,0,0,0,0,0,0,0,0,0,0,0,0,0,0,0,0,0,0,0,0,0
27246277,Joint modeling of Anaemia and Malaria in children under five in Nigeria.,2016,Spatial and spatio-temporal epidemiology,0,0,0,0,0,0,0,0,0,0,0,0,0,0,0,0,0,0,0,0,0,0,0,0,0
27183876,Increased Gut Redox and Depletion of Anaerobic and Methanogenic Prokaryotes in Severe Acute Malnutrition.,2016,Scientific reports,0,0,0,0,0,0,0,0,0,0,0,0,0,0,0,0,0,0,0,0,0,0,0,0,0
27163254,"Anemia, Micronutrient Deficiencies, and Malaria in Children and Women in Sierra Leone Prior to the Ebola Outbreak - Findings of a Cross-Sectional Study.",2016,PloS one,0,0,0,0,1,0,0,0,0,0,0,1,0,0,1,0,0,0,0,1,0,0,0,0,0
27146866,"Wasting and stunting are still prevalent in children with sickle cell anaemia in Lagos, Nigeria.",2016,Italian journal of pediatrics,0,0,0,0,0,0,0,0,0,0,0,0,0,0,0,0,0,0,0,0,0,0,0,0,0
27118136,"Malaria, helminths and malnutrition: a cross-sectional survey of school children in the South-Tongu district of Ghana.",2016,BMC research notes,0,0,0,0,0,0,0,0,0,0,0,0,0,0,0,0,0,0,0,0,0,0,0,0,0
27110932,"A retrospective study of the prevalence of anaemia in pregnancy at booking in Niger Delta, Nigeria.",2016,Journal of obstetrics and gynaecology : the journal of the Institute of Obstetrics and Gynaecology,0,0,0,0,0,0,0,0,0,0,0,0,0,0,0,0,0,0,0,0,0,0,0,0,0
26965752,Integrating acute malnutrition interventions into national health systems: lessons from Niger.,2016,BMC public health,0,0,0,0,0,0,0,0,0,0,0,0,0,0,0,0,0,0,0,0,0,0,0,0,0
26961071,Inheritance of the Bantu/Benin haplotype causes less severe hemolytic and oxidative stress in sickle cell anemia patients treated with hydroxycarbamide.,2016,Journal of human genetics,0,0,0,0,0,0,0,0,0,0,0,0,0,0,0,0,0,0,0,0,0,0,0,0,0
26935849,Maternal profiles and social determinants of malnutrition and the MDGs: What have we learnt?,2016,BMC public health,0,0,0,0,0,0,0,0,0,0,0,0,0,0,0,0,0,0,0,0,0,0,0,0,0
26859559,Effect of Short-Term Supplementation with Ready-to-Use Therapeutic Food or Micronutrients for Children after Illness for Prevention of Malnutrition: A Randomised Controlled Trial in Nigeria.,2016,PLoS medicine,0,0,0,0,0,0,0,0,0,0,0,0,0,0,0,0,0,0,0,0,0,0,0,0,0
26859481,Effect of Short-Term Supplementation with Ready-to-Use Therapeutic Food or Micronutrients for Children after Illness for Prevention of Malnutrition: A Randomised Controlled Trial in Uganda.,2016,PLoS medicine,0,0,0,0,0,0,0,0,0,0,0,0,0,0,0,0,0,0,0,0,0,0,0,0,0
26853290,Plasmodium falciparum Merozoite Surface Protein-1 Polymorphisms among Asymptomatic Sickle Cell Anemia Patients in Nigeria.,2016,Acta medica Iranica,0,0,0,0,0,0,0,0,0,0,0,0,0,0,0,0,0,0,0,0,0,0,0,0,0
26840134,Routine Amoxicillin for Uncomplicated Severe Acute Malnutrition in Children.,2016,The New England journal of medicine,0,0,0,0,0,0,0,0,0,0,0,0,0,0,0,0,0,0,0,0,0,0,0,0,0
26775560,Effect of ready-to-use foods for preventing child undernutrition in Niger: analysis of a prospective intervention study over 15 months of follow-up.,2017,Maternal & child nutrition,0,0,0,0,0,0,0,0,0,0,0,0,0,0,0,0,0,0,0,0,0,0,0,0,0
26752599,Evaluation of the acceptability of improved supplementary foods for the treatment of moderate acute malnutrition in Burkina Faso using a mixed method approach.,2016,Appetite,0,0,0,0,0,0,0,0,0,0,0,0,0,0,0,0,0,0,0,0,0,0,0,0,0
26750043,Severe malnutrition in children in Papua New Guinea: effect of a multi-faceted intervention to improve quality of care and nutritional outcomes.,2017,Paediatrics and international child health,0,0,0,0,0,0,0,0,0,0,0,0,0,0,0,0,0,0,0,0,0,0,0,0,0
26723002,Examining the changing profile of undernutrition in the context of food price rises and greater inequality.,2016,Social science & medicine (1982),0,0,0,0,0,0,0,0,0,0,0,0,0,0,0,0,0,0,0,0,0,0,0,0,0
26700866,"The REFANI-N study protocol: a cluster-randomised controlled trial of the effectiveness and cost-effectiveness of early initiation and longer duration of emergency/seasonal unconditional cash transfers for the prevention of acute malnutrition among children, 6-59 months, in Tahoua, Niger.",2015,BMC public health,0,0,0,0,0,0,0,0,0,0,0,0,0,0,0,0,0,0,0,0,0,0,0,0,0
26637271,Severe Childhood Anaemia and Blood Transfusion in a Nigerian Secondary Level Facility.,2016,Journal of tropical pediatrics,0,0,0,0,0,0,0,0,0,0,0,0,0,0,0,0,0,0,0,0,0,0,0,0,0
26609168,Rural Beninese Children Are at Risk of Zinc Deficiency According to Stunting Prevalence and Plasma Zinc Concentration but Not Dietary Zinc Intakes.,2016,The Journal of nutrition,1,0,0,0,0,0,0,0,0,1,0,0,0,0,0,0,0,0,0,0,0,0,0,0,0
26529509,"High Prevalence of Severe Food Insecurity and Malnutrition among HIV-Infected Adults in Senegal, West Africa.",2015,PloS one,0,0,0,0,0,0,0,0,0,0,0,0,0,0,0,0,0,0,0,0,0,0,0,0,0
26480941,Accuracy of an HRP-2/panLDH rapid diagnostic test to detect peripheral and placental Plasmodium falciparum infection in Papua New Guinean women with anaemia or suspected malaria.,2015,Malaria journal,0,0,0,0,0,0,0,0,0,0,0,0,0,0,0,0,0,0,0,0,0,0,0,0,0
26453792,The effects of maternal iron deficiency on infant fibroblast growth factor-23 and mineral metabolism.,2016,Bone,0,0,0,0,1,0,1,0,0,0,0,0,0,0,0,0,0,0,0,0,0,0,0,0,0
26423737,Severe and Moderate Acute Malnutrition Can Be Successfully Managed with an Integrated Protocol in Sierra Leone.,2015,The Journal of nutrition,0,0,0,0,0,0,0,0,0,0,0,0,0,0,0,0,0,0,0,0,0,0,0,0,0
26416787,Nocturnal enuresis: prevalence and risk factors among school-aged children with sickle-cell anaemia in a South-east Nigerian city.,2015,Italian journal of pediatrics,0,0,0,0,0,0,0,0,0,0,0,0,0,0,0,0,0,0,0,0,0,0,0,0,0
26377199,The effect of iron-fortified complementary food and intermittent preventive treatment of malaria on anaemia in 12- to 36-month-old children: a cluster-randomised controlled trial.,2015,Malaria journal,0,0,0,0,1,0,0,0,0,0,0,0,0,0,0,0,0,0,0,0,0,0,0,0,0
26376281,Comparison of Clinical Characteristics and Treatment Outcomes of Children Selected for Treatment of Severe Acute Malnutrition Using Mid Upper Arm Circumference and/or Weight-for-Height Z-Score.,2015,PloS one,0,0,0,0,0,0,0,0,0,0,0,0,0,0,0,0,0,0,0,0,0,0,0,0,0
26332093,Childhood Malnutrition and Its Determinants among Under-Five Children in Ghana.,2015,Paediatric and perinatal epidemiology,0,0,0,0,0,0,0,0,0,0,0,0,0,0,0,0,0,0,0,0,0,0,0,0,0
26253152,The MAM'Out project: a randomized controlled trial to assess multiannual and seasonal cash transfers for the prevention of acute malnutrition in children under 36 months in Burkina Faso.,2015,BMC public health,0,0,0,0,0,0,0,0,0,0,0,0,0,0,0,0,0,0,0,0,0,0,0,0,0
26230258,"Modelling the Contributions of Malaria, HIV, Malnutrition and Rainfall to the Decline in Paediatric Invasive Non-typhoidal Salmonella Disease in Malawi.",2015,PLoS neglected tropical diseases,0,0,0,0,0,0,0,0,0,0,0,0,0,0,0,0,0,0,0,0,0,0,0,0,0
26219442,"Pulmonary function indices in children with sickle cell anemia in Enugu, south-east Nigeria.",2015,Saudi medical journal,0,0,0,0,0,0,0,0,0,0,0,0,0,0,0,0,0,0,0,0,0,0,0,0,0
26178521,Double burden of malnutrition: increasing overweight and obesity and stall underweight trends among Ghanaian women.,2015,BMC public health,0,0,0,0,0,0,0,0,0,0,0,0,0,0,0,0,0,0,0,0,0,0,0,0,0
26068100,"A multi-center, open-label trial to compare the efficacy and pharmacokinetics of Artemether-Lumefantrine in children with severe acute malnutrition versus children without severe acute malnutrition: study protocol for the MAL-NUT study.",2015,BMC infectious diseases,0,0,0,0,0,0,0,0,0,0,0,0,0,0,0,0,0,0,0,0,0,0,0,0,0
26059267,Relapses from acute malnutrition and related factors in a community-based management programme in Burkina Faso.,2016,Maternal & child nutrition,0,0,0,0,0,0,0,0,0,0,0,0,0,0,0,0,0,0,0,0,0,0,0,0,0
26007232,Prevalence of malnutrition among HIV-infected children in Central and West-African HIV-care programmes supported by the Growing Up Programme in 2011: a cross-sectional study.,2015,BMC infectious diseases,0,0,0,0,0,0,0,0,0,0,0,0,0,0,0,0,0,0,0,0,0,0,0,0,0
25966726,"Red cell alloimmunization in multi-transfused patients with sickle cell anemia in Benin City, Nigeria.",2015,Nigerian journal of clinical practice,0,0,0,0,1,0,0,0,0,0,0,0,0,0,0,0,0,0,0,0,0,0,0,0,0
25904734,"A 2-year integrated agriculture and nutrition and health behavior change communication program targeted to women in Burkina Faso reduces anemia, wasting, and diarrhea in children 3-12.9 months of age at baseline: a cluster-randomized controlled trial.",2015,The Journal of nutrition,0,0,0,0,0,0,0,0,0,0,0,0,0,0,0,0,0,0,0,0,0,0,0,0,0
25871437,"Bioelectric impedance analysis of body composition of children and adolescents with sickle cell anemia in Enugu, Nigeria.",2015,Pediatric hematology and oncology,0,0,0,0,0,0,0,0,0,0,0,0,0,0,0,0,0,0,0,0,0,0,0,0,0
25847050,Hydroxyurea lowers transcranial Doppler flow velocities in children with sickle cell anaemia in a Nigerian cohort.,2015,Pediatric blood & cancer,0,0,0,0,0,0,0,0,0,0,0,0,0,0,0,0,0,0,0,0,0,0,0,0,0
25772912,Does antenatal care attendance prevent anemia in pregnancy at term?,2015,Nigerian journal of clinical practice,0,0,0,0,0,0,0,0,0,0,0,0,0,0,0,0,0,0,0,0,0,0,0,0,0
25733649,"Malian children with moderate acute malnutrition who are treated with lipid-based dietary supplements have greater weight gains and recovery rates than those treated with locally produced cereal-legume products: a community-based, cluster-randomized trial.",2015,The American journal of clinical nutrition,0,0,0,0,0,0,0,0,0,0,0,0,0,0,0,0,0,0,0,0,0,0,0,0,0
25733444,Prevalence of helminth infestation during pregnancy and its association with maternal anemia and low birth weight.,2015,International journal of gynaecology and obstetrics: the official organ of the International Federation of Gynaecology and Obstetrics,0,0,0,0,0,0,0,0,0,0,0,0,0,0,0,0,0,0,0,0,0,0,0,0,0
25703683,BCL11A enhancer haplotypes and fetal hemoglobin in sickle cell anemia.,2015,"Blood cells, molecules & diseases",0,0,0,0,0,0,0,0,0,0,0,0,0,0,0,0,0,0,0,0,0,0,0,0,0
25428413,Complex anemia in tuberculosis: the need to consider causes and timing when designing interventions.,2015,Clinical infectious diseases : an official publication of the Infectious Diseases Society of America,0,0,0,0,1,0,0,0,0,0,0,0,0,0,0,0,0,0,0,0,0,0,0,0,0
23647784,Considerations in developing lipid-based nutrient supplements for prevention of undernutrition: experience from the International Lipid-Based Nutrient Supplements (iLiNS) Project.,2015,Maternal & child nutrition,0,0,0,0,0,0,0,0,0,0,0,0,0,0,0,0,0,0,0,0,0,0,0,0,0
