Code,Food name in English,"Calcium
(mg)","Copper
(mg)","Fatty acids, total polyunsaturated
(g)","Fibre, total dietary or [fibre, crude]
(g)","Folate, total or [folate, sum of vitamers] (vitamin B9)
(mcg)","Iron
(mg)","Magnesium
(mg)","Phosphorus
(mg)","Potassium
(mg)","Protein, total
(g)","Sodium
(mg)","Vitamin A (expressed in retinol activity equivalents)
(mcg)","Vitamin B12
(mcg)","Vitamin C
(mg)","Vitamin D 
(mcg)","Zinc
(mg)","net_carbs
(g)"
01_172,"Baling béinré (northern Burkina Faso)*: sorghum porridge with monkey bread, tamarind, water, milk and sugar",0.0001659913211721132,3.4807787682975396e-06,2.4542274523602996e-06,1.3566139629931646e-05,6.806521694296494e-05,0.001459886680360348,3.535217138189288e-05,3.39171580434136e-05,3.5439771854576365e-05,0.0007971025711708274,8.080078259103977e-05,0.0,7.629321025557175e-06,8.053163750445783e-05,0.0,0.0003737064318965826,0.00029665885371993876
01_173,"Baling ni zièm béinré (Burkina Faso)*: porridge of degermed sorghum with potash, water and sugar",2.7211691995428398e-05,2.3205191788650264e-06,1.963381961888239e-06,1.1305116358276373e-05,3.403260847148247e-05,0.0026277960246486264,2.0622099972770846e-05,6.909050712547215e-06,1.042346231016952e-05,0.00028695692562149785,0.00017214079769395428,0.0,0.0,0.0,0.0,0.00017586185030427415,0.00027369171665774997
01_168,Beenkida (Burkina Faso)*: maize porridge with maize granules,1.3605845997714199e-05,3.4807787682975396e-06,6.3809913761367785e-06,2.487125598820802e-05,1.7016304235741235e-05,0.0005839546721441393,3.829818566371728e-05,8.793337270514638e-06,7.445330221549657e-06,0.000669566159783495,1.0539232511874753e-05,0.0,0.0,0.0,0.0,0.00019784458159230838,0.00039426918623424123
01_188,"Biscuit, sweet, plain, unfortified",0.00018231833636937026,1.1602595894325134e-05,0.00011682122673235023,4.522046543310549e-05,0.00020419565082889482,0.003795705368936905,4.71362285091905e-05,6.846241160614969e-05,3.5439771854576365e-05,0.001976814376503652,0.0013701002265437178,0.00017176550683223443,3.8146605127785876e-06,4.026581875222891e-05,1.2464861294567157e-05,0.0005935337447769253,0.0012038607676763966
01_177,Boalboal (Burkina Faso)*: millet balls with fried fish and vegetables,4.353870719268543e-05,1.9724413020352724e-05,0.00039660315630142437,6.330865160634768e-05,0.0006296032567224257,0.012555025451098992,0.00010311049986385423,8.98176592631138e-05,5.9860454981259244e-05,0.0017217415537289875,0.000797468593398523,3.402901550449928e-05,7.629321025557175e-05,0.00024159491251337352,2.4929722589134315e-05,0.0009232747140974391,0.00029091706945439153
01_047,"Bread, wheat, white for toasting, unfortified",7.075039918811382e-05,1.3923115073190159e-05,3.534087531398831e-05,6.104762833469241e-05,0.0003403260847148247,0.0043796600410810444,7.070434276378576e-05,6.0925265374279995e-05,3.8120090734334245e-05,0.002805801050521313,0.001584397954285171,0.0,1.9073302563892938e-06,0.0,0.0,0.0008683178858773535,0.0008363865746813757
01_046,"Bread, wheat, white, unfortified",9.251975278445654e-05,1.6243634252055187e-05,9.816909809441199e-06,6.556967487800296e-05,0.00035734238895056595,0.0072994334018017405,8.543441417290778e-05,5.6528596739022676e-05,4.139603603181609e-05,0.0023913077135124827,0.0023748403926757773,0.0,1.9073302563892938e-06,0.0,0.0,0.001088145198757696,0.0009110297701334894
01_048,"Bread, wheat, wholemeal, unfortified",0.0002503475663579412,2.6685970556947808e-05,4.663032159484568e-05,0.00014470548938593758,0.0005275054313079783,0.006423501393585532,0.00020032897116405965,0.00012247862626788244,6.998610408256677e-05,0.0035391354159984736,0.0015387279467337137,0.0,1.9073302563892938e-06,0.0,0.0,0.001714653040466673,0.000597145563616909
01_045,"Bread/rolls, white, unfortified",7.075039918811382e-05,1.5083374662622673e-05,3.681341178540449e-05,5.6525581791381854e-05,0.0004934728228364958,0.002919773360720696,7.070434276378576e-05,6.657812504818226e-05,4.139603603181609e-05,0.0030289897704491443,0.0016019633418049625,0.0,2.5431070085190587e-06,0.0,0.0,0.0009562488110294907,0.0009282551229301309
01_160,Cantonese rice with fish and noodles (Burkina Faso)*,4.353870719268543e-05,1.9724413020352724e-05,0.00028174531153096234,3.6176372346484395e-05,0.0001531467381216711,0.0023358186885765572,6.481231420013694e-05,6.469383849021484e-05,5.6286696474915415e-05,0.0017536256565758204,0.0009590701585806026,7.129888962847467e-05,4.895480991399188e-05,0.00020132909376114458,1.2464861294567157e-05,0.0007034474012170966,0.0005760923546432358
01_189,"Croissant, plain, unfortified",0.00018776067476845593,1.856415343092021e-05,7.019090513750456e-05,6.783069814965824e-05,0.0010209782541444742,0.004087682705008974,6.481231420013694e-05,6.595002952885979e-05,3.931134356978219e-05,0.0026463805362871473,0.0013771263815516343,0.00012477305684983068,6.357767521297647e-06,0.0,1.2464861294567157e-05,0.0008573265202333365,0.0007024116084852743
01_002,"Fonio, black, whole grains, raw",0.0001387796291766848,5.1051421935030585e-05,5.104793100909423e-05,0.00037080781655146497,0.0020419565082889484,0.029197733607206962,0.0012667861411844949,0.00014697435152145896,0.00010125649101307534,0.0026463805362871473,2.8104620031666008e-05,3.2408586194761216e-06,0.0,0.0,0.0,0.00417671894472651,0.0008306447904158283
01_124,"Fonio, black, whole grains, boiled* (as part of a recipe)",5.714455319039963e-05,2.0884672609785236e-05,2.1106356090298576e-05,0.00015601060574421395,0.0006976684736653907,0.012263048115026926,0.0005273365564465687,6.155336089360246e-05,4.228947565840205e-05,0.0011159435996391583,1.0539232511874753e-05,1.6204293097380608e-06,0.0,0.0,0.0,0.001736635771754707,0.00034450705593283207
01_049,"Fonio, black, whole grains, boiled* (without salt), drained",5.714455319039963e-05,2.0884672609785236e-05,2.1106356090298576e-05,0.00015601060574421395,0.0006125869524866844,0.012263048115026926,0.0005273365564465687,5.84128832969901e-05,3.3652892601404454e-05,0.0011159435996391583,1.0539232511874753e-05,1.6204293097380608e-06,0.0,0.0,0.0,0.0016487048466025701,0.00034450705593283207
01_050,"Fonio, decorticated grains (bran removed), dry, raw",6.530806078902815e-05,0.00010906440140665623,2.7487347466435354e-05,4.974251197641604e-05,0.0010550108626159566,0.006131524057513463,0.00012078658555480067,7.097479368343957e-05,5.3010751177433565e-05,0.0022637713021251495,1.7565387519791256e-05,0.0,0.0,0.0,0.0,0.0018795235251269297,0.0014297042821212532
01_126,"Fonio, decorticated grains (bran removed), boiled* (as part of a recipe)",2.7211691995428398e-05,4.5250123987868016e-05,1.1289446280857377e-05,2.034920944489747e-05,0.00035734238895056595,0.0026277960246486264,5.008224279101491e-05,2.9520489408156286e-05,2.2038177455786988e-05,0.0009565230854049929,7.026155007916502e-06,0.0,0.0,0.0,0.0,0.0007803869607252165,0.0005952316355283933
01_051,"Fonio, decorticated grains (bran removed), boiled* (without salt), drained",2.7211691995428398e-05,4.292960480900299e-05,1.1289446280857377e-05,2.034920944489747e-05,0.0003062934762433422,0.0023358186885765572,5.008224279101491e-05,2.8264298369511338e-05,1.221034156334144e-05,0.0009565230854049929,3.513077503958251e-06,0.0,0.0,0.0,0.0,0.0007474128637931652,0.0005952316355283933
01_078,"Fonio, decorticated grains (bran removed), washed (mid wet), raw",4.353870719268543e-05,7.425661372368085e-05,1.8652128637938277e-05,2.2610232716552746e-05,0.0014123532515665225,0.0023358186885765572,8.248839989108338e-05,4.7735259468508036e-05,3.573758506343836e-05,0.0014029005252606565,1.4052310015833004e-05,0.0,0.0,0.0,0.0,0.0014398688993662444,0.0009914147498511498
01_128,"Fonio, decorticated grains (bran removed), washed (mid wet), boiled* (as part of a recipe)",2.7211691995428398e-05,4.6410383577300535e-05,1.1780291771329435e-05,1.3566139629931646e-05,0.0006976684736653907,0.001459886680360348,5.008224279101491e-05,3.0148584927478757e-05,2.2335990664648973e-05,0.0008608707768644938,7.026155007916502e-06,0.0,0.0,0.0,0.0,0.0009012919828094049,0.0006201127006790977
01_127,"Fonio, decorticated grains (bran removed), washed (mid wet), boiled* (without salt), drained",2.7211691995428398e-05,4.40898643984355e-05,1.1780291771329435e-05,1.3566139629931646e-05,0.0006125869524866844,0.001459886680360348,5.008224279101491e-05,2.8264298369511338e-05,1.221034156334144e-05,0.0008608707768644938,3.513077503958251e-06,0.0,0.0,0.0,0.0,0.0008573265202333365,0.0006201127006790977
01_001,"Fonio, white, whole grains, raw",0.00010884676798171359,5.1051421935030585e-05,6.380991376136778e-05,0.00037080781655146497,0.0020419565082889484,0.08584133680518846,0.0012667861411844949,0.00011996624419059256,0.00010125649101307534,0.0022637713021251495,2.8104620031666008e-05,0.0,0.0,0.0,0.0,0.00306659101468078,0.0008287308623273127
01_125,"Fonio, white, whole grains, boiled* (as part of a recipe)",4.625987639222827e-05,2.0884672609785236e-05,2.6505656485491234e-05,0.00015601060574421395,0.0006976684736653907,0.035913212336864564,0.0005273365564465687,5.024764154579793e-05,4.228947565840205e-05,0.0009246389825581598,1.0539232511874753e-05,0.0,0.0,0.0,0.0,0.0012749984147059873,0.00034450705593283207
01_003,"Fonio, white, whole grains, boiled* (without salt), drained",4.625987639222827e-05,2.0884672609785236e-05,2.6505656485491234e-05,0.00015601060574421395,0.0006125869524866844,0.035913212336864564,0.0005273365564465687,4.7735259468508036e-05,3.3652892601404454e-05,0.0009246389825581598,1.0539232511874753e-05,0.0,0.0,0.0,0.0,0.0012090502208418849,0.00034450705593283207
01_176,"Fura saamdin (Burkina Faso)*: fermented pearl millet porridge with milk, water and sugar",0.00011156793718125643,6.961557536595079e-06,1.7670437656994154e-05,2.939330253151857e-05,0.0001531467381216711,0.005547569385369322,5.302825707283932e-05,5.527240570037772e-05,2.442068312668288e-05,0.0008289866740176606,5.972231756729027e-05,2.106558102659479e-05,1.1443981538335763e-05,0.0,0.0,0.0007693955950811992,0.00034642098402134786
01_174,Gappal (Burkina Faso)*: pearl millet porridge with milk and sugar,0.00022585704356205567,8.121817126027593e-06,1.8161283147466215e-05,2.713227925986329e-05,0.00040839130165778965,0.006131524057513463,6.186629991831254e-05,7.976813095395421e-05,4.228947565840205e-05,0.0010840594967923252,0.001275247133936845,4.3751591362927636e-05,2.4159516580931057e-05,0.0,1.2464861294567157e-05,0.0008463351545893192,0.00038661347388017816
01_180,"Gnon (Burkina Faso)*: steamed balls of cowpea leaves with groundnut flour, potash and pearl millet",0.00037007901113782617,3.712830686184042e-05,0.00030334251311173296,9.72240006811768e-05,0.0008337989075513205,0.019854458852900735,0.0002268430997004793,0.0001067762382848206,0.00011614715145617465,0.0021043507878909843,0.002297552687588696,0.00011667091030114037,0.0,0.0005234556437789759,0.0,0.0013739207055021418,0.000388527401968694
01_077,"Instant noodles (Indomie), made from wheat flour, previously fried and dried, without flavouring, unprepared",7.61927375871995e-05,1.5083374662622673e-05,9.915078907535609e-05,6.556967487800296e-05,0.00027226086777185977,0.002919773360720696,8.248839989108338e-05,8.039622647327669e-05,2.5314122753268835e-05,0.004049281061547803,0.001735460286955376,0.0,6.357767521297646e-05,0.0,0.0,0.0005605596478448737,0.001048832592506622
01_103,"Instant noodles (Indomie), made from wheat flour, previously fried and dried, without flavouring, boiled and drained*",3.265403039451408e-05,5.801297947162567e-06,4.3685248652013326e-05,2.939330253151857e-05,8.508152117870617e-05,0.0008759320082162088,2.9460142818244067e-05,3.328906252409113e-05,6.5518905949636985e-06,0.0017855097594226535,0.0003794123704274911,0.0,2.7974177093709645e-05,0.0,0.0,0.00024181004416837695,0.00045934274124377606
01_164,Jollof fonio (Burkina Faso)*: fonio with fish and vegetables,3.809636879359975e-05,2.9006489735812833e-05,0.00013743673733217676,2.2610232716552746e-05,0.00025524456353611855,0.0023358186885765572,4.71362285091905e-05,3.203287148544618e-05,3.633321148116233e-05,0.0010521753939454921,0.0010820278712191413,6.319674307978437e-05,3.7510828375656114e-05,0.00020132909376114458,1.2464861294567157e-05,0.0005495682822008567,0.00033685134357876916
01_156,Jollof macaroni (Burkina Faso)*: macaroni in tomato sauce with mutton,4.625987639222827e-05,1.5083374662622673e-05,0.0002179353977695946,3.6176372346484395e-05,0.0001531467381216711,0.002043841352504487,5.302825707283932e-05,4.4594781871895665e-05,4.6458860582469864e-05,0.0016260892451884878,0.0010433840186756006,3.078815688502316e-05,1.0808204786205999e-05,0.00048318982502674703,0.0,0.0006374992073529936,0.00036173240872947363
01_157,Jollof spaghetti (Burkina Faso)*: spaghetti in vegetable sauce,4.898104559177111e-05,1.6243634252055187e-05,0.0002503312001407505,4.069841888979494e-05,0.0001531467381216711,0.0017518640164324176,5.302825707283932e-05,4.208239979460577e-05,4.139603603181609e-05,0.0013710164224138232,0.0013630740715358013,2.7547298265547032e-05,0.0,0.0005637214625312048,0.0,0.0004836200883367539,0.0004210641794734614
01_165,Kaman péêlég sagabo (Burkina Faso)*: stiff porridge from white degermed maize flour,1.0884676798171357e-05,2.3205191788650264e-06,5.3993003951926585e-06,2.034920944489747e-05,1.7016304235741235e-05,0.00029197733607206966,3.240615710006847e-05,7.537146231869689e-06,5.956264177239726e-06,0.0005739138512429957,1.0539232511874753e-05,0.0,0.0,0.0,0.0,0.00016487048466025698,0.000266036004303687
01_167,Ki béinré (northern Burkina Faso)*: pearl millet porridge with water and sugar,5.442338399085679e-06,6.961557536595079e-06,1.1289446280857377e-05,1.582716290158692e-05,8.508152117870617e-05,0.0023358186885765572,4.41902142273661e-05,3.1404775966123706e-05,1.221034156334144e-05,0.00038260923416199715,1.4052310015833004e-05,0.0,0.0,0.0,0.0,0.0003846977975405996,0.00022775744253337234
01_171,Ki saagbo né zièm (Burkina Faso)*: tô (porridge) from pearl millet and potash,3.809636879359975e-05,6.961557536595079e-06,8.344373338025019e-06,1.582716290158692e-05,8.508152117870617e-05,0.0067154787296576,5.302825707283932e-05,3.0148584927478757e-05,1.667753969627123e-05,0.0003507251313151641,0.0004215693004749901,0.0,0.0,0.0,0.0,0.0004066805288286339,0.00020479030547118347
01_181,"Kiou gonré (Burkina Faso)*: steamed balls of fonio, cowpea leaves, groundnut flour and potash",0.0003428673191423978,4.9891162345598066e-05,1.1289446280857377e-05,5.878660506303714e-05,0.000799766299079838,0.014306889467531413,0.00012078658555480067,4.0198113236638345e-05,7.653799467753049e-05,0.001275364113873324,0.0021218988123907837,0.00011018919306218813,0.0,0.0005234556437789759,0.0,0.0008683178858773535,0.0004555148850667447
01_170,Kiou saagbo né zièm (Burkina Faso)*: tô (porridge) from fonio with potash and maize flour,6.530806078902815e-05,1.2762855483757646e-05,5.3993003951926585e-06,1.582716290158692e-05,8.508152117870617e-05,0.00759141073787381,4.41902142273661e-05,1.1933814867127009e-05,1.4890660443099315e-05,0.0005101456455493296,0.0006745108807599842,0.0,0.0,0.0,0.0,0.00026379277545641116,0.00027560564474626566
01_178,Kôrôkôrô-dôrô (Burkina Faso)*: tô (porridge) from white sorghum and maize flour,1.3605845997714199e-05,4.641038357730053e-06,7.853527847552957e-06,4.522046543310549e-05,0.00011911412965018864,0.002043841352504487,5.8920285636488134e-05,2.889239388883381e-05,1.3401594398789384e-05,0.0007014502626303282,1.0539232511874753e-05,0.0,0.0,0.0,0.0,0.0003846977975405996,0.0002622081481266555
01_052,"Macaroni, dry, unfortified",5.714455319039963e-05,3.480778768297539e-05,2.945072942832359e-05,7.235274469296879e-05,0.0003062934762433422,0.003795705368936905,0.00012667861411844948,0.00011305719347804535,5.926482856353527e-05,0.003921744650160471,1.4052310015833004e-05,0.0,0.0,0.0,0.0,0.0011760761239098334,0.0013206103810758563
01_053,"Macaroni, boiled* (without salt), drained",1.9048184396799877e-05,1.0442336304892618e-05,1.0307755299913257e-05,2.487125598820802e-05,6.806521694296494e-05,0.0008759320082162088,3.829818566371728e-05,3.7057635640025974e-05,1.221034156334144e-05,0.0013710164224138232,3.513077503958251e-06,0.0,0.0,0.0,0.0,0.0004066805288286339,0.0004555148850667447
01_099,"Maize dough, fermented (kenkey), from whole white maize with salt added, cooked",8.16350759862852e-06,8.121817126027593e-06,4.515778512342951e-05,5.878660506303714e-05,0.00023822825930037728,0.008467342746090019,8.83804284547322e-05,4.899145050715298e-05,2.2038177455786988e-05,0.0011797118053328247,0.0009485309260687276,0.0,0.0,0.0,0.0,0.0008573265202333365,0.00043254774800455584
01_098,"Maize dough, fermented (tô), from decorticated white maize only, cooked",5.442338399085679e-06,4.641038357730053e-06,2.2578892561714754e-05,5.878660506303714e-05,0.0001531467381216711,0.003503728032864835,5.302825707283932e-05,5.2131928103765356e-05,1.8762232158305137e-05,0.000669566159783495,3.513077503958251e-06,0.0,0.0,0.0,0.0,0.00039568916318461677,0.00020670423355969927
01_100,"Maize porridge, fermented (ogi), from decorticated white maize only, cooked",2.4490522795885556e-05,4.5250123987868016e-05,2.2578892561714754e-05,3.165432580317384e-05,0.00010209782541444741,0.012263048115026926,2.651412853641966e-05,3.7057635640025974e-05,4.169384924067808e-06,0.0003507251313151641,5.269616255937376e-05,0.0,0.0,0.0,0.0,0.0007254301325051309,0.0001416306785501643
01_060,"Maize, white, grit, degermed, raw",1.632701519725704e-05,6.961557536595079e-06,1.3252828242745617e-05,0.000140183442842627,0.0001531467381216711,0.003795705368936905,5.5974271354663724e-05,3.6429540120703506e-05,2.1740364246925e-05,0.0025826123305934807,1.4052310015833004e-05,0.0,0.0,0.0,0.0,0.00046163735704871957,0.0012919014597481202
01_080,"Maize, white, meal, sifted, unfortified",4.0817537993142595e-05,1.9724413020352724e-05,6.72458321946722e-05,0.0001582716290158692,0.0004934728228364958,0.009343274754306229,0.0002651412853641966,9.609861445633854e-05,5.86692021458113e-05,0.0027739169476744792,1.4052310015833004e-05,0.0,0.0,0.0,0.0,0.0022092644944474433,0.001178979702525692
01_091,"Maize, white, meal, sifted, fortified with vitamin A (Nigeria)",4.0817537993142595e-05,1.9724413020352724e-05,6.72458321946722e-05,0.0001582716290158692,0.0004934728228364958,0.009343274754306229,0.0002651412853641966,9.609861445633854e-05,5.86692021458113e-05,0.0027739169476744792,1.4052310015833004e-05,0.0014583863787642547,0.0,0.0,0.0,0.0022092644944474433,0.001178979702525692
01_057,"Maize, white, meal, whole grains",6.25868915894853e-05,3.944882604070545e-05,7.804443298505752e-05,0.00026001767624035655,0.0012081576007376277,0.009635252090378297,0.00026219527108237216,0.00016770150365910062,9.410897400038767e-05,0.00309275797614281,5.269616255937376e-05,0.0,0.0,8.053163750445783e-05,0.0,0.0024181004416837697,0.00097801725323154
01_058,"Maize, white, refined flour (special), unfortified",5.4423383990856795e-05,2.0884672609785236e-05,5.2029621990038345e-05,0.00011531218685441899,0.0007146847779011319,0.003503728032864835,0.00014730071409122035,0.0001067762382848206,5.122387192426164e-05,0.001976814376503652,2.8104620031666008e-05,0.0,0.0,0.0,0.0,0.0016816789435346216,0.0012842457473940575
01_092,"Maize, white, refined flour (special), fortified with vitamin A (Nigeria)",5.4423383990856795e-05,2.0884672609785236e-05,5.2029621990038345e-05,0.00011531218685441899,0.0007146847779011319,0.003503728032864835,0.00014730071409122035,0.0001067762382848206,5.122387192426164e-05,0.001976814376503652,2.8104620031666008e-05,0.0014583863787642547,0.0,0.0,0.0,0.0016816789435346216,0.0012842457473940575
01_081,"Maize, white, refined flour (super), unfortified",5.4423383990856795e-05,1.1602595894325134e-05,2.6505656485491234e-05,0.00010174604722448735,0.00013613043388592988,0.002043841352504487,0.00014730071409122035,3.768573115934845e-05,3.067476051278459e-05,0.0028695692562149787,1.0539232511874753e-05,0.0,0.0,0.0,0.0,0.0008133610576572678,0.0013474053743150766
01_093,"Maize, white, refined flour (super), fortified with vitamin A (Nigeria)",5.4423383990856795e-05,1.1602595894325134e-05,2.6505656485491234e-05,0.00010174604722448735,0.00013613043388592988,0.002043841352504487,0.00014730071409122035,3.768573115934845e-05,3.067476051278459e-05,0.0028695692562149787,1.0539232511874753e-05,0.0014583863787642547,0.0,0.0,0.0,0.0008133610576572678,0.0013474053743150766
01_004,"Maize, white, whole kernel, dry, raw",6.25868915894853e-05,3.944882604070545e-05,7.804443298505752e-05,0.00026001767624035655,0.0012081576007376277,0.009635252090378297,0.00026219527108237216,0.00016770150365910062,9.410897400038767e-05,0.00309275797614281,5.269616255937376e-05,0.0,0.0,8.053163750445783e-05,0.0,0.0024181004416837697,0.00097801725323154
01_104,"Maize, white, whole kernel, boiled* (as part of a recipe)",1.9048184396799877e-05,1.2762855483757646e-05,2.5033120014075052e-05,8.365786105124516e-05,0.0003062934762433422,0.003211750696792766,8.543441417290778e-05,5.401621466173278e-05,3.0376947303922603e-05,0.000988407188251826,1.7565387519791256e-05,0.0,0.0,4.026581875222891e-05,0.0,0.0007803869607252165,0.00031579813460509606
01_005,"Maize, white, whole kernel, boiled* (without salt), drained",1.9048184396799877e-05,1.2762855483757646e-05,2.5033120014075052e-05,8.365786105124516e-05,0.00027226086777185977,0.003211750696792766,8.543441417290778e-05,5.1503832584442875e-05,2.442068312668288e-05,0.000988407188251826,1.4052310015833004e-05,0.0,0.0,4.026581875222891e-05,0.0,0.0007474128637931652,0.00031579813460509606
01_094,"Maize, white, whole kernel, dry, decorticated, raw",1.632701519725704e-05,3.4807787682975396e-06,1.5216210204633855e-05,0.00011757321012607428,0.00042540760589353086,0.0011679093442882786,2.0622099972770846e-05,7.285908024140701e-05,2.0549111411477055e-05,0.0025826123305934807,0.0,0.0,0.0,0.0,0.0,0.0004836200883367539,0.0012957293159251517
01_119,"Maize, white, whole kernel, decorticated, boiled* (as part of a recipe)",5.442338399085679e-06,1.1602595894325132e-06,4.908454904720599e-06,3.843739561813966e-05,0.00011911412965018864,0.00029197733607206966,5.892028563648813e-06,2.3239534214931544e-05,6.5518905949636985e-06,0.0008289866740176606,0.0,0.0,0.0,0.0,0.0,0.0001538791190162399,0.0004172363232964299
01_118,"Maize, white, whole kernel, decorticated, boiled* (without salt), drained",5.442338399085679e-06,1.1602595894325132e-06,4.908454904720599e-06,3.843739561813966e-05,0.00010209782541444741,0.00029197733607206966,5.892028563648813e-06,2.1983343176286595e-05,3.5737585063438353e-06,0.0008289866740176606,0.0,0.0,0.0,0.0,0.0,0.0001538791190162399,0.0004172363232964299
01_055,"Maize, yellow, grit, degermed, raw",1.9048184396799877e-05,6.961557536595079e-06,1.4234519223689734e-05,0.000140183442842627,0.0001531467381216711,0.003795705368936905,5.5974271354663724e-05,3.6429540120703506e-05,2.1740364246925e-05,0.0024869600220529817,1.4052310015833004e-05,2.106558102659479e-05,0.0,0.0,0.0,0.00046163735704871957,0.0012976432440136676
01_054,"Maize, yellow, meal, whole grains, unfortified",5.714455319039963e-05,4.292960480900299e-05,7.019090513750456e-05,0.0002125361875355958,0.0012081576007376277,0.009927229426450367,0.00026219527108237216,0.00015576768879197359,9.500241362697362e-05,0.002997105667602311,8.080078259103977e-05,2.106558102659479e-05,0.0,0.00012079745625668676,0.0,0.0021872817631594095,0.0010679718733917795
01_006,"Maize, yellow, whole kernel, dry, raw",5.714455319039963e-05,4.292960480900299e-05,7.019090513750456e-05,0.0002125361875355958,0.0012081576007376277,0.009927229426450367,0.00026219527108237216,0.00015576768879197359,9.500241362697362e-05,0.002997105667602311,8.080078259103977e-05,2.106558102659479e-05,0.0,0.00012079745625668676,0.0,0.0021872817631594095,0.0010679718733917795
01_120,"Maize, yellow, whole kernel, boiled* (as part of a recipe)",1.9048184396799877e-05,1.3923115073190159e-05,2.2578892561714754e-05,6.783069814965824e-05,0.0003062934762433422,0.003211750696792766,8.543441417290778e-05,5.024764154579793e-05,3.067476051278459e-05,0.0009565230854049929,2.4591542527707755e-05,6.481717238952243e-06,0.0,4.026581875222891e-05,0.0,0.0007034474012170966,0.00034450705593283207
01_007,"Maize, yellow, whole kernel, boiled* (without salt), drained",1.9048184396799877e-05,1.3923115073190159e-05,2.2578892561714754e-05,6.783069814965824e-05,0.00027226086777185977,0.003211750696792766,8.543441417290778e-05,4.7735259468508036e-05,2.442068312668288e-05,0.0009565230854049929,2.1078465023749505e-05,6.481717238952243e-06,0.0,4.026581875222891e-05,0.0,0.0006704733042850452,0.00034450705593283207
01_097,"Millet dough (tchobal/fura), from decorticated millet only, cooked",1.9048184396799877e-05,1.5083374662622673e-05,3.9267639237764794e-05,7.235274469296879e-05,0.0003062934762433422,0.013722934795387273,0.00010016448558202982,8.228051303124412e-05,2.5314122753268835e-05,0.0012115959081796578,7.026155007916502e-06,0.0,0.0,0.0,0.0,0.0013629293398581244,0.0005741784265547202
01_153,"Millet dough (tô), from whole millet only, cooked",1.0884676798171357e-05,1.5083374662622673e-05,2.7487347466435354e-05,6.104762833469241e-05,0.00027226086777185977,0.013722934795387273,7.070434276378576e-05,6.0925265374279995e-05,2.561193596213082e-05,0.0005739138512429957,3.513077503958251e-06,0.0,0.0,0.0,0.0,0.0011321106613337646,0.00026794993239220274
01_102,"Millet porridge, fermented (hausa koko/ben saalga), from whole millet grains only, cooked",5.442338399085679e-06,4.641038357730053e-06,1.619790118557798e-05,2.713227925986329e-05,0.00011911412965018864,0.005547569385369322,1.1784057127297626e-05,2.449572525357649e-05,5.0628245506537675e-06,0.00028695692562149785,0.0,0.0,0.0,0.0,0.0,0.00019784458159230838,0.0001473724628157115
01_161,"Moui béinré (Burkina Faso)*: rice porridge with water, milk and sugar",2.1769353596342715e-05,5.801297947162567e-06,1.963381961888239e-06,6.783069814965823e-06,3.403260847148247e-05,0.0005839546721441393,1.4730071409122033e-05,2.0099056618319173e-05,6.5518905949636985e-06,0.00038260923416199715,2.1078465023749505e-05,3.2408586194761216e-06,1.9073302563892938e-06,0.0,0.0,0.00024181004416837695,0.0003177120626936118
01_158,Moui naagdme (Burkina Faso)*: rice with fish and vegetables,4.898104559177111e-05,1.6243634252055187e-05,0.00012958320948462383,3.165432580317384e-05,0.00013613043388592988,0.0026277960246486264,4.41902142273661e-05,4.836335498783051e-05,3.931134356978219e-05,0.0012434800110264909,0.0007728770508708152,1.4583863787642546e-05,3.6875051623526344e-05,0.00016106327500891565,1.2464861294567157e-05,0.0005605596478448737,0.00039426918623424123
01_159,"Moui nin kalogo (Burkina Faso)*: rice with fish, onion and fermented African locust beans",4.353870719268543e-05,1.3923115073190159e-05,0.0001575614024415312,2.034920944489747e-05,8.508152117870617e-05,0.0023358186885765572,4.124419994554169e-05,4.899145050715298e-05,2.144255103806301e-05,0.001307248216720157,0.0009134001510291451,8.102146548690304e-06,4.196126564056447e-05,4.026581875222891e-05,1.2464861294567157e-05,0.0005605596478448737,0.00041915025138494565
01_101,"Oats, rolled, raw",0.00014694313677531334,4.176934521957047e-05,0.00015461632949869886,0.00023062437370883798,0.0005615380397794607,0.012847002787171064,0.00045074018511913414,0.0003083948999873348,0.00010780838160803904,0.0037942082387731387,4.215693004749901e-05,0.0,0.0,0.0,0.0,0.003495254274797449,0.0009473944038152881
01_133,"Oats, porridge* (without salt)",2.4490522795885556e-05,6.961557536595079e-06,2.6505656485491234e-05,4.069841888979494e-05,6.806521694296494e-05,0.0023358186885765572,7.954238560925898e-05,5.087573706512041e-05,1.4890660443099315e-05,0.000669566159783495,7.026155007916502e-06,0.0,0.0,0.0,0.0,0.000571551013488891,0.00016268388752383738
01_018,"Pearl millet, IKMV 8201 variety, whole grains, raw (Burkina Faso), n=1",6.25868915894853e-05,5.22116815244631e-05,0.00012271137261801496,0.00019897004790566416,0.0027226086777185974,0.044380555082954576,0.00028281737105514303,0.0002524943987676346,9.887398534217946e-05,0.0030289897704491443,4.215693004749901e-05,0.0,0.0,0.0,0.0,0.0028357723361564207,0.001071799729568811
01_019,"Pearl millet, IKMP 1 variety, whole grains, raw (Burkina Faso), n=1",6.25868915894853e-05,5.22116815244631e-05,0.00011289446280857375,0.000165054698830835,0.0027226086777185974,0.044380555082954576,0.00028281737105514303,0.0002524943987676346,9.887398534217946e-05,0.0027420328448276464,4.215693004749901e-05,0.0,0.0,0.0,0.0,0.0028357723361564207,0.0011177340036931888
01_020,"Pearl millet, IKMP 2 variety, whole grains, raw (Burkina Faso), n=1",6.25868915894853e-05,5.22116815244631e-05,0.00011682122673235023,0.00018766493154738777,0.0027226086777185974,0.044380555082954576,0.00028281737105514303,0.0002524943987676346,9.887398534217946e-05,0.002614496433440314,4.215693004749901e-05,0.0,0.0,0.0,0.0,0.0028357723361564207,0.0010985947228080314
01_021,"Pearl millet, IKMP 3 variety, whole grains, raw (Burkina Faso), n=1",6.25868915894853e-05,5.22116815244631e-05,0.00015265294753681063,0.0002374074435238038,0.0027226086777185974,0.044380555082954576,0.00028281737105514303,0.0002524943987676346,9.887398534217946e-05,0.004304353884322468,4.215693004749901e-05,0.0,0.0,0.0,0.0,0.0028357723361564207,0.000905287985867942
01_022,"Pearl millet, IKMP 4 variety, whole grains, raw (Burkina Faso), n=1",6.25868915894853e-05,5.22116815244631e-05,0.00014872618361303413,0.00019897004790566416,0.0027226086777185974,0.044380555082954576,0.00028281737105514303,0.0002524943987676346,9.887398534217946e-05,0.0038898605473136377,4.215693004749901e-05,0.0,0.0,0.0,0.0,0.0028357723361564207,0.0009531361880808352
01_023,"Pearl millet, IKMP 5 variety, whole grains, raw (Burkina Faso), n=1",6.25868915894853e-05,5.22116815244631e-05,0.00017425014911758125,0.00026453972278366706,0.0027226086777185974,0.044380555082954576,0.00028281737105514303,0.0002524943987676346,9.887398534217946e-05,0.004240585678628802,4.215693004749901e-05,0.0,0.0,0.0,0.0,0.0028357723361564207,0.0008650954960091117
01_024,"Pearl millet, IKMP 6 variety, whole grains, raw (Burkina Faso), n=1",6.25868915894853e-05,5.22116815244631e-05,0.00011436699927998995,0.00017183776864580086,0.0027226086777185974,0.044380555082954576,0.00028281737105514303,0.0002524943987676346,9.887398534217946e-05,0.004623194912790799,4.215693004749901e-05,0.0,0.0,0.0,0.0,0.0028357723361564207,0.0010048122464707601
01_025,"Pearl millet, IKMP 7 variety, whole grains, raw (Burkina Faso), n=1",6.25868915894853e-05,5.22116815244631e-05,0.00011583953575140612,0.0001944480013623536,0.0027226086777185974,0.044380555082954576,0.00028281737105514303,0.0002524943987676346,9.887398534217946e-05,0.003475367210304808,4.215693004749901e-05,0.0,0.0,0.0,0.0,0.0028357723361564207,0.0010698858014802951
01_026,"Pearl millet, IKMP 8 variety, whole grains, raw (Burkina Faso), n=1",6.25868915894853e-05,5.22116815244631e-05,0.00012320221810848702,0.00018766493154738777,0.0027226086777185974,0.044380555082954576,0.00028281737105514303,0.0002524943987676346,9.887398534217946e-05,0.002518844124899815,4.215693004749901e-05,0.0,0.0,0.0,0.0,0.0028357723361564207,0.0011483568531094402
01_027,"Pearl millet, IKMP 9 variety, whole grains, raw (Burkina Faso), n=1",6.25868915894853e-05,5.22116815244631e-05,0.0001428360377273694,0.00021479721080725105,0.0027226086777185974,0.044380555082954576,0.00028281737105514303,0.0002524943987676346,9.887398534217946e-05,0.0031565261818364766,4.215693004749901e-05,0.0,0.0,0.0,0.0,0.0028357723361564207,0.001043090808241075
01_028,"Pearl millet, IKMP 10 variety, whole grains, raw (Burkina Faso), n=1",6.25868915894853e-05,5.22116815244631e-05,0.00012712898203226348,0.00020575311772062996,0.0027226086777185974,0.044380555082954576,0.00028281737105514303,0.0002524943987676346,9.887398534217946e-05,0.0024869600220529817,4.215693004749901e-05,0.0,0.0,0.0,0.0,0.0028357723361564207,0.001043090808241075
01_029,"Pearl millet, IKMP 11 variety, whole grains, raw (Burkina Faso), n=1",6.25868915894853e-05,5.22116815244631e-05,0.00012712898203226348,0.00019670902463400885,0.0027226086777185974,0.044380555082954576,0.00028281737105514303,0.0002524943987676346,9.887398534217946e-05,0.0023594236106656494,4.215693004749901e-05,0.0,0.0,0.0,0.0,0.0028357723361564207,0.001071799729568811
01_030,"Pearl millet, IKMP 12 variety, whole grains, raw (Burkina Faso), n=1",6.25868915894853e-05,5.22116815244631e-05,0.0001256564455608473,0.0002034920944489747,0.0027226086777185974,0.044380555082954576,0.00028281737105514303,0.0002524943987676346,9.887398534217946e-05,0.0031246420789896438,4.215693004749901e-05,0.0,0.0,0.0,0.0,0.0028357723361564207,0.001085197226188421
01_031,"Pearl millet, IKMP 13 variety, whole grains, raw (Burkina Faso), n=1",6.25868915894853e-05,5.22116815244631e-05,0.00012909236399415172,0.00019218697809069834,0.0027226086777185974,0.044380555082954576,0.00028281737105514303,0.0002524943987676346,9.887398534217946e-05,0.0030289897704491443,4.215693004749901e-05,0.0,0.0,0.0,0.0,0.0028357723361564207,0.0011043365070735785
01_032,"Pearl millet, combined varieties, whole grains, raw (Burkina Faso)",6.25868915894853e-05,5.22116815244631e-05,0.00013105574595603998,0.00020123107117731942,0.0027226086777185974,0.044380555082954576,0.00028281737105514303,0.0002524943987676346,9.887398534217946e-05,0.0032521784903769757,4.215693004749901e-05,0.0,0.0,0.0,0.0,0.0028357723361564207,0.0010411768801525591
01_132,"Pearl millet, combined varieties, whole grains (Burkina Faso), boiled* (as part of a recipe)",2.7211691995428398e-05,2.204493219921775e-05,5.448384944239865e-05,8.365786105124516e-05,0.0009188804287300266,0.018394572172540383,0.00011784057127297627,0.00010552004724617566,4.109822282295411e-05,0.0013710164224138232,1.7565387519791256e-05,0.0,0.0,0.0,0.0,0.0011870674895538506,0.00043446167609307153
01_064,"Pearl millet, combined varieties, whole grains (Burkina Faso), boiled* (without salt), drained",2.7211691995428398e-05,2.0884672609785236e-05,5.448384944239865e-05,8.365786105124516e-05,0.000799766299079838,0.017518640164324178,0.00011784057127297627,9.98671875722734e-05,2.2633803873510958e-05,0.0013710164224138232,1.0539232511874753e-05,0.0,0.0,0.0,0.0,0.0011211192956897475,0.00043446167609307153
01_095,"Pearl millet, decorticated, raw",3.537519959405691e-05,4.40898643984355e-05,8.393457887072223e-05,0.00011757321012607428,0.000799766299079838,0.01576677614789176,0.00027692534249149417,0.00022485819591744577,8.308988527249418e-05,0.0026463805362871473,4.215693004749901e-05,0.0,0.0,0.0,0.0,0.0026599104858521464,0.0012555368260663213
01_131,"Pearl millet, decorticated, boiled* (as part of a recipe)",1.3605845997714199e-05,1.856415343092021e-05,3.485002982351625e-05,4.974251197641604e-05,0.00027226086777185977,0.0067154787296576,0.00011489455699115185,9.358623237904864e-05,3.454633222799041e-05,0.0011159435996391583,1.7565387519791256e-05,0.0,0.0,0.0,0.0,0.0011101279300457306,0.0005225023681647953
01_130,"Pearl millet, decorticated, boiled* (without salt), drained",1.3605845997714199e-05,1.7403893841487696e-05,3.485002982351625e-05,4.974251197641604e-05,0.00023822825930037728,0.006423501393585532,0.00011489455699115185,8.918956374379133e-05,1.9060045367167123e-05,0.0011159435996391583,1.0539232511874753e-05,0.0,0.0,0.0,0.0,0.0010551711018256446,0.0005225023681647953
01_063,"Pearl millet, flour (bran removed)",2.1769353596342715e-05,4.40898643984355e-05,5.595638591381482e-05,0.00010400707049614261,0.000799766299079838,0.01576677614789176,0.00027692534249149417,0.0001959658020286119,8.308988527249418e-05,0.0023275395078188156,4.215693004749901e-05,0.0,0.0,0.0,0.0,0.0026599104858521464,0.0013474053743150766
01_017,"Pearl millet, whole grains (with bran), raw",6.25868915894853e-05,5.22116815244631e-05,0.00010749516241338111,0.0002034920944489747,0.0027226086777185974,0.044380555082954576,0.00028281737105514303,0.0002524943987676346,9.887398534217946e-05,0.002965221564755478,4.215693004749901e-05,0.0,0.0,0.0,0.0,0.0028357723361564207,0.001056488304860685
01_129,"Pearl millet, whole grains, boiled* (as part of a recipe)",2.7211691995428398e-05,2.204493219921775e-05,4.466693963295745e-05,8.591888432290043e-05,0.0009188804287300266,0.018394572172540383,0.00011784057127297627,0.00010552004724617566,4.109822282295411e-05,0.0012434800110264909,1.7565387519791256e-05,0.0,0.0,0.0,0.0,0.0011870674895538506,0.00044020346035861875
01_033,"Pearl millet, whole grains, boiled* (without salt), drained",2.7211691995428398e-05,2.204493219921775e-05,4.466693963295745e-05,8.591888432290043e-05,0.000799766299079838,0.018394572172540383,0.00011784057127297627,9.98671875722734e-05,3.3057266183680484e-05,0.0012434800110264909,1.4052310015833004e-05,0.0,0.0,0.0,0.0,0.0011211192956897475,0.00044020346035861875
01_175,Pigri (Burkina Faso)*: steamed pearl millet balls,6.802922998857099e-05,2.7846230146380317e-05,5.595638591381482e-05,0.0001062680937677979,0.0011400923837946626,0.027153892254702477,0.00016203078550034236,0.00013190005905771958,5.569107005719144e-05,0.0015304369366479886,0.00044264776549873954,0.0,0.0,0.0,0.0,0.0014838343619423132,0.0005492973614040156
01_061,"Porridge, soft, from degermed white maize grit* (without salt)",2.7211691995428393e-06,1.1602595894325132e-06,1.963381961888239e-06,1.8088186173242198e-05,1.7016304235741235e-05,0.0005839546721441393,8.83804284547322e-06,5.024764154579793e-06,2.978132088619863e-06,0.0003507251313151641,3.513077503958251e-06,0.0,0.0,0.0,0.0,6.594819386410279e-05,0.00017799531223196326
01_056,"Porridge, soft, from degermed yellow maize grit* (without salt)",2.7211691995428393e-06,1.1602595894325132e-06,1.963381961888239e-06,1.8088186173242198e-05,1.7016304235741235e-05,0.0005839546721441393,8.83804284547322e-06,5.024764154579793e-06,2.978132088619863e-06,0.0003507251313151641,3.513077503958251e-06,3.2408586194761216e-06,0.0,0.0,0.0,6.594819386410279e-05,0.00017799531223196326
01_154,"Porridge, soft, from refined (special) white maize flour fortified with vitamin A (Nigeria)* (without salt)",8.16350759862852e-06,2.3205191788650264e-06,7.362682357080898e-06,1.582716290158692e-05,8.508152117870617e-05,0.0005839546721441393,2.0622099972770846e-05,1.4446196944416904e-05,7.1475170126876705e-06,0.00028695692562149785,3.513077503958251e-06,0.00018959022923935312,0.0,0.0,0.0,0.00023081867852435978,0.0001760813841434475
01_112,"Porridge, soft, from refined (special) white maize flour, unfortified* (without salt)",8.16350759862852e-06,2.3205191788650264e-06,7.362682357080898e-06,1.582716290158692e-05,8.508152117870617e-05,0.0005839546721441393,2.0622099972770846e-05,1.4446196944416904e-05,7.1475170126876705e-06,0.00028695692562149785,3.513077503958251e-06,0.0,0.0,0.0,0.0,0.00023081867852435978,0.0001760813841434475
01_117,"Porridge, soft, from refined (super) white maize flour fortified with vitamin A (Nigeria)* (without salt)",8.16350759862852e-06,1.1602595894325132e-06,3.4359184333044193e-06,1.3566139629931646e-05,1.7016304235741235e-05,0.00029197733607206966,2.0622099972770846e-05,5.024764154579793e-06,4.169384924067808e-06,0.00038260923416199715,0.0,0.00018959022923935312,0.0,0.0,0.0,0.00010991365644017135,0.00018565102458602617
01_115,"Porridge, soft, from refined (super) white maize flour, unfortified* (without salt)",8.16350759862852e-06,1.1602595894325132e-06,3.4359184333044193e-06,1.3566139629931646e-05,1.7016304235741235e-05,0.00029197733607206966,2.0622099972770846e-05,5.024764154579793e-06,4.169384924067808e-06,0.00038260923416199715,0.0,0.0,0.0,0.0,0.0,0.00010991365644017135,0.00018565102458602617
01_110,"Porridge, soft, from sifted white maize meal fortified with vitamin A (Nigeria)* (without salt)",5.442338399085679e-06,2.3205191788650264e-06,9.326064318969139e-06,2.2610232716552746e-05,5.1048912707223706e-05,0.0011679093442882786,3.535217138189288e-05,1.3190005905771958e-05,8.04095663927363e-06,0.00038260923416199715,0.0,0.00018959022923935312,0.0,0.0,0.0,0.0003077582380324798,0.00016076995943532164
01_108,"Porridge, soft, from sifted white maize meal, unfortified* (without salt)",5.442338399085679e-06,2.3205191788650264e-06,9.326064318969139e-06,2.2610232716552746e-05,5.1048912707223706e-05,0.0011679093442882786,3.535217138189288e-05,1.3190005905771958e-05,8.04095663927363e-06,0.00038260923416199715,0.0,0.0,0.0,0.0,0.0,0.0003077582380324798,0.00016076995943532164
01_106,"Porridge, soft, from wholegrain white maize meal* (without salt)",8.16350759862852e-06,5.801297947162567e-06,1.0798600790385317e-05,3.6176372346484395e-05,0.00013613043388592988,0.001459886680360348,3.535217138189288e-05,2.3239534214931544e-05,1.280596798106541e-05,0.0004144933370088303,7.026155007916502e-06,0.0,0.0,0.0,0.0,0.00032974096932051396,0.00013397496619610137
01_122,"Porridge, soft, from wholegrain yellow maize meal* (without salt)",8.16350759862852e-06,5.801297947162567e-06,9.816909809441199e-06,2.939330253151857e-05,0.00013613043388592988,0.001459886680360348,3.535217138189288e-05,2.1355247656964118e-05,1.3103781189927397e-05,0.0004144933370088303,1.0539232511874753e-05,3.2408586194761216e-06,0.0,0.0,0.0,0.00029676687238846264,0.00014545853472719577
01_076,"Porridge, stiff, from degermed white maize grit* (without salt)",5.442338399085679e-06,2.3205191788650264e-06,4.908454904720599e-06,5.2003535248071305e-05,5.1048912707223706e-05,0.001459886680360348,2.0622099972770846e-05,1.3190005905771958e-05,8.04095663927363e-06,0.0009565230854049929,3.513077503958251e-06,0.0,0.0,0.0,0.0,0.00017586185030427415,0.00047848202212893347
01_075,"Porridge, stiff, from degermed yellow maize grit* (without salt)",8.16350759862852e-06,2.3205191788650264e-06,5.3993003951926585e-06,5.2003535248071305e-05,5.1048912707223706e-05,0.001459886680360348,2.0622099972770846e-05,1.3190005905771958e-05,8.04095663927363e-06,0.0009246389825581598,3.513077503958251e-06,8.102146548690304e-06,0.0,0.0,0.0,0.00017586185030427415,0.0004803959502174492
01_113,"Porridge, stiff, from refined (special) white maize flour fortified with vitamin A (Nigeria)* (without salt)",1.9048184396799877e-05,8.121817126027593e-06,1.9142974128410335e-05,4.2959442161450215e-05,0.00020419565082889482,0.0011679093442882786,5.5974271354663724e-05,3.957001771731587e-05,1.9060045367167123e-05,0.0007333343654771612,1.0539232511874753e-05,0.0005136760911869652,0.0,0.0,0.0,0.0006265078417089766,0.0004765680940404176
01_111,"Porridge, stiff, from refined (special) white maize flour, unfortified* (without salt)",1.9048184396799877e-05,8.121817126027593e-06,1.9142974128410335e-05,4.2959442161450215e-05,0.00020419565082889482,0.0011679093442882786,5.5974271354663724e-05,3.957001771731587e-05,1.9060045367167123e-05,0.0007333343654771612,1.0539232511874753e-05,0.0,0.0,0.0,0.0,0.0006265078417089766,0.0004765680940404176
01_116,"Porridge, stiff, from refined (super) white maize flour fortified with vitamin A (Nigeria)* (without salt)",1.9048184396799877e-05,4.641038357730053e-06,9.816909809441199e-06,3.843739561813966e-05,3.403260847148247e-05,0.0008759320082162088,5.5974271354663724e-05,1.381810142509443e-05,1.1316901936755479e-05,0.0010521753939454921,3.513077503958251e-06,0.0005136760911869652,0.0,0.0,0.0,0.00029676687238846264,0.0004976213030140908
01_114,"Porridge, stiff, from refined (super) white maize flour, unfortified* (without salt)",1.9048184396799877e-05,4.641038357730053e-06,9.816909809441199e-06,3.843739561813966e-05,3.403260847148247e-05,0.0008759320082162088,5.5974271354663724e-05,1.381810142509443e-05,1.1316901936755479e-05,0.0010521753939454921,3.513077503958251e-06,0.0,0.0,0.0,0.0,0.00029676687238846264,0.0004976213030140908
01_109,"Porridge, stiff, from sifted white maize meal fortified with vitamin A (Nigeria)* (without salt)",1.632701519725704e-05,6.961557536595079e-06,2.5033120014075052e-05,5.878660506303714e-05,0.0001531467381216711,0.003503728032864835,9.721847130020541e-05,3.5801444601381025e-05,2.1740364246925e-05,0.0010202912910986593,3.513077503958251e-06,0.0005136760911869652,0.0,0.0,0.0,0.0008133610576572678,0.0004363756041815873
01_107,"Porridge, stiff, from sifted white maize meal, unfortified* (without salt)",1.632701519725704e-05,6.961557536595079e-06,2.5033120014075052e-05,5.878660506303714e-05,0.0001531467381216711,0.003503728032864835,9.721847130020541e-05,3.5801444601381025e-05,2.1740364246925e-05,0.0010202912910986593,3.513077503958251e-06,0.0,0.0,0.0,0.0,0.0008133610576572678,0.0004363756041815873
01_105,"Porridge, stiff, from wholegrain white maize meal* (without salt)",2.1769353596342715e-05,1.5083374662622673e-05,2.895988393785153e-05,9.72240006811768e-05,0.00035734238895056595,0.003503728032864835,9.721847130020541e-05,6.218145641292494e-05,3.4844145436852395e-05,0.0011478277024859914,2.1078465023749505e-05,0.0,0.0,4.026581875222891e-05,0.0,0.0009012919828094049,0.00036173240872947363
01_121,"Porridge, stiff, from wholegrain yellow maize meal* (without salt)",2.1769353596342715e-05,1.6243634252055187e-05,2.6014810995019172e-05,7.91358145079346e-05,0.00035734238895056595,0.003795705368936905,9.721847130020541e-05,5.778478777766762e-05,3.5141958645714387e-05,0.0011159435996391583,2.8104620031666008e-05,8.102146548690304e-06,0.0,4.026581875222891e-05,0.0,0.0008133610576572678,0.00039618311432275687
01_150,"Porridge, tô, from degermed white maize grit* (without salt)",2.7211691995428393e-06,1.1602595894325132e-06,2.4542274523602996e-06,2.713227925986329e-05,1.7016304235741235e-05,0.0008759320082162088,1.1784057127297626e-05,7.537146231869689e-06,4.467198132929795e-06,0.0005101456455493296,3.513077503958251e-06,0.0,0.0,0.0,0.0,8.793092515213708e-05,0.00025838029194962404
01_155,"Porridge, tô, from degermed yellow maize grit* (without salt)",2.7211691995428393e-06,1.1602595894325132e-06,2.945072942832359e-06,2.713227925986329e-05,1.7016304235741235e-05,0.0008759320082162088,1.1784057127297626e-05,7.537146231869689e-06,4.467198132929795e-06,0.0005101456455493296,3.513077503958251e-06,4.8612879292141825e-06,0.0,0.0,0.0,8.793092515213708e-05,0.0002602942200381398
01_166,"Porridge, tô, from maize and cassava flour (Burkina Faso)*",2.7211691995428398e-05,3.4807787682975396e-06,4.4176094142485384e-06,2.487125598820802e-05,0.00013613043388592988,0.0008759320082162088,4.124419994554169e-05,1.1933814867127009e-05,1.0721275519031505e-05,0.0005101456455493296,1.4052310015833004e-05,0.0,0.0,0.0,0.0,0.0001538791190162399,0.0003540766963754107
01_147,"Porridge, tô, from refined (special) white maize flour fortified with vitamin A (Nigeria)* (without salt)",1.0884676798171357e-05,4.641038357730053e-06,1.0307755299913257e-05,2.2610232716552746e-05,0.00011911412965018864,0.0005839546721441393,2.9460142818244067e-05,2.1355247656964118e-05,1.0125649101307535e-05,0.00038260923416199715,7.026155007916502e-06,0.0002770934119652084,0.0,0.0,0.0,0.0003407323349645311,0.0002564663638611083
01_146,"Porridge, tô, from refined (special) white maize flour, unfortified* (without salt)",1.0884676798171357e-05,4.641038357730053e-06,1.0307755299913257e-05,2.2610232716552746e-05,0.00011911412965018864,0.0005839546721441393,2.9460142818244067e-05,2.1355247656964118e-05,1.0125649101307535e-05,0.00038260923416199715,7.026155007916502e-06,0.0,0.0,0.0,0.0,0.0003407323349645311,0.0002564663638611083
01_149,"Porridge, tô, from refined (super) white maize flour fortified with vitamin A (Nigeria)* (without salt)",1.0884676798171357e-05,2.3205191788650264e-06,5.3993003951926585e-06,2.034920944489747e-05,1.7016304235741235e-05,0.00029197733607206966,2.9460142818244067e-05,7.537146231869689e-06,6.2540773861017125e-06,0.0005739138512429957,3.513077503958251e-06,0.0002770934119652084,0.0,0.0,0.0,0.00016487048466025698,0.0002698638604807185
01_148,"Porridge, tô, from refined (super) white maize flour, unfortified* (without salt)",1.0884676798171357e-05,2.3205191788650264e-06,5.3993003951926585e-06,2.034920944489747e-05,1.7016304235741235e-05,0.00029197733607206966,2.9460142818244067e-05,7.537146231869689e-06,6.2540773861017125e-06,0.0005739138512429957,3.513077503958251e-06,0.0,0.0,0.0,0.0,0.00016487048466025698,0.0002698638604807185
01_144,"Porridge, tô, from sifted white maize meal fortified with vitamin A (Nigeria)* (without salt)",8.16350759862852e-06,3.4807787682975396e-06,1.3743673733217677e-05,3.165432580317384e-05,8.508152117870617e-05,0.0017518640164324176,5.302825707283932e-05,1.9470961098996698e-05,1.1614715145617466e-05,0.0005420297483961626,3.513077503958251e-06,0.0,0.0,0.0,0.0,0.0004396546257606854,0.00023541315488743525
01_145,"Porridge, tô, from sifted white maize meal, unfortified* (without salt)",8.16350759862852e-06,3.4807787682975396e-06,1.3743673733217677e-05,3.165432580317384e-05,8.508152117870617e-05,0.0017518640164324176,5.302825707283932e-05,1.9470961098996698e-05,1.1614715145617466e-05,0.0005420297483961626,3.513077503958251e-06,0.0002770934119652084,0.0,0.0,0.0,0.0004396546257606854,0.00023541315488743525
01_143,"Porridge, tô, from wholegrain white maize meal* (without salt)",1.3605845997714199e-05,8.121817126027593e-06,1.5707055695105914e-05,5.2003535248071305e-05,0.00018717934659315358,0.002043841352504487,5.302825707283932e-05,3.328906252409113e-05,1.8762232158305137e-05,0.000637682056936662,1.0539232511874753e-05,0.0,0.0,0.0,0.0,0.0004836200883367539,0.00019522066502860482
01_151,"Porridge, tô, from wholegrain yellow maize meal* (without salt)",1.0884676798171357e-05,8.121817126027593e-06,1.4234519223689734e-05,4.2959442161450215e-05,0.00018717934659315358,0.002043841352504487,5.302825707283932e-05,3.1404775966123706e-05,1.9060045367167123e-05,0.0006057979540898289,1.7565387519791256e-05,4.8612879292141825e-06,0.0,0.0,0.0,0.0004396546257606854,0.00021244601782524644
01_163,"Rice cakes, fried in unfortified vegetable oil*",1.632701519725704e-05,9.282076715460106e-06,0.0001771952220604136,2.939330253151857e-05,3.403260847148247e-05,0.0005839546721441393,5.5974271354663724e-05,3.2660967004768654e-05,1.221034156334144e-05,0.0010202912910986593,3.513077503958251e-06,0.0,0.0,0.0,0.0,0.0004726287226927367,0.0010239515273559176
01_079,"Rice flour, white",2.7211691995428398e-05,1.5083374662622673e-05,1.8652128637938277e-05,5.426455851972658e-05,6.806521694296494e-05,0.0011679093442882786,0.00010311049986385423,6.155336089360246e-05,2.2633803873510958e-05,0.0019130461708099858,0.0,0.0,0.0,0.0,0.0,0.0008793092515213708,0.0014411878506523474
01_162,Rice with fish and vegetable curry (Burkina Faso)*,4.625987639222827e-05,1.3923115073190159e-05,0.0001433268832178415,3.165432580317384e-05,0.00010209782541444741,0.002043841352504487,5.008224279101491e-05,5.087573706512041e-05,2.978132088619863e-05,0.0012115959081796578,0.0011171586462587239,5.023330860187988e-05,4.259704239269423e-05,8.053163750445783e-05,1.2464861294567157e-05,0.0005605596478448737,0.0004478591727126817
01_034,"Rice, brown, raw",0.0001387796291766848,4.292960480900299e-05,3.485002982351625e-05,9.948502395283208e-05,0.00037435869318630717,0.005839546721441392,0.00019738295688223525,0.00010175147413024081,8.189863243704624e-05,0.002455075919206149,1.4052310015833004e-05,0.0,0.0,0.0,0.0,0.0018465494281948783,0.0013110407406332777
01_152,"Rice, brown, boiled* (as part of a recipe)",5.4423383990856795e-05,1.7403893841487696e-05,1.3743673733217677e-05,4.069841888979494e-05,0.00011911412965018864,0.0023358186885765572,7.954238560925898e-05,4.082620875596082e-05,3.275945297481849e-05,0.000988407188251826,3.513077503958251e-06,0.0,0.0,0.0,0.0,0.0007364214981491479,0.0005225023681647953
01_035,"Rice, brown, boiled* (without salt), drained",5.4423383990856795e-05,1.7403893841487696e-05,1.3743673733217677e-05,4.069841888979494e-05,0.00010209782541444741,0.0023358186885765572,7.954238560925898e-05,3.831382667867092e-05,2.6207562379854794e-05,0.000988407188251826,3.513077503958251e-06,0.0,0.0,0.0,0.0,0.0007034474012170966,0.0005225023681647953
01_036,"Rice, white, polished, raw",2.4490522795885556e-05,3.0166749325245345e-05,1.0798600790385317e-05,4.2959442161450215e-05,0.00017016304235741234,0.003211750696792766,7.365035704561017e-05,0.00011242909795872288,2.5909749170992805e-05,0.0021681189935846504,2.1078465023749505e-05,0.0,0.0,0.0,0.0,0.0013849120711461587,0.0014679828438915676
01_134,"Rice, white, polished, boiled* (as part of a recipe)",8.16350759862852e-06,1.0442336304892618e-05,3.4359184333044193e-06,1.3566139629931646e-05,5.1048912707223706e-05,0.0011679093442882786,2.356811425459525e-05,3.768573115934845e-05,8.636583056997602e-06,0.0007333343654771612,7.026155007916502e-06,0.0,0.0,0.0,0.0,0.00046163735704871957,0.0004937934468370593
01_069,"Rice, white, polished, boiled* (without salt), drained",8.16350759862852e-06,9.282076715460106e-06,3.4359184333044193e-06,1.3566139629931646e-05,3.403260847148247e-05,0.0008759320082162088,2.356811425459525e-05,3.5801444601381025e-05,4.765011341791781e-06,0.0007333343654771612,3.513077503958251e-06,0.0,0.0,0.0,0.0,0.0004396546257606854,0.0004937934468370593
01_037,"Rice, white, raw",3.809636879359975e-05,3.480778768297539e-05,1.0798600790385317e-05,8.139683777958987e-05,0.00027226086777185977,0.005547569385369322,0.0001355166569639227,0.00010552004724617566,5.390419080401952e-05,0.0022318871992783166,1.0539232511874753e-05,0.0,0.0,0.0,0.0,0.0015937480183824842,0.0013837700079968758
01_135,"Rice, white, boiled* (as part of a recipe)",1.3605845997714199e-05,1.1602595894325134e-05,3.4359184333044193e-06,2.713227925986329e-05,6.806521694296494e-05,0.0017518640164324176,4.41902142273661e-05,3.517334908205855e-05,1.8166605740581164e-05,0.0007333343654771612,3.513077503958251e-06,0.0,0.0,0.0,0.0,0.0005385769165568396,0.0004650845255093233
01_038,"Rice, white, boiled* (without salt), drained",1.3605845997714199e-05,1.1602595894325134e-05,3.4359184333044193e-06,2.713227925986329e-05,6.806521694296494e-05,0.0017518640164324176,4.41902142273661e-05,3.39171580434136e-05,9.827835892445548e-06,0.0007333343654771612,3.513077503958251e-06,0.0,0.0,0.0,0.0,0.0005056028196247881,0.0004650845255093233
01_072,"Sorghum, flour, degermed",2.9932861194971232e-05,1.1602595894325132e-06,2.2578892561714754e-05,0.0001062680937677979,0.0005445217355437195,0.010219206762522437,9.132644273655659e-05,5.464431018105525e-05,4.3182915284988013e-05,0.0033159466960706423,3.513077503958251e-06,0.0,0.0,0.0,0.0,0.0019564630846350497,0.0012727621788629628
01_039,"Sorghum, whole grains, raw",7.075039918811382e-05,3.480778768297539e-05,4.221271218059715e-05,0.00026906176932697763,0.001089043471087439,0.019854458852900735,0.0005685807563921105,0.0002330234376686379,9.083302870290582e-05,0.0036666718273858064,3.161769753562426e-05,1.6204293097380608e-06,0.0,0.0,0.0,0.002066376741075221,0.000941652619549741
01_138,"Sorghum, whole grains, boiled* (as part of a recipe)",2.9932861194971232e-05,1.3923115073190159e-05,1.7670437656994154e-05,0.00011079014031110845,0.00035734238895056595,0.008175365410017949,0.0002386271568277769,9.735480549498349e-05,3.782227752547226e-05,0.0015304369366479886,1.4052310015833004e-05,0.0,0.0,0.0,0.0,0.0008683178858773535,0.00039426918623424123
01_042,"Sorghum, whole grains, boiled* (without salt), drained",2.9932861194971232e-05,1.3923115073190159e-05,1.7670437656994154e-05,0.00011079014031110845,0.00032330978047908347,0.008175365410017949,0.0002386271568277769,9.23300413404037e-05,3.0376947303922603e-05,0.0015304369366479886,1.0539232511874753e-05,0.0,0.0,0.0,0.0,0.0008243524233012851,0.00039426918623424123
01_041,"Sorghum, whole grains, red, raw",6.530806078902815e-05,3.0166749325245345e-05,4.3685248652013326e-05,0.00026906176932697763,0.001089043471087439,0.027737846926846613,0.0005685807563921105,0.00019282532443199956,0.0001152537118295887,0.0032202943875301424,3.161769753562426e-05,1.6204293097380608e-06,0.0,0.0,0.0,0.002165299031871375,0.0009569640442578669
01_139,"Sorghum, whole grains, red, boiled* (as part of a recipe)",2.7211691995428398e-05,1.2762855483757646e-05,1.8161283147466215e-05,0.00011079014031110845,0.00035734238895056595,0.011679093442882784,0.0002386271568277769,8.039622647327669e-05,4.7947926626779797e-05,0.00133913231956699,1.4052310015833004e-05,0.0,0.0,0.0,0.0,0.0009012919828094049,0.00040001097049978835
01_070,"Sorghum, whole grains, red, boiled* (without salt), drained",2.7211691995428398e-05,1.2762855483757646e-05,1.8161283147466215e-05,0.00011079014031110845,0.00032330978047908347,0.011679093442882784,0.0002386271568277769,7.662765335734184e-05,3.841790394319623e-05,0.00133913231956699,1.0539232511874753e-05,0.0,0.0,0.0,0.0,0.0008573265202333365,0.00040001097049978835
01_040,"Sorghum, whole grains, white, raw",5.714455319039963e-05,2.0884672609785236e-05,4.123102119965303e-05,0.00026906176932697763,0.001089043471087439,0.01518282147574762,0.00032111555671886027,0.00019345341995132204,7.892050034842637e-05,0.0032202943875301424,2.1078465023749505e-05,0.0,0.0,0.0,0.0,0.002286204053955564,0.0009665336847004455
01_140,"Sorghum, whole grains, white, boiled* (as part of a recipe)",2.4490522795885556e-05,9.282076715460106e-06,1.7179592166522095e-05,0.00011079014031110845,0.00035734238895056595,0.006423501393585532,0.0001325706426820983,8.039622647327669e-05,3.3057266183680484e-05,0.00133913231956699,1.0539232511874753e-05,0.0,0.0,0.0,0.0,0.0009562488110294907,0.00040383882667681983
01_071,"Sorghum, whole grains, white, boiled* (without salt), drained",2.4490522795885556e-05,9.282076715460106e-06,1.7179592166522095e-05,0.00011079014031110845,0.00032330978047908347,0.006423501393585532,0.0001325706426820983,7.662765335734184e-05,2.6505375588716782e-05,0.00133913231956699,7.026155007916502e-06,0.0,0.0,0.0,0.0,0.0009012919828094049,0.00040383882667681983
01_169,Wèsln né souma (Burkina Faso)*: couscous from yellow maize with bambara groundnuts,3.809636879359975e-05,2.0884672609785236e-05,2.2088047071242696e-05,0.00015601060574421395,0.00023822825930037728,0.0026277960246486264,0.00012373259983662507,4.0198113236638345e-05,7.534674184208252e-05,0.0016579733480353211,0.0003513077503958251,3.2408586194761216e-06,0.0,0.0,0.0,0.0006265078417089766,0.000200962449294152
01_043,"Wheat flour, white, unfortified",4.625987639222827e-05,1.1602595894325134e-05,3.7304257275876554e-05,6.330865160634768e-05,0.004083913016577897,0.005839546721441392,5.8920285636488134e-05,6.280955193224741e-05,3.3057266183680484e-05,0.0033159466960706423,1.4052310015833004e-05,0.0,0.0,0.0,0.0,0.0005495682822008567,0.0013282660934299194
01_083,"Wheat flour, white, fortified with iron, zinc, folic acid and vitamins B1, B2, B3, B6, B12 (Benin)",4.625987639222827e-05,1.1602595894325134e-05,3.7304257275876554e-05,6.330865160634768e-05,0.008508152117870618,0.011679093442882784,5.8920285636488134e-05,6.280955193224741e-05,3.3057266183680484e-05,0.0033159466960706423,1.4052310015833004e-05,0.0,9.536651281946469e-05,0.0,0.0,0.005385769165568396,0.0013282660934299194
01_084,"Wheat flour, white, fortified with iron, zinc, folic acid and vitamin B12 (Burkina Faso, Togo)",4.625987639222827e-05,1.1602595894325134e-05,3.7304257275876554e-05,6.330865160634768e-05,0.008508152117870618,0.011679093442882784,5.8920285636488134e-05,6.280955193224741e-05,3.3057266183680484e-05,0.0033159466960706423,1.4052310015833004e-05,0.0,9.536651281946469e-05,0.0,0.0,0.005385769165568396,0.0013282660934299194
01_085,"Wheat flour, white, fortified with iron and folic acid (Cabo Verde)",4.625987639222827e-05,1.1602595894325134e-05,3.7304257275876554e-05,6.330865160634768e-05,0.008508152117870618,0.023358186885765568,5.8920285636488134e-05,6.280955193224741e-05,3.3057266183680484e-05,0.0033159466960706423,1.4052310015833004e-05,0.0,0.0,0.0,0.0,0.0005495682822008567,0.0013282660934299194
01_087,"Wheat flour, white, fortified with iron, zinc, folic acid and vitamins A, B1, B2, B3, B12 (Ghana, Sierra Leone)",4.625987639222827e-05,1.1602595894325134e-05,3.7304257275876554e-05,6.330865160634768e-05,0.007657336906083555,0.022774232213621428,5.8920285636488134e-05,6.280955193224741e-05,3.3057266183680484e-05,0.0033159466960706423,1.4052310015833004e-05,0.00032408586194761213,6.357767521297646e-05,0.0,0.0,0.0036601247594577053,0.0013282660934299194
01_090,"Wheat flour, white, fortified with iron, zinc, folic acid and vitamins B1, B2, B3, B12 (Guinea)",4.625987639222827e-05,1.1602595894325134e-05,3.7304257275876554e-05,6.330865160634768e-05,0.008508152117870618,0.023358186885765568,5.8920285636488134e-05,6.280955193224741e-05,3.3057266183680484e-05,0.0033159466960706423,1.4052310015833004e-05,0.0,0.00012715535042595293,0.0,0.0,0.0065948193864102805,0.0013282660934299194
01_086,"Wheat flour, white, fortified with iron, zinc, folic acid and vitamins B1, B2, B3, B12 (Côte d’Ivoire, Mali, Niger, Senegal)",4.625987639222827e-05,1.1602595894325134e-05,3.7304257275876554e-05,6.330865160634768e-05,0.008508152117870618,0.023358186885765568,5.8920285636488134e-05,6.280955193224741e-05,3.3057266183680484e-05,0.0033159466960706423,1.4052310015833004e-05,0.0,9.536651281946469e-05,0.0,0.0,0.005385769165568396,0.0013282660934299194
01_088,"Wheat flour, white, fortified with iron, zinc, folic acid and vitamins B1, B2, B3, B12 (Liberia)",4.625987639222827e-05,1.1602595894325134e-05,3.7304257275876554e-05,6.330865160634768e-05,0.008508152117870618,0.023358186885765568,5.8920285636488134e-05,6.280955193224741e-05,3.3057266183680484e-05,0.0033159466960706423,1.4052310015833004e-05,0.0,0.00025431070085190586,0.0,0.0,0.010991365644017134,0.0013282660934299194
01_089,"Wheat flour, white, fortified with iron and vitamins A, B1, B2, B3 (Nigeria)",4.625987639222827e-05,1.1602595894325134e-05,3.7304257275876554e-05,6.330865160634768e-05,0.004083913016577897,0.017810617500396246,5.8920285636488134e-05,6.280955193224741e-05,3.3057266183680484e-05,0.0033159466960706423,1.4052310015833004e-05,0.0014583863787642547,0.0,0.0,0.0,0.0005495682822008567,0.0013282660934299194
01_082,"Wheat flour, wholemeal, unfortified",0.00012245261397942776,3.132700891467786e-05,4.7612012575789806e-05,0.00027584483914194346,0.0006806521694296494,0.014306889467531413,0.00020032897116405965,0.0001532553067146837,0.00010602150235486713,0.0038260923416199716,1.7565387519791256e-05,0.0,0.0,0.0,0.0,0.002198273128803427,0.0010162958150018546
01_073,"Wheat, bran, raw",0.00019320301316754163,0.00011834647812211634,0.0001163303812418782,0.0009496297740952152,0.001446385860038005,0.02948971094327903,0.0014229248981211884,0.0006469383849021484,0.00036333211481162327,0.004814499529871797,1.4052310015833004e-05,0.0,0.0,0.0,0.0,0.007353223615847463,-0.0003579045525524422
01_074,"Wheat, whole grains, raw",0.00010612559878217074,3.132700891467786e-05,4.7612012575789806e-05,0.00027584483914194346,0.0006806521694296494,0.016934685492180038,0.00020032897116405965,0.00017837912748758266,0.00010602150235486713,0.0038260923416199716,1.7565387519791256e-05,0.0,0.0,0.0,0.0,0.002198273128803427,0.0008976322735138792
01_142,"Wheat, whole grains, boiled* (as part of a recipe)",5.9865722389942465e-05,1.7403893841487696e-05,2.6996501975963296e-05,0.00015601060574421395,0.0003062934762433422,0.009343274754306229,0.00011194854270932745,0.00010049528309159587,5.956264177239726e-05,0.0021362348907378176,1.0539232511874753e-05,0.0,0.0,0.0,0.0,0.0012310329521299191,0.000503363087279638
01_141,"Wheat, whole grains, boiled* (without salt), drained",5.9865722389942465e-05,1.7403893841487696e-05,2.6996501975963296e-05,0.00015601060574421395,0.00027226086777185977,0.009343274754306229,0.00011194854270932745,9.547051893701607e-05,4.7650113417917805e-05,0.0021362348907378176,7.026155007916502e-06,0.0,0.0,0.0,0.0,0.0011760761239098334,0.000503363087279638
02_093,Banakou né barâand kanss saagbo (Burkina Faso)*: foutou of cassava and unripe plantain,5.714455319039963e-05,9.282076715460106e-06,1.0798600790385317e-05,8.365786105124516e-05,0.00022121195506463604,0.0026277960246486264,5.302825707283932e-05,2.0099056618319173e-05,8.517457773452809e-05,0.00038260923416199715,4.5670007551457264e-05,1.6204293097380608e-06,0.0,0.0007247847375401205,0.0,0.0012640070490619703,0.0004076666828538513
02_091,Banakou né barâand moomd saagbo (Burkina Faso)*: foutou of cassava and ripe plantain,7.075039918811382e-05,5.801297947162567e-06,4.4176094142485384e-06,6.330865160634768e-05,0.00023822825930037728,0.003211750696792766,4.41902142273661e-05,2.3239534214931544e-05,5.539325684832945e-05,0.0003507251313151641,1.4052310015833004e-05,1.7824722407118667e-05,0.0,0.0007650505562923494,0.0,0.0015058170932303473,0.0004421173884471345
02_092,Banakou né kou saagbo (Burkina Faso)*: foutou of yam and cassava,6.25868915894853e-05,8.121817126027593e-06,5.890145885664718e-06,8.81799075945557e-05,0.00025524456353611855,0.003503728032864835,4.124419994554169e-05,2.5123820772898967e-05,7.266642296232465e-05,0.00047826154270249645,2.1078465023749505e-05,3.2408586194761216e-06,0.0,0.00048318982502674703,0.0,0.0009452574453854734,0.00033685134357876916
02_021,"Cassava, sweet, tuber, white flesh, dried",0.00032926147314468355,1.7403893841487696e-05,1.0798600790385317e-05,0.00020575311772062996,0.0007827499948440968,0.010803161434666576,9.132644273655659e-05,7.411527128005195e-05,0.00012210341563341438,0.0004144933370088303,1.7565387519791256e-05,1.6204293097380608e-06,0.0,0.0002818607312656024,0.0,0.000989222907961542,0.0013569750147576554
02_041,"Cassava, fermented paste from white cassava flour (wet fufu)",5.4423383990856795e-05,8.121817126027593e-06,3.4359184333044193e-06,3.843739561813966e-05,0.001174124992266145,0.0026277960246486264,5.5974271354663724e-05,1.7586674541029276e-05,6.194514744329315e-05,0.000318841028468331,1.4052310015833004e-05,0.0,3.8146605127785876e-05,0.0010871771063101806,0.0,0.0006155164760649596,0.0007081533927508214
02_038,"Cassava, flour, from fermented white cassava (alibo/elubo/lafun)",0.00018503950556891308,1.6243634252055187e-05,6.3809913761367785e-06,8.81799075945557e-05,0.0023822825930037727,0.009927229426450367,0.00012078658555480067,8.604908614717897e-05,0.0001453328459246493,0.00047826154270249645,3.513077503958251e-06,0.0,6.357767521297646e-05,0.00016106327500891565,0.0,0.0005165941852688053,0.001479466412422662
02_040,"Cassava, flour, from fermented white cassava (dry fufu)",0.00014150079837622765,1.6243634252055187e-05,7.362682357080898e-06,8.139683777958987e-05,0.0023822825930037727,0.005255592049297253,8.83804284547322e-05,7.976813095395421e-05,0.00012925093264610206,0.000669566159783495,2.4591542527707755e-05,0.0,6.357767521297646e-05,0.00016106327500891565,0.0,0.0012859897803500044,0.0014794664124226625
02_004,"Cassava, flour, from white cassava",0.0001795971671698274,9.282076715460106e-06,3.926763923776478e-06,9.72240006811768e-05,0.0017016304235741235,0.005839546721441392,0.00015024672837304472,6.532193400953731e-05,6.224296065215513e-05,0.0005101456455493296,1.0539232511874753e-05,0.0,0.0,4.026581875222891e-05,0.0,0.0001868532159482913,0.0014469296349178947
02_039,"Cassava, grated, from fermented white cassava, toasted without oil (white gari)",0.00011428910638079926,1.1602595894325134e-05,6.8718368666088385e-06,0.00011305116358276371,0.0008337989075513205,0.0046716373771531145,6.775832848196136e-05,6.532193400953731e-05,9.202428153835376e-05,0.00038260923416199715,7.026155007916502e-06,0.0,6.357767521297646e-05,8.053163750445783e-05,0.0,0.0007364214981491479,0.0014909499809537567
02_001,"Cassava, tuber, white flesh, raw",0.00010068326038308506,4.641038357730053e-06,6.3809913761367785e-06,8.365786105124516e-05,0.00040839130165778965,0.0043796600410810444,3.829818566371728e-05,3.1404775966123706e-05,4.973480587995171e-05,0.0004144933370088303,7.026155007916502e-06,3.2408586194761216e-06,0.0,0.0012079745625668673,0.0,0.0022532299570235123,0.0005339859366958897
02_051,"Cassava, tuber, white flesh, boiled* (as part of a recipe)",8.707741438537086e-05,4.641038357730053e-06,5.3993003951926585e-06,7.235274469296879e-05,0.00027226086777185977,0.003795705368936905,3.240615710006847e-05,2.700810733086639e-05,4.228947565840205e-05,0.0003507251313151641,7.026155007916502e-06,3.2408586194761216e-06,0.0,0.0009261138313012652,0.0,0.0019234889877029983,0.0004555148850667447
02_003,"Cassava, tuber, white flesh, boiled* (without salt), drained",8.163507598628519e-05,3.4807787682975396e-06,5.3993003951926585e-06,7.235274469296879e-05,0.00022121195506463604,0.003503728032864835,2.9460142818244067e-05,2.5123820772898967e-05,3.395070581026643e-05,0.0003507251313151641,3.513077503958251e-06,3.2408586194761216e-06,0.0,0.0007247847375401205,0.0,0.001736635771754707,0.0004555148850667447
02_002,"Cassava, tuber, white flesh, dried",0.00018231833636937026,3.0166749325245345e-05,2.1106356090298576e-05,0.00012661730321269536,0.0007487173863726143,0.004087682705008974,0.00019738295688223525,3.768573115934845e-05,0.0001173384042916226,0.0005420297483961626,1.7565387519791256e-05,1.6204293097380608e-06,0.0,0.0002818607312656024,0.0,0.0004836200883367539,0.0014105650012360958
02_037,"Cassava, tuber, yellow flesh, raw",5.714455319039963e-05,2.3205191788650264e-06,3.926763923776478e-06,6.556967487800296e-05,0.00023822825930037728,0.002043841352504487,2.0622099972770846e-05,1.7586674541029276e-05,2.7994441633026712e-05,0.00022318871992783168,3.513077503958251e-06,6.157631377004632e-05,0.0,0.0006845189187878915,0.0,0.000989222907961542,0.0002622081481266555
02_053,"Cassava, tuber, yellow flesh, boiled* (as part of a recipe)",4.898104559177111e-05,2.3205191788650264e-06,2.945072942832359e-06,5.6525581791381854e-05,0.0001531467381216711,0.0017518640164324176,1.767608569094644e-05,1.5074292463739379e-05,2.4122869917820888e-05,0.00019130461708099857,3.513077503958251e-06,5.1853737911617945e-05,0.0,0.0005234556437789759,0.0,0.0008353437889453021,0.00022392958635634086
02_052,"Cassava, tuber, yellow flesh, boiled* (without salt), drained",4.625987639222827e-05,2.3205191788650264e-06,2.945072942832359e-06,5.6525581791381854e-05,0.00011911412965018864,0.0017518640164324176,1.4730071409122033e-05,1.381810142509443e-05,1.9060045367167123e-05,0.00019130461708099857,3.513077503958251e-06,5.023330860187988e-05,0.0,0.00040265818752228917,0.0,0.0007584042294371821,0.00022392958635634086
02_005,"Cocoyam, tuber, white, raw",4.0817537993142595e-05,1.7403893841487696e-05,6.8718368666088385e-06,4.522046543310549e-05,0.0003913749974220484,0.002043841352504487,3.829818566371728e-05,3.7057635640025974e-05,0.0001581388139057147,0.0010521753939454921,3.161769753562426e-05,0.0,0.0,0.0003221265500178313,0.0,0.0003737064318965826,0.0005148466558107323
02_054,"Cocoyam, tuber, white, boiled* (as part of a recipe)",4.353870719268543e-05,1.856415343092021e-05,7.362682357080898e-06,4.748148870476076e-05,0.00032330978047908347,0.0023358186885765572,4.124419994554169e-05,3.8941922197993397e-05,0.00016647758375385032,0.0010840594967923252,3.513077503958251e-05,0.0,0.0,0.0003221265500178313,0.0,0.00039568916318461677,0.0005416416490499527
02_006,"Cocoyam, tuber, white, boiled* (without salt), drained",4.0817537993142595e-05,1.7403893841487696e-05,7.362682357080898e-06,4.748148870476076e-05,0.00025524456353611855,0.002043841352504487,3.535217138189288e-05,3.6429540120703506e-05,0.00013312250436130788,0.0010840594967923252,2.8104620031666008e-05,0.0,0.0,0.00024159491251337352,0.0,0.0003517237006085483,0.0005416416490499527
02_043,"Cocoyam, tuber, yellow, raw",4.0817537993142595e-05,1.7403893841487696e-05,4.908454904720599e-06,4.522046543310549e-05,0.0003913749974220484,0.002043841352504487,3.829818566371728e-05,3.7057635640025974e-05,0.0001581388139057147,0.0010521753939454921,3.161769753562426e-05,7.45397482479508e-05,0.0,0.0003221265500178313,0.0,0.0003737064318965826,0.00040575275476533557
02_056,"Cocoyam, tuber, yellow, boiled* (as part of a recipe)",4.353870719268543e-05,1.856415343092021e-05,4.908454904720599e-06,4.748148870476076e-05,0.00032330978047908347,0.0023358186885765572,4.124419994554169e-05,3.8941922197993397e-05,0.00016647758375385032,0.0010840594967923252,3.513077503958251e-05,7.940103617716498e-05,0.0,0.0003221265500178313,0.0,0.00039568916318461677,0.0004268059637390086
02_055,"Cocoyam, tuber, yellow, boiled* (without salt), drained",4.0817537993142595e-05,1.7403893841487696e-05,4.908454904720599e-06,4.748148870476076e-05,0.00025524456353611855,0.002043841352504487,3.535217138189288e-05,3.6429540120703506e-05,0.00013312250436130788,0.0010840594967923252,2.8104620031666008e-05,7.45397482479508e-05,0.0,0.00024159491251337352,0.0,0.0003517237006085483,0.0004268059637390086
02_086,Cou nin zindo (Burkina Faso)*: yam and vegetable stew,6.25868915894853e-05,1.2762855483757646e-05,0.00018406705892702247,8.591888432290043e-05,0.00025524456353611855,0.003211750696792766,4.71362285091905e-05,2.6380011811543915e-05,8.636583056997603e-05,0.0005739138512429957,0.0010820278712191413,6.805803100899856e-05,0.0,0.00048318982502674703,0.0,0.000494611453980771,0.00024306886724149816
02_081,"French fries, deep fried in unfortified vegetable oil*",2.9932861194971232e-05,2.0884672609785236e-05,0.0002812544660404903,6.556967487800296e-05,0.00022121195506463604,0.004963614713225184,0.0001325706426820983,5.5900501219700195e-05,0.00024361120484910477,0.0008289866740176606,0.0006393801057204017,0.0,0.0,8.053163750445783e-05,0.0,0.0007034474012170966,0.000524416296253311
02_089,Fufu of ripe and unripe plantain with red palm oil (Burkina Faso)*,4.0817537993142595e-05,1.2762855483757646e-05,0.0001197662996751826,7.91358145079346e-05,0.00020419565082889482,0.0046716373771531145,9.4272457018381e-05,1.4446196944416904e-05,0.0001450350327157873,0.0004144933370088303,0.0009766355461003936,0.00212276239575686,0.0,0.0005637214625312048,0.0,0.00024181004416837695,0.0004306338199160401
02_088,Fufu of ripe plantain with red palm oil (Burkina Faso)*,2.4490522795885556e-05,9.282076715460106e-06,3.239580237115596e-05,4.522046543310549e-05,0.00025524456353611855,0.0026277960246486264,0.00010016448558202982,1.5074292463739379e-05,0.00012925093264610206,0.00038260923416199715,0.001735460286955376,0.0006724781635412952,0.0,0.0006442531000356626,0.0,0.00014288775337222275,0.0005110187996337009
02_096,Fufu of unripe plantain with red palm oil (Burkina Faso)*,2.7211691995428398e-05,1.7403893841487696e-05,5.301131297098247e-05,0.00011531218685441899,0.00017016304235741234,0.0011679093442882786,9.132644273655659e-05,1.3190005905771958e-05,0.00016588195733612635,0.00047826154270249645,0.0018970618521374552,0.0006125222790809869,0.0,0.0005637214625312048,0.0,0.00036271506625256544,0.00038469954579166253
02_099,Fufu of unripe plantain with shea butter (Burkina Faso)*,2.9932861194971232e-05,1.9724413020352724e-05,4.0249330218708904e-05,0.00010400707049614261,0.0001531467381216711,0.0011679093442882786,8.543441417290778e-05,1.1933814867127009e-05,0.00014831097801326916,0.0004144933370088303,0.001640607194348503,0.0,0.0,0.0005234556437789759,0.0,0.0003407323349645311,0.00034450705593283207
02_094,Kou né barâand kanss saagbo (Burkina Faso)*: foutou of yam and unripe plantain,4.353870719268543e-05,1.1602595894325134e-05,1.0307755299913257e-05,9.948502395283208e-05,0.00023822825930037728,0.0026277960246486264,5.5974271354663724e-05,2.1355247656964118e-05,0.00010691494198145307,0.0005101456455493296,4.5670007551457264e-05,3.2408586194761216e-06,0.0,0.00040265818752228917,0.0,0.0004726287226927367,0.0003100563503395489
02_098,Kou né barâand moomd saagbo (Burkina Faso)*: foutou of yam with ripe plantain,5.714455319039963e-05,1.1602595894325134e-05,6.3809913761367785e-06,0.00010400707049614261,0.0003062934762433422,0.003795705368936905,5.8920285636488134e-05,2.700810733086639e-05,0.00010661712877259109,0.0006057979540898289,2.4591542527707755e-05,1.7824722407118667e-05,0.0,0.0004429240062745181,0.0,0.0005495682822008567,0.0003693881210835366
02_090,Kou né kamoag fufu (Burkina Faso)*: fufu of yam with shea butter,5.4423383990856795e-05,1.2762855483757646e-05,2.356058354265887e-05,9.044093086621098e-05,0.00025524456353611855,0.003211750696792766,4.124419994554169e-05,2.3239534214931544e-05,8.011175318387431e-05,0.0005101456455493296,0.0005937100981689443,3.2408586194761216e-06,0.0,0.0003221265500178313,0.0,0.0005056028196247881,0.00026794993239220274
02_087,Kou né téhi kaam fufu (Burkina Faso)*: fufu of yam and red palm oil,6.25868915894853e-05,1.1602595894325134e-05,4.859370355673392e-05,0.00010852911703945317,0.0003062934762433422,0.003795705368936905,4.71362285091905e-05,2.8264298369511338e-05,9.708710608900753e-05,0.000637682056936662,0.00046372623052248914,0.0008085942255592923,0.0,0.00040265818752228917,0.0,0.0005935337447769253,0.00032536777504767477
02_097,Kou saagbo (Burkina Faso)*: foutou of yam,5.714455319039963e-05,1.0442336304892618e-05,6.3809913761367785e-06,9.72240006811768e-05,0.00027226086777185977,0.003503728032864835,4.71362285091905e-05,2.5123820772898967e-05,8.725927019656198e-05,0.0005739138512429957,0.0005480400906174871,3.2408586194761216e-06,0.0,0.00036239236877006023,0.0,0.0005385769165568396,0.00029283099754290727
02_084,"Plantain, deep fried in unfortified vegetable oil*",3.265403039451408e-05,1.5083374662622673e-05,0.00040740175709180976,8.365786105124516e-05,0.0004594402143650133,0.004963614713225184,0.00017381484262763997,2.6380011811543915e-05,0.00023378336895665925,0.000669566159783495,0.0011417501887864316,3.2408586194761215e-05,0.0,0.0011677087438146385,0.0,0.00024181004416837695,0.0009186854824875521
02_042,"Plantain, ripe, ivory flesh, raw",1.632701519725704e-05,9.282076715460106e-06,1.963381961888239e-06,5.2003535248071305e-05,0.00037435869318630717,0.003211750696792766,0.00010900252842750303,1.69585790217068e-05,0.00014860879122213116,0.00044637743985566337,1.4052310015833004e-05,0.00010208704651349782,0.0,0.0008053163750445783,0.0,0.0001538791190162399,0.0005856619950858145
02_058,"Plantain, ripe, ivory flesh, boiled* (as part of a recipe)",1.632701519725704e-05,9.282076715460106e-06,1.963381961888239e-06,4.974251197641604e-05,0.00027226086777185977,0.002919773360720696,0.00010311049986385423,1.6330483502384327e-05,0.00014146127420944352,0.0004144933370088303,1.4052310015833004e-05,9.722575858428365e-05,0.0,0.0006845189187878915,0.0,0.00014288775337222275,0.0005569530737580785
02_057,"Plantain, ripe, ivory flesh, boiled* (without salt), drained",1.632701519725704e-05,9.282076715460106e-06,2.4542274523602996e-06,5.6525581791381854e-05,0.00025524456353611855,0.002919773360720696,0.00010311049986385423,1.6330483502384327e-05,0.00012508154772203426,0.00044637743985566337,1.0539232511874753e-05,0.00010208704651349782,0.0,0.0006039872812834337,0.0,0.00014288775337222275,0.0006143709164135506
02_044,"Plantain, ripe, orange flesh, raw",2.1769353596342715e-05,9.282076715460106e-06,3.4359184333044193e-06,5.2003535248071305e-05,0.00037435869318630717,0.003795705368936905,0.00010900252842750303,2.3867629734254018e-05,0.00014860879122213116,0.00038260923416199715,1.4052310015833004e-05,0.00013935692063747322,0.0,0.0008053163750445783,0.0,0.0001538791190162399,0.0005378137928729212
02_060,"Plantain, ripe, orange flesh, boiled* (as part of a recipe)",2.1769353596342715e-05,9.282076715460106e-06,2.945072942832359e-06,4.974251197641604e-05,0.00027226086777185977,0.003503728032864835,0.00010311049986385423,2.261143869560907e-05,0.00014146127420944352,0.0003507251313151641,1.4052310015833004e-05,0.00013287520339852097,0.0,0.0006845189187878915,0.0,0.00014288775337222275,0.0005110187996337009
02_059,"Plantain, ripe, orange flesh, boiled* (without salt), drained",1.9048184396799877e-05,8.121817126027593e-06,2.945072942832359e-06,4.974251197641604e-05,0.00022121195506463604,0.003503728032864835,9.4272457018381e-05,2.1355247656964118e-05,0.00011316901936755479,0.0003507251313151641,1.0539232511874753e-05,0.00012477305684983068,0.0,0.0005234556437789759,0.0,0.00013189638772820558,0.0005110187996337009
02_046,"Plantain, unripe, ivory flesh, raw",2.1769353596342715e-05,2.0884672609785236e-05,2.6505656485491234e-05,0.00014696651265759284,0.00027226086777185977,0.001459886680360348,0.00011194854270932745,1.6330483502384327e-05,0.00020995831224770035,0.0006057979540898289,0.00011944463513458054,0.00011505048099140231,0.0,0.0008053163750445783,0.0,0.00046163735704871957,0.0004861377344829963
02_065,"Plantain, unripe, ivory flesh, boiled* (as part of a recipe)",2.1769353596342715e-05,1.9724413020352724e-05,2.5033120014075052e-05,0.000140183442842627,0.00020419565082889482,0.001459886680360348,0.00010605651414567864,1.5702387983061853e-05,0.0001998326631463928,0.0005739138512429957,0.00011241848012666403,0.00011018919306218813,0.0,0.0006845189187878915,0.0,0.0004396546257606854,0.0004612566693322919
02_064,"Plantain, unripe, ivory flesh, boiled* (without salt), drained",2.1769353596342715e-05,1.7403893841487696e-05,2.5033120014075052e-05,0.000140183442842627,0.00017016304235741234,0.001459886680360348,9.4272457018381e-05,1.4446196944416904e-05,0.00015992569315888662,0.0005739138512429957,9.134001510291453e-05,0.00010532790513297395,0.0,0.0005234556437789759,0.0,0.00039568916318461677,0.0004612566693322919
02_047,"Plantain, unripe, orange flesh, raw",2.1769353596342715e-05,2.0884672609785236e-05,2.6505656485491234e-05,0.00014696651265759284,0.00027226086777185977,0.001459886680360348,0.00011194854270932745,1.6330483502384327e-05,0.00020995831224770035,0.0006057979540898289,0.00011944463513458054,0.00020741495164647178,0.0,0.0008053163750445783,0.0,0.00046163735704871957,0.0004861377344829963
02_067,"Plantain, unripe, orange flesh, boiled* (as part of a recipe)",2.1769353596342715e-05,1.9724413020352724e-05,2.5033120014075052e-05,0.000140183442842627,0.00020419565082889482,0.001459886680360348,0.00010605651414567864,1.5702387983061853e-05,0.0001998326631463928,0.0005739138512429957,0.00011241848012666403,0.00019769237578804341,0.0,0.0006845189187878915,0.0,0.0004396546257606854,0.0004612566693322919
02_066,"Plantain, unripe, orange flesh, boiled* (without salt), drained",2.1769353596342715e-05,1.7403893841487696e-05,2.5033120014075052e-05,0.000140183442842627,0.00017016304235741234,0.001459886680360348,9.4272457018381e-05,1.4446196944416904e-05,0.00015992569315888662,0.0005739138512429957,9.134001510291453e-05,0.00018634937061987698,0.0,0.0005234556437789759,0.0,0.00039568916318461677,0.0004612566693322919
02_045,"Plantain, unripe, pale flesh, raw",2.1769353596342715e-05,2.0884672609785236e-05,2.6505656485491234e-05,0.00014696651265759284,0.00027226086777185977,0.001459886680360348,0.00011194854270932745,1.6330483502384327e-05,0.00020995831224770035,0.0006057979540898289,0.00011944463513458054,0.0,0.0,0.0008053163750445783,0.0,0.00046163735704871957,0.0004861377344829963
02_063,"Plantain, unripe, pale flesh, boiled* (as part of a recipe)",2.1769353596342715e-05,1.9724413020352724e-05,2.5033120014075052e-05,0.000140183442842627,0.00020419565082889482,0.001459886680360348,0.00010605651414567864,1.5702387983061853e-05,0.0001998326631463928,0.0005739138512429957,0.00011241848012666403,0.0,0.0,0.0006845189187878915,0.0,0.0004396546257606854,0.0004612566693322919
02_062,"Plantain, unripe, pale flesh, boiled* (without salt), drained",2.1769353596342715e-05,1.7403893841487696e-05,2.5033120014075052e-05,0.000140183442842627,0.00017016304235741234,0.001459886680360348,9.4272457018381e-05,1.4446196944416904e-05,0.00015992569315888662,0.0005739138512429957,9.134001510291453e-05,0.0,0.0,0.0005234556437789759,0.0,0.00039568916318461677,0.0004612566693322919
02_048,"Plantain, unripe, pale flesh, flour",5.9865722389942465e-05,3.0166749325245345e-05,6.920921415656043e-05,0.000296194048586841,0.00042540760589353086,0.0046716373771531145,0.0002297891139823037,6.406574297089236e-05,0.0002876875597606788,0.00133913231956699,0.00023888927026916108,0.0,0.0,0.00016106327500891565,0.0,0.0009232747140974391,0.0009875868936741186
02_095,"Porridge, tô, from gari and tomato paste (Burkina Faso)*",5.1702214791313954e-05,9.282076715460106e-06,3.4359184333044193e-06,4.748148870476076e-05,0.00025524456353611855,0.0017518640164324176,3.829818566371728e-05,2.700810733086639e-05,5.152168513312363e-05,0.00022318871992783168,0.0008431386009499802,1.7824722407118667e-05,2.0980632820282235e-05,4.026581875222891e-05,0.0,0.00032974096932051396,0.0005588670018465943
02_085,Potato nin zindo (Burkina Faso)*: potato and vegetable stew,2.9932861194971232e-05,1.3923115073190159e-05,0.00033132070606864037,3.6176372346484395e-05,0.00011911412965018864,0.0023358186885765572,6.775832848196136e-05,2.889239388883381e-05,0.00011465808541186473,0.00047826154270249645,0.001219037893873513,1.4583863787642546e-05,0.0,0.00040265818752228917,0.0,0.00036271506625256544,0.00022775744253337234
02_009,"Potato, raw",1.632701519725704e-05,1.1602595894325134e-05,9.816909809441196e-07,3.843739561813966e-05,0.00017016304235741234,0.002919773360720696,7.659637132743456e-05,3.203287148544618e-05,0.00013967439495627158,0.00047826154270249645,2.8104620031666008e-05,0.0,0.0,0.0005637214625312048,0.0,0.0004066805288286339,0.0003004867098969702
02_068,"Potato, boiled* (as part of a recipe)",1.632701519725704e-05,1.1602595894325134e-05,9.816909809441196e-07,3.843739561813966e-05,0.00013613043388592988,0.002919773360720696,7.659637132743456e-05,3.203287148544618e-05,0.00013967439495627158,0.00047826154270249645,2.8104620031666008e-05,0.0,0.0,0.00048318982502674703,0.0,0.0004066805288286339,0.0003004867098969702
02_010,"Potato, boiled* (without salt), drained",1.3605845997714199e-05,1.0442336304892618e-05,9.816909809441196e-07,3.843739561813966e-05,0.00010209782541444741,0.0026277960246486264,6.775832848196136e-05,2.9520489408156286e-05,0.00011167995332324486,0.00047826154270249645,2.1078465023749505e-05,0.0,0.0,0.00040265818752228917,0.0,0.00036271506625256544,0.0003004867098969702
02_011,"Sweet potato, deep yellow flesh, raw",8.97985835849137e-05,5.22116815244631e-05,4.908454904720599e-06,6.783069814965824e-05,0.0004424239101292721,0.005839546721441392,5.302825707283932e-05,2.3867629734254018e-05,8.428113810794212e-05,0.0005101456455493296,0.00010890540262270578,0.00032408586194761213,0.0,0.0014898352938324698,0.0,0.0005935337447769253,0.0004306338199160401
02_070,"Sweet potato, deep yellow flesh, boiled* (as part of a recipe)",8.97985835849137e-05,5.22116815244631e-05,4.908454904720599e-06,6.783069814965824e-05,0.0003403260847148247,0.005839546721441392,5.302825707283932e-05,2.3867629734254018e-05,8.428113810794212e-05,0.0005101456455493296,0.00010890540262270578,0.00032408586194761213,0.0,0.0013287720188235542,0.0,0.0005935337447769253,0.0004306338199160401
02_012,"Sweet potato, deep yellow flesh, boiled* (without salt), drained",8.435624518582802e-05,4.757064316673304e-05,4.908454904720599e-06,6.783069814965824e-05,0.000289277172007601,0.005547569385369322,4.71362285091905e-05,2.1983343176286595e-05,6.730578520280891e-05,0.0005101456455493296,8.782693759895627e-05,0.00030788156885023154,0.0,0.0010469112875579518,0.0,0.0005385769165568396,0.0004306338199160401
02_049,"Sweet potato, orange flesh, raw",0.00014694313677531334,1.0442336304892618e-05,4.908454904720599e-06,6.783069814965824e-05,0.00018717934659315358,0.0026277960246486264,8.248839989108338e-05,2.763620285018886e-05,8.577020415225204e-05,0.000318841028468331,7.026155007916502e-05,0.0012817595840028061,0.0,0.0012482403813190964,0.0,0.0006814646699290622,0.0003215399188706433
02_073,"Sweet potato, orange flesh, boiled* (as part of a recipe)",0.00014694313677531334,1.0442336304892618e-05,4.908454904720599e-06,6.783069814965824e-05,0.0001531467381216711,0.0026277960246486264,8.248839989108338e-05,2.763620285018886e-05,8.577020415225204e-05,0.000318841028468331,7.026155007916502e-05,0.0012817595840028061,0.0,0.0011274429250624097,0.0,0.0006814646699290622,0.0003215399188706433
02_072,"Sweet potato, orange flesh, boiled* (without salt), drained",0.00014150079837622765,1.0442336304892618e-05,4.908454904720599e-06,6.783069814965824e-05,0.00011911412965018864,0.0026277960246486264,7.365035704561017e-05,2.5751916292221437e-05,6.849703803825685e-05,0.000318841028468331,5.6209240063332016e-05,0.0012169424116132835,0.0,0.0008858480125490362,0.0,0.0006155164760649596,0.0003215399188706433
02_022,"Sweet potato, pale flesh (white/cream/pale yellow), raw",9.251975278445654e-05,5.22116815244631e-05,5.890145885664718e-06,6.783069814965824e-05,0.0004424239101292721,0.003795705368936905,5.302825707283932e-05,2.449572525357649e-05,8.428113810794212e-05,0.00047826154270249645,0.00010890540262270578,8.102146548690304e-06,0.0,0.0008858480125490362,0.0,0.0005935337447769253,0.0003349374154902534
02_069,"Sweet potato, pale flesh (white/cream/pale yellow), boiled* (as part of a recipe)",9.251975278445654e-05,5.22116815244631e-05,5.890145885664718e-06,6.783069814965824e-05,0.0003403260847148247,0.003795705368936905,5.302825707283932e-05,2.449572525357649e-05,8.428113810794212e-05,0.00047826154270249645,0.00010890540262270578,8.102146548690304e-06,0.0,0.0008053163750445783,0.0,0.0005935337447769253,0.0003349374154902534
02_023,"Sweet potato, pale flesh (white/cream/pale yellow), boiled* (without salt), drained",8.707741438537086e-05,4.757064316673304e-05,5.890145885664718e-06,6.783069814965824e-05,0.000289277172007601,0.003503728032864835,4.71362285091905e-05,2.3239534214931544e-05,6.730578520280891e-05,0.00047826154270249645,8.782693759895627e-05,8.102146548690304e-06,0.0,0.0006442531000356626,0.0,0.0005385769165568396,0.0003349374154902534
02_013,"Sweet potato, yellow flesh, raw",0.00010884676798171359,3.0166749325245345e-05,4.908454904720599e-06,6.783069814965824e-05,0.0008848478202585442,0.005547569385369322,5.302825707283932e-05,2.3867629734254018e-05,8.428113810794212e-05,0.00047826154270249645,7.026155007916502e-05,0.0002057945223367337,0.0,0.0012482403813190964,0.0,0.0005935337447769253,0.0004306338199160401
02_071,"Sweet potato, yellow flesh, boiled* (as part of a recipe)",0.00010884676798171359,3.0166749325245345e-05,4.908454904720599e-06,6.783069814965824e-05,0.0006976684736653907,0.005547569385369322,5.302825707283932e-05,2.3867629734254018e-05,8.428113810794212e-05,0.00047826154270249645,7.026155007916502e-05,0.0002057945223367337,0.0,0.0010871771063101806,0.0,0.0005935337447769253,0.0004306338199160401
02_014,"Sweet potato, yellow flesh, boiled* (without salt), drained",0.00010340442958262791,2.6685970556947808e-05,4.908454904720599e-06,6.783069814965824e-05,0.0005615380397794607,0.005255592049297253,4.71362285091905e-05,2.1983343176286595e-05,6.730578520280891e-05,0.00047826154270249645,5.6209240063332016e-05,0.00019607194647830534,0.0,0.0008455821937968073,0.0,0.0005385769165568396,0.0004306338199160401
02_083,"Sweet potato, deep fried in unfortified vegetable oil*",0.00022585704356205567,6.265401782935572e-05,0.0002410051358217814,0.000140183442842627,0.0014293695558022638,0.011387116106810714,0.00010900252842750303,4.961954602647546e-05,0.0001739229139754,0.000988407188251826,0.001036357863667684,8.588275341611722e-05,0.0,0.002375683306381506,0.0,0.001220041586485902,0.0008880626330713005
02_015,"Taro, tuber, white, raw",7.075039918811382e-05,9.746180551233112e-05,1.6688746676050037e-05,9.270195413786624e-05,0.00037435869318630717,0.0046716373771531145,8.83804284547322e-05,5.527240570037772e-05,0.0001042346231016952,0.0008608707768644938,5.972231756729027e-05,3.2408586194761216e-06,0.0,0.0003221265500178313,0.0,0.0006704733042850452,0.00040383882667681983
02_074,"Taro, tuber, white, boiled* (as part of a recipe)",7.075039918811382e-05,9.746180551233112e-05,1.6688746676050037e-05,9.270195413786624e-05,0.000289277172007601,0.0046716373771531145,8.83804284547322e-05,5.464431018105525e-05,0.00010304337026624726,0.0008289866740176606,5.6209240063332016e-05,3.2408586194761216e-06,0.0,0.0002818607312656024,0.0,0.0006594819386410279,0.0003980970424112726
02_016,"Taro, tuber, white, boiled* (without salt), drained",6.802922998857099e-05,8.70194692074385e-05,1.6688746676050037e-05,9.270195413786624e-05,0.00023822825930037728,0.0043796600410810444,7.954238560925898e-05,5.087573706512041e-05,8.24942588547702e-05,0.0008289866740176606,4.5670007551457264e-05,3.2408586194761216e-06,0.0,0.00024159491251337352,0.0,0.0005935337447769253,0.0003980970424112726
02_026,"Tiger nut, tuber, dried",0.00011156793718125643,7.309635413424834e-05,0.00015805224793200327,0.00026453972278366706,0.0027226086777185974,0.018686549508612458,0.00030049345674608945,0.00014257768288620165,0.0001676688365892983,0.0015304369366479886,9.134001510291453e-05,0.0,0.0,0.0005637214625312048,0.0,0.0028577550674444546,0.00070432553657379
02_024,"Tiger nut, tuber, raw",4.0817537993142595e-05,1.7403893841487696e-05,0.0001246747545799032,0.00018992595481904305,0.0020419565082889484,0.011095138770738644,0.0002238970854186549,0.00011933814867127008,8.845052303200994e-05,0.0014029005252606565,3.864385254354076e-05,0.0,0.0,0.00036239236877006023,0.0,0.0010112056392495763,0.00045360095697822894
02_075,"Tiger nut, tuber, boiled* (as part of a recipe)",4.0817537993142595e-05,1.856415343092021e-05,0.00013105574595603998,0.00020123107117731942,0.001599532598159676,0.011679093442882784,0.00023568114254595254,0.00012499100834517234,9.32155343738017e-05,0.0014666687309543224,4.215693004749901e-05,0.0,0.0,0.0003221265500178313,0.0,0.001066162467469662,0.0004765680940404176
02_025,"Tiger nut, tuber, boiled* (without salt), drained",4.0817537993142595e-05,1.6243634252055187e-05,0.00013105574595603998,0.00020123107117731942,0.0012932391219163339,0.010803161434666576,0.0002121130282913573,0.0001168257665939802,7.445330221549658e-05,0.0014666687309543224,3.161769753562426e-05,0.0,0.0,0.00024159491251337352,0.0,0.0009672401766735078,0.0004765680940404176
02_017,"Water yam, tuber, raw",4.0817537993142595e-05,2.436545137808278e-05,2.945072942832359e-06,0.00021931925735056162,0.0004424239101292721,0.0023358186885765572,2.356811425459525e-05,4.082620875596082e-05,8.368551169021815e-05,0.0007652184683239943,2.1078465023749505e-05,4.8612879292141825e-06,0.0,0.0006039872812834337,0.0,0.0004726287226927367,0.00022775744253337237
02_076,"Water yam, tuber, boiled* (as part of a recipe)",4.353870719268543e-05,2.5525710967515292e-05,2.945072942832359e-06,0.00023062437370883798,0.00035734238895056595,0.0026277960246486264,2.356811425459525e-05,4.2710495313928235e-05,8.815270982314795e-05,0.0007971025711708274,2.1078465023749505e-05,4.8612879292141825e-06,0.0,0.0005637214625312048,0.0,0.0005056028196247881,0.00023924101106446673
02_018,"Water yam, tuber, boiled* (without salt), drained",4.0817537993142595e-05,2.3205191788650268e-05,2.945072942832359e-06,0.00023062437370883798,0.000289277172007601,0.0023358186885765572,2.0622099972770846e-05,3.957001771731587e-05,7.058173050029076e-05,0.0007971025711708274,1.7565387519791256e-05,4.8612879292141825e-06,0.0,0.0004429240062745181,0.0,0.0004506459914047024,0.00023924101106446673
02_082,"Yam, tuber, deep fried in unfortified vegetable oil*",0.0001170102755803421,2.0884672609785236e-05,0.00019290227775551952,0.00019897004790566416,0.000578554344015202,0.0072994334018017405,9.132644273655659e-05,5.33881191424103e-05,0.0001849420027032935,0.0011478277024859914,0.0005691185556412367,1.6204293097380608e-06,0.0,0.0007650505562923494,0.0,0.0011321106613337646,0.000589489851262846
02_019,"Yam, tuber, pale, raw",7.075039918811382e-05,1.2762855483757646e-05,7.853527847552957e-06,0.00012661730321269536,0.0004594402143650133,0.0046716373771531145,5.5974271354663724e-05,3.328906252409113e-05,0.00011406245899414074,0.0007333343654771612,2.4591542527707755e-05,4.8612879292141825e-06,0.0,0.0005234556437789759,0.0,0.0007034474012170966,0.000380871689614631
02_077,"Yam, tuber, pale, boiled* (as part of a recipe)",7.347156838765667e-05,1.3923115073190159e-05,8.344373338025019e-06,0.0001334003730276612,0.00037435869318630717,0.0046716373771531145,5.8920285636488134e-05,3.454525356273608e-05,0.00012001872317138049,0.0007652184683239943,2.8104620031666008e-05,4.8612879292141825e-06,0.0,0.00048318982502674703,0.0,0.0007364214981491479,0.00040001097049978835
02_020,"Yam, tuber, pale, boiled* (without salt), drained",7.075039918811382e-05,1.2762855483757646e-05,8.344373338025019e-06,0.0001334003730276612,0.0003062934762433422,0.0043796600410810444,5.302825707283932e-05,3.2660967004768654e-05,9.589585325355959e-05,0.0007652184683239943,2.1078465023749505e-05,4.8612879292141825e-06,0.0,0.00036239236877006023,0.0,0.0006594819386410279,0.00040001097049978835
02_050,"Yam, tuber, three-leaved, pale, raw",3.809636879359975e-05,2.5525710967515292e-05,3.4359184333044193e-06,0.00011531218685441899,0.0003913749974220484,0.0008759320082162088,4.41902142273661e-05,4.1454304275283294e-05,7.17729833357387e-05,0.0005739138512429957,1.7565387519791256e-05,8.102146548690304e-06,0.0,0.0005234556437789759,0.0,0.0006594819386410279,0.00035790455255244226
02_080,"Yam, tuber, three-leaved, pale, boiled* (as part of a recipe)",4.0817537993142595e-05,2.6685970556947808e-05,3.926763923776478e-06,0.00012209525666938482,0.00032330978047908347,0.0008759320082162088,4.71362285091905e-05,4.396668635257319e-05,7.564455505094452e-05,0.0006057979540898289,1.7565387519791256e-05,8.102146548690304e-06,0.0,0.00048318982502674703,0.0,0.0006924560355730794,0.00037704383343759956
02_079,"Yam, tuber, three-leaved, pale, boiled* (without salt, drained)",3.809636879359975e-05,2.436545137808278e-05,3.926763923776478e-06,0.00012209525666938482,0.00025524456353611855,0.0008759320082162088,4.41902142273661e-05,4.082620875596082e-05,6.045608139898322e-05,0.0006057979540898289,1.4052310015833004e-05,8.102146548690304e-06,0.0,0.00036239236877006023,0.0,0.0006265078417089766,0.00037704383343759956
03_009,"African locust bean, dry, raw",0.000897985835849137,0.00014619270826849668,0.0003131594229211742,0.00016279367555917975,0.006466195609581669,0.04087682705008975,0.0004949303993465003,0.00020036247066386925,0.0001503956704753031,0.009246389825581599,0.00017214079769395428,0.0,0.0,0.00024159491251337352,0.0,0.005660553306668824,0.0005856619950858145
03_063,"African locust bean, not soaked, boiled* (without salt), drained",0.00029116510435108384,3.944882604070545e-05,0.0001197662996751826,6.330865160634768e-05,0.0012251739049733688,0.0134309574593152,0.00016203078550034236,6.909050712547215e-05,4.3182915284988013e-05,0.0035391354159984736,4.918308505541551e-05,0.0,0.0,4.026581875222891e-05,0.0,0.0019564630846350497,0.00022392958635634086
03_064,"African locust bean, not soaked, boiled* (without salt), with cooking liquid",0.00021769353596342718,3.480778768297539e-05,7.559020553269723e-05,3.843739561813966e-05,0.0009358967329657679,0.009927229426450367,0.00012078658555480067,4.836335498783051e-05,3.633321148116233e-05,0.0022318871992783166,4.215693004749901e-05,0.0,0.0,4.026581875222891e-05,0.0,0.0013739207055021418,0.00014354460663868
03_065,"African locust bean, soaked, boiled in different water* (without salt), drained",0.0003319826423442264,4.40898643984355e-05,0.0001359642008607606,7.00917214213135e-05,0.0013953369473307814,0.01518282147574762,0.00018265288547311318,7.851193991530927e-05,4.913917946222774e-05,0.0040173969587009705,5.6209240063332016e-05,0.0,0.0,8.053163750445783e-05,0.0,0.0022092644944474433,0.00025455243577259256
03_066,"African locust bean, soaked, boiled in different water* (without salt), with cooking liquid",0.00028028042755291245,4.5250123987868016e-05,9.76782526039399e-05,4.974251197641604e-05,0.0012081576007376277,0.012847002787171064,0.00015319274265486913,6.280955193224741e-05,4.7054487000193834e-05,0.0029014533590618116,5.269616255937376e-05,0.0,0.0,4.026581875222891e-05,0.0,0.0017696098686867585,0.00018373709649751043
03_010,"African yam bean, dry, raw",0.00010884676798171359,0.00011022466099608875,3.239580237115596e-05,0.0003775908863664308,0.008167826033155794,0.011971070778954854,0.0005479586564193396,0.00015890816638858596,0.00038417903943196237,0.006536241083600785,7.026155007916502e-06,1.6204293097380608e-06,0.0,8.053163750445783e-05,0.0,0.002198273128803427,0.0005741784265547202
03_011,"African yam bean, not soaked, boiled* (without salt), drained",3.537519959405691e-05,2.9006489735812833e-05,1.2271137261801497e-05,0.00014470548938593758,0.0015654999896881935,0.003795705368936905,0.0001797068711912888,5.464431018105525e-05,0.00011019088727893492,0.002518844124899815,3.513077503958251e-06,0.0,0.0,0.0,0.0,0.0007584042294371821,0.00021818780209079366
03_060,"African yam bean, not soaked, boiled* (without salt), with cooking liquid",2.7211691995428398e-05,2.6685970556947808e-05,7.853527847552957e-06,9.044093086621098e-05,0.0011911412965018864,0.002919773360720696,0.0001325706426820983,3.831382667867092e-05,9.261990795607774e-05,0.0015942051423416548,3.513077503958251e-06,0.0,0.0,0.0,0.0,0.0005275855509128223,0.0001397167504616486
03_061,"African yam bean, soaked, boiled in different water* (without salt), drained",4.0817537993142595e-05,3.364752809354288e-05,1.4234519223689734e-05,0.000165054698830835,0.0017016304235741235,0.0043796600410810444,0.00020327498544588403,6.218145641292494e-05,0.00012478373451317226,0.0028695692562149787,3.513077503958251e-06,1.6204293097380608e-06,0.0,4.026581875222891e-05,0.0,0.0008573265202333365,0.00024689672341852965
03_062,"African yam bean, soaked, boiled in different water* (without salt), with cooking liquid",3.537519959405691e-05,3.480778768297539e-05,1.0307755299913257e-05,0.00011757321012607428,0.001531467381216711,0.003795705368936905,0.00017086882834581557,4.961954602647546e-05,0.00011972090996251849,0.0020724666850441514,3.513077503958251e-06,0.0,0.0,0.0,0.0,0.0006814646699290622,0.00017799531223196326
03_022,"Bean, white, dry, raw",0.00034558848834194064,0.0001044233630489262,5.595638591381482e-05,0.00042055032852788106,0.006976684736653907,0.02569400557434213,0.0005803648135194081,0.0002506101122096672,0.0005062824550653767,0.00679131390637545,0.00011593155763062229,0.0,0.0,0.0,0.0,0.0035062456404414653,0.0004899655906600278
03_023,"Bean, white, not soaked, boiled* (without salt), drained",0.00011156793718125643,2.7846230146380317e-05,2.1597201580770634e-05,0.00016053265228752446,0.0013272717303878163,0.008467342746090019,0.000188544914036762,8.667718166650143e-05,0.00014622628555123528,0.002614496433440314,3.161769753562426e-05,0.0,0.0,0.0,0.0,0.001220041586485902,0.00018947888076305765
03_079,"Bean, white, not soaked, boiled* (without salt), with cooking liquid",7.891390678674235e-05,2.436545137808278e-05,1.2761982752273557e-05,9.72240006811768e-05,0.0009529130372015091,0.005839546721441392,0.0001325706426820983,5.778478777766762e-05,0.00011704059108276062,0.0015623210394948219,2.8104620031666008e-05,0.0,0.0,0.0,0.0,0.0008133610576572678,0.0001129217572224283
03_081,"Bean, white, soaked, boiled in different water* (without salt), drained",0.00011156793718125643,2.7846230146380317e-05,2.1597201580770634e-05,0.00016053265228752446,0.0013272717303878163,0.008467342746090019,0.000188544914036762,8.667718166650143e-05,0.00014622628555123528,0.002614496433440314,3.161769753562426e-05,0.0,0.0,0.0,0.0,0.001220041586485902,0.00018947888076305765
03_082,"Bean, white, soaked, boiled in different water* (without salt), with cooking liquid",7.891390678674235e-05,2.436545137808278e-05,1.2761982752273557e-05,9.72240006811768e-05,0.0009529130372015091,0.005839546721441392,0.0001325706426820983,5.778478777766762e-05,0.00011704059108276062,0.0015623210394948219,2.8104620031666008e-05,0.0,0.0,0.0,0.0,0.0008133610576572678,0.0001129217572224283
03_144,"Beng rougougdga (Burkina Faso)*: cowpeas and vegetables, boiled",0.00010340442958262791,3.248726850411037e-05,0.00020124665109354453,9.496297740952153e-05,0.0015484836854524522,0.008175365410017949,0.00024451918539142574,8.604908614717897e-05,0.00011882747033593253,0.0022956554049719828,0.0006393801057204017,8.102146548690304e-06,0.0,8.053163750445783e-05,0.0,0.0012749984147059873,0.00023924101106446673
03_148,Beng rougougdga né ki wesla (Burkina Faso)*: cowpeas with pearl millet couscous,8.163507598628519e-05,3.248726850411037e-05,7.362682357080898e-05,9.270195413786624e-05,0.0013613043388592987,0.009927229426450367,0.00025335722823689895,0.0001067762382848206,0.00010304337026624726,0.0022956554049719828,0.0008290862909341473,0.0,0.0,0.0,0.0,0.0015387911901623985,0.0004574288131552603
03_149,"Beng rougougdga né kmaan (Burkina Faso)*: cowpeas and degermed white maize, boiled",6.530806078902815e-05,2.204493219921775e-05,1.1780291771329435e-05,8.81799075945557e-05,0.0011060597753231804,0.005839546721441392,0.0001797068711912888,6.406574297089236e-05,7.772924751297843e-05,0.0020724666850441514,0.000586683943161028,0.0,0.0,0.0,0.0,0.0009452574453854734,0.0004076666828538513
03_150,"Beng rougougdga né kui wesla (Burkina Faso)*: cowpeas and fonio, boiled",0.0001251737831789706,4.873090275616556e-05,0.00013841842831312085,9.496297740952153e-05,0.001667597815102641,0.011387116106810714,0.000268087299646021,9.358623237904864e-05,0.00011614715145617465,0.002614496433440314,0.0017741041394989168,0.0,0.0,0.0,0.0,0.0015387911901623985,0.000466998453597839
03_151,Beng saagbo (Burkina Faso)*: tô (porridge) from cowpeas with maize flour and potash,0.00010068326038308506,2.5525710967515292e-05,0.00015216210204633854,8.365786105124516e-05,0.0013613043388592987,0.009051297418234159,0.0002238970854186549,7.411527128005195e-05,9.649147967128355e-05,0.0021362348907378176,0.0007623378183589405,0.0,0.0,0.0,0.0,0.0011211192956897475,0.00027943350092329714
03_154,Boussan touba (Burkina Faso)*: fried cowpea pancakes,0.00018231833636937026,6.265401782935572e-05,0.00021548117031723425,0.00013113934975600593,0.0023822825930037727,0.018978526844684523,0.0003711977995098752,0.00014383387392484658,0.00018821794800077534,0.0040173969587009705,0.0024556411752668173,0.0,0.0,0.0,0.0,0.0022752126883115466,0.00041915025138494565
03_024,"Broad bean, dry, raw",0.00029116510435108384,9.862206510176361e-05,4.270355767106921e-05,0.0004883810266775393,0.0044242391012927216,0.014598866803603481,0.0003977119280462949,0.0001896848468353872,0.00035737585063438357,0.008034793917401941,9.134001510291453e-05,3.2408586194761216e-06,0.0,4.026581875222891e-05,0.0,0.0020114199128551356,0.00036556026490650517
03_025,"Broad bean, not soaked, boiled* (without salt), drained",8.97985835849137e-05,2.436545137808278e-05,1.5216210204633855e-05,0.00017409879191745612,0.0007827499948440968,0.0043796600410810444,0.00012078658555480067,6.0925265374279995e-05,9.589585325355959e-05,0.0028695692562149787,2.4591542527707755e-05,1.6204293097380608e-06,0.0,0.0,0.0,0.0006484905729970109,0.0001301471100190699
03_083,"Broad bean, not soaked, boiled* (without salt), with cooking liquid",6.25868915894853e-05,2.204493219921775e-05,9.326064318969139e-06,0.0001062680937677979,0.000578554344015202,0.003211750696792766,8.543441417290778e-05,4.1454304275283294e-05,7.772924751297843e-05,0.0017536256565758204,2.1078465023749505e-05,1.6204293097380608e-06,0.0,0.0,0.0,0.0004396546257606854,7.847105162914509e-05
03_084,"Broad bean, soaked, boiled in different water* (without salt), drained",8.97985835849137e-05,2.436545137808278e-05,1.5216210204633855e-05,0.00017409879191745612,0.0007827499948440968,0.0043796600410810444,0.00012078658555480067,6.0925265374279995e-05,9.589585325355959e-05,0.0028695692562149787,2.4591542527707755e-05,1.6204293097380608e-06,0.0,0.0,0.0,0.0006484905729970109,0.0001301471100190699
03_085,"Broad bean, soaked, boiled in different water* (without salt), with cooking liquid",6.25868915894853e-05,2.204493219921775e-05,9.326064318969139e-06,0.0001062680937677979,0.000578554344015202,0.003211750696792766,8.543441417290778e-05,4.1454304275283294e-05,7.772924751297843e-05,0.0017536256565758204,2.1078465023749505e-05,1.6204293097380608e-06,0.0,0.0,0.0,0.0004396546257606854,7.847105162914509e-05
03_004,"Cowpea, dry, raw",0.00022313587436251285,8.70194692074385e-05,3.435918433304419e-05,0.0002848889322285646,0.007146847779011318,0.018102594836468318,0.0007335575561742772,0.00026128773603814923,0.00033355079392542465,0.0072058072433842804,7.728770508708151e-05,1.6204293097380608e-06,0.0,4.026581875222891e-05,0.0,0.0039019348036260825,0.000696669824219727
03_007,"Cowpea, not soaked, boiled* (without salt), drained",7.075039918811382e-05,2.3205191788650268e-05,1.2761982752273557e-05,0.0001062680937677979,0.0013272717303878163,0.005839546721441392,0.00023273512826412813,8.793337270514638e-05,9.35133475826637e-05,0.0027101487419808135,2.1078465023749505e-05,1.6204293097380608e-06,0.0,0.0,0.0,0.0013189638772820558,0.0002602942200381398
03_089,"Cowpea, not soaked, boiled* (without salt), with cooking liquid",5.1702214791313954e-05,1.9724413020352724e-05,7.853527847552957e-06,6.330865160634768e-05,0.0009699293414372505,0.004087682705008974,0.00016497679978216676,5.904097881631257e-05,7.534674184208252e-05,0.0016260892451884878,1.7565387519791256e-05,0.0,0.0,0.0,0.0,0.0008793092515213708,0.0001588560313468059
03_090,"Cowpea, soaked, boiled in different water* (without salt), drained",7.075039918811382e-05,2.3205191788650268e-05,1.2761982752273557e-05,0.0001062680937677979,0.0013272717303878163,0.005839546721441392,0.00023273512826412813,8.793337270514638e-05,9.35133475826637e-05,0.0027101487419808135,2.1078465023749505e-05,1.6204293097380608e-06,0.0,0.0,0.0,0.0013189638772820558,0.0002602942200381398
03_091,"Cowpea, soaked, boiled in different water* (without salt), with cooking liquid",5.1702214791313954e-05,1.9724413020352724e-05,7.853527847552957e-06,6.330865160634768e-05,0.0009699293414372505,0.004087682705008974,0.00016497679978216676,5.904097881631257e-05,7.534674184208252e-05,0.0016260892451884878,1.7565387519791256e-05,0.0,0.0,0.0,0.0,0.0008793092515213708,0.0001588560313468059
03_005,"Cowpea, black, dry, raw",0.00021769353596342718,6.961557536595078e-05,3.632256629493243e-05,0.0004748148870476076,0.006976684736653907,0.016934685492180038,0.0005950948849285301,0.0002524943987676346,0.00041098222822954106,0.006536241083600785,7.728770508708151e-05,3.2408586194761216e-06,0.0,4.026581875222891e-05,0.0,0.004264649869878648,0.0003789577615261153
03_026,"Cowpea, black, not soaked, boiled* (without salt), drained",6.530806078902815e-05,1.856415343092021e-05,1.3743673733217677e-05,0.00017862083846076669,0.001310255426152075,0.004963614713225184,0.000188544914036762,8.604908614717897e-05,0.0001152537118295887,0.002614496433440314,2.1078465023749505e-05,1.6204293097380608e-06,0.0,0.0,0.0,0.0014288775337222273,0.00013206103810758563
03_092,"Cowpea, black, not soaked, boiled* (without salt), with cooking liquid",4.625987639222827e-05,1.6243634252055187e-05,8.344373338025019e-06,0.0001062680937677979,0.0009529130372015091,0.003503728032864835,0.0001355166569639227,5.778478777766762e-05,9.291772116493973e-05,0.0015623210394948219,1.7565387519791256e-05,0.0,0.0,0.0,0.0,0.0009562488110294907,8.038497971766082e-05
03_093,"Cowpea, black, soaked, boiled in different water* (without salt), drained",6.530806078902815e-05,1.856415343092021e-05,1.3743673733217677e-05,0.00017862083846076669,0.001310255426152075,0.004963614713225184,0.000188544914036762,8.604908614717897e-05,0.0001152537118295887,0.002614496433440314,2.1078465023749505e-05,1.6204293097380608e-06,0.0,0.0,0.0,0.0014288775337222273,0.00013206103810758563
03_094,"Cowpea, black, soaked, boiled in different water* (without salt), with cooking liquid",4.625987639222827e-05,1.6243634252055187e-05,8.344373338025019e-06,0.0001062680937677979,0.0009529130372015091,0.003503728032864835,0.0001355166569639227,5.778478777766762e-05,9.291772116493973e-05,0.0015623210394948219,1.7565387519791256e-05,0.0,0.0,0.0,0.0,0.0009562488110294907,8.038497971766082e-05
03_027,"Cowpea, brown, dry, raw",0.00021225119756434148,9.746180551233112e-05,4.466693963295745e-05,0.00028941097877187516,0.007146847779011318,0.019854458852900735,0.000913264427365566,0.00028264298369511337,0.00032461639765956506,0.007524648271852612,8.080078259103977e-05,1.6204293097380608e-06,0.0,0.0,0.0,0.004352580795030784,0.0006564773343608966
03_028,"Cowpea, brown, not soaked, boiled* (without salt), drained",6.802922998857099e-05,2.5525710967515292e-05,1.6688746676050037e-05,0.00010852911703945317,0.0013272717303878163,0.006423501393585532,0.00029165541390061624,9.547051893701607e-05,9.11308419117678e-05,0.002837685153368146,2.4591542527707755e-05,0.0,0.0,0.0,0.0,0.0014618516306542787,0.0002449827953300139
03_095,"Cowpea, brown, not soaked, boiled* (without salt), with cooking liquid",4.898104559177111e-05,2.204493219921775e-05,1.0307755299913257e-05,6.556967487800296e-05,0.0009699293414372505,0.0043796600410810444,0.00020622099972770846,6.406574297089236e-05,7.326204938004862e-05,0.0016898574508821542,1.7565387519791256e-05,0.0,0.0,0.0,0.0,0.000989222907961542,0.0001492863909042272
03_096,"Cowpea, brown, soaked, boiled in different water* (without salt), drained",6.802922998857099e-05,2.5525710967515292e-05,1.6688746676050037e-05,0.00010852911703945317,0.0013272717303878163,0.006423501393585532,0.00029165541390061624,9.547051893701607e-05,9.11308419117678e-05,0.002837685153368146,2.4591542527707755e-05,0.0,0.0,0.0,0.0,0.0014618516306542787,0.0002449827953300139
03_097,"Cowpea, brown, soaked, boiled in different water* (without salt), with cooking liquid",4.898104559177111e-05,2.204493219921775e-05,1.0307755299913257e-05,6.556967487800296e-05,0.0009699293414372505,0.0043796600410810444,0.00020622099972770846,6.406574297089236e-05,7.326204938004862e-05,0.0016898574508821542,1.7565387519791256e-05,0.0,0.0,0.0,0.0,0.000989222907961542,0.0001492863909042272
03_006,"Cowpea, white, dry, raw",0.00020408768996571294,0.00011138492058552127,4.1721866690125086e-05,0.00023966846679545907,0.007146847779011318,0.019562481516828663,0.0006422311134377205,0.00026003154499950427,0.00032759452974818494,0.007333343654771613,8.431386009499802e-05,1.6204293097380608e-06,0.0,0.0,0.0,0.004143744847794459,0.0007598294511407463
03_029,"Cowpea, white, not soaked, boiled* (without salt), drained",6.530806078902815e-05,2.9006489735812833e-05,1.5707055695105914e-05,9.044093086621098e-05,0.0013272717303878163,0.006131524057513463,0.00020327498544588403,8.730527718582391e-05,9.232209474721576e-05,0.0027420328448276464,2.4591542527707755e-05,0.0,0.0,0.0,0.0,0.0013959034367901758,0.0002832613571003286
03_098,"Cowpea, white, not soaked, boiled* (without salt), with cooking liquid",4.625987639222827e-05,2.5525710967515292e-05,9.326064318969139e-06,5.426455851972658e-05,0.0009699293414372505,0.0043796600410810444,0.00014435469980939592,5.904097881631257e-05,7.445330221549658e-05,0.0016579733480353211,1.7565387519791256e-05,0.0,0.0,0.0,0.0,0.0009342660797414564,0.00017225352796641603
03_099,"Cowpea, white, soaked, boiled in different water* (without salt), drained",6.530806078902815e-05,2.9006489735812833e-05,1.5707055695105914e-05,9.044093086621098e-05,0.0013272717303878163,0.006131524057513463,0.00020327498544588403,8.730527718582391e-05,9.232209474721576e-05,0.0027420328448276464,2.4591542527707755e-05,0.0,0.0,0.0,0.0,0.0013959034367901758,0.0002832613571003286
03_100,"Cowpea, white, soaked, boiled in different water* (without salt), with cooking liquid",4.625987639222827e-05,2.5525710967515292e-05,9.326064318969139e-06,5.426455851972658e-05,0.0009699293414372505,0.0043796600410810444,0.00014435469980939592,5.904097881631257e-05,7.445330221549658e-05,0.0016579733480353211,1.7565387519791256e-05,0.0,0.0,0.0,0.0,0.0009342660797414564,0.00017225352796641603
03_045,"Cowpea, dehulled, raw",0.0003238191347455979,0.00011254518017495377,3.583172080446037e-05,0.000296194048586841,0.0073170108213687305,0.011387116106810714,0.000456632213682783,0.00026128773603814923,0.0003782227752547226,0.007365227757618446,3.513077503958251e-05,1.6204293097380608e-06,0.0,0.0,0.0,0.002736850045360266,0.0007177230331934001
03_101,"Cowpea, dehulled, not soaked, boiled* (without salt), drained",0.00010340442958262791,2.9006489735812833e-05,1.3743673733217677e-05,0.00011079014031110845,0.0013613043388592987,0.003795705368936905,0.00014435469980939592,8.793337270514638e-05,0.00010602150235486713,0.0027420328448276464,1.0539232511874753e-05,1.6204293097380608e-06,0.0,0.0,0.0,0.0009232747140974391,0.0002698638604807185
03_102,"Cowpea, dehulled, not soaked, boiled* (without salt), with cooking liquid",7.347156838765667e-05,2.5525710967515292e-05,8.344373338025019e-06,6.783069814965824e-05,0.0009869456456729916,0.0026277960246486264,0.00010311049986385423,5.904097881631257e-05,8.547239094339007e-05,0.0016579733480353211,7.026155007916502e-06,0.0,0.0,0.0,0.0,0.0006155164760649596,0.00016268388752383738
03_103,"Cowpea, dehulled, soaked, boiled in different water* (without salt), drained",0.00010340442958262791,2.9006489735812833e-05,1.3743673733217677e-05,0.00011079014031110845,0.0013613043388592987,0.003795705368936905,0.00014435469980939592,8.793337270514638e-05,0.00010602150235486713,0.0027420328448276464,1.0539232511874753e-05,1.6204293097380608e-06,0.0,0.0,0.0,0.0009232747140974391,0.0002698638604807185
03_104,"Cowpea, dehulled, soaked, boiled in different water* (without salt), with cooking liquid",7.347156838765667e-05,2.5525710967515292e-05,8.344373338025019e-06,6.783069814965824e-05,0.0009869456456729916,0.0026277960246486264,0.00010311049986385423,5.904097881631257e-05,8.547239094339007e-05,0.0016579733480353211,7.026155007916502e-06,0.0,0.0,0.0,0.0,0.0006155164760649596,0.00016268388752383738
03_143,"Cowpeas and rice, boiled (Burkina Faso)*",7.075039918811382e-05,2.5525710967515292e-05,1.1289446280857377e-05,7.235274469296879e-05,0.0010209782541444742,0.006131524057513463,0.000188544914036762,7.725574887666433e-05,8.279207206363218e-05,0.001976814376503652,0.0005831708656570696,0.0,0.0,0.0,0.0,0.0011101279300457306,0.0003693881210835366
03_146,"Faro with eggs, cowpea, potash and vegetables (Burkina Faso)*",0.00017415482877074172,2.9006489735812833e-05,0.00011338530829904584,9.270195413786624e-05,0.001463402164273746,0.009343274754306229,0.00024746519967325015,9.861099653362844e-05,0.00011912528354479452,0.0027739169476744792,0.0008852955309974791,7.291931893821274e-05,1.0808204786205999e-05,0.00024159491251337352,3.7394583883701474e-05,0.0014178861680782104,0.00019330673694008908
03_147,Haricot bambara (Burkina Faso)*: fried paste of cowpea and okra powder with egg and onion,0.00021769353596342718,3.944882604070545e-05,0.00016197901185577973,0.00010174604722448735,0.0018717934659315358,0.012555025451098992,0.00018265288547311318,0.0001168257665939802,0.000130144372272688,0.0032202943875301424,0.0021640557424382825,4.213116205318958e-05,1.7801749059633413e-05,0.0,4.985944517826863e-05,0.0012530156834179532,0.00022201565826782512
03_152,Gonré-1 (Burkina Faso)*: steamed paste of dehulled cowpea and potash,0.00017415482877074172,4.9891162345598066e-05,1.5707055695105914e-05,0.00012887832648435067,0.0018717934659315358,0.008759320082162089,0.00020916701400953286,0.00011494148003601277,0.00016856227621588423,0.0032202943875301424,0.0004004908354512406,1.6204293097380608e-06,0.0,0.0,0.0,0.0011980588551978675,0.00031579813460509606
03_153,Gonré-2 (Burkina Faso)*: steamed paste of non-dehulled cowpea and potash,0.00023129938196114137,3.944882604070545e-05,1.3743673733217677e-05,8.81799075945557e-05,0.0014974347727452287,0.018394572172540383,0.00024451918539142574,8.730527718582391e-05,0.00012954874585496405,0.002455075919206149,0.0010890540262270577,3.5649444814237334e-05,0.0,0.00016106327500891565,0.0,0.0013739207055021418,0.00023158529871040377
03_057,"Ground bean, dry, raw",0.00016327015197257038,6.033349865049069e-05,5.0066240028150105e-05,0.0004047231656262941,0.008167826033155794,0.029197733607206962,0.0005479586564193396,0.00023051105559134802,7.862268713956439e-05,0.007588416477546277,3.161769753562426e-05,1.6204293097380608e-06,0.0,8.053163750445783e-05,0.0,0.0012310329521299191,0.0004842238063944807
03_113,"Ground bean, not soaked, boiled* (without salt), drained",5.4423383990856795e-05,1.6243634252055187e-05,1.9142974128410335e-05,0.00015601060574421395,0.0015654999896881935,0.009635252090378297,0.0001797068711912888,7.976813095395421e-05,2.2633803873510958e-05,0.0029014533590618116,1.0539232511874753e-05,0.0,0.0,0.0,0.0,0.00042866326011666825,0.00018373709649751043
03_114,"Ground bean, not soaked, boiled* (without salt), with cooking liquid",4.0817537993142595e-05,1.5083374662622673e-05,1.2271137261801497e-05,9.72240006811768e-05,0.0011911412965018864,0.00700745606572967,0.0001325706426820983,5.5900501219700195e-05,1.9060045367167123e-05,0.0018492779651163196,7.026155007916502e-06,0.0,0.0,0.0,0.0,0.00029676687238846264,0.0001186635414879755
03_115,"Ground bean, soaked, boiled in different water* (without salt), drained",5.4423383990856795e-05,1.6243634252055187e-05,1.9142974128410335e-05,0.00015601060574421395,0.0015654999896881935,0.009635252090378297,0.0001797068711912888,7.976813095395421e-05,2.2633803873510958e-05,0.0029014533590618116,1.0539232511874753e-05,0.0,0.0,0.0,0.0,0.00042866326011666825,0.00018373709649751043
03_116,"Ground bean, soaked, boiled in different water* (without salt), with cooking liquid",4.0817537993142595e-05,1.5083374662622673e-05,1.2271137261801497e-05,9.72240006811768e-05,0.0011911412965018864,0.00700745606572967,0.0001325706426820983,5.5900501219700195e-05,1.9060045367167123e-05,0.0018492779651163196,7.026155007916502e-06,0.0,0.0,0.0,0.0,0.00029676687238846264,0.0001186635414879755
03_052,"Jack bean, whole, dry, raw",0.0003238191347455979,8.121817126027592e-05,3.975848472823685e-05,0.0003527196303782228,0.008167826033155794,0.012847002787171064,0.0003711977995098752,0.0001915691333933546,0.00026475594267830584,0.007684068786086777,2.1078465023749505e-05,1.6204293097380608e-06,0.0,8.053163750445783e-05,0.0,0.0026599104858521464,0.0005129327277222166
03_109,"Jack bean, not soaked, boiled* (without salt), drained",0.00010612559878217074,2.204493219921775e-05,1.5216210204633855e-05,0.00013566139629931647,0.0015654999896881935,0.004087682705008974,0.00012078658555480067,6.595002952885979e-05,7.59423682598065e-05,0.002933337461908645,7.026155007916502e-06,0.0,0.0,0.0,0.0,0.0009232747140974391,0.00019713459311712062
03_110,"Jack bean, not soaked, boiled* (without salt), with cooking liquid",7.891390678674235e-05,1.9724413020352724e-05,9.816909809441199e-06,8.591888432290043e-05,0.0011911412965018864,0.003211750696792766,8.83804284547322e-05,4.647906842986309e-05,6.402983990532706e-05,0.0018492779651163196,7.026155007916502e-06,0.0,0.0,0.0,0.0,0.0006484905729970109,0.0001244053257535227
03_111,"Jack bean, soaked, boiled in different water* (without salt), drained",0.00010612559878217074,2.204493219921775e-05,1.5216210204633855e-05,0.00013566139629931647,0.0015654999896881935,0.004087682705008974,0.00012078658555480067,6.595002952885979e-05,7.59423682598065e-05,0.002933337461908645,7.026155007916502e-06,0.0,0.0,0.0,0.0,0.0009232747140974391,0.00019713459311712062
03_112,"Jack bean, soaked, boiled in different water* (without salt), with cooking liquid",7.891390678674235e-05,1.9724413020352724e-05,9.816909809441199e-06,8.591888432290043e-05,0.0011911412965018864,0.003211750696792766,8.83804284547322e-05,4.647906842986309e-05,6.402983990532706e-05,0.0018492779651163196,7.026155007916502e-06,0.0,0.0,0.0,0.0,0.0006484905729970109,0.0001244053257535227
03_030,"Lentil, dry, raw",0.00020136652076617012,0.00010558362263835871,3.779510276634861e-05,0.0003843739561813967,0.002552445635361185,0.019562481516828663,0.00034762968525527994,0.00024621344357440985,0.00020578892732363253,0.007524648271852612,0.00017565387519791255,3.2408586194761216e-06,0.0,0.0002818607312656024,0.0,0.004275641235522665,0.00056078092993511
03_031,"Lentil, not soaked, boiled* (without salt), drained",6.530806078902815e-05,2.7846230146380317e-05,1.4234519223689734e-05,0.00014470548938593758,0.00047645651860075456,0.006131524057513463,0.00011194854270932745,8.353670406988905e-05,5.837138893694932e-05,0.002837685153368146,4.918308505541551e-05,1.6204293097380608e-06,0.0,8.053163750445783e-05,0.0,0.0014508602650102618,0.00021244601782524644
03_086,"Lentil, not soaked, boiled* (without salt), with cooking liquid",4.625987639222827e-05,2.5525710967515292e-05,8.835218828497077e-06,9.044093086621098e-05,0.00035734238895056595,0.0046716373771531145,8.248839989108338e-05,5.778478777766762e-05,4.854355304450377e-05,0.0017855097594226535,4.215693004749901e-05,0.0,0.0,4.026581875222891e-05,0.0,0.0010002142736055594,0.00013206103810758563
03_087,"Lentil, soaked, boiled in different water* (without salt), drained",6.530806078902815e-05,2.7846230146380317e-05,1.4234519223689734e-05,0.00014470548938593758,0.00047645651860075456,0.006131524057513463,0.00011194854270932745,8.353670406988905e-05,5.837138893694932e-05,0.002837685153368146,4.918308505541551e-05,1.6204293097380608e-06,0.0,8.053163750445783e-05,0.0,0.0014508602650102618,0.00021244601782524644
03_088,"Lentil, soaked, boiled in different water* (without salt), with cooking liquid",4.625987639222827e-05,2.5525710967515292e-05,8.835218828497077e-06,9.044093086621098e-05,0.00035734238895056595,0.0046716373771531145,8.248839989108338e-05,5.778478777766762e-05,4.854355304450377e-05,0.0017855097594226535,4.215693004749901e-05,0.0,0.0,4.026581875222891e-05,0.0,0.0010002142736055594,0.00013206103810758563
03_032,"Pigeon pea, dry, raw",0.00032926147314468355,0.00012878881442700897,5.0066240028150105e-05,0.0004748148870476076,0.00578554344015202,0.013138980123243132,0.0005626887278284617,0.00020224675722183667,0.0004943699267108973,0.0066318933921412845,1.0539232511874753e-05,1.2963434477904486e-05,0.0,4.026581875222891e-05,0.0,0.002736850045360266,0.00039426918623424123
03_033,"Pigeon pea, not soaked, boiled* (without salt), drained",0.00012245261397942776,3.944882604070545e-05,2.2088047071242696e-05,0.00020575311772062996,0.0012592065134448514,0.004963614713225184,0.00020916701400953286,7.914003543463174e-05,0.0001614147592031966,0.0028695692562149787,3.513077503958251e-06,6.481717238952243e-06,0.0,0.0,0.0,0.0010771538331136791,0.0001722535279664161
03_121,"Pigeon pea, not soaked, boiled* (without salt), with cooking liquid",0.00010340442958262791,4.060908563013796e-05,1.5707055695105914e-05,0.0001492275359292481,0.001089043471087439,0.004087682705008974,0.0001767608569094644,6.343764745156989e-05,0.00015486286860823286,0.0020724666850441514,3.513077503958251e-06,4.8612879292141825e-06,0.0,0.0,0.0,0.0008573265202333365,0.00012249139766500695
03_122,"Pigeon pea, soaked, boiled in different water* (without salt), drained",0.00012245261397942776,3.944882604070545e-05,2.2088047071242696e-05,0.00020575311772062996,0.0012592065134448514,0.004963614713225184,0.00020916701400953286,7.914003543463174e-05,0.0001614147592031966,0.0028695692562149787,3.513077503958251e-06,6.481717238952243e-06,0.0,0.0,0.0,0.0010771538331136791,0.0001722535279664161
03_123,"Pigeon pea, soaked, boiled in different water* (without salt), with cooking liquid",0.00010340442958262791,4.060908563013796e-05,1.5707055695105914e-05,0.0001492275359292481,0.001089043471087439,0.004087682705008974,0.0001767608569094644,6.343764745156989e-05,0.00015486286860823286,0.0020724666850441514,3.513077503958251e-06,4.8612879292141825e-06,0.0,0.0,0.0,0.0008573265202333365,0.00012249139766500695
03_055,"Pigeon pea, brown, dry, raw",0.0002966074427501695,0.00012646829524814396,4.8102858066261864e-05,0.0004725538637759523,0.00578554344015202,0.0134309574593152,0.000550904670701164,0.0002060153303377715,0.0005360637759515754,0.006568125186447619,7.026155007916502e-06,1.2963434477904486e-05,0.0,4.026581875222891e-05,0.0,0.0026379277545641117,0.00040001097049978835
03_132,"Pigeon pea, brown, not soaked, boiled* (without salt), drained",0.00010884676798171359,3.828856645127294e-05,2.1106356090298576e-05,0.00020575311772062996,0.0012592065134448514,0.004963614713225184,0.00020327498544588403,8.039622647327669e-05,0.00017511416681084794,0.0028695692562149787,3.513077503958251e-06,6.481717238952243e-06,0.0,0.0,0.0,0.0010331883705376106,0.00017416745605493175
03_133,"Pigeon pea, brown, not soaked, boiled* (without salt), with cooking liquid",9.251975278445654e-05,3.944882604070545e-05,1.5216210204633855e-05,0.00014696651265759284,0.001089043471087439,0.0043796600410810444,0.00017086882834581557,6.406574297089236e-05,0.0001676688365892983,0.0020724666850441514,3.513077503958251e-06,4.8612879292141825e-06,0.0,0.0,0.0,0.0008243524233012851,0.0001263192538420384
03_134,"Pigeon pea, brown, soaked, boiled in different water* (without salt), drained",0.00010884676798171359,3.828856645127294e-05,2.1106356090298576e-05,0.00020575311772062996,0.0012592065134448514,0.004963614713225184,0.00020327498544588403,8.039622647327669e-05,0.00017511416681084794,0.0028695692562149787,3.513077503958251e-06,6.481717238952243e-06,0.0,0.0,0.0,0.0010331883705376106,0.00017416745605493175
03_135,"Pigeon pea, brown, soaked, boiled in different water* (without salt), with cooking liquid",9.251975278445654e-05,3.944882604070545e-05,1.5216210204633855e-05,0.00014696651265759284,0.001089043471087439,0.0043796600410810444,0.00017086882834581557,6.406574297089236e-05,0.0001676688365892983,0.0020724666850441514,3.513077503958251e-06,4.8612879292141825e-06,0.0,0.0,0.0,0.0008243524233012851,0.0001263192538420384
03_054,"Pigeon pea, cream, dry, raw",0.0003673578419382833,0.00011486569935381881,4.908454904720599e-05,0.0004544656776027102,0.005615380397794608,0.013722934795387273,0.0004978764136283247,0.0002116681900116738,0.0005062824550653767,0.00586667492381729,7.026155007916502e-06,1.2963434477904486e-05,0.0,4.026581875222891e-05,0.0,0.0031874960367649684,0.00043254774800455584
03_128,"Pigeon pea, cream, not soaked, boiled* (without salt), drained",0.00013605845997714198,3.480778768297539e-05,2.1106356090298576e-05,0.00019897004790566416,0.0012251739049733688,0.005255592049297253,0.0001855988997549376,8.290860855056659e-05,0.0001652863309184024,0.002550728227746648,3.513077503958251e-06,6.481717238952243e-06,0.0,0.0,0.0,0.0012420243177739358,0.0001875649526745419
03_129,"Pigeon pea, cream, not soaked, boiled* (without salt), with cooking liquid",0.00011428910638079926,3.596804727240791e-05,1.5216210204633855e-05,0.0001424444661142823,0.0010550108626159566,0.0043796600410810444,0.00015613875693669356,6.595002952885979e-05,0.0001584366271145767,0.0018492779651163196,3.513077503958251e-06,4.8612879292141825e-06,0.0,0.0,0.0,0.0010002142736055594,0.00013397496619610137
03_130,"Pigeon pea, cream, soaked, boiled in different water* (without salt), drained",0.00013605845997714198,3.480778768297539e-05,2.1106356090298576e-05,0.00019897004790566416,0.0012251739049733688,0.005255592049297253,0.0001855988997549376,8.290860855056659e-05,0.0001652863309184024,0.002550728227746648,3.513077503958251e-06,6.481717238952243e-06,0.0,0.0,0.0,0.0012420243177739358,0.0001875649526745419
03_131,"Pigeon pea, cream, soaked, boiled in different water* (without salt), with cooking liquid",0.00011428910638079926,3.596804727240791e-05,1.5216210204633855e-05,0.0001424444661142823,0.0010550108626159566,0.0043796600410810444,0.00015613875693669356,6.595002952885979e-05,0.0001584366271145767,0.0018492779651163196,3.513077503958251e-06,4.8612879292141825e-06,0.0,0.0,0.0,0.0010002142736055594,0.00013397496619610137
03_053,"Pigeon pea, white, dry, raw",9.796209118354222e-05,0.00012646829524814396,8.93338792659149e-05,0.00046577079396098654,0.005615380397794608,0.012847002787171064,0.000550904670701164,0.00019847818410590184,0.0004854355304450377,0.005292761072574295,1.0539232511874753e-05,1.2963434477904486e-05,0.0,4.026581875222891e-05,0.0,0.0011101279300457306,0.0004172363232964299
03_124,"Pigeon pea, white, not soaked, boiled* (without salt), drained",3.537519959405691e-05,3.828856645127294e-05,3.877679374729273e-05,0.00020123107117731942,0.0012421902092091101,0.0046716373771531145,0.00020327498544588403,7.725574887666433e-05,0.0001584366271145767,0.0022956554049719828,3.513077503958251e-06,6.481717238952243e-06,0.0,0.0,0.0,0.00042866326011666825,0.0001818231684089947
03_125,"Pigeon pea, white, not soaked, boiled* (without salt), with cooking liquid",2.9932861194971232e-05,3.944882604070545e-05,2.797819295690741e-05,0.00014470548938593758,0.0010720271668516977,0.004087682705008974,0.00017381484262763997,6.218145641292494e-05,0.000151884736519613,0.0016579733480353211,3.513077503958251e-06,4.8612879292141825e-06,0.0,0.0,0.0,0.0003407323349645311,0.0001301471100190699
03_126,"Pigeon pea, white, soaked, boiled in different water* (without salt), drained",3.537519959405691e-05,3.828856645127294e-05,3.877679374729273e-05,0.00020123107117731942,0.0012421902092091101,0.0046716373771531145,0.00020327498544588403,7.725574887666433e-05,0.0001584366271145767,0.0022956554049719828,3.513077503958251e-06,6.481717238952243e-06,0.0,0.0,0.0,0.00042866326011666825,0.0001818231684089947
03_127,"Pigeon pea, white, soaked, boiled in different water* (without salt), with cooking liquid",2.9932861194971232e-05,3.944882604070545e-05,2.797819295690741e-05,0.00014470548938593758,0.0010720271668516977,0.004087682705008974,0.00017381484262763997,6.218145641292494e-05,0.000151884736519613,0.0016579733480353211,3.513077503958251e-06,4.8612879292141825e-06,0.0,0.0,0.0,0.0003407323349645311,0.0001301471100190699
03_142,"Porridge of cowpeas, yam and potash (Burkina Faso)*",0.0001795971671698274,3.364752809354288e-05,1.2761982752273557e-05,9.72240006811768e-05,0.0012081576007376277,0.020146436188972803,0.0002121130282913573,7.788384439598679e-05,0.00012984655906382603,0.0020724666850441514,0.0013841525365595507,1.6204293097380608e-06,0.0,0.00016106327500891565,0.0,0.0012640070490619703,0.0003062284941625174
03_145,Soumma (Burkina Faso)*: bambara groundnuts boiled with potash,0.00010612559878217074,4.757064316673304e-05,4.7612012575789806e-05,0.0003255873511183595,0.0005104891270722371,0.00788338807394588,0.00027987135677331863,8.416479958921154e-05,0.00017511416681084794,0.00309275797614281,0.000839625523446022,0.0,0.0,0.0,0.0,0.0013409466085700903,5.3589986478440525e-05
03_051,"Sweet dattock, whole, raw",0.0008163507598628518,0.00013575037196360403,0.00046728490692940093,0.0004431605612444338,0.004594402143650133,0.021898300205405223,0.0006068789420558277,9.672670997566102e-05,0.0004348072849385,0.0033797149017643084,0.0004215693004749901,0.0,0.0,0.0,0.0,0.004000857094422237,0.0002736917166577498
03_105,"Sweet dattock, not soaked, boiled* (without salt), drained",0.00026667458155519826,3.596804727240791e-05,0.00017915860402230183,0.00016957674537414557,0.0008848478202585442,0.0072994334018017405,0.00019738295688223525,3.328906252409113e-05,0.00012537936093089623,0.001307248216720157,0.0001229577126385388,0.0,0.0,0.0,0.0,0.0013849120711461587,0.00010526604486836535
03_106,"Sweet dattock, not soaked, boiled* (without salt), with cooking liquid",0.00019864535156662727,3.248726850411037e-05,0.00011338530829904584,0.0001062680937677979,0.0006636358651939081,0.005255592049297253,0.00014730071409122035,2.3239534214931544e-05,0.00010572368914600513,0.0008289866740176606,0.00010187924761478927,0.0,0.0,0.0,0.0,0.0009672401766735078,6.698748309805066e-05
03_107,"Sweet dattock, soaked, boiled in different water* (without salt), drained",0.00026667458155519826,3.596804727240791e-05,0.00017915860402230183,0.00016957674537414557,0.0008848478202585442,0.0072994334018017405,0.00019738295688223525,3.328906252409113e-05,0.00012537936093089623,0.001307248216720157,0.0001229577126385388,0.0,0.0,0.0,0.0,0.0013849120711461587,0.00010526604486836535
03_108,"Sweet dattock, soaked, boiled in different water* (without salt), with cooking liquid",0.00019864535156662727,3.248726850411037e-05,0.00011338530829904584,0.0001062680937677979,0.0006636358651939081,0.005255592049297253,0.00014730071409122035,2.3239534214931544e-05,0.00010572368914600513,0.0008289866740176606,0.00010187924761478927,0.0,0.0,0.0,0.0,0.0009672401766735078,6.698748309805066e-05
04_023,"Amaranth, leaves, fresh, raw",0.001001390265431765,3.364752809354288e-05,1.0307755299913257e-05,8.591888432290043e-05,0.0012932391219163339,0.02102236819718901,0.00047136228509190507,4.3338590833250716e-05,0.00016230819882978253,0.001307248216720157,2.4591542527707755e-05,0.00036459659469106366,0.0,0.0026978098563993375,0.0,0.0007254301325051309,-1.5311424708125866e-05
04_086,"Amaranth, leaves, fresh, boiled* (as part of a recipe)",0.0010639771570212502,3.596804727240791e-05,1.0798600790385317e-05,9.270195413786624e-05,0.0009699293414372505,0.022482254877549363,0.0005037684421919735,4.647906842986309e-05,0.00017273166113995205,0.0014029005252606565,2.4591542527707755e-05,0.0003500127309034211,0.0,0.0017314302063458436,0.0,0.0007693955950811992,-1.7225352796641593e-05
04_024,"Amaranth, leaves, fresh, boiled* (without salt), drained",0.0009714574042367937,3.248726850411037e-05,1.0307755299913257e-05,8.81799075945557e-05,0.0006636358651939081,0.01605875348396383,0.00028870939961879184,4.0198113236638345e-05,8.279207206363218e-05,0.00133913231956699,1.7565387519791256e-05,0.0003354288671157786,0.0,0.0010871771063101806,0.0,0.0005605596478448737,-1.5311424708125866e-05
04_001,"Baobab, leaves, fresh, raw",0.0008517259594569088,2.0884672609785236e-05,8.344373338025019e-06,0.00024419051333876964,0.0016505815108668997,0.010219206762522437,0.00015319274265486913,5.33881191424103e-05,0.00011197776653210685,0.0012434800110264909,0.00014754925516624652,0.00034515144297420693,0.0,0.0018924934813547593,0.0,0.000989222907961542,-0.00010335211677984963
04_087,"Baobab, leaves, fresh, boiled* (as part of a recipe)",0.0009061493434477655,2.204493219921775e-05,8.835218828497077e-06,0.00026001767624035655,0.0012251739049733688,0.010803161434666576,0.00016203078550034236,5.6528596739022676e-05,0.00011912528354479452,0.00133913231956699,0.00015457541017416303,0.0003305675791865644,0.0,0.0012079745625668673,0.0,0.0010441797361816275,-0.00011100782913391256
04_025,"Baobab, leaves, fresh, boiled* (without salt), drained",0.0008272354366610233,2.0884672609785236e-05,8.835218828497077e-06,0.0002487125598820802,0.0008337989075513205,0.00759141073787381,9.4272457018381e-05,4.899145050715298e-05,5.7180136101501364e-05,0.001275364113873324,0.00011241848012666403,0.0003176041447086599,0.0,0.0007650505562923494,0.0,0.0007584042294371821,-0.00010526604486836535
04_003,"Bean, green, raw",0.00011156793718125643,1.2762855483757646e-05,6.3809913761367785e-06,9.948502395283208e-05,0.0006125869524866844,0.003503728032864835,0.00012667861411844948,4.7107163949185555e-05,7.445330221549658e-05,0.000637682056936662,7.026155007916502e-06,3.078815688502316e-05,0.0,0.0004429240062745181,0.0,0.0002198273128803427,1.5311424708125866e-05
04_088,"Bean, green, boiled* (as part of a recipe)",0.00011973144477988493,1.3923115073190159e-05,6.8718368666088385e-06,0.0001062680937677979,0.0004594402143650133,0.003795705368936905,0.0001355166569639227,5.087573706512041e-05,8.011175318387431e-05,0.000669566159783495,7.026155007916502e-06,2.9167727575285092e-05,0.0,0.00036239236877006023,0.0,0.00024181004416837695,1.7225352796641593e-05
04_026,"Bean, green, boiled* (without salt), drained",0.0001170102755803421,1.2762855483757646e-05,6.8718368666088385e-06,0.00010852911703945317,0.0003403260847148247,0.002919773360720696,8.248839989108338e-05,4.647906842986309e-05,4.080040961409212e-05,0.0007014502626303282,7.026155007916502e-06,3.078815688502316e-05,0.0,0.0003221265500178313,0.0,0.00017586185030427415,1.9139280885157338e-05
04_006,"Carrot, raw",9.796209118354222e-05,8.121817126027593e-06,4.4176094142485384e-06,7.235274469296879e-05,0.000289277172007601,0.0023358186885765572,4.124419994554169e-05,3.0148584927478757e-05,6.700797199394692e-05,0.00028695692562149785,0.0001229577126385388,0.0010322134703031447,0.0,0.0002818607312656024,0.0,0.00027478414110042836,4.402034603586187e-05
04_091,"Carrot, boiled* (as part of a recipe)",0.00010340442958262791,9.282076715460106e-06,4.4176094142485384e-06,7.687479123627932e-05,0.00020419565082889482,0.0026277960246486264,4.41902142273661e-05,3.1404775966123706e-05,6.968829087370479e-05,0.000318841028468331,0.00012647079014249703,0.0009673962979136222,0.0,0.00024159491251337352,0.0,0.0002857755067444455,4.593427412437761e-05
04_007,"Carrot, boiled* (without salt), drained",0.00010068326038308506,8.121817126027593e-06,4.908454904720599e-06,7.687479123627932e-05,0.0001531467381216711,0.1903692231189894,2.651412853641966e-05,2.889239388883381e-05,3.216382655709452e-05,0.000318841028468331,7.026155007916502e-05,0.000988461878940217,0.0,0.00012079745625668676,0.0,0.0002198273128803427,4.784820221289335e-05
04_008,"Cassava, leaves, fresh, raw",0.0008109084214637662,1.856415343092021e-05,2.5523965504547114e-05,0.00017862083846076669,0.0020419565082889484,0.01605875348396383,0.00021505904257318166,9.107385030175876e-05,0.00021174519150087226,0.0024231918163593155,2.1078465023749505e-05,0.00046506321189482345,0.0,0.0013287720188235542,0.0,0.0014178861680782104,2.296713706218879e-05
04_092,"Cassava, leaves, fresh, boiled* (as part of a recipe)",0.0008626106362550802,1.9724413020352724e-05,2.7487347466435354e-05,0.00018992595481904305,0.001463402164273746,0.01722666282825211,0.0002268430997004793,9.672670997566102e-05,0.0002254445991085236,0.002550728227746648,2.1078465023749505e-05,0.0004456180601779667,0.0,0.0008455821937968073,0.0,0.0015168084588743642,2.4881065150704518e-05
04_028,"Cassava, leaves, fresh, boiled* (without salt), drained",0.0007864178986678805,1.856415343092021e-05,2.6014810995019172e-05,0.00018314288500407723,0.0010039619499087329,0.012263048115026926,0.00012962462840027388,8.353670406988905e-05,0.00010810619481690101,0.002455075919206149,1.4052310015833004e-05,0.000427793337770848,0.0,0.0005234556437789759,0.0,0.001088145198757696,2.2967137062188827e-05
04_009,"Cocoyam, leaves, fresh, raw",0.00020136652076617012,3.248726850411037e-05,1.619790118557798e-05,0.00010174604722448735,0.0022121195506463608,0.006131524057513463,0.00012373259983662507,3.2660967004768654e-05,0.00013193125152585994,0.0011159435996391583,7.026155007916502e-06,0.00048288793430194217,0.0,0.0011677087438146385,0.0,0.0006814646699290622,-4.019248985883041e-05
04_097,"Cocoyam, leaves, fresh, boiled* (as part of a recipe)",0.0002149723667638843,3.480778768297539e-05,1.7179592166522095e-05,0.0001062680937677979,0.001599532598159676,0.0067154787296576,0.00012962462840027388,3.517334908205855e-05,0.00014027002137399555,0.0011797118053328247,7.026155007916502e-06,0.0004618223532753473,0.0,0.0007650505562923494,0.0,0.0007254301325051309,-4.2106417947346145e-05
04_029,"Cocoyam, leaves, fresh, boiled* (without salt), drained",0.00019592418236708445,3.132700891467786e-05,1.619790118557798e-05,0.00010174604722448735,0.001089043471087439,0.0046716373771531145,7.365035704561017e-05,3.0148584927478757e-05,6.730578520280891e-05,0.0011478277024859914,7.026155007916502e-06,0.00044237720155849053,0.0,0.00048318982502674703,0.0,0.0005165941852688053,-4.019248985883041e-05
04_031,"Cowpea, leaves, dried",0.002881718182315867,0.00021812880281331246,3.7304257275876554e-05,0.0007710089356344485,0.01089043471087439,0.10219206762522437,0.0011194854270932745,0.0002286267690333806,0.0009827835892445547,0.0077797210946272755,0.0010187924761478927,0.0004861287929214182,0.0,0.0016106327500891567,0.0,0.004297623966810699,-0.0002717777885692343
04_010,"Cowpea, leaves, fresh, raw",0.0007020616534820526,3.132700891467786e-05,5.890145885664718e-06,0.00011079014031110845,0.0020419565082889484,0.014306889467531413,0.00016203078550034236,4.1454304275283294e-05,0.00014146127420944352,0.0014029005252606565,0.00011241848012666403,0.0003305675791865644,0.0,0.0022951516688770484,0.0,0.0006155164760649596,-6.124569883250348e-05
04_098,"Cowpea, leaves, fresh, boiled* (as part of a recipe)",0.000745600360674738,3.364752809354288e-05,6.3809913761367785e-06,0.00011757321012607428,0.0014974347727452287,0.01518282147574762,0.00017086882834581557,4.396668635257319e-05,0.0001503956704753031,0.0014666687309543224,0.00011944463513458054,0.00031598371539892184,0.0,0.001449569475080241,0.0,0.0006594819386410279,-6.507355500953494e-05
04_030,"Cowpea, leaves, fresh, boiled* (without salt), drained",0.0006802922998857099,3.0166749325245345e-05,5.890145885664718e-06,0.00011305116358276371,0.0010209782541444742,0.010803161434666576,9.721847130020541e-05,3.831382667867092e-05,7.207079654460068e-05,0.0014347846281074893,8.431386009499802e-05,0.00030302028092101733,0.0,0.0009261138313012652,0.0,0.0004726287226927367,-6.124569883250348e-05
04_032,"Cucumber, unpeeled, raw",3.537519959405691e-05,4.641038357730053e-06,1.963381961888239e-06,4.748148870476076e-05,0.00010209782541444741,0.0017518640164324176,5.8920285636488134e-05,1.8214770060351753e-05,3.990696998750616e-05,0.00022318871992783168,3.513077503958251e-05,3.2408586194761216e-06,0.0,0.0005637214625312048,0.0,0.0001868532159482913,-2.2967137062188807e-05
04_012,"Eggplant, fruit, raw",3.809636879359975e-05,2.5525710967515292e-05,7.362682357080898e-06,9.044093086621098e-05,0.0004934728228364958,0.004087682705008974,2.356811425459525e-05,1.6330483502384327e-05,8.785489661428595e-05,0.0003507251313151641,1.4052310015833004e-05,6.481717238952243e-06,0.0,0.00036239236877006023,0.0,0.0003077582380324798,0.0
04_102,"Eggplant, fruit, boiled* (as part of a recipe)",4.898104559177111e-05,3.248726850411037e-05,9.326064318969139e-06,0.00011305116358276371,0.00042540760589353086,0.004963614713225184,2.9460142818244067e-05,2.0727152137641647e-05,0.00010989307407007294,0.00044637743985566337,1.7565387519791256e-05,6.481717238952243e-06,0.0,0.00036239236877006023,0.0,0.0003737064318965826,-1.913928088515726e-06
04_034,"Eggplant, fruit, boiled* (without salt), drained",3.809636879359975e-05,2.5525710967515292e-05,8.344373338025019e-06,9.72240006811768e-05,0.00027226086777185977,0.003211750696792766,1.4730071409122033e-05,1.5702387983061853e-05,4.735230020905582e-05,0.00038260923416199715,1.0539232511874753e-05,6.481717238952243e-06,0.0,0.00024159491251337352,0.0,0.00024181004416837695,0.0
04_013,"Eggplant, leaves, fresh, raw",0.0009034281742482227,2.436545137808278e-05,1.7670437656994154e-05,9.496297740952153e-05,0.001174124992266145,0.012555025451098992,0.0002386271568277769,2.763620285018886e-05,0.00013193125152585994,0.0014029005252606565,9.134001510291453e-05,0.00048126750499220404,0.0,0.0031809996814260843,0.0,0.0008023696920132508,-9.569640442578669e-06
04_105,"Eggplant, leaves, fresh, boiled* (as part of a recipe)",0.0009605727274386224,2.6685970556947808e-05,1.9142974128410335e-05,9.948502395283208e-05,0.0008848478202585442,0.0134309574593152,0.00025335722823689895,2.889239388883381e-05,0.00014027002137399555,0.0014985528338011555,9.836617011083102e-05,0.00046020192396560924,0.0,0.0020132909376114456,0.0,0.0008573265202333365,-9.569640442578677e-06
04_035,"Eggplant, leaves, fresh, boiled* (without salt), drained",0.0008734953130532515,2.436545137808278e-05,1.8161283147466215e-05,9.72240006811768e-05,0.0005955706482509432,0.009635252090378297,0.00014730071409122035,2.5123820772898967e-05,6.730578520280891e-05,0.0014347846281074893,7.026155007916502e-05,0.0004407567722487525,0.0,0.0012885062000713252,0.0,0.0006155164760649596,-1.1483568531094395e-05
04_014,"False sesame, leaves, dried",0.0035674528206006625,0.0002540968500857204,8.098950592788987e-05,0.0005539507015555423,0.004764565186007545,0.041460781722233886,0.0014730071409122033,0.00017837912748758266,0.0005360637759515754,0.005643486203889459,0.0005445270131135289,0.00041969119122215777,0.0,0.00048318982502674703,0.0,0.004649347667419248,8.804069207172379e-05
04_036,"False sesame, leaves, fresh, raw",0.0012027567861979352,3.248726850411037e-05,1.7179592166522095e-05,0.0001243562799410401,0.00137832064309504,0.009343274754306229,0.0003152235281552115,3.957001771731587e-05,0.0001739229139754,0.0016898574508821542,0.0001229577126385388,0.0004715449291337757,0.0,0.0011274429250624097,0.0,0.000989222907961542,-1.913928088515726e-06
04_106,"False sesame, leaves, fresh, boiled* (as part of a recipe)",0.0012789495237851346,3.480778768297539e-05,1.8161283147466215e-05,0.0001334003730276612,0.0010209782541444742,0.009927229426450367,0.00033584562812798233,4.208239979460577e-05,0.0001849420027032935,0.0017855097594226535,0.00012998386764645527,0.00045209977741691895,0.0,0.0007247847375401205,0.0,0.0010551711018256446,-1.9139280885157434e-06
04_037,"False sesame, leaves, fresh, boiled* (without salt), drained",0.0011646604174043354,3.132700891467786e-05,1.7670437656994154e-05,0.00012661730321269536,0.0006976684736653907,0.00700745606572967,0.00019443694260041082,3.6429540120703506e-05,8.874833624087191e-05,0.0017217415537289875,9.485309260687278e-05,0.00043265462570006216,0.0,0.0004429240062745181,0.0,0.0007584042294371821,-1.913928088515726e-06
04_015,"Garlic, flesh, raw",8.97985835849137e-05,1.7403893841487696e-05,6.8718368666088385e-06,0.00011983423339772953,5.1048912707223706e-05,0.004963614713225184,7.659637132743456e-05,0.00012247862626788244,0.00013163343831699794,0.0020724666850441514,3.513077503958251e-05,0.0,0.0,0.00040265818752228917,0.0,0.0009342660797414564,0.0003119702784280646
04_082,"Ginger, root, raw",5.1702214791313954e-05,1.5083374662622673e-05,1.8652128637938277e-05,0.00012209525666938482,0.00018717934659315358,0.005547569385369322,0.00016203078550034236,2.763620285018886e-05,0.00012120997600682843,0.0007014502626303282,3.513077503958251e-05,1.1343005168166426e-05,0.0,0.00020132909376114458,0.0,0.00042866326011666825,6.890141118656641e-05
04_131,"Green leafy vegetable, average, fresh, raw",0.0005796090395026248,2.3205191788650268e-05,1.4725364714161795e-05,8.81799075945557e-05,0.0009699293414372505,0.011387116106810714,0.0002238970854186549,3.454525356273608e-05,0.00012299685526000035,0.0010521753939454921,8.782693759895627e-05,0.0004715449291337757,0.0,0.0020132909376114456,0.0,0.0007034474012170966,3.827856177031462e-06
04_133,"Green leafy vegetable, average, fresh, boiled* (as part of a recipe)",0.0006177054082962246,2.436545137808278e-05,1.5707055695105914e-05,9.270195413786624e-05,0.0007146847779011319,0.012263048115026926,0.0002386271568277769,3.6429540120703506e-05,0.00013073999869041197,0.0011478277024859914,9.134001510291453e-05,0.00045209977741691895,0.0,0.0012885062000713252,0.0,0.0007474128637931652,3.82785617703147e-06
04_132,"Green leafy vegetable, average, fresh, boiled* (without salt), drained",0.0005632820243053677,2.204493219921775e-05,1.4725364714161795e-05,9.044093086621098e-05,0.0004934728228364958,0.008759320082162089,0.0001355166569639227,3.1404775966123706e-05,6.28385870698791e-05,0.0010840594967923252,6.674847257520677e-05,0.00043265462570006216,0.0,0.0008053163750445783,0.0,0.0005385769165568396,3.82785617703147e-06
04_073,"Hibiscus cannabinus, leaves, fresh, raw",0.00039456953393371175,2.6685970556947808e-05,1.619790118557798e-05,0.00010400707049614261,0.0012762228176805925,0.022482254877549363,0.00024451918539142574,2.6380011811543915e-05,7.743143430411643e-05,0.0008927548797113267,4.215693004749901e-05,0.0007146093255944848,0.0,0.0012079745625668673,0.0,0.0007144387668611136,1.1483568531094414e-05
04_100,"Hibiscus cannabinus, leaves, fresh, boiled* (as part of a recipe)",0.0004190600567295973,2.7846230146380317e-05,1.7179592166522095e-05,0.00011079014031110845,0.0009529130372015091,0.023650164221837636,0.00025924925680054776,2.8264298369511338e-05,8.24942588547702e-05,0.0009565230854049929,4.5670007551457264e-05,0.0006838211687094616,0.0,0.0007650505562923494,0.0,0.0007584042294371821,1.1483568531094395e-05
04_099,"Hibiscus cannabinus, leaves, fresh, boiled* (without salt), drained",0.00038368485713554035,2.5525710967515292e-05,1.619790118557798e-05,0.0001062680937677979,0.0006466195609581669,0.01722666282825211,0.00015024672837304472,2.449572525357649e-05,3.960915677864418e-05,0.0009246389825581598,3.161769753562426e-05,0.0006562738704439146,0.0,0.00048318982502674703,0.0,0.0005495682822008567,1.1483568531094395e-05
04_016,"Hibiscus, leaves, fresh, raw",0.000576887870303082,2.3205191788650268e-05,6.8718368666088385e-06,9.496297740952153e-05,0.0013953369473307814,0.014598866803603481,0.00023273512826412813,4.082620875596082e-05,6.28385870698791e-05,0.0008608707768644938,4.5670007551457264e-05,0.0003532535895228973,0.0,0.0013287720188235542,0.0,0.0007254301325051309,5.7417842655471975e-06
04_117,"Hibiscus, leaves, fresh, boiled* (as part of a recipe)",0.0006149842390966816,2.436545137808278e-05,6.8718368666088385e-06,0.00010174604722448735,0.0010379945583802153,0.01547479881181969,0.00024746519967325015,4.3338590833250716e-05,6.671015878508492e-05,0.0009246389825581598,4.918308505541551e-05,0.00033704929642551664,0.0,0.0008455821937968073,0.0,0.0007803869607252165,5.7417842655471975e-06
04_056,"Hibiscus, leaves, fresh, boiled* (without salt), drained",0.0005605608551058249,2.204493219921775e-05,6.8718368666088385e-06,9.72240006811768e-05,0.0007146847779011319,0.011095138770738644,0.00014435469980939592,3.7057635640025974e-05,3.1866013348232536e-05,0.0008927548797113267,3.513077503958251e-05,0.00032408586194761213,0.0,0.0005637214625312048,0.0,0.0005605596478448737,5.7417842655471975e-06
04_075,"Jute mallow (bush-okra), leaves, dried",0.0038531755865526605,0.00012182725689041389,6.675498670420015e-05,0.0007890971218076908,0.007827499948440968,0.12438234516670166,0.001181351727011587,0.00020915580793438388,0.000413960360318161,0.007142039037690614,0.00022132388274936977,0.0015637142838972285,0.0,0.0015301011125846988,0.0,0.003176504671120952,-0.0002717777885692342
04_038,"Jute mallow (bush-okra), leaves, fresh, raw",0.0007673697142710807,5.3371941113895616e-05,8.835218828497077e-06,0.00018766493154738777,0.0020419565082889484,0.02102236819718901,0.0002268430997004793,6.971860264479463e-05,8.130300601932225e-05,0.00133913231956699,4.215693004749901e-05,0.0004456180601779667,0.0,0.0029796705876649395,0.0,0.0008353437889453021,-9.761033251430244e-05
04_107,"Jute mallow (bush-okra), leaves, fresh, boiled* (as part of a recipe)",0.0008163507598628518,5.685271988219315e-05,9.816909809441199e-06,0.00019897004790566416,0.0014804184685094873,0.022482254877549363,0.00024157317110960134,7.411527128005195e-05,8.636583056997603e-05,0.0014666687309543224,4.215693004749901e-05,0.00042617290846111,0.0,0.0018924934813547593,0.0,0.0008903006171653878,-0.00010335211677984963
04_039,"Jute mallow (bush-okra), leaves, fresh, boiled* (without salt), drained",0.0007428791914751953,5.22116815244631e-05,9.326064318969139e-06,0.00018992595481904305,0.0010039619499087329,0.01605875348396383,0.00013846267124574709,6.406574297089236e-05,4.139603603181609e-05,0.0014029005252606565,3.161769753562426e-05,0.0004083481860539913,0.0,0.0012079745625668673,0.0,0.0006374992073529936,-9.952426060281815e-05
04_040,"Lettuce, raw",7.891390678674235e-05,6.961557536595079e-06,5.890145885664718e-06,4.069841888979494e-05,0.0009188804287300266,0.0026277960246486264,2.356811425459525e-05,1.9470961098996698e-05,6.849703803825685e-05,0.000318841028468331,4.215693004749901e-05,0.00015556121373485384,0.0,0.00012079745625668676,0.0,0.00027478414110042836,-1.9139280885157336e-06
04_076,"Maize, seeds, fresh, raw",6.802922998857099e-05,7.88976520814109e-05,6.72458321946722e-05,0.0003640247467364992,0.0013272717303878163,0.0043796600410810444,0.00011489455699115185,8.793337270514638e-05,7.445330221549658e-05,0.0018492779651163196,7.026155007916502e-06,9.722575858428365e-06,0.0,0.00016106327500891565,0.0,0.0006814646699290622,0.00014737246281571148
04_109,"Maize, seeds, fresh, boiled* (as part of a recipe)",7.075039918811382e-05,8.237843084970844e-05,7.019090513750456e-05,0.0003798519096380861,0.0011060597753231804,0.0046716373771531145,0.00011784057127297627,9.170194582108123e-05,7.743143430411643e-05,0.0019130461708099858,7.026155007916502e-06,8.102146548690304e-06,0.0,0.00012079745625668676,0.0,0.0007144387668611136,0.0001531142470812587
04_108,"Maize, seeds, fresh, boiled* (without salt), drained",7.075039918811382e-05,8.237843084970844e-05,7.019090513750456e-05,0.0003798519096380861,0.0009699293414372505,0.0046716373771531145,0.00011784057127297627,8.730527718582391e-05,6.194514744329315e-05,0.0019130461708099858,7.026155007916502e-06,8.102146548690304e-06,0.0,0.00012079745625668676,0.0,0.0006704733042850452,0.0001531142470812587
04_085,"Mint, leaves, raw",0.0005578396859062822,4.292960480900299e-05,2.0615510599826514e-05,0.0001334003730276612,0.0017016304235741235,0.025110050902197985,0.0003240615710006847,4.082620875596082e-05,0.00016052131957661062,0.0014985528338011555,5.972231756729027e-05,0.0006222448549394154,0.0,0.0006845189187878915,0.0,0.0008243524233012851,-6.890141118656643e-05
04_011,"Moringa (drumstick), leaves, fresh, raw",0.0016190956737279895,2.436545137808278e-05,2.8469038447379467e-05,0.00018540390827573248,0.0006806521694296494,0.030073665615423174,0.00020032897116405965,5.715669225834515e-05,0.00012061434958910444,0.00267826463913398,3.161769753562426e-05,0.0026575040679704194,0.0,0.00889874594424259,0.0,0.0013189638772820558,-7.081533927508213e-05
04_101,"Moringa (drumstick), leaves, fresh, boiled* (as part of a recipe)",0.0017225001033106173,2.5525710967515292e-05,3.043242040926771e-05,0.00019670902463400885,0.0005104891270722371,0.031825529631855594,0.00021505904257318166,6.469383849021484e-05,0.00012746405339293014,0.002837685153368146,3.513077503958251e-05,0.0025440740162887554,0.0,0.005677480444064277,0.0,0.0014068948024341932,-7.464319545211361e-05
04_033,"Moringa (drumstick), leaves, fresh, boiled* (without salt), drained",0.0015701146281362184,2.3205191788650268e-05,2.895988393785153e-05,0.00018992595481904305,0.0003403260847148247,0.0230662095496935,0.00012373259983662507,5.5900501219700195e-05,6.105170781670719e-05,0.0027101487419808135,2.4591542527707755e-05,0.0024468482577044716,0.0,0.0036239236877006024,0.0,0.0010112056392495763,-7.27292673635979e-05
04_074,"Native eggplant, fruit, raw",3.265403039451408e-05,1.5083374662622673e-05,9.816909809441199e-06,9.044093086621098e-05,0.0005615380397794607,0.003211750696792766,7.070434276378576e-05,1.8214770060351753e-05,7.117735691801472e-05,0.0004144933370088303,1.4052310015833004e-05,1.7824722407118667e-05,0.0,8.053163750445783e-05,0.0,0.00025280140981239407,-1.9139280885157336e-06
04_104,"Native eggplant, fruit, boiled* (as part of a recipe)",4.0817537993142595e-05,1.856415343092021e-05,1.2271137261801497e-05,0.00011305116358276371,0.0004934728228364958,0.004087682705008974,8.83804284547322e-05,2.261143869560907e-05,8.90461494497339e-05,0.0005420297483961626,1.4052310015833004e-05,1.944515171685673e-05,0.0,8.053163750445783e-05,0.0,0.0003187496036764968,-3.82785617703147e-06
04_103,"Native eggplant, fruit, boiled* (without salt), drained",3.265403039451408e-05,1.5083374662622673e-05,1.0798600790385317e-05,9.72240006811768e-05,0.0003062934762433422,0.0026277960246486264,4.71362285091905e-05,1.7586674541029276e-05,3.8120090734334245e-05,0.00044637743985566337,1.0539232511874753e-05,1.7824722407118667e-05,0.0,4.026581875222891e-05,0.0,0.00020883594723632553,-1.913928088515726e-06
04_004,"Okra, leaves, fresh, raw",0.0008245142674614803,1.1602595894325132e-06,1.2761982752273557e-05,0.00011079014031110845,0.0009699293414372505,0.0017518640164324176,0.00017381484262763997,4.396668635257319e-05,8.845052303200994e-05,0.0007971025711708274,2.1078465023749505e-05,0.00010856876375245007,0.0,0.0025770124001426504,0.0,0.0005056028196247881,3.827856177031454e-06
04_110,"Okra, leaves, fresh, boiled* (as part of a recipe)",0.0008762164822527943,1.1602595894325132e-06,1.3743673733217677e-05,0.00011757321012607428,0.0007146847779011319,0.002043841352504487,0.00018265288547311318,4.647906842986309e-05,9.410897400038767e-05,0.0008289866740176606,2.1078465023749505e-05,0.00010370747582323589,0.0,0.0016508985688413857,0.0,0.0005385769165568396,3.82785617703147e-06
04_041,"Okra, leaves, fresh, boiled* (without salt), drained",0.000797302575466052,1.1602595894325132e-06,1.2761982752273557e-05,0.00011305116358276371,0.0004934728228364958,0.001459886680360348,0.00010605651414567864,4.0198113236638345e-05,4.496979453815993e-05,0.0007971025711708274,1.4052310015833004e-05,9.884618789402171e-05,0.0,0.0010469112875579518,0.0,0.0003846977975405996,3.82785617703147e-06
04_077,"Okra, fruit, dried",0.0021252331448429577,0.0001044233630489262,4.0249330218708904e-05,0.0010242435420598393,0.009699293414372503,0.018686549508612458,0.0016144158264397748,0.00027322155090527624,0.0007534674184208254,0.004081165164394637,0.0002705069678047853,4.051073274345152e-05,0.0,0.0006442531000356626,0.0,0.005099993658823949,-0.00044977310080119746
04_017,"Okra, fruit, fresh, raw",0.00023674172036022704,1.0442336304892618e-05,5.3993003951926585e-06,9.270195413786624e-05,0.0014974347727452287,0.0023358186885765572,0.0002268430997004793,3.39171580434136e-05,0.00011376464578527877,0.0005420297483961626,3.864385254354076e-05,6.967846031873661e-05,0.0,0.0011274429250624097,0.0,0.0006045251104209424,1.9139280885157434e-06
04_111,"Okra, fruit, fresh, boiled* (as part of a recipe)",0.00023674172036022704,1.0442336304892618e-05,5.3993003951926585e-06,9.270195413786624e-05,0.0010550108626159566,0.0023358186885765572,0.0002268430997004793,3.39171580434136e-05,0.00011376464578527877,0.0005420297483961626,3.864385254354076e-05,6.319674307978437e-05,0.0,0.0008858480125490362,0.0,0.0006045251104209424,1.9139280885157434e-06
04_042,"Okra, fruit, fresh, boiled* (without salt), drained",0.00020408768996571294,9.282076715460106e-06,4.908454904720599e-06,8.365786105124516e-05,0.0006806521694296494,0.001459886680360348,0.00012373259983662507,2.763620285018886e-05,5.181949834198561e-05,0.00047826154270249645,2.8104620031666008e-05,5.671502584083213e-05,0.0,0.0006442531000356626,0.0,0.00041767189447265105,1.913928088515726e-06
04_044,"Onion, dried",0.0006503594386907387,4.873090275616556e-05,2.356058354265887e-05,0.00024192949006711435,0.0018717934659315358,0.006131524057513463,0.000188544914036762,0.0001771229364489377,0.0004496979453815993,0.003060873873295977,7.377462758312326e-05,1.6204293097380608e-06,0.0,0.0021743542126203613,0.0,0.001978445815923084,0.001156012565463503
04_018,"Onion, fresh, raw",6.802922998857099e-05,1.6243634252055187e-05,2.4542274523602996e-06,4.069841888979494e-05,0.000289277172007601,0.002043841352504487,3.535217138189288e-05,2.763620285018886e-05,4.8245739835641775e-05,0.0003507251313151641,3.513077503958251e-05,0.0,0.0,0.0004429240062745181,0.0,0.0003077582380324798,0.00010143818869133389
04_112,"Onion, fresh, boiled* (as part of a recipe)",8.163507598628519e-05,1.9724413020352724e-05,2.945072942832359e-06,4.974251197641604e-05,0.00023822825930037728,0.0023358186885765572,4.41902142273661e-05,3.328906252409113e-05,5.86692021458113e-05,0.00044637743985566337,4.215693004749901e-05,0.0,0.0,0.00048318982502674703,0.0,0.0003846977975405996,0.00012440532575352267
04_043,"Onion, fresh, boiled* (without salt), drained",7.61927375871995e-05,1.856415343092021e-05,2.945072942832359e-06,4.974251197641604e-05,0.00017016304235741234,0.18365374438933177,2.651412853641966e-05,3.0148584927478757e-05,2.6505375588716782e-05,0.00044637743985566337,2.1078465023749505e-05,0.0,0.0,0.00024159491251337352,0.0,0.0002857755067444455,0.00012440532575352267
04_045,"Parsley, fresh, raw",0.0005904937163007961,1.856415343092021e-05,6.3809913761367785e-06,0.00010852911703945317,0.0017016304235741235,0.005839546721441392,5.008224279101491e-05,2.9520489408156286e-05,0.000282624735210025,0.0011159435996391583,0.0001861931077097873,0.0005071943739480129,0.0,0.006563328456613313,0.0,0.001165084758265816,-1.7225352796641603e-05
04_049,"Pepper, sweet, green, fresh, raw",7.61927375871995e-05,1.9724413020352724e-05,1.0307755299913257e-05,5.426455851972658e-05,0.00040839130165778965,0.0026277960246486264,2.9460142818244067e-05,1.4446196944416904e-05,5.271293796857157e-05,0.00028695692562149785,3.513077503958251e-05,9.884618789402171e-05,0.0,0.0056372146253120484,0.0,0.00026379277545641116,6.124569883250348e-05
04_114,"Pepper, sweet, green, fresh, boiled* (as part of a recipe)",8.707741438537086e-05,2.3205191788650268e-05,1.1780291771329435e-05,6.104762833469241e-05,0.00032330978047908347,0.002919773360720696,3.240615710006847e-05,1.6330483502384327e-05,6.045608139898322e-05,0.000318841028468331,3.864385254354076e-05,0.00010208704651349782,0.0,0.00519429061903753,0.0,0.0003077582380324798,7.081533927508216e-05
04_050,"Pepper, sweet, green, fresh, boiled* (without salt), drained",8.163507598628519e-05,2.204493219921775e-05,1.1780291771329435e-05,6.104762833469241e-05,0.00023822825930037728,0.0023358186885765572,2.0622099972770846e-05,1.5074292463739379e-05,3.0376947303922603e-05,0.000318841028468331,3.161769753562426e-05,0.00010208704651349782,0.0,0.004227910968984036,0.0,0.00023081867852435978,7.081533927508216e-05
04_047,"Pepper, sweet, red, fresh, raw",5.9865722389942465e-05,8.121817126027593e-06,1.9633819618882397e-05,5.6525581791381854e-05,0.00040839130165778965,0.006423501393585532,5.8920285636488134e-05,3.1404775966123706e-05,5.271293796857157e-05,0.000637682056936662,3.513077503958251e-05,0.00016852464821275832,0.0,0.0076505055629234936,0.0,0.00013189638772820558,8.804069207172375e-05
04_113,"Pepper, sweet, red, fresh, boiled* (as part of a recipe)",6.802922998857099e-05,9.282076715460106e-06,2.2088047071242696e-05,6.556967487800296e-05,0.00032330978047908347,0.0072994334018017405,6.481231420013694e-05,3.6429540120703506e-05,6.045608139898322e-05,0.0007333343654771612,3.864385254354076e-05,0.0001733859361419725,0.0,0.007046518281640061,0.0,0.0001538791190162399,9.952426060281815e-05
04_048,"Pepper, sweet, red, fresh, boiled* (without salt), drained",6.530806078902815e-05,9.282076715460106e-06,2.2088047071242696e-05,6.556967487800296e-05,0.00023822825930037728,0.005547569385369322,3.829818566371728e-05,3.2660967004768654e-05,3.0376947303922603e-05,0.0007333343654771612,3.161769753562426e-05,0.0001733859361419725,0.0,0.0057177462628165065,0.0,0.00010991365644017135,9.952426060281815e-05
04_046,"Pepper, chilli, fresh, raw",4.353870719268543e-05,2.5525710967515292e-05,8.344373338025019e-06,7.91358145079346e-05,0.00025524456353611855,0.003795705368936905,8.248839989108338e-05,2.449572525357649e-05,0.00010274555705738527,0.0005739138512429957,7.026155007916502e-06,7.45397482479508e-05,0.0,0.005315088075294217,0.0,0.00032974096932051396,7.655712354062935e-05
04_055,"Pumpkin, leaves, dried",0.0033252687618413497,0.00011834647812211634,5.497469493287071e-05,0.0004002011190829836,0.0037435869318630717,0.05051207914046805,0.003293643967079687,0.000642541716266891,0.001173384042916226,0.012211611390337076,0.0003056377428443678,0.00028681598782363674,0.0,0.00036239236877006023,0.0,0.007781886875964131,1.1483568531094429e-05
04_053,"Pumpkin, leaves, fresh, raw",0.0010422078034249076,1.5083374662622673e-05,3.4359184333044193e-06,5.2003535248071305e-05,0.0006125869524866844,0.006423501393585532,0.0004183340280190657,8.165241751192164e-05,0.00014890660443099316,0.001307248216720157,3.864385254354076e-05,0.00018148808269066282,0.0,0.0004429240062745181,0.0,0.000989222907961542,1.9139280885157336e-06
04_116,"Pumpkin, leaves, fresh, boiled* (as part of a recipe)",0.0011075158642139355,1.6243634252055187e-05,3.926763923776478e-06,5.426455851972658e-05,0.0004594402143650133,0.0067154787296576,0.0004448481565554854,8.667718166650143e-05,0.0001584366271145767,0.0013710164224138232,4.215693004749901e-05,0.00017500636545171054,0.0,0.0002818607312656024,0.0,0.0010551711018256446,1.9139280885157336e-06
04_054,"Pumpkin, leaves, fresh, boiled* (without salt), drained",0.0009796209118354221,1.3923115073190159e-05,3.4359184333044193e-06,4.974251197641604e-05,0.0003062934762433422,0.0046716373771531145,0.00024746519967325015,7.285908024140701e-05,7.38576757977726e-05,0.001275364113873324,2.8104620031666008e-05,0.00016204293097380607,0.0,0.00016106327500891565,0.0,0.0007364214981491479,3.827856177031462e-06
04_051,"Pumpkin, squash, light orange flesh, raw",5.1702214791313954e-05,8.121817126027593e-06,2.4542274523602996e-06,5.426455851972658e-05,0.00013613043388592988,0.002919773360720696,4.41902142273661e-05,2.0727152137641647e-05,8.338769848135616e-05,0.000318841028468331,0.0,0.00011505048099140231,0.0,0.0003221265500178313,0.0,0.0003187496036764968,6.890141118656641e-05
04_115,"Pumpkin, squash, light orange flesh, boiled* (as part of a recipe)",4.625987639222827e-05,6.961557536595079e-06,1.963381961888239e-06,4.748148870476076e-05,8.508152117870617e-05,0.0026277960246486264,4.124419994554169e-05,1.8214770060351753e-05,7.38576757977726e-05,0.00028695692562149785,0.0,9.074404134533141e-05,0.0,0.00024159491251337352,0.0,0.0002857755067444455,6.124569883250348e-05
04_052,"Pumpkin, squash, light orange flesh, boiled* (without salt), drained",5.4423383990856795e-05,8.121817126027593e-06,2.4542274523602996e-06,5.878660506303714e-05,6.806521694296494e-05,0.0023358186885765572,2.9460142818244067e-05,2.0099056618319173e-05,4.5267607747021916e-05,0.0003507251313151641,0.0,0.00011180962237192618,0.0,0.00024159491251337352,0.0,0.00026379277545641116,7.655712354062935e-05
04_071,"Sicklepod, leaves, dried",0.0010558136494226219,4.176934521957047e-05,1.9633819618882397e-05,0.0004725538637759523,0.00510489127072237,0.047008351107603215,0.00032995359956433353,0.00022548629143676822,0.0008308988527249417,0.006823198009222283,0.0005831708656570696,0.0004034868981247772,0.0,0.0006039872812834337,0.0,0.002352152247819667,0.00032345384695915897
04_084,"Sicklepod, leaves, fresh, raw",0.0003646366727387405,1.856415343092021e-05,3.4359184333044193e-06,0.00016279367555917975,0.0022121195506463608,0.017518640164324178,0.00011489455699115185,7.788384439598679e-05,0.0002867941201340928,0.001881162067963153,0.0002002454177256203,0.0004715449291337757,0.0,0.0020132909376114456,0.0,0.0008133610576572678,0.00012823318193055415
04_094,"Sicklepod, leaves, fresh, boiled* (as part of a recipe)",0.00038640602633508326,1.9724413020352724e-05,3.926763923776478e-06,0.00017409879191745612,0.0016846141193383824,0.018686549508612458,0.00012078658555480067,8.290860855056659e-05,0.000303769473039226,0.0020086984793504853,0.00021429772774145332,0.00045209977741691895,0.0,0.0012885062000713252,0.0,0.0008683178858773535,0.00013588889428461711
04_093,"Sicklepod, leaves, fresh, boiled* (without salt), drained",0.00035375199594056913,1.856415343092021e-05,3.4359184333044193e-06,0.000165054698830835,0.001157108688030404,0.0134309574593152,7.070434276378576e-05,7.160288920276205e-05,0.00014622628555123528,0.0019449302736568189,0.00015457541017416303,0.00043265462570006216,0.0,0.0008053163750445783,0.0,0.0006155164760649596,0.00013206103810758563
04_072,"Spider plant, leaves, fresh, raw",0.000729273345477481,4.873090275616556e-05,2.4542274523602994e-05,9.72240006811768e-05,0.0059557064825094316,0.020146436188972803,0.0002710333139278454,2.889239388883381e-05,0.00014235471383602943,0.0015304369366479886,6.674847257520677e-05,0.00042941376708058613,0.0,0.0025770124001426504,0.0,0.0008243524233012851,-4.593427412437761e-05
04_096,"Spider plant, leaves, fresh, boiled* (as part of a recipe)",0.0007755332218697093,5.22116815244631e-05,2.6014810995019172e-05,0.00010400707049614261,0.0044242391012927216,0.02160632286933315,0.00028870939961879184,3.077668044680123e-05,0.000151586923310751,0.0016260892451884878,7.377462758312326e-05,0.0004115890446734674,0.0,0.0016508985688413857,0.0,0.0008793092515213708,-4.9762130301409076e-05
04_095,"Spider plant, leaves, fresh, boiled* (without salt), drained",0.0007047828226815954,4.757064316673304e-05,2.5033120014075052e-05,9.948502395283208e-05,0.003062934762433422,0.01547479881181969,0.00016792281406399117,2.6380011811543915e-05,7.266642296232465e-05,0.0015623210394948219,5.269616255937376e-05,0.00039538475157608683,0.0,0.0010469112875579518,0.0,0.0006374992073529936,-4.5934274124377614e-05
04_057,"Spinach, leaves, fresh, raw",0.0002693957507547411,1.5083374662622673e-05,8.835218828497077e-06,6.104762833469241e-05,0.0032330978047908345,0.00788338807394588,0.00023273512826412813,3.077668044680123e-05,0.00016617977054498835,0.0009246389825581598,0.00027753312281270185,0.00025764826024835165,0.0,0.0011274429250624097,0.0,0.000582542379132908,-3.8278561770314676e-05
04_118,"Spinach, leaves, fresh, boiled* (as part of a recipe)",0.00032109796554605506,1.7403893841487696e-05,1.0798600790385317e-05,7.235274469296879e-05,0.0027226086777185974,0.009343274754306229,0.00027692534249149417,3.6429540120703506e-05,0.00019774797068435892,0.0010840594967923252,0.00033022928537207555,0.0002770934119652084,0.0,0.0008053163750445783,0.0,0.0006924560355730794,-4.402034603586188e-05
04_058,"Spinach, leaves, fresh, boiled* (without salt), drained",0.0002693957507547411,1.5083374662622673e-05,9.326064318969139e-06,6.330865160634768e-05,0.0017016304235741235,0.006131524057513463,0.00014730071409122035,2.889239388883381e-05,8.755708340542397e-05,0.0009565230854049929,0.00021781080524541156,0.0002446848257704472,0.0,0.00048318982502674703,0.0,0.00046163735704871957,-3.8278561770314676e-05
04_059,"Sweet potato, leaves, fresh, raw",0.00021225119756434148,4.641038357730053e-06,4.908454904720599e-06,0.00011983423339772953,0.0013613043388592987,0.010511184098594506,0.00020622099972770846,5.276002362308783e-05,0.0001694557158424702,0.0014666687309543224,2.1078465023749505e-05,0.00023010096198280462,0.0,0.0004429240062745181,0.0,0.0003187496036764968,-7.655712354062924e-06
04_121,"Sweet potato, leaves, fresh, boiled* (as part of a recipe)",0.00022585704356205567,4.641038357730053e-06,5.3993003951926585e-06,0.00012661730321269536,0.0010209782541444742,0.011095138770738644,0.00021800505685500607,5.5900501219700195e-05,0.00018017699136150172,0.0015623210394948219,2.1078465023749505e-05,0.00022037838612437626,0.0,0.0002818607312656024,0.0,0.0003407323349645311,-7.655712354062924e-06
04_060,"Sweet potato, leaves, fresh, boiled* (without salt), drained",0.00020953002836479864,4.641038357730053e-06,5.3993003951926585e-06,0.0001243562799410401,0.0007146847779011319,0.008175365410017949,0.00012962462840027388,4.961954602647546e-05,8.815270982314795e-05,0.0015304369366479886,1.7565387519791256e-05,0.00021713752750490014,0.0,0.00020132909376114458,0.0,0.00025280140981239407,-7.65571235406294e-06
04_062,"Tamarind, leaves, dried",0.0006177054082962246,3.0166749325245345e-05,7.804443298505752e-05,0.0010558978678630133,0.006806521694296494,0.036205189672936636,0.0005420666278556908,0.0002380482018232177,0.00032461639765956506,0.004463774398556633,4.918308505541551e-05,1.944515171685673e-05,0.0,0.00012079745625668676,0.0,0.0029676687238846264,-0.00038852740196869406
04_019,"Tamarind, leaves, fresh, raw",0.00014150079837622765,6.497453700822075e-05,1.8161283147466215e-05,0.00024192949006711435,0.0020419565082889484,0.008175365410017949,0.00012373259983662507,5.464431018105525e-05,0.00013848314212082364,0.000988407188251826,4.5670007551457264e-05,2.2686010336332853e-05,0.0,0.00024159491251337352,0.0,0.0010991365644017134,-9.378247633727096e-05
04_122,"Tamarind, leaves, fresh, boiled* (as part of a recipe)",0.00014966430597485617,6.961557536595078e-05,1.9633819618882397e-05,0.00025775665296870134,0.0014804184685094873,0.008759320082162089,0.0001325706426820983,5.778478777766762e-05,0.00014741753838668322,0.0010521753939454921,4.918308505541551e-05,2.106558102659479e-05,0.0,0.00016106327500891565,0.0,0.001165084758265816,-9.952426060281815e-05
04_061,"Tamarind, leaves, fresh, boiled* (without salt), drained",0.00013605845997714198,6.265401782935572e-05,1.8652128637938277e-05,0.00024645153661042495,0.0010209782541444742,0.006423501393585532,7.659637132743456e-05,5.024764154579793e-05,7.058173050029076e-05,0.0010202912910986593,3.513077503958251e-05,2.106558102659479e-05,0.0,8.053163750445783e-05,0.0,0.0008463351545893192,-9.56964044257867e-05
04_020,"Taro, leaves, fresh, raw",0.0005170221479131394,1.2762855483757646e-05,1.8652128637938277e-05,0.00012661730321269536,0.0022121195506463608,0.0043796600410810444,0.00017381484262763997,3.077668044680123e-05,0.00017779448569060582,0.0007971025711708274,4.215693004749901e-05,0.0002430643964607091,0.0,0.002778341493903795,0.0,0.00042866326011666825,-5.5503914566956266e-05
04_123,"Taro, leaves, fresh, boiled* (as part of a recipe)",0.0005496761783076536,1.3923115073190159e-05,2.0124665109354452e-05,0.00013566139629931647,0.001599532598159676,0.0046716373771531145,0.0001855988997549376,3.2660967004768654e-05,0.0001891113876273613,0.0008608707768644938,4.5670007551457264e-05,0.00023334182060228073,0.0,0.0017716960250980724,0.0,0.00046163735704871957,-6.124569883250348e-05
04_063,"Taro, leaves, fresh, boiled* (without salt), drained",0.0005006951327158824,1.2762855483757646e-05,1.9142974128410335e-05,0.00012887832648435067,0.001089043471087439,0.003503728032864835,0.00010605651414567864,2.8264298369511338e-05,9.053521549404383e-05,0.0008289866740176606,3.161769753562426e-05,0.00022361924474385237,0.0,0.0011274429250624097,0.0,0.00032974096932051396,-5.741784265547201e-05
04_065,"Tomato, canned, packed in juice",6.802922998857099e-05,9.282076715460106e-06,4.908454904720599e-06,4.2959442161450215e-05,0.000289277172007601,0.0017518640164324176,3.240615710006847e-05,1.1305719347804535e-05,6.254077386101713e-05,0.000318841028468331,0.00034779467289186686,4.051073274345152e-05,0.0,0.00048318982502674703,0.0,0.0001868532159482913,1.9139280885157336e-06
04_066,"Tomato, paste, concentrated, without salt",8.435624518582802e-05,6.265401782935572e-05,1.0307755299913257e-05,9.270195413786624e-05,0.00035734238895056595,0.0023358186885765572,0.00013846267124574709,4.585097291054061e-05,0.00025671498603903217,0.0010202912910986593,0.00010890540262270578,0.00028357512920416066,0.0,0.0005637214625312048,0.0,0.0008133610576572678,0.0001818231684089947
04_067,"Tomato, powder",0.00045171408712411134,0.00014387218908963164,1.0307755299913257e-05,0.0003730688398231203,0.0020419565082889484,0.0134309574593152,0.0005243905421647443,0.0001852881782001299,0.0005747794931036335,0.00411304926724147,0.00047075238553040557,0.0013968100649942084,0.0,0.0047111007940107835,0.0,0.0018795235251269297,0.0007981080129110611
04_021,"Tomato, red, ripe, raw",3.809636879359975e-05,6.961557536595079e-06,3.926763923776478e-06,3.165432580317384e-05,0.0003913749974220484,0.002043841352504487,3.829818566371728e-05,2.0727152137641647e-05,6.998610408256677e-05,0.0003507251313151641,4.5670007551457264e-05,7.129888962847467e-05,0.0,0.0011274429250624097,0.0,0.00024181004416837695,3.8278561770314676e-05
04_124,"Tomato, red, ripe, boiled* (as part of a recipe)",4.625987639222827e-05,9.282076715460106e-06,4.908454904720599e-06,4.069841888979494e-05,0.0003403260847148247,0.0026277960246486264,5.008224279101491e-05,2.6380011811543915e-05,8.964177586745788e-05,0.00044637743985566337,5.6209240063332016e-05,8.26418947966411e-05,0.0,0.0011677087438146385,0.0,0.0003187496036764968,4.976213030140909e-05
04_064,"Tomato, red, ripe, boiled* (without salt), drained",4.625987639222827e-05,8.121817126027593e-06,4.908454904720599e-06,4.069841888979494e-05,0.00025524456353611855,0.0017518640164324176,2.9460142818244067e-05,2.3867629734254018e-05,4.4671981329297946e-05,0.00044637743985566337,4.215693004749901e-05,8.26418947966411e-05,0.0,0.0009663796500534941,0.0,0.00023081867852435978,4.976213030140909e-05
04_068,"Turnip, raw",0.00011156793718125643,1.1602595894325134e-05,5.890145885664718e-06,5.6525581791381854e-05,0.00040839130165778965,0.0008759320082162088,4.41902142273661e-05,2.1983343176286595e-05,7.802706072184041e-05,0.000318841028468331,0.00015457541017416303,6.481717238952243e-06,0.0,0.0009663796500534941,0.0,0.00024181004416837695,3.636463368179895e-05
04_125,"Turnip, boiled* (as part of a recipe)",0.00012245261397942776,1.2762855483757646e-05,6.3809913761367785e-06,6.330865160634768e-05,0.00032330978047908347,0.0008759320082162088,4.71362285091905e-05,2.449572525357649e-05,8.666364377883801e-05,0.0003507251313151641,0.00017214079769395428,6.481717238952243e-06,0.0,0.0008858480125490362,0.0,0.00026379277545641116,3.8278561770314676e-05
04_069,"Turnip, boiled* (without salt), drained",0.0001170102755803421,1.1602595894325134e-05,6.3809913761367785e-06,6.330865160634768e-05,0.00022121195506463604,0.06073128590299048,2.9460142818244067e-05,2.1983343176286595e-05,3.901353036092021e-05,0.0003507251313151641,9.485309260687278e-05,6.481717238952243e-06,0.0,0.0004429240062745181,0.0,0.00019784458159230838,3.8278561770314676e-05
04_022,"Vernonia, leaves, bitter, fresh, raw",0.00046259876392228274,8.70194692074385e-05,2.0124665109354452e-05,0.00011531218685441899,0.0009699293414372505,0.006131524057513463,0.00027987135677331863,4.7107163949185555e-05,0.00017690104606401987,0.0015942051423416548,3.864385254354076e-05,0.0003921438929566107,0.0,0.0011677087438146385,0.0,0.002066376741075221,3.0622849416251745e-05
04_126,"Vernonia, leaves, bitter, fresh, boiled* (as part of a recipe)",0.0004925316251172539,9.282076715460107e-05,2.1597201580770634e-05,0.00012209525666938482,0.0007146847779011319,0.006423501393585532,0.00029754744246426504,5.024764154579793e-05,0.00018821794800077534,0.0016898574508821542,4.215693004749901e-05,0.0003759395998592301,0.0,0.0007247847375401205,0.0,0.002198273128803427,3.253677750476746e-05
04_070,"Vernonia, leaves, bitter, fresh, boiled* (without salt), drained",0.0004489929179245685,8.469895002857346e-05,2.0615510599826514e-05,0.00011757321012607428,0.0004934728228364958,0.0046716373771531145,0.00017086882834581557,4.3338590833250716e-05,9.023740228518186e-05,0.0016260892451884878,3.161769753562426e-05,0.00035973530676184945,0.0,0.00048318982502674703,0.0,0.001582756652738467,3.062284941625173e-05
04_079,"Vernonia, leaves, sweet, fresh, raw",0.0003646366727387405,2.7846230146380317e-05,8.344373338025019e-06,7.461376796462405e-05,0.0011911412965018864,0.003795705368936905,0.0002739793282096698,4.208239979460577e-05,0.000151586923310751,0.0007971025711708274,0.00010539232511874753,0.0004715449291337757,0.0,0.0006039872812834337,0.0,0.0008573265202333365,0.00010717997295688109
04_128,"Vernonia, leaves, sweet, fresh, boiled* (as part of a recipe)",0.00038912719553462605,3.0166749325245345e-05,8.835218828497077e-06,7.91358145079346e-05,0.0008848478202585442,0.004087682705008974,0.00029165541390061624,4.522287739121814e-05,0.0001611169459943346,0.0008289866740176606,0.00011241848012666403,0.00045209977741691895,0.0,0.00040265818752228917,0.0,0.000912283348453422,0.00011483568531094401
04_127,"Vernonia, leaves, sweet, fresh, boiled* (without salt), drained",0.00035375199594056913,2.7846230146380317e-05,8.835218828497077e-06,7.687479123627932e-05,0.0006125869524866844,0.002919773360720696,0.00016792281406399117,3.8941922197993397e-05,7.713362109525445e-05,0.0007971025711708274,8.080078259103977e-05,0.00043265462570006216,0.0,0.00024159491251337352,0.0,0.0006594819386410279,0.00010909390104539682
04_078,"Waterleaf, leaves, fresh, raw",0.00027211691995428396,5.801297947162567e-06,1.4725364714161795e-05,8.81799075945557e-05,0.00040839130165778965,0.003211750696792766,0.0004802003279373783,1.69585790217068e-05,0.00012299685526000035,0.0007333343654771612,0.00013349694515041354,0.00044885891879744286,0.0,0.001369037837575783,0.0,0.0009232747140974391,7.655712354062933e-06
04_120,"Waterleaf, leaves, fresh, boiled* (as part of a recipe)",0.00029116510435108384,5.801297947162567e-06,1.5216210204633855e-05,9.270195413786624e-05,0.0003062934762433422,0.003211750696792766,0.0005096604707556223,1.8214770060351753e-05,0.00013073999869041197,0.0007971025711708274,0.00014052310015833004,0.00042941376708058613,0.0,0.0008858480125490362,0.0,0.000989222907961542,9.569640442578669e-06
04_119,"Waterleaf, leaves, fresh, boiled* (without salt), drained",0.00026395341235565547,5.801297947162567e-06,1.4725364714161795e-05,9.044093086621098e-05,0.00020419565082889482,0.0023358186885765572,0.0002946014281824407,1.5702387983061853e-05,6.28385870698791e-05,0.0007652184683239943,0.00010187924761478927,0.00041320947398320543,0.0,0.0005637214625312048,0.0,0.0007144387668611136,7.65571235406294e-06
04_080,"Wild spinach, leaves, fresh, raw",0.0006340324234934816,2.5525710967515292e-05,1.4725364714161795e-05,9.72240006811768e-05,0.0010550108626159566,0.012555025451098992,0.00024451918539142574,3.768573115934845e-05,0.00013461157040561782,0.0016260892451884878,9.485309260687278e-05,0.00012153219823035455,0.0,0.0017716960250980724,0.0,0.0007693955950811992,-3.445070559328321e-05
04_130,"Wild spinach, leaves, fresh, boiled* (as part of a recipe)",0.0006748499614866242,2.6685970556947808e-05,1.5216210204633855e-05,0.00010174604722448735,0.0007827499948440968,0.0134309574593152,0.00025924925680054776,4.0198113236638345e-05,0.00014295034025375343,0.0017217415537289875,0.00010187924761478927,0.00011667091030114037,0.0,0.0011274429250624097,0.0,0.0008133610576572678,-3.636463368179894e-05
04_129,"Wild spinach, leaves, fresh, boiled* (without salt), drained",0.0006149842390966816,2.436545137808278e-05,1.4725364714161795e-05,9.72240006811768e-05,0.0005445217355437195,0.009635252090378297,0.00015024672837304472,3.454525356273608e-05,6.849703803825685e-05,0.0016579733480353211,7.377462758312326e-05,0.00011180962237192618,0.0,0.0007247847375401205,0.0,0.000582542379132908,-3.445070559328321e-05
05_046,"Apple, green, with skin, raw",1.0884676798171357e-05,8.121817126027593e-06,1.1289446280857377e-05,5.878660506303714e-05,1.7016304235741235e-05,0.0011679093442882786,5.892028563648813e-06,5.024764154579793e-06,2.442068312668288e-05,6.37682056936662e-05,1.7565387519791256e-05,1.6204293097380608e-06,0.0,0.00024159491251337352,0.0,7.693955950811995e-05,0.0001818231684089947
05_047,"Apple, red, with skin, raw",1.632701519725704e-05,1.0442336304892618e-05,1.2761982752273557e-05,5.2003535248071305e-05,1.7016304235741235e-05,0.0008759320082162088,1.1784057127297626e-05,5.024764154579793e-06,3.841790394319623e-05,6.37682056936662e-05,3.513077503958251e-06,1.6204293097380608e-06,0.0,0.00020132909376114458,0.0,0.00010991365644017135,0.0001990485212056363
05_026,"Apple, with skin, raw",1.3605845997714199e-05,8.121817126027593e-06,9.326064318969139e-06,5.2003535248071305e-05,1.7016304235741235e-05,0.0008759320082162088,8.83804284547322e-06,5.652859673902267e-06,2.9483507677336644e-05,9.565230854049929e-05,1.4052310015833004e-05,1.6204293097380608e-06,0.0,0.00016106327500891565,0.0,9.892229079615419e-05,0.00018947888076305765
05_027,"Apple, without skin, raw",1.0884676798171357e-05,3.4807787682975396e-06,4.908454904720599e-06,3.843739561813966e-05,0.0,0.00029197733607206966,8.83804284547322e-06,4.396668635257319e-06,3.3652892601404454e-05,6.37682056936662e-05,0.0,3.2408586194761216e-06,6.993544273427411e-06,0.00016106327500891565,0.0,4.396546257606854e-05,0.00022010173017930938
05_002,"Avocado, fruit, raw",3.809636879359975e-05,3.480778768297539e-05,7.117259611844867e-05,9.044093086621098e-05,0.00037435869318630717,0.003795705368936905,7.365035704561017e-05,2.9520489408156286e-05,0.00012329466846886232,0.0005101456455493296,1.4052310015833004e-05,3.2408586194761216e-06,0.0,0.0007247847375401205,0.0,0.00039568916318461677,-3.636463368179894e-05
05_048,"Banana, sweet, flesh, unripe (green), raw",5.442338399085679e-06,9.282076715460106e-06,1.1289446280857377e-05,8.139683777958987e-05,0.00032330978047908347,0.0011679093442882786,0.00010311049986385423,1.8214770060351753e-05,9.976742496876541e-05,0.000318841028468331,0.0,4.3751591362927636e-05,0.0,0.0007247847375401205,0.0,0.00017586185030427415,0.0004076666828538513
05_003,"Banana, white flesh, ripe, raw",2.1769353596342715e-05,6.961557536595079e-06,3.926763923776478e-06,4.2959442161450215e-05,0.000289277172007601,0.0026277960246486264,9.132644273655659e-05,1.4446196944416904e-05,9.798054571559349e-05,0.0004144933370088303,7.026155007916502e-06,4.8612879292141825e-06,0.0,0.00040265818752228917,0.0,0.00023081867852435978,0.0004937934468370593
05_028,"Banana, yellow flesh, ripe, raw",2.4490522795885556e-05,3.4807787682975396e-06,3.4359184333044193e-06,6.104762833469241e-05,0.00032330978047908347,0.0008759320082162088,4.71362285091905e-05,1.8214770060351753e-05,8.725927019656198e-05,0.0004144933370088303,7.026155007916502e-06,0.00019283108785882923,0.0,0.00040265818752228917,0.0,0.0003077582380324798,0.00031579813460509606
05_005,"Breadfruit, fruit, raw",7.891390678674235e-05,1.2762855483757646e-05,4.4176094142485384e-06,0.00018766493154738777,0.00023822825930037728,0.0072994334018017405,0.00010605651414567864,2.1355247656964118e-05,8.398332489908015e-05,0.00044637743985566337,7.026155007916502e-06,1.6204293097380608e-06,0.0,0.0012482403813190964,0.0,0.00016487048466025698,0.0001837370964975104
05_050,"Carambola (star fruit), raw",1.3605845997714199e-05,8.121817126027593e-06,1.0307755299913257e-05,6.330865160634768e-05,0.00020419565082889482,0.001459886680360348,3.535217138189288e-05,7.537146231869689e-06,4.735230020905582e-05,0.0002550728227746648,7.026155007916502e-06,0.0,0.0,0.001369037837575783,0.0,0.00026379277545641116,3.445070559328321e-05
05_029,"Clementine, raw",8.163507598628519e-05,4.641038357730053e-06,2.4542274523602996e-06,3.843739561813966e-05,0.00040839130165778965,0.00029197733607206966,2.9460142818244067e-05,1.3190005905771958e-05,5.271293796857157e-05,0.00028695692562149785,3.513077503958251e-06,9.722575858428365e-06,0.0,0.001973025118859217,0.0,6.594819386410279e-05,0.00016459781561235312
05_031,"Date, dried, raw",0.00016871249037165605,3.0166749325245345e-05,2.945072942832359e-06,0.0001763598151891114,0.00022121195506463604,0.009927229426450367,0.00014140868552757152,3.2660967004768654e-05,0.000151884736519613,0.0007014502626303282,2.8104620031666008e-05,1.6204293097380608e-06,0.0,0.00016106327500891565,0.0,0.0003077582380324798,0.001077541513834358
05_008,"Dattock, fruit, dried",0.00029932861194971233,3.132700891467786e-05,2.2088047071242696e-05,0.00016053265228752446,0.00023822825930037728,0.004087682705008974,0.00015613875693669356,7.851193991530927e-05,0.0002671384483492017,0.0010840594967923252,1.7565387519791256e-05,1.1343005168166426e-05,0.0,0.00012079745625668676,0.0,0.0002857755067444455,0.0012268279047385855
05_033,"Fig, dried",0.0003918483647341689,3.596804727240791e-05,2.5033120014075052e-05,0.00021027516426394053,0.00013613043388592988,0.006423501393585532,0.00017381484262763997,4.2710495313928235e-05,0.00021204300470973426,0.000988407188251826,3.864385254354076e-05,8.102146548690304e-06,0.0,4.026581875222891e-05,0.0,0.0005605596478448737,0.0008938044173368477
05_032,"Fig, raw",0.00014150079837622765,8.121817126027593e-06,9.326064318969139e-06,0.00010400707049614261,0.0003403260847148247,0.0017518640164324176,7.365035704561017e-05,1.381810142509443e-05,6.998610408256677e-05,0.000318841028468331,1.4052310015833004e-05,1.7824722407118667e-05,0.0,4.026581875222891e-05,0.0,0.0002857755067444455,0.00017799531223196326
05_009,"Fig, sycomorus, raw",0.00024490522795885553,1.1602595894325134e-05,1.4234519223689734e-05,5.2003535248071305e-05,0.00011911412965018864,0.00700745606572967,9.132644273655659e-05,2.5751916292221437e-05,0.00010334118347510925,0.00044637743985566337,2.1078465023749505e-05,2.7547298265547032e-05,0.0,0.00048318982502674703,0.0,0.0004066805288286339,0.00019330673694008908
05_034,"Fruit cocktail, canned in syrup, undrained",1.632701519725704e-05,8.121817126027593e-06,2.4542274523602996e-06,2.2610232716552746e-05,5.1048912707223706e-05,0.0008759320082162088,1.4730071409122033e-05,6.909050712547215e-06,2.6207562379854794e-05,0.0001275364113873324,2.1078465023749505e-05,8.102146548690304e-06,0.0,0.00012079745625668676,0.0,8.793092515213708e-05,0.00031005635033954884
05_035,"Grapefruit, white, raw",6.25868915894853e-05,4.641038357730053e-06,1.963381961888239e-06,3.6176372346484395e-05,0.00020419565082889482,0.001459886680360348,2.651412853641966e-05,1.1933814867127009e-05,5.271293796857157e-05,0.00022318871992783168,1.4052310015833004e-05,1.6204293097380608e-06,0.0,0.0014898352938324698,0.0,5.4956828220085674e-05,8.804069207172375e-05
05_051,"Grapes, raw",2.7211691995428398e-05,9.282076715460106e-06,5.890145885664718e-06,2.939330253151857e-05,6.806521694296494e-05,0.0008759320082162088,2.0622099972770846e-05,1.381810142509443e-05,6.402983990532706e-05,0.00019130461708099857,7.026155007916502e-06,3.2408586194761216e-06,0.0,0.00012079745625668676,0.0,6.594819386410279e-05,0.0002813474290118128
05_010,"Guava, fruit, raw",6.530806078902815e-05,2.3205191788650264e-06,1.0798600790385317e-05,0.00012887832648435067,0.00011911412965018864,0.003795705368936905,4.41902142273661e-05,2.0727152137641647e-05,8.636583056997603e-05,0.000318841028468331,1.0539232511874753e-05,3.5649444814237334e-05,0.0,0.01079123942559735,0.0,0.00024181004416837695,0.00012631925384203843
05_012,"Jujube, raw",8.707741438537086e-05,2.3205191788650264e-06,4.908454904720598e-07,8.365786105124516e-05,0.00010209782541444741,0.0023358186885765572,1.1784057127297626e-05,9.421432789837112e-06,7.624018146866849e-05,0.00022318871992783168,2.1078465023749505e-05,0.0,0.0,0.0026575440376471085,0.0,3.2974096932051395e-05,1.7225352796641593e-05
05_014,"Lemon, raw",5.714455319039963e-05,1.3923115073190159e-05,1.3252828242745617e-05,5.6525581791381854e-05,0.000289277172007601,0.0017518640164324176,3.535217138189288e-05,1.2561910386449483e-05,4.675667379133185e-05,0.00022318871992783168,1.4052310015833004e-05,1.6204293097380608e-06,0.0,0.0017314302063458436,0.0,0.00010991365644017135,6.31596269210192e-05
05_036,"Mango, deep orange flesh, raw",3.265403039451408e-05,1.0442336304892618e-05,1.4725364714161794e-06,3.6176372346484395e-05,0.0006806521694296494,0.00029197733607206966,2.651412853641966e-05,8.793337270514638e-06,4.675667379133185e-05,0.0001275364113873324,7.026155007916502e-06,0.0005898362687446541,0.0,0.0026575440376471085,0.0,9.892229079615419e-05,0.0003081424222510331
05_015,"Mango, orange flesh, ripe, raw",4.625987639222827e-05,6.961557536595079e-06,2.4542274523602996e-06,4.069841888979494e-05,0.0006806521694296494,0.002043841352504487,2.651412853641966e-05,1.1305719347804535e-05,5.777576251922535e-05,0.00019130461708099857,1.0539232511874753e-05,0.00032732672056708827,0.0,0.0014093036563280121,0.0,0.00010991365644017135,0.00025838029194962404
05_039,"Melon, cantaloupe, orange flesh, raw",2.9932861194971232e-05,1.1602595894325134e-05,2.4542274523602996e-06,2.2610232716552746e-05,0.00037435869318630717,0.0011679093442882786,3.829818566371728e-05,8.793337270514638e-06,0.00011197776653210685,0.0002550728227746648,5.972231756729027e-05,0.00010370747582323589,0.0,0.0015703669313369278,0.0,0.00010991365644017135,0.00013397496619610137
05_038,"Melon, honeydew, pale green flesh, raw",1.9048184396799877e-05,6.961557536595079e-06,4.4176094142485384e-06,2.487125598820802e-05,0.00027226086777185977,0.0008759320082162088,2.651412853641966e-05,1.3190005905771958e-05,8.04095663927363e-05,0.00022318871992783168,3.864385254354076e-05,4.8612879292141825e-06,0.0,0.0010871771063101806,0.0,9.892229079615419e-05,0.00015120031899274296
05_016,"Orange, raw",7.891390678674235e-05,5.801297947162567e-06,6.3809913761367785e-06,3.843739561813966e-05,0.0006296032567224257,0.0005839546721441393,3.240615710006847e-05,1.1933814867127009e-05,4.8245739835641775e-05,0.00022318871992783168,7.026155007916502e-06,1.2963434477904486e-05,0.0,0.0018522276626025305,0.0,8.793092515213708e-05,0.00013397496619610135
05_017,"Papaya, fruit, ripe, raw",5.714455319039963e-05,1.1602595894325132e-06,1.963381961888239e-06,4.748148870476076e-05,0.0006296032567224257,0.0023358186885765572,2.356811425459525e-05,1.0049528309159586e-05,6.551890594963698e-05,0.0001275364113873324,1.4052310015833004e-05,0.00010208704651349782,0.0,0.0020938225751159036,0.0,0.00016487048466025698,0.00020861816164821496
05_018,"Pineapple, fruit, raw",5.9865722389942465e-05,3.828856645127294e-05,2.945072942832359e-06,4.069841888979494e-05,0.0003062934762433422,0.0017518640164324176,3.829818566371728e-05,8.165241751192164e-06,6.93904776648428e-05,0.0001275364113873324,7.026155007916502e-06,9.722575858428365e-06,0.0,0.001369037837575783,0.0,0.00026379277545641116,0.00018373709649751043
05_041,"Pomegranate, fruit, raw",3.537519959405691e-05,1.3923115073190159e-05,3.926763923776478e-06,9.044093086621098e-05,0.00040839130165778965,0.0023358186885765572,1.767608569094644e-05,1.9470961098996698e-05,7.326204938004862e-05,0.0004144933370088303,1.4052310015833004e-05,4.8612879292141825e-06,0.0,0.0008053163750445783,0.0,0.0004396546257606854,0.00020861816164821496
05_054,"Soursop, fruit, raw",5.4423383990856795e-05,1.6243634252055187e-05,1.3252828242745617e-05,0.00011305116358276371,0.00010209782541444741,0.0011679093442882786,5.302825707283932e-05,2.5751916292221437e-05,7.862268713956439e-05,0.00038260923416199715,2.4591542527707755e-05,0.0,0.0,0.0024159491251337347,0.0,0.0001868532159482913,0.00017033959987790032
05_045,"Sweet apple, fruit, raw",6.25868915894853e-05,1.7403893841487696e-05,2.945072942832359e-06,0.00011531218685441899,0.00020419565082889482,0.0023358186885765572,9.132644273655659e-05,2.261143869560907e-05,7.862268713956439e-05,0.00047826154270249645,3.161769753562426e-05,0.0,0.0,0.001449569475080241,0.0,0.0002198273128803427,0.0002622081481266555
05_056,Sweet baobab paste (Burkina Faso)*,0.00014694313677531334,1.3923115073190159e-05,0.0,3.391534907482912e-05,0.00013613043388592988,0.004087682705008974,8.83804284547322e-05,9.421432789837112e-06,0.00012120997600682843,0.0001275364113873324,2.4591542527707755e-05,1.6204293097380608e-06,0.0,0.0018924934813547593,0.0,0.0003407323349645311,0.00040001097049978835
05_020,"Tamarind, immature fruit, raw",0.00016327015197257038,1.5083374662622673e-05,1.963381961888239e-06,0.00018992595481904305,3.403260847148247e-05,0.002043841352504487,5.5974271354663724e-05,6.0925265374279995e-05,9.172646832949177e-05,0.000637682056936662,1.0539232511874753e-05,1.6204293097380608e-06,0.0,0.00036239236877006023,0.0,0.00016487048466025698,-3.827856177031487e-06
05_021,"Tamarind, fruit, ripe, raw",0.00045171408712411134,5.3371941113895616e-05,8.344373338025019e-06,0.00011079014031110845,0.0001531467381216711,0.009051297418234159,0.00023568114254595254,8.4792895108534e-05,0.00021829708209583596,0.0011797118053328247,2.1078465023749505e-05,6.481717238952243e-06,0.0,0.00040265818752228917,0.0,0.0005935337447769253,0.001079455441922874
05_022,"Watermelon, fruit, raw",1.9048184396799877e-05,1.0442336304892618e-05,1.963381961888239e-06,2.034920944489747e-05,0.00013613043388592988,0.0008759320082162088,2.651412853641966e-05,5.652859673902267e-06,3.2461639765956506e-05,0.0001594205142341655,1.4052310015833004e-05,4.051073274345152e-05,0.0,0.00024159491251337352,0.0,0.00010991365644017135,7.847105162914508e-05
06_031,"African breadfruit, seed without hull, dried",8.97985835849137e-05,0.00012762855483757648,2.895988393785153e-05,5.426455851972658e-05,0.0017016304235741235,0.013138980123243132,0.00012962462840027388,0.00016895769469774555,0.0001608191327854726,0.004240585678628802,1.4052310015833004e-05,1.7824722407118667e-05,0.0,0.0010066454688057228,0.0,0.004693313129995316,0.0013110407406332777
06_039,"Benniseed, dried, raw",0.0018857702552831878,0.00018796205348806715,0.0009124817667875593,0.0003074991649451173,0.0017016304235741235,0.12350641315848544,0.0007806937846834678,0.00025312249428695706,8.279207206363218e-05,0.0055478338953489584,0.0008009816709024812,1.6204293097380608e-06,0.0,0.0,0.0,0.0029896514551726607,6.698748309805071e-05
06_033,"Bitter cola, seeds, dried, raw",0.00016054898277302753,0.00034575735765088897,6.135568630900748e-05,8.81799075945557e-05,0.0010550108626159566,0.014306889467531413,0.00040654997089176805,0.00028075869713714595,0.00017183822151336608,0.0016579733480353211,3.161769753562426e-05,0.0,0.0,0.0005234556437789759,0.0,0.0036601247594577053,0.001385683936085391
06_032,"Bitter cola, seeds, fresh, raw",7.891390678674235e-05,0.00016939790005714693,2.994157491879565e-05,4.2959442161450215e-05,0.0005104891270722371,0.00700745606572967,0.00019738295688223525,0.00013692482321229937,8.398332489908015e-05,0.0008289866740176606,1.4052310015833004e-05,0.0,0.0,0.00024159491251337352,0.0,0.0017915925999747928,0.0006775305433345697
06_001,"Cashew nut, raw",0.0001306161215780563,0.0002587378884434504,0.00036862496334451696,7.91358145079346e-05,0.001157108688030404,0.02160632286933315,0.0004772543136555538,0.00027510583746324365,0.0001456306591335113,0.005133340558340129,0.00033374236287603385,0.0,0.0,0.0,0.0,0.0058693892539051495,0.0004650845255093233
06_005,"Coconut, kernel, dried, raw",0.00010884676798171359,0.0001044233630489262,4.6139476104373624e-05,0.00035950270019318863,0.0001531467381216711,0.009051297418234159,0.00028576338533696743,9.421432789837111e-05,0.00019387639896915307,0.0023275395078188156,0.0001229577126385388,0.0,0.0,0.0,0.0,0.0015497825558064156,-3.253677750476749e-05
06_004,"Coconut, immature kernel, fresh, raw",5.1702214791313954e-05,2.0884672609785236e-05,1.1289446280857377e-05,7.461376796462405e-05,1.7016304235741235e-05,0.006423501393585532,5.302825707283932e-05,6.971860264479463e-05,6.492327953191301e-05,0.00047826154270249645,2.8104620031666008e-05,0.0,0.0,0.0002818607312656024,0.0,0.00024181004416837695,5.358998647844054e-05
06_002,"Coconut, mature kernel, fresh, raw",4.353870719268543e-05,4.873090275616556e-05,8.589796083261046e-05,0.00021479721080725105,0.0004424239101292721,0.00759141073787381,0.00010605651414567864,7.411527128005195e-05,0.00012180560242455239,0.0010521753939454921,7.026155007916502e-05,0.0,0.0,0.00012079745625668676,0.0,0.000989222907961542,-8.612676398320802e-05
06_019,"Cola nut, dried, raw",0.00019864535156662727,6.265401782935572e-05,2.994157491879565e-05,0.000807185307980933,0.0023822825930037727,0.01547479881181969,0.0005332285850102175,9.23300413404037e-05,0.0003931134356978219,0.0022318871992783166,1.7565387519791256e-05,1.6204293097380608e-06,0.0,0.0,0.0,0.002736850045360266,9.952426060281807e-05
06_018,"Cola nut, fresh, raw",0.0001170102755803421,3.0166749325245345e-05,1.4234519223689734e-05,0.0003843739561813967,0.0014974347727452287,0.006131524057513463,0.00025335722823689895,9.735480549498349e-05,0.00018732450837418937,0.0008927548797113267,1.0539232511874753e-05,3.2408586194761216e-06,0.0,0.0,0.0,0.0012969811459940218,6.124569883250348e-05
06_028,"Groundnut flour, partially defatted",0.00016327015197257038,0.00022276984117104254,0.00015461632949869886,0.00035724167692153337,0.0032330978047908345,0.009927229426450367,0.0006157169849013009,0.0003982125592504486,0.0003931134356978219,0.013550743709904067,0.00031969005286020083,0.0,0.0,0.0,0.0,0.006100207932429509,0.0001301471100190699
06_027,"Groundnut flour, with fat",0.00016871249037165605,9.282076715460107e-05,0.0006547878842897278,0.00022384130389387216,0.0018717934659315358,0.010219206762522437,0.000550904670701164,0.0002857834612917257,0.00026564938230489175,0.008257982637329771,6.323539507124852e-05,3.2408586194761216e-06,0.0,4.026581875222891e-05,0.0,0.003077582380324797,-5.7417842655472144e-06
06_026,"Groundnut paste, from groundnuts only",0.00017415482877074172,9.166050756516855e-05,0.0007043632788274059,0.00018766493154738777,0.0018717934659315358,0.009343274754306229,0.0005892028563648814,0.0002279986735140581,0.00018434637628556952,0.00762030058039311,2.1078465023749505e-05,0.0,0.0,4.026581875222891e-05,0.0,0.002868746433088472,5.167605838992482e-05
06_023,"Groundnut, Chinese, shelled, dried, raw (Ghana), n=1",0.0001306161215780563,9.166050756516855e-05,0.0005806702152284468,0.00018766493154738777,0.0018717934659315358,0.009343274754306229,0.0005892028563648814,0.0002487258256516998,0.00018434637628556952,0.006536241083600785,2.1078465023749505e-05,3.2408586194761216e-06,0.0,4.026581875222891e-05,0.0,0.002868746433088472,0.00028517528518884436
06_025,"Groundnut, combined varieties, shelled, dried, raw (Ghana)",0.0001387796291766848,9.166050756516855e-05,0.0006277913823137645,0.0001944480013623536,0.0018717934659315358,0.018102594836468318,0.0005892028563648814,0.0002474696346130548,0.00018434637628556952,0.007142039037690614,2.1078465023749505e-05,3.2408586194761216e-06,0.0,4.026581875222891e-05,0.0,0.002868746433088472,0.00011674961339945976
06_021,"Groundnut, F-mix variety, shelled, dried, raw (Ghana), n=1",0.00013333729077759913,9.166050756516855e-05,0.0006714766309657778,0.00018766493154738777,0.0018717934659315358,0.01547479881181969,0.0005892028563648814,0.00025123820772898964,0.00018434637628556952,0.007110154934843781,2.1078465023749505e-05,3.2408586194761216e-06,0.0,4.026581875222891e-05,0.0,0.002868746433088472,4.019248985883041e-05
06_022,"Groundnut, JL 24 variety, shelled, dried, raw (Ghana), n=1",0.00013605845997714198,9.166050756516855e-05,0.0005379666575573777,0.00018766493154738777,0.0018717934659315358,0.019562481516828663,0.0005892028563648814,0.00025814725844153685,0.00018434637628556952,0.008034793917401941,2.1078465023749505e-05,3.2408586194761216e-06,0.0,4.026581875222891e-05,0.0,0.002868746433088472,0.00017799531223196326
06_024,"Groundnut, Manipintar variety, shelled, dried, raw (Ghana), n=1",0.0001442219675757705,9.166050756516855e-05,0.0006592054937039763,0.00018766493154738777,0.0018717934659315358,0.023942141557909708,0.0005892028563648814,0.00021794914520489853,0.00018434637628556952,0.007428995963312111,2.1078465023749505e-05,3.2408586194761216e-06,0.0,4.026581875222891e-05,0.0,0.002868746433088472,6.507355500953492e-05
06_012,"Groundnut, red, shelled, dried, raw (Benin)",0.00011973144477988493,0.00012066699730098138,0.0006361357556517896,0.0002125361875355958,0.0018717934659315358,0.0067154787296576,0.0005685807563921105,0.0002104119989730288,0.00023557024820983116,0.006918850317762782,2.1078465023749505e-05,3.2408586194761216e-06,0.0,4.026581875222891e-05,0.0,0.003121547842900866,0.0001358888942846171
06_011,"Groundnut, rose, shelled, dried, raw (Benin)",9.251975278445654e-05,0.0001299490740164415,0.0006106117901472425,0.00017409879191745612,0.0018717934659315358,0.010803161434666576,0.0005744727849557593,0.00021104009449235132,0.00021174519150087226,0.006504356980753951,2.1078465023749505e-05,3.2408586194761216e-06,0.0,4.026581875222891e-05,0.0,0.0040118484600662535,0.00024115493915298242
06_010,"Groundnut, shelled, dried, raw",0.00012245261397942776,9.166050756516855e-05,0.0006243554638804601,0.00018766493154738777,0.0018717934659315358,0.010219206762522437,0.0005892028563648814,0.000279502506098501,0.00018434637628556952,0.007142039037690614,2.1078465023749505e-05,3.2408586194761216e-06,0.0,4.026581875222891e-05,0.0,0.002868746433088472,0.00017416745605493172
06_020,"Groundnut, Sinkarzie variety, shelled, dried, raw (Ghana), n=1",0.000152385475174399,9.166050756516855e-05,0.0006886562231322999,0.00018766493154738777,0.0018717934659315358,0.02160632286933315,0.0005892028563648814,0.0002606596405188268,0.00018434637628556952,0.006568125186447619,2.1078465023749505e-05,3.2408586194761216e-06,0.0,4.026581875222891e-05,0.0,0.002868746433088472,6.507355500953492e-05
06_035,"Melon seed (citrullus spp.), kernel only, dried, raw",0.00010068326038308506,0.00018100049595147206,0.001172629876737751,0.00013566139629931647,0.0009869456456729916,0.025402028238270053,0.0013374904839482805,0.0002725934553859538,0.00014443940629806337,0.006217400055132454,0.0008185470584222724,0.0,0.0,0.0,0.0,0.005418743262500447,0.0002488106515070454
06_013,"Melon seed, kernel only, dried, raw",0.00032109796554605506,0.0001751991980043095,0.0011907911598852173,0.00013566139629931647,0.0009869456456729916,0.018394572172540383,0.0011283234699387475,0.0005250878541535883,0.00018166605740581164,0.008800012385725935,0.00012998386764645527,0.0,0.0,0.0,0.0,0.004990080002383779,0.00010717997295688108
06_036,"Melon seed, small, elongated, kernel only, dried, raw",0.0001578278135734847,0.00018100049595147206,0.001107838271995439,0.00013566139629931647,0.0009869456456729916,0.026277960246486265,0.0013374904839482805,0.0004271049531392824,0.00014443940629806337,0.004814499529871797,0.0008185470584222724,0.0,0.0,0.0,0.0,0.005418743262500447,0.00044020346035861875
06_037,"Melon seed, small, flat, kernel only, dried, raw",0.00021769353596342718,0.00018100049595147206,0.0012673630563988585,0.00013566139629931647,0.0009869456456729916,0.017810617500396246,0.0013374904839482805,0.0005445588152525852,0.0001929829593425671,0.007428995963312111,0.00034779467289186686,0.0,0.0,0.0,0.0,0.005418743262500447,0.0001263192538420384
06_029,"Oil palm, nut (kernel), shelled, raw",0.00022041470516297,0.00017287867882544448,3.632256629493243e-05,9.044093086621098e-05,0.0009699293414372505,0.023358186885765568,0.0006834753133832623,0.00015011482911807134,8.04095663927363e-05,0.001976814376503652,0.00023888927026916108,0.0,0.0,4.026581875222891e-05,0.0,0.0026049536576320605,0.0004612566693322919
06_038,"Pumpkin seed, kernel only, dried, raw",0.00016871249037165605,0.0005430014878544161,0.0009738374530965667,0.00013566139629931647,0.0009869456456729916,0.02423411889398178,0.0015731716264942332,0.0009320937506745516,0.00017243384793109006,0.008831896488572768,1.7565387519791256e-05,3.2408586194761216e-06,0.0,8.053163750445783e-05,0.0,0.009771324057531233,5.741784265547201e-05
06_015,"Sesame seed, whole, dried, raw",0.0021143484680447864,0.00019144283225636468,0.001219751043823069,0.0003233263278467043,0.0017016304235741235,0.032701461640071795,0.001022266955793069,0.0003963282726924812,0.00013639844965878973,0.005292761072574295,0.0001580884876781213,1.6204293097380608e-06,0.0,0.0,0.0,0.0023081867852435983,-0.00017990924032047897
06_016,"Shea nut, kernel, dried, raw",0.00027211691995428396,0.00019956464938239226,0.0001109310808466855,0.0001334003730276612,0.0010550108626159566,0.009927229426450367,0.0008455060988836046,5.1503832584442875e-05,0.00019834359710208286,0.0021681189935846504,9.836617011083102e-05,0.0,0.0,4.026581875222891e-05,0.0,0.0035282283717294996,0.000539727720961437
07_019,"Beef kidney, raw",1.632701519725704e-05,5.4532200703328115e-05,3.877679374729273e-05,0.0,0.0013613043388592987,0.011971070778954854,5.008224279101491e-05,0.00013190005905771958,7.653799467753049e-05,0.005228992866880628,0.0006288408732085268,0.00021227623957568596,0.0017165972307503644,0.00036239236877006023,6.232430647283579e-05,0.002879737798732489,0.0
07_090,"Beef kidney, boiled* (without salt), drained",2.1769353596342715e-05,6.961557536595078e-05,6.135568630900748e-05,0.0,0.0014123532515665225,0.018102594836468318,6.481231420013694e-05,0.00014634625600213648,7.296423617118664e-05,0.008289866740176606,0.0005972231756729026,0.0002689912654165181,0.001780174905963341,0.00040265818752228917,9.971889035653726e-05,0.0038799520723380473,1.9139280885157336e-06
07_091,"Beef kidney, grilled* (without salt or fat)",2.4490522795885556e-05,6.845531577651828e-05,6.0373995328063356e-05,0.0,0.0017016304235741235,0.017810617500396246,6.775832848196136e-05,0.0001651891215818107,8.964177586745788e-05,0.008162330328789274,0.0008361124459420637,0.0002981589929918032,0.002034485606815247,0.0004429240062745181,9.971889035653726e-05,0.0038249952441179627,1.9139280885157336e-06
07_020,"Beef kidney, stewed* (as part of a recipe)",2.7211691995428398e-05,8.70194692074385e-05,6.135568630900748e-05,0.0,0.0015144510769809698,0.018978526844684523,7.954238560925898e-05,0.00020915580793438388,0.00012150778921569041,0.008289866740176606,0.0009977140111241433,0.0003013998516112793,0.0022887963076671527,0.0004429240062745181,9.971889035653726e-05,0.004572408107911128,1.9139280885157336e-06
07_001,"Beef liver, raw",8.97985835849137e-05,0.00038752670287045944,5.301131297098247e-05,0.0,0.004594402143650133,0.028613778935062825,5.008224279101491e-05,0.0002279986735140581,4.735230020905582e-05,0.006153631849438788,0.00026348081279686884,0.03159837153989219,0.006993544273427411,0.0008858480125490362,0.00013711347424023875,0.003912926169270099,6.507355500953494e-05
07_018,"Beef liver, boiled* (without salt), drained",0.00010884676798171359,0.0004699051337201678,8.000781494694575e-05,0.0,0.0044242391012927216,0.041168804386161814,5.8920285636488134e-05,0.00024181677493915254,4.3182915284988013e-05,0.009310158031275263,0.00023888927026916108,0.03824213170981823,0.006993544273427411,0.0009261138313012652,0.00018697291941850735,0.005045036830603864,9.952426060281815e-05
07_088,"Beef liver, grilled* (without salt or fat)",0.00011156793718125643,0.00038288566451272937,6.528245023278396e-05,0.0,0.004764565186007545,0.033577393648288004,5.008224279101491e-05,0.00022485819591744577,4.3778541702711984e-05,0.007588416477546277,0.00027753312281270185,0.03516331602131592,0.006357767521297646,0.0008053163750445783,0.00016204319682937307,0.0041107707508624075,8.038497971766082e-05
07_089,"Beef liver, stewed* (as part of a recipe)",0.00011973144477988493,0.0005163155172974684,7.019090513750456e-05,0.0,0.004254076058935309,0.038249031025441124,6.481231420013694e-05,0.00030399823135207745,6.31364002787411e-05,0.008194214431636105,0.0003513077503958251,0.03791804584787062,0.00826509777768694,0.0009663796500534941,0.00017450805812394018,0.005220898680908138,8.612676398320802e-05
07_014,"Beef meat, fatty, ca. 30% fat, raw",8.163507598628519e-05,1.6243634252055187e-05,5.7428922385231e-05,0.0,0.00017016304235741234,0.003211750696792766,4.41902142273661e-05,8.667718166650143e-05,6.909266445598082e-05,0.005579717998195791,0.00031969005286020083,4.5372020672665706e-05,0.00010172428034076235,0.0,0.00011218375165110442,0.0033963319840012943,0.0
07_015,"Beef meat, fatty, ca. 30% fat, boiled* (without salt), drained",0.00010884676798171359,2.5525710967515292e-05,7.804443298505752e-05,0.0,0.00018717934659315358,0.005255592049297253,4.41902142273661e-05,9.358623237904864e-05,5.777576251922535e-05,0.009278273928428431,0.0002424023477731193,5.671502584083213e-05,0.00010172428034076235,4.026581875222891e-05,0.00013711347424023875,0.005660553306668824,0.0
07_016,"Beef meat, fatty, ca. 30% fat, grilled* (without salt or fat)",0.00010068326038308506,2.204493219921775e-05,6.920921415656043e-05,0.0,0.00020419565082889482,0.004087682705008974,5.008224279101491e-05,0.00010803242932346556,8.160081922818424e-05,0.0077478369917804435,0.0003794123704274911,4.8612879292141825e-05,0.00011443981538335765,4.026581875222891e-05,8.725402906197009e-05,0.00471529586128335,0.0
07_087,"Beef meat, fatty, ca. 30% fat, stewed* (as part of a recipe)",0.00011428910638079926,2.204493219921775e-05,8.098950592788987e-05,0.0,0.00020419565082889482,0.0043796600410810444,6.186629991831254e-05,0.00012185053074855999,9.738491929786952e-05,0.007843489300320942,0.00045318699801061437,5.1853737911617945e-05,0.00010172428034076235,4.026581875222891e-05,0.00012464861294567158,0.004781244055147452,0.0
07_023,"Beef meat, ground, ca. 10% fat, raw",2.9932861194971232e-05,3.132700891467786e-05,1.1289446280857377e-05,0.0,0.00022121195506463604,0.003503728032864835,5.302825707283932e-05,0.00010991671588143297,9.32155343738017e-05,0.006472472877907119,0.00033374236287603385,0.0,0.00011443981538335765,0.0,1.2464861294567157e-05,0.003770038415897877,0.0
07_024,"Beef meat, ground, ca. 10% fat, grilled* (without salt or fat)",3.809636879359975e-05,4.292960480900299e-05,1.2761982752273557e-05,0.0,0.00025524456353611855,0.0046716373771531145,6.186629991831254e-05,0.00013755291873162183,0.00010989307407007294,0.008959432899960101,0.0003934646804433241,0.0,0.00012715535042595293,0.0,1.2464861294567157e-05,0.005231890046552156,0.0
07_134,"Beef meat, ground, ca. 10% fat, stewed* (as part of a recipe)",4.0817537993142595e-05,4.292960480900299e-05,1.5707055695105914e-05,0.0,0.00023822825930037728,0.004963614713225184,7.365035704561017e-05,0.0001526272111953612,0.00012954874585496405,0.008959432899960101,0.0004602131530185309,0.0,0.00011443981538335765,0.0,1.2464861294567157e-05,0.005231890046552156,0.0
07_009,"Beef meat, lean, ca. 5% fat, raw",4.898104559177111e-05,1.3923115073190159e-05,1.1289446280857377e-05,0.0,0.00011911412965018864,0.00700745606572967,6.186629991831254e-05,0.00011745386211330266,9.053521549404383e-05,0.007173923140537447,0.00034779467289186686,9.722575858428365e-06,0.0001525864205111435,0.0,6.232430647283579e-05,0.0038909434379820656,0.0
07_010,"Beef meat, lean, ca. 5% fat, boiled* (without salt), drained",6.530806078902815e-05,2.0884672609785236e-05,1.8652128637938277e-05,0.0,0.00013613043388592988,0.011387116106810714,6.186629991831254e-05,0.00012687529490313978,7.534674184208252e-05,0.011956538567562411,0.00026348081279686884,1.2963434477904486e-05,0.0001525864205111435,0.0,7.478916776740295e-05,0.0064958970956141265,0.0
07_011,"Beef meat, lean, ca. 5% fat, grilled* (without salt or fat)",6.25868915894853e-05,1.856415343092021e-05,1.5707055695105914e-05,0.0,0.0001531467381216711,0.009051297418234159,7.365035704561017e-05,0.00014634625600213648,0.00010691494198145307,0.00997972419105876,0.00041103006796311533,1.1343005168166426e-05,0.00017165972307503646,0.0,4.985944517826863e-05,0.005407751896856429,0.0
07_085,"Beef meat, lean, ca. 5% fat, stewed* (as part of a recipe)",7.075039918811382e-05,1.856415343092021e-05,1.5707055695105914e-05,0.0,0.00013613043388592988,0.009635252090378297,8.543441417290778e-05,0.0001651891215818107,0.00012746405339293014,0.010107260602446091,0.0004918308505541552,1.1343005168166426e-05,0.0001525864205111435,0.0,7.478916776740295e-05,0.00548469145636455,0.0
07_017,"Beef meat, lean, cured, dried",2.1769353596342715e-05,8.121817126027593e-06,3.4359184333044193e-06,0.0,0.00017016304235741234,0.00700745606572967,5.5974271354663724e-05,0.00011368528899736782,6.998610408256677e-05,0.009915955985365092,0.00980148623604352,0.0,0.00010172428034076235,0.0,0.0,0.005418743262500447,0.0
07_002,"Beef meat, moderately fat, ca. 20% fat, raw",4.0817537993142595e-05,2.7846230146380317e-05,2.4542274523602994e-05,0.0,0.00017016304235741234,0.003503728032864835,5.8920285636488134e-05,0.00010300766516888575,8.636583056997603e-05,0.005930443129510956,0.00031969005286020083,2.5926868955808972e-05,6.993544273427411e-05,0.0,6.232430647283579e-05,0.0037370643189658256,0.0
07_012,"Beef meat, moderately fat, ca. 20% fat, boiled* (without salt), drained",5.1702214791313954e-05,4.292960480900299e-05,2.945072942832359e-05,0.0,0.00018717934659315358,0.006131524057513463,5.8920285636488134e-05,0.00011117290692007792,7.17729833357387e-05,0.00988407188251826,0.00023888927026916108,3.402901550449928e-05,6.993544273427411e-05,0.0,7.478916776740295e-05,0.006221112954513697,0.0
07_013,"Beef meat, moderately fat, ca. 20% fat, grilled* (without salt or fat)",4.898104559177111e-05,3.828856645127294e-05,2.7487347466435354e-05,0.0,0.00020419565082889482,0.0046716373771531145,6.775832848196136e-05,0.0001287595814611072,0.00010185211743079932,0.008257982637329771,0.00037589929292353283,2.9167727575285092e-05,8.26509777768694e-05,0.0,4.985944517826863e-05,0.005187924583976087,0.0
07_086,"Beef meat, moderately fat, ca. 20% fat, stewed* (as part of a recipe)",5.4423383990856795e-05,3.828856645127294e-05,3.485002982351625e-05,0.0,0.00018717934659315358,0.005255592049297253,8.248839989108338e-05,0.00014509006496349152,0.00012150778921569041,0.008353634945870271,0.00044967392050665613,3.078815688502316e-05,6.993544273427411e-05,0.0,7.478916776740295e-05,0.00525387277784019,0.0
07_021,"Beef tripe, raw",0.0001170102755803421,1.0442336304892618e-05,3.926763923776478e-06,0.0,8.508152117870617e-05,0.0008759320082162088,4.124419994554169e-05,2.3239534214931544e-05,8.04095663927363e-05,0.0038260923416199716,0.00016160156518207954,6.481717238952243e-06,8.900874529816705e-05,0.0,2.4929722589134315e-05,0.0012090502208418849,0.0
07_022,"Beef tripe, boiled* (without salt), drained",0.0001306161215780563,1.1602595894325134e-05,5.3993003951926585e-06,0.0,8.508152117870617e-05,0.0008759320082162088,4.71362285091905e-05,2.3239534214931544e-05,6.790141162053286e-05,0.00535652927826796,0.00013701002265437178,8.102146548690304e-06,8.26509777768694e-05,0.0,3.7394583883701474e-05,0.0014508602650102618,0.0
07_133,"Beef tripe, grilled* (without salt or fat)",0.00016327015197257038,1.1602595894325134e-05,5.3993003951926585e-06,0.0,0.00010209782541444741,0.0008759320082162088,5.008224279101491e-05,2.6380011811543915e-05,8.487676452566609e-05,0.00535652927826796,0.0001932192627177038,8.102146548690304e-06,9.536651281946469e-05,0.0,3.7394583883701474e-05,0.0014508602650102618,0.0
07_092,"Beef tripe, stewed* (as part of a recipe)",0.00016327015197257038,1.5083374662622673e-05,5.3993003951926585e-06,0.0,8.508152117870617e-05,0.0011679093442882786,5.8920285636488134e-05,3.2660967004768654e-05,0.00011316901936755479,0.00535652927826796,0.00022835003775728628,8.102146548690304e-06,0.00010808204786205999,0.0,3.7394583883701474e-05,0.0017036616748226556,0.0
07_064,"Camel meat, raw",2.7211691995428398e-05,1.856415343092021e-05,3.3868338842572126e-05,0.0,0.00013613043388592988,0.009343274754306229,5.5974271354663724e-05,0.00011745386211330266,7.236860975346267e-05,0.006344936466519786,0.0002459154252770776,1.6204293097380608e-06,0.00010808204786205999,0.0,4.985944517826863e-05,0.0039019348036260825,0.0
07_093,"Camel meat, boiled* (without salt), drained",3.537519959405691e-05,2.9006489735812833e-05,3.583172080446037e-05,0.0,0.00013613043388592988,0.01547479881181969,6.186629991831254e-05,0.00015639578431129604,6.641234557622294e-05,0.010553638042301756,0.0002459154252770776,1.6204293097380608e-06,0.00010808204786205999,0.0,6.232430647283579e-05,0.0065068884612581425,0.0
07_094,"Camel meat, grilled* (without salt or fat)",3.809636879359975e-05,2.3205191788650268e-05,3.485002982351625e-05,0.0,0.00013613043388592988,0.012263048115026926,6.775832848196136e-05,0.0001381810142509443,8.547239094339007e-05,0.008800012385725935,0.0002915854328285348,1.6204293097380608e-06,0.00012079758290465528,0.0,4.985944517826863e-05,0.005418743262500447,0.0
07_095,"Camel meat, stewed* (as part of a recipe)",3.809636879359975e-05,2.6685970556947808e-05,4.7612012575789806e-05,0.0,0.00013613043388592988,0.013138980123243132,7.954238560925898e-05,0.0001651891215818107,0.00010214993063966131,0.008927548797113266,0.00034779467289186686,1.6204293097380608e-06,0.00010808204786205999,0.0,6.232430647283579e-05,0.005495682822008567,0.0
07_039,"Chicken giblets, raw",2.7211691995428398e-05,3.248726850411037e-05,9.473317966110755e-05,0.0,0.006806521694296494,0.017810617500396246,5.008224279101491e-05,0.00011117290692007792,7.117735691801472e-05,0.005611602101042626,0.0002810462003166601,0.006611351583731287,0.0007629321025557175,0.0005234556437789759,0.0002617620871859103,0.0034073233496453113,1.9139280885157338e-05
07_106,"Chicken giblets, boiled* (without salt), drained",3.265403039451408e-05,3.828856645127294e-05,9.227895220874725e-05,0.0,0.006636358651939082,0.024818073566125917,5.8920285636488134e-05,0.0001143133845166903,6.254077386101713e-05,0.008257982637329771,0.0002459154252770776,0.007778060686742691,0.0006993544273427412,0.0005234556437789759,0.00034901611624788036,0.004253658504234631,2.8708921327736004e-05
07_107,"Chicken giblets, grilled* (without salt or fat)",4.0817537993142595e-05,3.712830686184042e-05,9.227895220874725e-05,0.0,0.008508152117870618,0.02423411889398178,6.186629991831254e-05,0.0001287595814611072,7.713362109525445e-05,0.00813044622594244,0.00034428159538790856,0.008620683927806483,0.000826509777768694,0.0005637214625312048,0.00036148097754244756,0.004187710310370528,2.679499323922027e-05
07_040,"Chicken giblets, stewed* (as part of a recipe)",4.0817537993142595e-05,4.6410383577300535e-05,0.00013743673733217676,0.0,0.006976684736653907,0.02569400557434213,7.365035704561017e-05,0.00016142054846587586,0.00010304337026624726,0.00813044622594244,0.00040400391295519885,0.008620683927806483,0.0008900874529816705,0.0006039872812834337,0.00036148097754244756,0.0049351231741636935,2.679499323922027e-05
07_041,"Chicken liver, raw",1.632701519725704e-05,4.9891162345598066e-05,4.417609414248539e-05,0.0,0.017016304235741235,0.027737846926846613,5.302825707283932e-05,0.00017586674541029276,7.147517012687671e-05,0.005834790820970458,0.0002424023477731193,0.011375413754361186,0.0014622865298984588,0.0008455821937968073,0.00016204319682937307,0.003473271543509414,2.4881065150704538e-05
07_108,"Chicken liver, boiled* (without salt), drained",1.9048184396799877e-05,6.033349865049069e-05,6.675498670420015e-05,0.0,0.017016304235741235,0.03970891770580147,6.481231420013694e-05,0.00018654436923877483,6.492327953191301e-05,0.008831896488572768,0.00021781080524541156,0.013789853425870895,0.0013987088546854824,0.0009261138313012652,0.00022436750330220883,0.004462494451470955,3.8278561770314676e-05
07_109,"Chicken liver, grilled* (without salt or fat)",1.9048184396799877e-05,4.873090275616556e-05,5.448384944239865e-05,0.0,0.018717934659315358,0.032409484303999724,5.5974271354663724e-05,0.00017398245885232532,6.611453236736097e-05,0.0072058072433842804,0.00025294158028499406,0.012639348615956876,0.001335131179472506,0.0008053163750445783,0.00018697291941850735,0.0036381420281696715,3.062284941625174e-05
07_042,"Chicken liver, stewed* (as part of a recipe)",2.1769353596342715e-05,6.613479659765325e-05,5.8410613366175116e-05,0.0,0.01599532598159676,0.036789144345080765,7.070434276378576e-05,0.00023490772422660533,9.530022683583561e-05,0.0077797210946272755,0.00032320313036415907,0.013644014787994471,0.001653019555537388,0.0009261138313012652,0.00021190264200764166,0.0046273649361312135,3.253677750476747e-05
07_030,"Chicken, dark meat with skin, raw",2.9932861194971232e-05,5.801297947162567e-06,0.0001997741146221284,0.0,0.00011911412965018864,0.002919773360720696,5.5974271354663724e-05,8.542099062785647e-05,5.3010751177433565e-05,0.005324645175421127,0.0002564546577889523,7.940103617716498e-05,1.8437525811763172e-05,0.0,0.00013711347424023875,0.001736635771754707,0.0
07_031,"Chicken, dark meat with skin, boiled* (without salt), drained",3.265403039451408e-05,4.641038357730053e-06,0.0002179353977695946,0.0,8.508152117870617e-05,0.002919773360720696,5.302825707283932e-05,7.851193991530927e-05,2.7994441633026712e-05,0.0070145026263032815,0.00013349694515041354,5.8335455150570184e-05,1.2079758290465529e-05,0.0,9.971889035653726e-05,0.002286204053955564,0.0
07_032,"Chicken, dark meat with skin, grilled* (without salt or fat)",3.537519959405691e-05,8.121817126027593e-06,0.00021597201580770637,0.0,8.508152117870617e-05,0.003211750696792766,5.302825707283932e-05,8.730527718582391e-05,5.449981722174349e-05,0.006823198009222283,0.00026348081279686884,7.616017755768885e-05,1.525864205111435e-05,0.0,0.00012464861294567158,0.0022312472257354776,0.0
07_103,"Chicken, dark meat with skin, stewed* (as part of a recipe)",4.353870719268543e-05,9.282076715460106e-06,0.0002851812299642667,0.0,0.00011911412965018864,0.004087682705008974,7.954238560925898e-05,0.00012185053074855999,7.564455505094452e-05,0.007588416477546277,0.0003653600604116581,9.074404134533141e-05,1.8437525811763172e-05,0.0,0.0001495783355348059,0.0024840486355478717,0.0
07_003,"Chicken, dark meat without skin, raw",2.9932861194971232e-05,8.121817126027593e-06,9.76782526039399e-05,0.0,3.403260847148247e-05,0.003795705368936905,6.775832848196136e-05,0.0001237348173065274,8.755708340542397e-05,0.00618551595228562,0.0002986115878364513,3.889030343371346e-05,2.3523739828801295e-05,0.00012079745625668676,1.2464861294567157e-05,0.0018135753312628268,0.0
07_028,"Chicken, dark meat without skin, boiled* (without salt), drained",3.265403039451408e-05,5.801297947162567e-06,0.00010013248005630021,0.0,1.7016304235741235e-05,0.004087682705008974,6.186629991831254e-05,0.00011368528899736782,4.616104737360788e-05,0.00813044622594244,0.0001580884876781213,2.7547298265547032e-05,1.525864205111435e-05,0.00016106327500891565,1.2464861294567157e-05,0.0023851263447517176,0.0
07_029,"Chicken, dark meat without skin, grilled* (without salt or fat)",3.537519959405691e-05,1.0442336304892618e-05,9.964163456582815e-05,0.0,1.7016304235741235e-05,0.0043796600410810444,6.481231420013694e-05,0.00012687529490313978,8.993958907631986e-05,0.007907257506014608,0.0003056377428443678,3.72698741239754e-05,1.9073302563892938e-05,0.00012079745625668676,1.2464861294567157e-05,0.002330169516531632,0.0
07_102,"Chicken, dark meat without skin, stewed* (as part of a recipe)",4.0817537993142595e-05,1.1602595894325134e-05,0.000139400119294065,0.0,3.403260847148247e-05,0.005547569385369322,9.721847130020541e-05,0.00017649484092961524,0.00012508154772203426,0.008831896488572768,0.00042508237797894835,4.3751591362927636e-05,2.3523739828801295e-05,0.00012079745625668676,1.2464861294567157e-05,0.0025939622919880436,0.0
07_036,"Chicken, light meat with skin, raw",3.265403039451408e-05,4.641038357730053e-06,6.430075925183984e-05,0.0,0.0,0.0011679093442882786,7.070434276378576e-05,0.0001362967276929769,7.743143430411643e-05,0.006408704672213453,0.00013701002265437178,3.5649444814237334e-05,4.4504372649083526e-05,0.0,9.971889035653726e-05,0.0007364214981491479,0.0
07_037,"Chicken, light meat with skin, boiled* (without salt), drained",3.537519959405691e-05,3.4807787682975396e-06,6.97000596470325e-05,0.0,0.0,0.001459886680360348,6.481231420013694e-05,0.00012561910386449482,4.080040961409212e-05,0.008417403151563937,7.377462758312326e-05,2.5926868955808972e-05,2.9245730597969176e-05,0.0,7.478916776740295e-05,0.0009672401766735078,0.0
07_038,"Chicken, light meat with skin, grilled* (without salt or fat)",4.0817537993142595e-05,5.801297947162567e-06,6.871836866608838e-05,0.0,0.0,0.001459886680360348,6.775832848196136e-05,0.00014006530080891172,7.951612676615034e-05,0.00822609853448294,0.00014052310015833004,3.402901550449928e-05,3.6875051623526344e-05,0.0,9.971889035653726e-05,0.0009452574453854734,0.0
07_104,"Chicken, light meat with skin, stewed* (as part of a recipe)",4.625987639222827e-05,6.961557536595079e-06,9.178810671827519e-05,0.0,0.0,0.0017518640164324176,0.00010016448558202982,0.00019470961098996698,0.00011048870048779692,0.009150737517041098,0.00019673234022166204,4.051073274345152e-05,4.4504372649083526e-05,0.0,0.00011218375165110442,0.0010551711018256446,0.0
07_033,"Chicken, light meat without skin, raw",3.809636879359975e-05,6.961557536595079e-06,3.435918433304419e-05,0.0,1.7016304235741235e-05,0.003211750696792766,8.248839989108338e-05,0.0001406933963282342,9.202428153835376e-05,0.007333343654771613,0.0001510623326702048,1.2963434477904486e-05,1.4622865298984588e-05,4.026581875222891e-05,2.4929722589134315e-05,0.0008133610576572678,0.0
07_034,"Chicken, light meat without skin, boiled* (without salt), drained",4.353870719268543e-05,4.641038357730053e-06,4.515778512342951e-05,0.0,1.7016304235741235e-05,0.003503728032864835,7.659637132743456e-05,0.00012938767698042968,4.854355304450377e-05,0.009660883162590428,8.080078259103977e-05,9.722575858428365e-06,9.536651281946469e-06,4.026581875222891e-05,1.2464861294567157e-05,0.001066162467469662,0.0
07_035,"Chicken, light meat without skin, grilled* (without salt or fat)",4.625987639222827e-05,8.121817126027593e-06,4.417609414248539e-05,0.0,1.7016304235741235e-05,0.003795705368936905,7.954238560925898e-05,0.00014446196944416904,9.440678720924965e-05,0.009405810339815763,0.00015457541017416303,1.2963434477904486e-05,1.2079758290465529e-05,4.026581875222891e-05,2.4929722589134315e-05,0.0010441797361816275,0.0
07_105,"Chicken, light meat without skin, stewed* (as part of a recipe)",5.4423383990856795e-05,1.0442336304892618e-05,4.908454904720599e-05,0.0,1.7016304235741235e-05,0.0046716373771531145,0.00011784057127297627,0.00020099056618319173,0.00013133562510813596,0.010489869836608089,0.00021429772774145332,1.4583863787642546e-05,1.4622865298984588e-05,4.026581875222891e-05,2.4929722589134315e-05,0.001165084758265816,0.0
07_136,Fried mopane worms with vegetables (Burkina Faso)*,0.00010612559878217074,1.3923115073190159e-05,0.0002547488095549991,5.878660506303714e-05,8.508152117870617e-05,0.013138980123243132,0.00010605651414567864,6.0925265374279995e-05,9.32155343738017e-05,0.002933337461908645,0.00333391055125638,3.889030343371346e-05,0.0,0.0003221265500178313,0.0,0.0022642213226675293,4.019248985883041e-05
07_027,"Game meat, dried, salted",4.0817537993142595e-05,8.469895002857346e-05,7.068175062797661e-05,0.0,0.00020419565082889482,0.028905756271134894,0.00019738295688223525,0.0003680639743229698,0.00027488159177961336,0.021266696598837675,0.007763901283747734,0.0,0.00023523739828801293,0.0,0.0,0.006660767580274383,0.0
07_069,"Goat meat, lean, raw",0.00012245261397942776,3.0166749325245345e-05,1.4234519223689734e-05,0.0,3.403260847148247e-05,0.01605875348396383,8.543441417290778e-05,0.00017335436333300287,7.236860975346267e-05,0.006121747746591954,0.0005480400906174871,1.1343005168166426e-05,0.00019709079316022706,0.0,4.985944517826863e-05,0.004022839825710271,0.0
07_113,"Goat meat, lean, boiled* (without salt), drained",0.0001442219675757705,4.292960480900299e-05,2.1106356090298576e-05,0.0,3.403260847148247e-05,0.023650164221837636,8.248839989108338e-05,0.0002072715213764165,5.926482856353527e-05,0.009118853414194267,0.0004883177730501968,1.4583863787642546e-05,0.0001780174905963341,4.026581875222891e-05,6.232430647283579e-05,0.006001285641633355,0.0
07_114,"Goat meat, lean, grilled* (without salt or fat)",0.00017687599797028457,3.944882604070545e-05,2.0615510599826514e-05,0.0,3.403260847148247e-05,0.021898300205405223,0.00010605651414567864,0.0002135524765696412,8.90461494497339e-05,0.0088637805914196,0.0006745108807599842,1.2963434477904486e-05,0.0002288796307667153,4.026581875222891e-05,6.232430647283579e-05,0.00582542379132908,0.0
07_115,"Goat meat, lean, stewed* (as part of a recipe)",0.00021225119756434148,5.3371941113895616e-05,2.5033120014075052e-05,0.0,3.403260847148247e-05,0.02802982426291868,0.00015024672837304472,0.00030462632687139996,0.00012686842697520615,0.01071305855653592,0.0009590701585806026,1.6204293097380607e-05,0.00024159516580931056,4.026581875222891e-05,7.478916776740295e-05,0.007045465377814983,0.0
07_046,"Goat meat, moderately fat, ca. 10% fat, raw",7.347156838765667e-05,1.856415343092021e-05,2.945072942832359e-05,0.0,5.1048912707223706e-05,0.006423501393585532,7.070434276378576e-05,0.00012185053074855999,8.666364377883801e-05,0.005611602101042626,0.00035482082789978334,1.4583863787642546e-05,0.00010808204786205999,0.0,6.232430647283579e-05,0.003726072953321808,0.0
07_047,"Goat meat, moderately fat, ca. 10% fat, boiled* (without salt), drained",8.707741438537086e-05,2.6685970556947808e-05,3.3868338842572126e-05,0.0,5.1048912707223706e-05,0.009635252090378297,7.070434276378576e-05,0.00014509006496349152,7.117735691801472e-05,0.008385519048717104,0.00031969005286020083,1.7824722407118667e-05,0.00010172428034076235,4.026581875222891e-05,7.478916776740295e-05,0.005550639650228653,0.0
07_048,"Goat meat, moderately fat, ca. 10% fat, grilled* (without salt or fat)",0.00010612559878217074,2.436545137808278e-05,3.3377493352100074e-05,0.0,5.1048912707223706e-05,0.009051297418234159,8.83804284547322e-05,0.00015011482911807134,0.00010691494198145307,0.008162330328789274,0.00043913468799478136,1.6204293097380607e-05,0.00012715535042595293,0.0,7.478916776740295e-05,0.005396760531212412,0.0
07_112,"Goat meat, moderately fat, ca. 10% fat, stewed* (as part of a recipe)",0.0001306161215780563,3.248726850411037e-05,5.1538776499566286e-05,0.0,6.806521694296494e-05,0.011387116106810714,0.00012667861411844948,0.0002135524765696412,0.000152182549728475,0.00988407188251826,0.0006253277957045686,2.106558102659479e-05,0.00013351311794725058,4.026581875222891e-05,9.971889035653726e-05,0.006528871192546177,0.0
07_070,"Guinea fowl meat, raw",6.530806078902815e-05,5.801297947162567e-06,3.877679374729273e-05,0.0,0.00010209782541444741,0.003503728032864835,7.070434276378576e-05,7.411527128005195e-05,3.8120090734334245e-05,0.0068550821120691155,5.972231756729027e-05,1.944515171685673e-05,2.3523739828801295e-05,8.053163750445783e-05,0.00012464861294567158,0.0015168084588743642,0.0
07_116,"Guinea fowl meat, boiled* (without salt), drained",7.347156838765667e-05,3.4807787682975396e-06,5.104793100909423e-05,0.0,6.806521694296494e-05,0.003503728032864835,6.481231420013694e-05,6.846241160614969e-05,2.144255103806301e-05,0.009023201105653767,3.161769753562426e-05,1.4583863787642546e-05,1.525864205111435e-05,8.053163750445783e-05,8.725402906197009e-05,0.0020004285472111187,0.0
07_117,"Guinea fowl meat, grilled* (without salt or fat)",7.61927375871995e-05,6.961557536595079e-06,4.9575394537678046e-05,0.0,8.508152117870617e-05,0.003211750696792766,7.365035704561017e-05,7.599955783801936e-05,3.901353036092021e-05,0.008800012385725935,7.728770508708151e-05,1.944515171685673e-05,1.9709079316022704e-05,8.053163750445783e-05,0.00012464861294567158,0.0019454717189910328,0.0
07_118,"Guinea fowl meat, stewed* (as part of a recipe)",9.524092198399938e-05,8.121817126027593e-06,5.546554042334275e-05,0.0,8.508152117870617e-05,0.004963614713225184,0.00010016448558202982,0.00010614814276549813,5.4202004012881506e-05,0.00978841957397776,8.782693759895627e-05,2.2686010336332853e-05,2.3523739828801295e-05,8.053163750445783e-05,0.0001495783355348059,0.002165299031871375,0.0
07_135,Kédjénou (Burkina Faso)*: chicken stew with vegetables,3.265403039451408e-05,4.641038357730053e-06,1.5216210204633855e-05,1.3566139629931646e-05,6.806521694296494e-05,0.0011679093442882786,3.535217138189288e-05,3.8941922197993397e-05,3.69288378988863e-05,0.0015623210394948219,0.001721407976939543,1.6204293097380607e-05,6.993544273427411e-06,0.00024159491251337352,1.2464861294567157e-05,0.00026379277545641116,2.679499323922027e-05
07_051,"Lamb brain, raw",2.7211691995428398e-05,3.248726850411037e-05,4.270355767106921e-05,0.0,3.403260847148247e-05,0.005547569385369322,4.124419994554169e-05,0.0001702138857363905,9.291772116493973e-05,0.004176817472935136,0.00042859545548290664,3.2408586194761216e-06,0.0006993544273427412,0.00040265818752228917,0.00013711347424023875,0.001220041586485902,1.9139280885157336e-06
07_129,"Lamb brain, boiled* (without salt), drained",2.7211691995428398e-05,3.248726850411037e-05,4.319440316154127e-05,0.0,3.403260847148247e-05,0.0067154787296576,4.124419994554169e-05,0.00014885863807942635,6.968829087370479e-05,0.005197108764033795,0.00032320313036415907,3.2408586194761216e-06,0.0005849146119593834,0.00036239236877006023,0.0001495783355348059,0.0012969811459940218,1.9139280885157336e-06
07_130,"Lamb brain, grilled* (without salt or fat)",3.537519959405691e-05,3.248726850411037e-05,4.319440316154127e-05,0.0,3.403260847148247e-05,0.0067154787296576,4.41902142273661e-05,0.0001702138857363905,8.725927019656198e-05,0.005197108764033795,0.00045670007551457256,3.2408586194761216e-06,0.0006993544273427412,0.00036239236877006023,0.00016204319682937307,0.0012969811459940218,1.9139280885157336e-06
07_052,"Lamb brain, stewed* (as part of a recipe)",3.537519959405691e-05,4.060908563013796e-05,5.301131297098247e-05,0.0,3.403260847148247e-05,0.00700745606572967,5.302825707283932e-05,0.00021292438105031874,0.00011614715145617465,0.005197108764033795,0.0005375008581056124,3.2408586194761216e-06,0.0007629321025557175,0.00040265818752228917,0.00016204319682937307,0.0015277998245183816,1.9139280885157336e-06
07_053,"Lamb liver, raw",1.9048184396799877e-05,0.0016359660210998436,6.773667768514425e-05,0.0,0.003573423889505659,0.02948971094327903,7.070434276378576e-05,0.00019094103787403214,9.589585325355959e-05,0.006217400055132454,0.00022835003775728628,0.022848053267306656,0.005721990769167883,0.0008053163750445783,3.7394583883701474e-05,0.0038689607066940313,0.00013397496619610137
07_054,"Lamb liver, boiled* (without salt), drained",2.4490522795885556e-05,0.001972441302035273,6.577329572325603e-05,0.0,0.003403260847148247,0.042628691066522166,8.543441417290778e-05,0.00020224675722183667,8.725927019656198e-05,0.009405810339815763,0.0002072715727335368,0.02770934119652084,0.005658413093954906,0.0008455821937968073,4.985944517826863e-05,0.004979088636739761,0.00020287637738266779
07_131,"Lamb liver, grilled* (without salt or fat)",2.4490522795885556e-05,0.0016127608293111933,6.675498670420015e-05,0.0,0.0037435869318630717,0.034745302992576284,7.365035704561017e-05,0.00018842865579674222,8.874833624087191e-05,0.007652184683239943,0.00023888927026916108,0.025440740162887554,0.0052769470426770465,0.0007650505562923494,4.985944517826863e-05,0.004055813922642323,0.0001645978156123531
07_132,"Lamb liver, stewed* (as part of a recipe)",2.7211691995428398e-05,0.0021696854322388,9.031557024685902e-05,0.0,0.0032330978047908345,0.0394169403697294,9.4272457018381e-05,0.000254378685325602,0.00012776186660179212,0.008289866740176606,0.0003056377428443678,0.027385255334573227,0.006357767521297646,0.0008455821937968073,4.985944517826863e-05,0.0051549504870440355,0.00017799531223196326
07_072,"Lamb/mutton meat, lean, ca. 10% fat, raw",1.9048184396799877e-05,1.0442336304892618e-05,1.3252828242745617e-05,0.0,3.403260847148247e-05,0.002919773360720696,6.186629991831254e-05,0.00011871005315194761,8.428113810794212e-05,0.006153631849438788,0.0002915854328285348,1.1343005168166426e-05,0.00019073302563892938,0.0,0.00016204319682937307,0.002473057269903855,0.0
07_126,"Lamb/mutton meat, lean, ca. 10% fat, boiled* (without salt), drained",2.4490522795885556e-05,1.3923115073190159e-05,1.3252828242745617e-05,0.0,3.403260847148247e-05,0.004087682705008974,6.186629991831254e-05,0.00014194958736687914,6.93904776648428e-05,0.009150737517041098,0.00026348081279686884,1.2963434477904486e-05,0.0001653019555537388,0.0,0.00019943778071307452,0.0036930988563897565,0.0
07_127,"Lamb/mutton meat, lean, ca. 10% fat, grilled* (without salt or fat)",2.9932861194971232e-05,1.2762855483757646e-05,1.3252828242745617e-05,0.0,3.403260847148247e-05,0.003795705368936905,7.659637132743456e-05,0.00014634625600213648,0.00010393680989283322,0.008895664694266434,0.0003583339054037416,1.1343005168166426e-05,0.00021616409572411998,0.0,0.00018697291941850735,0.0035831851999495856,0.0
07_128,"Lamb/mutton meat, lean, ca. 10% fat, stewed* (as part of a recipe)",3.265403039451408e-05,1.6243634252055187e-05,2.1106356090298576e-05,0.0,3.403260847148247e-05,0.0043796600410810444,0.00010016448558202982,0.00018842865579674222,0.00013401594398789385,0.009756535471130928,0.00046372623052248914,1.4583863787642546e-05,0.00020980632820282233,0.0,0.00021190264200764166,0.003923917534914116,0.0
07_004,"Lamb/mutton meat, moderately fat, ca. 20% fat, raw",2.7211691995428398e-05,1.0442336304892618e-05,6.23373772899516e-05,0.0,0.00020419565082889482,0.006131524057513463,6.186629991831254e-05,9.358623237904864e-05,7.445330221549658e-05,0.005197108764033795,0.00021429772774145332,2.7547298265547032e-05,0.00018437525811763173,0.0,1.2464861294567157e-05,0.0025280140981239407,0.0
07_049,"Lamb/mutton meat, moderately fat, ca. 20% fat, boiled* (without salt), drained",3.265403039451408e-05,1.5083374662622673e-05,7.411766906128104e-05,0.0,0.00017016304235741234,0.009343274754306229,5.8920285636488134e-05,0.00011180100243940039,6.105170781670719e-05,0.0077478369917804435,0.0001932192627177038,3.2408586194761215e-05,0.0001653019555537388,0.0,1.2464861294567157e-05,0.003770038415897877,0.0
07_050,"Lamb/mutton meat, moderately fat, ca. 20% fat, grilled* (without salt or fat)",4.0817537993142595e-05,1.3923115073190159e-05,7.313597808033692e-05,0.0,0.00020419565082889482,0.008467342746090019,7.365035704561017e-05,0.00011556957555533523,9.172646832949177e-05,0.007524648271852612,0.00026348081279686884,3.078815688502316e-05,0.00021616409572411998,0.0,1.2464861294567157e-05,0.0036601247594577053,0.0
07_125,"Lamb/mutton meat, moderately fat, ca. 20% fat, stewed* (as part of a recipe)",4.353870719268543e-05,1.7403893841487696e-05,9.865994358488402e-05,0.0,0.00022121195506463604,0.009927229426450367,9.721847130020541e-05,0.00014885863807942635,0.00011823184391820856,0.008257982637329771,0.0003407685178839503,3.5649444814237334e-05,0.0002034485606815247,0.0,1.2464861294567157e-05,0.0040118484600662535,0.0
07_005,"Pork meat, fatty, ca. 40% fat, raw",2.9932861194971232e-05,6.961557536595079e-06,0.00021008186992204164,0.0,6.806521694296494e-05,0.005547569385369322,3.829818566371728e-05,9.609861445633854e-05,7.534674184208252e-05,0.003985512855854138,0.00014754925516624652,3.2408586194761216e-06,3.8782381879915645e-05,0.0,0.00021190264200764166,0.0017476271373987244,0.0
07_059,"Pork meat, fatty, ca. 40% fat, boiled* (without salt), drained",3.537519959405691e-05,9.282076715460106e-06,0.00028419953898332266,0.0,6.806521694296494e-05,0.008467342746090019,3.535217138189288e-05,8.856146822446885e-05,5.8073575728087327e-05,0.006121747746591954,0.00010187924761478927,3.2408586194761216e-06,3.5603498119266827e-05,0.0,0.00024929722589134317,0.0021543076662273583,0.0
07_060,"Pork meat, fatty, ca. 40% fat, grilled* (without salt or fat)",2.9932861194971232e-05,8.121817126027593e-06,0.0002689833287786888,0.0,8.508152117870617e-05,0.006423501393585532,5.302825707283932e-05,0.00012310672178720493,9.14286551206298e-05,0.0057072544095831245,0.00018970618521374556,3.2408586194761216e-06,4.9590586666121646e-05,0.0,0.00023683236459677597,0.0024950400011918895,0.0
07_123,"Pork meat, fatty, ca. 40% fat, stewed* (as part of a recipe)",4.353870719268543e-05,9.282076715460106e-06,0.0003229763327306154,0.0,8.508152117870617e-05,0.008467342746090019,5.8920285636488134e-05,0.00014760244704078141,0.00011584933824731267,0.006121747746591954,0.00022835003775728628,3.2408586194761216e-06,4.7683256409732345e-05,0.0,0.0002617620871859103,0.002692884582784198,0.0
07_071,"Pork meat, lean, ca. 10% fat, raw",8.435624518582802e-05,2.5525710967515292e-05,7.70627420041134e-05,0.0,0.00013613043388592988,0.00029197733607206966,6.186629991831254e-05,0.00010489195172685318,9.410897400038767e-05,0.005930443129510956,0.0002915854328285348,3.2408586194761216e-06,1.9073302563892938e-05,0.0,6.232430647283579e-05,0.00025280140981239407,0.0
07_119,"Pork meat, lean, ca. 10% fat, boiled* (without salt), drained",0.00010612559878217074,3.712830686184042e-05,8.491626985166635e-05,0.0,0.0001531467381216711,0.0005839546721441393,5.8920285636488134e-05,9.672670997566102e-05,7.236860975346267e-05,0.009086969311347433,0.00020375849522957855,3.2408586194761216e-06,1.7801749059633413e-05,0.0,7.478916776740295e-05,0.0003077582380324798,0.0
07_120,"Pork meat, lean, ca. 10% fat, grilled* (without salt or fat)",9.251975278445654e-05,3.480778768297539e-05,8.344373338025017e-05,0.0,0.00017016304235741234,0.00029197733607206966,8.543441417290778e-05,0.00013504053665433196,0.00011436027220300273,0.008449287254410772,0.00037589929292353283,3.2408586194761216e-06,2.4795293333060823e-05,0.0,7.478916776740295e-05,0.00036271506625256544,0.0
07_121,"Pork meat, lean, ca. 10% fat, stewed* (as part of a recipe)",0.00011428910638079926,3.364752809354288e-05,0.00010307755299913257,0.0,0.0001531467381216711,0.00029197733607206966,8.248839989108338e-05,0.00014006530080891172,0.0001256771741397582,0.007875373403167775,0.00038995160293936584,3.2408586194761216e-06,2.034485606815247e-05,0.0,6.232430647283579e-05,0.0003407323349645311,0.0
07_006,"Pork meat, moderately fat, ca. 20% fat, raw",2.7211691995428398e-05,2.6685970556947808e-05,0.00013645504635123262,0.0,0.00011911412965018864,0.005839546721441392,4.41902142273661e-05,9.861099653362844e-05,6.968829087370479e-05,0.005197108764033795,0.0001932192627177038,8.102146548690304e-06,2.543107008519059e-05,0.0,0.00021190264200764166,0.002286204053955564,0.0
07_057,"Pork meat, moderately fat, ca. 20% fat, boiled* (without salt), drained",3.265403039451408e-05,3.944882604070545e-05,0.00016934169421286066,0.0,0.00013613043388592988,0.009051297418234159,4.124419994554169e-05,9.107385030175876e-05,5.3606377595157535e-05,0.007971025711708275,0.00013349694515041354,9.722575858428365e-06,2.3523739828801295e-05,0.0,0.00024929722589134317,0.0028137896048683864,0.0
07_058,"Pork meat, moderately fat, ca. 20% fat, grilled* (without salt or fat)",2.9932861194971232e-05,3.596804727240791e-05,0.00016296070283672388,0.0,0.0001531467381216711,0.0067154787296576,5.8920285636488134e-05,0.00012687529490313978,8.45789513168041e-05,0.0073971118604652785,0.0002494285027810358,8.102146548690304e-06,3.2424614358617995e-05,0.0,0.00023683236459677597,0.0032644355962730886,0.0
07_122,"Pork meat, moderately fat, ca. 20% fat, stewed* (as part of a recipe)",4.0817537993142595e-05,4.060908563013796e-05,0.00021008186992204164,0.0,0.0001531467381216711,0.009051297418234159,6.775832848196136e-05,0.00015199911567603873,0.00010721275519031507,0.007971025711708275,0.0002986115878364513,9.722575858428365e-06,3.115306085435847e-05,0.0,0.0002617620871859103,0.003517237006085483,0.0
07_007,"Rabbit meat, raw",8.435624518582802e-05,3.480778768297539e-05,6.871836866608838e-05,0.0,3.403260847148247e-05,0.005255592049297253,8.543441417290778e-05,0.0001526272111953612,0.00011167995332324486,0.00679131390637545,0.00018268003020582905,9.722575858428365e-06,0.00033696167862877523,0.0,7.478916776740295e-05,0.0017806012343307756,0.0
07_124,"Rabbit meat, boiled* (without salt), drained",0.00010612559878217074,2.5525710967515292e-05,6.528245023278396e-05,0.0,1.7016304235741235e-05,0.006131524057513463,8.543441417290778e-05,0.00015451149775332865,6.462546632305103e-05,0.009852187779671426,0.00010539232511874753,8.102146548690304e-06,0.00024159516580931056,0.0,6.232430647283579e-05,0.002582970926344026,0.0
07_062,"Rabbit meat, grilled* (without salt or fat)",0.0001170102755803421,4.757064316673304e-05,6.528245023278396e-05,0.0,3.403260847148247e-05,0.0067154787296576,9.132644273655659e-05,0.00017649484092961524,0.00012925093264610206,0.009852187779671426,0.00021078465023749505,1.1343005168166426e-05,0.0003178883760648823,0.0,7.478916776740295e-05,0.002582970926344026,0.0
07_061,"Rabbit meat, stewed* (as part of a recipe)",0.0001251737831789706,5.1051421935030585e-05,9.964163456582815e-05,0.0,3.403260847148247e-05,0.00759141073787381,0.00012373259983662507,0.00022108962280151088,0.00016171257241205856,0.009852187779671426,0.00026348081279686884,1.1343005168166426e-05,0.0003433194461500729,0.0,8.725402906197009e-05,0.002582970926344026,0.0
07_063,"Sausage, wiener (beef, pork, chicken) canned",2.7211691995428398e-05,3.4807787682975396e-06,6.675498670420015e-05,0.0,6.806521694296494e-05,0.0026277960246486264,2.0622099972770846e-05,3.077668044680123e-05,3.0079134095060615e-05,0.003953628753007304,0.0030879951259793026,1.2963434477904486e-05,6.357767521297646e-05,0.0,7.478916776740295e-05,0.0017586185030427416,2.2967137062188803e-05
07_083,"Snail, raw",0.0005333491631103965,0.0003248726850411037,2.6014810995019172e-05,0.0,0.0001531467381216711,0.009927229426450367,0.00017381484262763997,6.406574297089236e-05,1.042346231016952e-05,0.004655079015637631,0.0004848046955462386,4.8612879292141825e-05,5.849146119593835e-05,0.0006039872812834337,0.0,0.0012859897803500044,6.890141118656641e-05
07_084,"Snail, cooked",0.0002857227659519982,0.00017287867882544448,9.326064318969139e-06,0.0,0.00020419565082889482,0.008467342746090019,0.00030049345674608945,0.00011117290692007792,7.445330221549657e-06,0.008034793917401941,0.0001932192627177038,7.616017755768885e-05,8.900874529816705e-05,0.0008455821937968073,0.0,0.0031435305741889003,0.0001588560313468059
08_005,"Egg, chicken, local breed, raw",0.00019592418236708445,6.961557536595079e-06,7.608105102316927e-05,0.0,0.000799766299079838,0.006131524057513463,3.240615710006847e-05,0.0001651891215818107,4.6458860582469864e-05,0.004049281061547803,0.0005796577881531114,0.00014259777925694934,7.629321025557175e-05,0.0,0.000560918758255522,0.0017586185030427416,1.531142470812587e-05
08_010,"Egg, chicken, local breed, boiled* (without salt)",0.00018776067476845593,6.961557536595079e-06,7.608105102316927e-05,0.0,0.0006466195609581669,0.005839546721441392,2.9460142818244067e-05,0.00015702387983061855,4.4076354911573976e-05,0.004049281061547803,0.0005515531681214454,0.00013449563270825904,6.357767521297646e-05,0.0,0.0005359890356663877,0.0016706875778906042,1.531142470812587e-05
08_001,"Egg, chicken, raw",0.00015510664437394186,1.3923115073190159e-05,0.00010994938986574142,0.0,0.0014123532515665225,0.006423501393585532,4.124419994554169e-05,0.00014634625600213648,4.4671981329297946e-05,0.004304353884322468,0.0005796577881531114,0.00019769237578804341,8.900874529816705e-05,0.0,0.00024929722589134317,0.001659696212246587,3.827856177031467e-06
08_002,"Egg, chicken, boiled* (without salt)",0.00014694313677531334,1.2762855483757646e-05,0.00010994938986574142,0.0,0.0011230760795589215,0.006131524057513463,3.829818566371728e-05,0.0001388091097702668,4.258728886726404e-05,0.004304353884322468,0.0005515531681214454,0.00018796979992961505,6.993544273427411e-05,0.0,0.00023683236459677597,0.0015717652870944501,3.827856177031467e-06
08_003,"Egg, chicken, fried in oil",0.0001387796291766848,9.282076715460106e-06,0.00013007405497509586,0.0,0.0015144510769809698,0.006131524057513463,3.829818566371728e-05,0.00012185053074855999,4.496979453815993e-05,0.004336237987169301,0.0005691185556412367,0.00023010096198280462,8.26509777768694e-05,0.0,0.0002742269484804775,0.0013409466085700903,3.8278561770314676e-05
08_009,"Egg, duck, raw",0.00014150079837622765,1.2762855483757646e-05,8.344373338025017e-05,0.0,0.0013613043388592987,0.0072994334018017405,3.535217138189288e-05,0.0001551395932726511,6.790141162053286e-05,0.003762324135926306,0.0003969777579472824,0.0002981589929918032,0.0003433194461500729,0.0,0.0003365512549533133,0.001637713480958553,4.593427412437761e-05
08_014,"Egg, duck, boiled* (without salt)",0.00013605845997714198,1.1602595894325134e-05,8.344373338025017e-05,0.0,0.001089043471087439,0.0067154787296576,3.240615710006847e-05,0.00014760244704078141,6.462546632305103e-05,0.003762324135926306,0.00037589929292353283,0.00028357512920416066,0.0002733840034157988,0.0,0.00031162153236417893,0.001560773921450433,4.593427412437761e-05
08_008,"Egg, guinea fowl, raw",0.00028028042755291245,1.0442336304892618e-05,0.0001433268832178415,0.0,0.0011230760795589215,0.02102236819718901,3.240615710006847e-05,0.00024244487045847502,0.00011257339294983083,0.00411304926724147,0.0008782693759895627,0.0003824213170981823,0.000521336936746407,0.0,0.000710497093790328,0.003077582380324797,4.2106417947346145e-05
08_013,"Egg, guinea fowl, boiled* (without salt)",0.00026667458155519826,1.0442336304892618e-05,0.0001433268832178415,0.0,0.0009018641244942854,0.019854458852900735,2.9460142818244067e-05,0.00023051105559134802,0.00010691494198145307,0.00411304926724147,0.0008361124459420637,0.00036297616538132565,0.00041961265640564466,0.0,0.0006731025099066265,0.0029237032613085574,4.2106417947346145e-05
08_006,"Egg, quail, raw",0.00022041470516297,1.0442336304892618e-05,0.00012369306359895908,0.0,0.0011230760795589215,0.01547479881181969,3.240615710006847e-05,0.00020036247066386925,5.152168513312363e-05,0.004973920044105963,0.0006288408732085268,6.805803100899856e-05,0.00012715535042595293,0.0,0.000710497093790328,0.0024181004416837697,5.167605838992482e-05
08_011,"Egg, quail, boiled* (without salt)",0.00020680885916525582,1.0442336304892618e-05,0.00012369306359895908,0.0,0.0009018641244942854,0.014598866803603481,2.9460142818244067e-05,0.00019031294235470966,4.884136625336576e-05,0.004973920044105963,0.0005972231756729026,6.481717238952243e-05,0.00010172428034076235,0.0,0.0006731025099066265,0.0022971954195995805,5.167605838992482e-05
08_004,"Omelette, from chicken egg",0.0001306161215780563,6.961557536595079e-06,0.00011829376320376643,0.0,0.0006636358651939081,0.0043796600410810444,3.240615710006847e-05,0.00010489195172685318,3.4844145436852395e-05,0.0033797149017643084,0.0005445270131135289,0.00027871384127494645,5.086214017038118e-05,0.0,0.00021190264200764166,0.0011980588551978675,1.1483568531094402e-05
09_012,"Anchovy, canned in oil, drained",0.0006313112542939388,3.944882604070545e-05,0.00013154659144651206,0.0,0.00022121195506463604,0.0134309574593152,0.00020327498544588403,0.00015828007086926348,5.3606377595157535e-05,0.009214505722734766,0.012885968284518864,1.944515171685673e-05,5.594835418741929e-05,0.0,0.00021190264200764166,0.0026818932171401807,0.0
09_001,"Anchovy, fillet, raw",0.00024218405875931273,1.856415343092021e-05,9.227895220874725e-05,0.0,0.0001531467381216711,0.0046716373771531145,0.00013846267124574709,0.00013692482321229937,9.738491929786952e-05,0.006026095438051455,0.0005550662456254037,2.2686010336332853e-05,3.941815863204541e-05,0.0,0.00034901611624788036,0.0016157307496705185,0.0
09_062,"Anchovy, fillet, boiled* (as part of a recipe)",0.00029116510435108384,2.204493219921775e-05,0.00011142192633715759,0.0,0.0001531467381216711,0.005839546721441392,0.00016792281406399117,0.00016456102606248824,0.00011704059108276062,0.007269575449077946,0.0006674847257520677,2.4306439646070913e-05,4.259704239269423e-05,0.0,0.0003739458388370147,0.0019454717189910328,0.0
09_011,"Anchovy, fillet, grilled* (without salt or fat)",0.00034830965754148344,2.5525710967515292e-05,0.0001335099734084003,0.0,0.00017016304235741234,0.005839546721441392,0.0001797068711912888,0.00017837912748758266,0.00011972090996251849,0.00873624418003227,0.0006850501132718589,2.9167727575285092e-05,5.149791692251094e-05,0.0,0.00044873500660441766,0.0023411608821756495,0.0
09_010,"Anchovy, fillet, steamed* (without salt)",0.00029116510435108384,1.9724413020352724e-05,0.00011142192633715759,0.0,0.00013613043388592988,0.0046716373771531145,0.00014140868552757152,0.00014006530080891172,8.785489661428595e-05,0.007269575449077946,0.0005691185556412367,2.4306439646070913e-05,3.8146605127785876e-05,0.0,0.0003739458388370147,0.0019454717189910328,0.0
09_048,"Atlantic cod (Northeast Atlantic), fillet, raw",2.7211691995428398e-05,2.3205191788650264e-06,1.2761982752273557e-05,0.0,0.00020419565082889482,0.0005839546721441393,7.070434276378576e-05,0.00012499100834517234,0.00011138214011438288,0.005930443129510956,0.0002810462003166601,1.6204293097380608e-06,6.993544273427411e-05,0.0,0.00016204319682937307,0.0004066805288286339,0.0
09_068,"Atlantic cod (Northeast Atlantic), fillet, boiled* (as part of a recipe)",3.265403039451408e-05,2.3205191788650264e-06,1.5707055695105914e-05,0.0,0.00020419565082889482,0.0005839546721441393,8.83804284547322e-05,0.00015199911567603873,0.00013580282324106573,0.0072376913462311124,0.00034428159538790856,1.6204293097380608e-06,7.629321025557175e-05,0.0,0.00017450805812394018,0.000494611453980771,0.0
09_067,"Atlantic cod (Northeast Atlantic), fillet, grilled* (without salt or fat)",3.809636879359975e-05,3.4807787682975396e-06,1.6688746676050037e-05,0.0,0.00020419565082889482,0.0005839546721441393,8.543441417290778e-05,0.00015011482911807134,0.0001259749873486202,0.007907257506014608,0.00031969005286020083,1.6204293097380608e-06,8.900874529816705e-05,0.0,0.00018697291941850735,0.0005495682822008567,0.0
09_066,"Atlantic cod (Northeast Atlantic), fillet, steamed* (without salt)",3.265403039451408e-05,2.3205191788650264e-06,1.5707055695105914e-05,0.0,0.00017016304235741234,0.0005839546721441393,7.365035704561017e-05,0.00012938767698042968,0.00010185211743079932,0.0072376913462311124,0.0002915854328285348,1.6204293097380608e-06,6.993544273427411e-05,0.0,0.00017450805812394018,0.000494611453980771,0.0
09_049,"Atlantic horse mackerel, wild, fillet without skin, raw",0.00010884676798171359,1.1602595894325134e-05,8.638880632308254e-05,0.0,3.403260847148247e-05,0.003211750696792766,8.543441417290778e-05,0.0001381810142509443,0.0001128712061586928,0.005930443129510956,0.00022835003775728628,6.481717238952243e-06,0.00043232819144823996,0.0,0.0033655125495331327,0.0004506459914047024,0.0
09_072,"Atlantic horse mackerel, wild, fillet without skin, boiled* (as part of a recipe)",0.00015510664437394186,1.6243634252055187e-05,0.00012320221810848702,0.0,3.403260847148247e-05,0.0043796600410810444,0.00012373259983662507,0.00019722199306725687,0.0001611169459943346,0.008481171357257605,0.00032320313036415907,9.722575858428365e-06,0.0005594835418741929,0.0,0.004362701453098505,0.0006484905729970109,0.0
09_071,"Atlantic horse mackerel, wild, fillet without skin, grilled* (without salt or fat)",0.00013333729077759913,1.3923115073190159e-05,8.000781494694575e-05,0.0,3.403260847148247e-05,0.003503728032864835,9.721847130020541e-05,0.0001551395932726511,0.00011972090996251849,0.007428995963312111,0.0002424023477731193,6.481717238952243e-06,0.0004895480991399187,0.0,0.0033655125495331327,0.000571551013488891,0.0
09_070,"Atlantic horse mackerel, wild, fillet without skin, steamed* (without salt)",0.00015510664437394186,1.5083374662622673e-05,7.509936004222515e-05,0.0,3.403260847148247e-05,0.003503728032864835,0.00010311049986385423,0.00016770150365910062,0.00012091216279796644,0.008481171357257605,0.00027402004530874356,6.481717238952243e-06,0.0004959058666612165,0.0,0.0033655125495331327,0.0006484905729970109,0.0
09_002,"Barracuda, fillet, raw",5.714455319039963e-05,4.641038357730053e-06,9.326064318969139e-06,0.0,0.00013613043388592988,0.0023358186885765572,8.83804284547322e-05,0.00010991671588143297,0.0001349093836144798,0.006057979540898289,0.00013701002265437178,4.051073274345152e-05,0.00019073302563892938,0.0,0.00022436750330220883,0.00046163735704871957,0.0
09_063,"Barracuda, fillet, boiled* (as part of a recipe)",6.802922998857099e-05,5.801297947162567e-06,1.1289446280857377e-05,0.0,0.00013613043388592988,0.0026277960246486264,0.00010605651414567864,0.00013252815457704206,0.0001626060120386445,0.007301459551924778,0.00016511464268603778,4.3751591362927636e-05,0.00020980632820282233,0.0,0.00024929722589134317,0.0005605596478448737,0.0
09_014,"Barracuda, fillet, grilled* (without salt or fat)",8.435624518582802e-05,6.961557536595079e-06,1.3252828242745617e-05,0.0,0.0001531467381216711,0.002919773360720696,0.00011489455699115185,0.0001432057784055241,0.00016617977054498835,0.008768128282879102,0.00016862772018999604,5.3474167221356e-05,0.00024795293333060823,0.0,0.0002866918097750446,0.0006704733042850452,0.0
09_013,"Barracuda, fillet, steamed* (without salt)",6.802922998857099e-05,4.641038357730053e-06,1.1289446280857377e-05,0.0,0.00011911412965018864,0.002043841352504487,9.132644273655659e-05,0.00011242909795872288,0.00012180560242455239,0.007301459551924778,0.00014052310015833004,4.3751591362927636e-05,0.00018437525811763173,0.0,0.00024929722589134317,0.0005605596478448737,0.0
09_015,"Bayad, fillet, raw",0.0001659913211721132,8.121817126027593e-06,2.2578892561714754e-05,0.0,0.00023822825930037728,0.003503728032864835,7.365035704561017e-05,0.0001237348173065274,8.606801736111404e-05,0.00545218158680846,0.0001791669527018708,9.722575858428365e-06,0.00022252186324541763,0.0,0.00011218375165110442,0.0008793092515213708,0.0
09_064,"Bayad, fillet, boiled* (as part of a recipe)",0.00019864535156662727,9.282076715460106e-06,2.6996501975963296e-05,0.0,0.00023822825930037728,0.004087682705008974,8.83804284547322e-05,0.00014885863807942635,0.00010363899668397122,0.006568125186447619,0.00021429772774145332,1.1343005168166426e-05,0.00024159516580931056,0.0,0.00012464861294567158,0.0010551711018256446,0.0
09_017,"Bayad, fillet, grilled* (without salt or fat)",0.00023946288955976986,1.0442336304892618e-05,3.239580237115596e-05,0.0,0.00027226086777185977,0.0043796600410810444,9.721847130020541e-05,0.00016142054846587586,0.00010602150235486713,0.007907257506014608,0.00022132388274936977,1.2963434477904486e-05,0.0002924573059796917,0.0,0.0001495783355348059,0.0012749984147059873,0.0
09_016,"Bayad, fillet, steamed* (without salt)",0.00019864535156662727,8.121817126027593e-06,2.6996501975963296e-05,0.0,0.00020419565082889482,0.003503728032864835,7.659637132743456e-05,0.00012687529490313978,7.772924751297843e-05,0.006568125186447619,0.00018268003020582905,1.1343005168166426e-05,0.00021616409572411998,0.0,0.00012464861294567158,0.0010551711018256446,0.0
09_021,"Carp, fillet, raw",0.00011156793718125643,6.961557536595079e-06,3.828594825682067e-05,0.0,0.00025524456353611855,0.003503728032864835,8.543441417290778e-05,0.0002606596405188268,5.777576251922535e-05,0.005611602101042626,8.431386009499802e-05,1.4583863787642546e-05,9.536651281946469e-05,0.0,9.971889035653726e-05,0.0011321106613337646,0.0
09_065,"Carp, fillet, boiled* (as part of a recipe)",0.00013333729077759913,8.121817126027593e-06,4.6139476104373624e-05,0.0,0.00025524456353611855,0.0043796600410810444,0.00010311049986385423,0.0003140477596612371,6.968829087370479e-05,0.006759429803528617,0.00010187924761478927,1.6204293097380607e-05,0.00010808204786205999,0.0,0.00011218375165110442,0.0013629293398581244,0.0
09_023,"Carp, fillet, grilled* (without salt or fat)",0.00016054898277302753,9.282076715460106e-06,3.239580237115596e-05,0.0,0.000289277172007601,0.0043796600410810444,0.00011194854270932745,0.0003397996759534585,7.117735691801472e-05,0.00813044622594244,0.00010187924761478927,1.6204293097380607e-05,0.00012715535042595293,0.0,0.00012464861294567158,0.0016487048466025701,0.0
09_022,"Carp, fillet, steamed* (without salt)",0.00013333729077759913,6.961557536595079e-06,3.534087531398831e-05,0.0,0.00022121195506463604,0.003503728032864835,8.83804284547322e-05,0.00026694059571205154,5.241512475970959e-05,0.006759429803528617,8.431386009499802e-05,1.2963434477904486e-05,9.536651281946469e-05,0.0,8.725402906197009e-05,0.0013629293398581244,0.0
09_018,"Catfish, fillet, raw",0.00021225119756434148,8.121817126027593e-06,5.939230434711924e-05,0.0,0.00023822825930037728,0.0046716373771531145,7.365035704561017e-05,0.00012687529490313978,8.606801736111404e-05,0.005260876969727461,0.00016862772018999604,8.102146548690304e-06,0.00022252186324541763,0.0,0.00011218375165110442,0.0007693955950811992,0.0
09_108,"Catfish, fillet, boiled* (as part of a recipe)",0.0002557899047570269,9.282076715460106e-06,7.166344160892075e-05,0.0,0.00023822825930037728,0.005547569385369322,8.83804284547322e-05,0.0001526272111953612,0.00010363899668397122,0.006344936466519786,0.00020375849522957855,8.102146548690304e-06,0.00024159516580931056,0.0,0.00012464861294567158,0.0009232747140974391,0.0
09_020,"Catfish, fillet, grilled* (without salt or fat)",0.0003074921195483408,1.0442336304892618e-05,8.589796083261046e-05,0.0,0.00027226086777185977,0.005547569385369322,9.721847130020541e-05,0.0001651891215818107,0.00010602150235486713,0.007652184683239943,0.0002072715727335368,9.722575858428365e-06,0.0002924573059796917,0.0,0.00013711347424023875,0.0011101279300457306,0.0
09_019,"Catfish, fillet, steamed* (without salt)",0.0002557899047570269,8.121817126027593e-06,7.166344160892075e-05,0.0,0.00018717934659315358,0.0043796600410810444,7.659637132743456e-05,0.00012938767698042968,7.772924751297843e-05,0.006344936466519786,0.00017214079769395428,6.481717238952243e-06,0.00021616409572411998,0.0,9.971889035653726e-05,0.0009232747140974391,0.0
09_055,"Crab, flesh (body and claw), raw",0.0001714336595711989,8.469895002857346e-05,2.356058354265887e-05,0.0,0.0007487173863726143,0.0046716373771531145,7.070434276378576e-05,0.0001507429246373938,7.713362109525445e-05,0.005101456455493296,0.0010293317086597675,0.0003759395998592301,0.0005721990769167882,4.026581875222891e-05,7.478916776740295e-05,0.004693313129995316,8.421283589469229e-05
09_098,"Crab, flesh (body and claw), boiled* (as part of a recipe)",0.00019592418236708445,9.63015459228986e-05,2.6996501975963296e-05,0.0,0.000731701082136873,0.005547569385369322,8.248839989108338e-05,0.00017335436333300287,8.845052303200994e-05,0.005834790820970458,0.0011839071188339304,0.00012963434477904486,0.0005912723794806811,4.026581875222891e-05,8.725402906197009e-05,0.005396760531212412,9.56964044257867e-05
09_097,"Crab, flesh (body and claw), grilled* (without salt or fat)",0.00019864535156662727,9.282076715460107e-05,2.7487347466435354e-05,0.0,0.0006976684736653907,0.0046716373771531145,7.365035704561017e-05,0.000157651975349941,7.59423682598065e-05,0.005930443129510956,0.0010187924761478927,0.00012639348615956875,0.0005976301470019788,4.026581875222891e-05,7.478916776740295e-05,0.005462708725076515,9.761033251430241e-05
09_096,"Crab, flesh (body and claw), steamed* (without salt)",0.00019592418236708445,8.70194692074385e-05,2.6996501975963296e-05,0.0,0.0005955706482509432,0.0043796600410810444,6.775832848196136e-05,0.00014760244704078141,6.641234557622294e-05,0.005834790820970458,0.0010047401661320598,0.0001199117689206165,0.0005276947042677047,4.026581875222891e-05,7.478916776740295e-05,0.005396760531212412,9.56964044257867e-05
09_053,"Fish, whole, dried",0.005276347077913566,2.3205191788650268e-05,0.00013154659144651206,0.0,0.0007827499948440968,0.02160632286933315,0.0002209510711368305,0.0009578456669667731,0.0002105539386654243,0.01925799811948719,0.0005164223930818628,0.00022848053267306655,0.003814660512778588,0.0,0.0014957833553480588,0.008430377448961142,0.0
09_003,"Mackerel, fillet, raw",9.251975278445654e-05,9.282076715460106e-06,5.98831498375913e-05,0.0,0.00025524456353611855,0.0046716373771531145,0.00010900252842750303,0.0001388091097702668,0.00010721275519031507,0.0062492841579792876,0.00045670007551457256,0.00013287520339852097,0.0006357767521297646,0.0,0.00019943778071307452,0.0008133610576572678,0.0
09_069,"Mackerel, fillet, boiled* (as part of a recipe)",0.00013333729077759913,1.2762855483757646e-05,8.589796083261046e-05,0.0,0.00032330978047908347,0.0067154787296576,0.00015613875693669356,0.00019847818410590184,0.00015307598935506098,0.008927548797113266,0.0006534324157362346,0.00017014507752249636,0.000826509777768694,0.0,0.00024929722589134317,0.001165084758265816,0.0
09_025,"Mackerel, fillet, grilled* (without salt or fat)",0.0001170102755803421,1.1602595894325134e-05,7.509936004222515e-05,0.0,0.00025524456353611855,0.004963614713225184,0.00012373259983662507,0.00015639578431129604,0.00011406245899414074,0.007811605197474109,0.0004848046955462386,0.0001490794964959016,0.0006993544273427412,0.0,0.00022436750330220883,0.0010221970048935934,0.0
09_024,"Mackerel, fillet, steamed* (without salt)",0.00013333729077759913,1.1602595894325134e-05,8.589796083261046e-05,0.0,0.00025524456353611855,0.005255592049297253,0.0001325706426820983,0.00016895769469774555,0.00011495589862072671,0.008927548797113266,0.0005550662456254037,0.00017014507752249636,0.0006993544273427412,0.0,0.00024929722589134317,0.001165084758265816,0.0
09_050,"Mahi mahi, fillet, raw",2.4490522795885556e-05,5.801297947162567e-06,2.2578892561714754e-05,0.0,0.00023822825930037728,0.001459886680360348,9.4272457018381e-05,0.00016204864398519832,0.00013073999869041197,0.007046386729150114,0.00012647079014249703,6.481717238952243e-06,3.8146605127785876e-05,0.0,4.985944517826863e-05,0.00039568916318461677,0.0
09_075,"Mahi mahi, fillet, boiled* (as part of a recipe)",2.9932861194971232e-05,6.961557536595079e-06,2.6996501975963296e-05,0.0,0.00023822825930037728,0.0017518640164324176,0.00011489455699115185,0.00019533770650928946,0.00015754318748799074,0.008481171357257605,0.00015457541017416303,6.481717238952243e-06,4.13254888884347e-05,0.0,6.232430647283579e-05,0.0004726287226927367,0.0
09_074,"Mahi mahi, fillet, grilled* (without salt or fat)",3.809636879359975e-05,8.121817126027593e-06,3.239580237115596e-05,0.0,0.00027226086777185977,0.0017518640164324176,0.00012373259983662507,0.0002116681900116738,0.0001611169459943346,0.010202912910986591,0.0001580884876781213,8.102146548690304e-06,4.9590586666121646e-05,0.0,7.478916776740295e-05,0.000571551013488891,0.0
09_073,"Mahi mahi, fillet, steamed* (without salt)",2.9932861194971232e-05,5.801297947162567e-06,2.6996501975963296e-05,0.0,0.00020419565082889482,0.001459886680360348,9.721847130020541e-05,0.00016581721710113317,0.00011823184391820856,0.008481171357257605,0.00012998386764645527,6.481717238952243e-06,3.6875051623526344e-05,0.0,6.232430647283579e-05,0.0004726287226927367,0.0
09_051,"Mola carplet, small whole fish, viscera, fins and scales removed, raw",0.00306675768788478,5.801297947162567e-06,7.264513258986486e-05,0.0,6.806521694296494e-05,0.01664270815610797,0.00012373259983662507,0.0004396668635257319,3.1270386930508566e-05,0.005101456455493296,0.0001229577126385388,0.0005379825308330362,0.00044504372649083526,0.0,0.0006731025099066265,0.00406680528828634,0.0
09_078,"Mola carplet, small whole fish, viscera, fins and scales removed, boiled* (as part of a recipe)",0.003692626603779633,6.961557536595079e-06,8.737049730402665e-05,0.0,6.806521694296494e-05,0.020146436188972803,0.00015024672837304472,0.0005294845227888457,3.782227752547226e-05,0.006153631849438788,0.00014754925516624652,0.0005817341221959638,0.0004768325640973235,0.0,0.0007354268163794623,0.004902149077231641,0.0
09_077,"Mola carplet, small whole fish, viscera, fins and scales removed, grilled* (without salt or fat)",0.004443669302853457,6.961557536595079e-06,0.00010504093496102082,0.0,8.508152117870617e-05,0.020438413525044875,0.00016203078550034236,0.0005734512091414189,3.841790394319623e-05,0.0073971118604652785,0.0001510623326702048,0.0007000254618068422,0.0005721990769167882,0.0,0.0008850051519142681,0.005891371985193183,0.0
09_076,"Mola carplet, small whole fish, viscera, fins and scales removed, steamed* (without salt)",0.003692626603779633,5.801297947162567e-06,8.737049730402665e-05,0.0,6.806521694296494e-05,0.01605875348396383,0.00012667861411844948,0.00045034448735421393,2.8292254841888697e-05,0.006153631849438788,0.00012647079014249703,0.0005817341221959638,0.00042597042392694234,0.0,0.0007354268163794623,0.004902149077231641,0.0
09_026,"Mormyrid, fillet, raw",0.0003347038115437693,1.0442336304892618e-05,1.9142974128410335e-05,0.0,0.00018717934659315358,0.003503728032864835,8.83804284547322e-05,0.00016832959917842307,0.00010512806272828117,0.005802906718123623,0.00014403617766228828,2.7547298265547032e-05,0.00017165972307503646,0.0,0.00032408639365874613,0.0006374992073529936,0.0
09_079,"Mormyrid, fillet, boiled* (as part of a recipe)",0.00040273304153234024,1.2762855483757646e-05,2.3069738052186812e-05,0.0,0.00020419565082889482,0.004087682705008974,0.00010605651414567864,0.00020287485274115915,0.00012657061376634417,0.006982618523456448,0.00017214079769395428,3.078815688502316e-05,0.00019073302563892938,0.0,0.00036148097754244756,0.0007693955950811992,0.0
09_028,"Mormyrid, fillet, grilled* (without salt or fat)",0.00048436811751862547,1.5083374662622673e-05,2.7487347466435354e-05,0.0,0.00022121195506463604,0.004087682705008974,0.00011489455699115185,0.00021983343176286595,0.00012954874585496405,0.008385519048717104,0.00017565387519791255,3.72698741239754e-05,0.0002288796307667153,0.0,0.0004238052840152833,0.0009232747140974391,0.0
09_027,"Mormyrid, fillet, steamed* (without salt)",0.00040273304153234024,1.1602595894325134e-05,2.3069738052186812e-05,0.0,0.00017016304235741234,0.003211750696792766,9.132644273655659e-05,0.00017209817229435793,9.500241362697362e-05,0.006982618523456448,0.00014403617766228828,3.078815688502316e-05,0.0001653019555537388,0.0,0.00036148097754244756,0.0007693955950811992,0.0
09_052,"Mullet, fillet, raw",9.251975278445654e-05,2.3205191788650264e-06,1.5707055695105914e-05,0.0,0.00020419565082889482,0.003795705368936905,4.41902142273661e-05,0.00013943720528958927,9.857617213331746e-05,0.006536241083600785,0.00023186311526124457,2.9167727575285092e-05,1.3987088546854822e-05,0.0,3.7394583883701474e-05,0.000494611453980771,0.0
09_085,"Mullet, fillet, boiled* (as part of a recipe)",0.00011156793718125643,2.3205191788650264e-06,1.9142974128410335e-05,0.0,0.00020419565082889482,0.0046716373771531145,5.302825707283932e-05,0.00016770150365910062,0.00011882747033593253,0.007875373403167775,0.0002810462003166601,3.2408586194761215e-05,1.525864205111435e-05,0.0,3.7394583883701474e-05,0.0005935337447769253,0.0
09_084,"Mullet, fillet, grilled* (without salt or fat)",0.00013333729077759913,2.3205191788650264e-06,2.3069738052186812e-05,0.0,0.00023822825930037728,0.0046716373771531145,5.8920285636488134e-05,0.00018214770060351752,0.00012150778921569041,0.00946957854550943,0.00028455927782061833,3.889030343371346e-05,1.8437525811763172e-05,0.0,4.985944517826863e-05,0.0007144387668611136,0.0
09_083,"Mullet, fillet, steamed* (without salt)",0.00011156793718125643,2.3205191788650264e-06,1.9142974128410335e-05,0.0,0.00017016304235741234,0.003795705368936905,4.41902142273661e-05,0.00014257768288620165,8.90461494497339e-05,0.007875373403167775,0.00023888927026916108,3.2408586194761215e-05,1.3351311794725057e-05,0.0,3.7394583883701474e-05,0.0005935337447769253,0.0
09_060,"North African catfish, fillet, raw",6.25868915894853e-05,4.641038357730053e-06,5.6938076894758935e-05,0.0,0.00023822825930037728,0.001459886680360348,7.070434276378576e-05,0.00011305719347804535,8.964177586745788e-05,0.005675370306736292,0.00014403617766228828,1.4583863787642546e-05,0.00022252186324541763,0.0,0.00012464861294567158,0.0011760761239098334,0.0
09_082,"North African catfish, fillet, boiled* (as part of a recipe)",7.61927375871995e-05,5.801297947162567e-06,6.822752317561631e-05,0.0,0.00023822825930037728,0.0017518640164324176,8.543441417290778e-05,0.0001362967276929769,0.00010810619481690101,0.0068550821120691155,0.00017214079769395428,1.6204293097380607e-05,0.00024159516580931056,0.0,0.00013711347424023875,0.0014178861680782104,0.0
09_081,"North African catfish, fillet, grilled* (without salt or fat)",8.97985835849137e-05,6.961557536595079e-06,8.197119690883398e-05,0.0,0.00027226086777185977,0.0017518640164324176,9.132644273655659e-05,0.00014760244704078141,0.00011048870048779692,0.00822609853448294,0.0001791669527018708,1.944515171685673e-05,0.0002924573059796917,0.0,0.00016204319682937307,0.0017036616748226556,0.0
09_080,"North African catfish, fillet, steamed* (without salt)",7.61927375871995e-05,4.641038357730053e-06,6.822752317561631e-05,0.0,0.00020419565082889482,0.001459886680360348,7.365035704561017e-05,0.00011556957555533523,8.100519281046028e-05,0.0068550821120691155,0.00014754925516624652,1.6204293097380607e-05,0.00021616409572411998,0.0,0.00013711347424023875,0.0014178861680782104,0.0
09_037,"Sardine, canned in oil, drained, with bones",0.0011456122330075354,1.7403893841487696e-05,0.0003003974401689006,0.0,0.00010209782541444741,0.00700745606572967,0.00014140868552757152,0.00029520489408156283,0.0001042346231016952,0.007907257506014608,0.0015387279467337137,7.940103617716498e-05,0.0005721990769167882,0.0,0.0005235241743718206,0.0019454717189910328,0.0
09_004,"Sardine, fillet, raw",0.00013605845997714198,5.801297947162567e-06,2.994157491879565e-05,0.0,0.0003913749974220484,0.004963614713225184,0.00012962462840027388,0.0002279986735140581,6.790141162053286e-05,0.006313052363672953,0.00018970618521374556,2.106558102659479e-05,0.0005276947042677047,0.0,0.0004362701453098505,0.0016816789435346216,0.0
09_087,"Sardine, fillet, boiled* (as part of a recipe)",0.00016327015197257038,8.121817126027593e-06,3.632256629493243e-05,0.0,0.0003913749974220484,0.006131524057513463,0.00015613875693669356,0.00027510583746324365,8.189863243704624e-05,0.007588416477546277,0.00022835003775728628,2.2686010336332853e-05,0.0005721990769167882,0.0,0.00047366472919355195,0.00203340264414317,0.0
09_036,"Sardine, fillet, grilled* (without salt or fat)",0.00019592418236708445,8.121817126027593e-06,4.3685248652013326e-05,0.0,0.0004424239101292721,0.006131524057513463,0.00016792281406399117,0.0002977172761588527,8.368551169021815e-05,0.009150737517041098,0.00023186311526124457,2.7547298265547032e-05,0.0006993544273427412,0.0,0.0005733836195500892,0.002440083172971804,0.0
09_035,"Sardine, fillet, steamed* (without salt)",0.00016327015197257038,6.961557536595079e-06,3.632256629493243e-05,0.0,0.00032330978047908347,0.004963614713225184,0.0001325706426820983,0.0002336515331879604,6.134952102556918e-05,0.007588416477546277,0.0001932192627177038,2.2686010336332853e-05,0.0005086214017038117,0.0,0.00047366472919355195,0.00203340264414317,0.0
09_056,"Sea snail/whelk, flesh, raw",0.00015510664437394186,0.00011950673771154886,2.4542274523602996e-06,0.0,0.00010209782541444741,0.014598866803603481,0.00025335722823689895,8.856146822446885e-05,0.00010334118347510925,0.007588416477546277,0.0007236939658153997,4.213116205318958e-05,0.0005721990769167882,0.00016106327500891565,0.0,0.0017915925999747928,0.00014928639090422722
09_101,"Sea snail/whelk, boiled* (as part of a recipe)",0.00018776067476845593,0.00014387218908963164,2.4542274523602996e-06,0.0,0.00010209782541444741,0.017810617500396246,0.00030638548530973825,0.0001067762382848206,0.00012448592130431027,0.009150737517041098,0.0008712432209816462,4.5372020672665706e-05,0.0006230612170871694,0.00016106327500891565,0.0,0.0021543076662273583,0.00017799531223196326
09_100,"Sea snail/whelk, grilled* (without salt or fat)",0.00022585704356205567,0.00016475686169941688,2.945072942832359e-06,0.0,0.00011911412965018864,0.018102594836468318,0.00032995359956433353,0.00011556957555533523,0.00012716624018406815,0.011031899585004251,0.0008923216860053958,5.3474167221356e-05,0.0007629321025557175,0.00020132909376114458,0.0,0.0025939622919880436,0.00021435994591376215
09_099,"Sea snail/whelk, steamed* (without salt)",0.00018776067476845593,0.0001299490740164415,2.4542274523602996e-06,0.0,8.508152117870617e-05,0.01401491213145934,0.00025924925680054776,9.044575478243628e-05,9.35133475826637e-05,0.009150737517041098,0.0007412593533351909,4.213116205318958e-05,0.0005531257743528952,0.00016106327500891565,0.0,0.0021543076662273583,0.00017799531223196326
09_038,"Shiny-nose, fillet, raw",0.0002830015967524553,2.3205191788650264e-06,1.4234519223689734e-05,0.0,0.00011911412965018864,0.0005839546721441393,8.83804284547322e-05,7.03466981641171e-05,0.00011167995332324486,0.006727545700681784,0.00018268003020582905,3.2408586194761216e-06,0.00017165972307503646,0.0,0.0001495783355348059,0.0010991365644017134,0.0
09_088,"Shiny-nose, fillet, boiled* (as part of a recipe)",0.00034014614994285495,2.3205191788650264e-06,1.7179592166522095e-05,0.0,0.00011911412965018864,0.0005839546721441393,0.00010900252842750303,8.416479958921154e-05,0.00013461157040561782,0.00813044622594244,0.00022132388274936977,3.2408586194761216e-06,0.00019073302563892938,0.0,0.00016204319682937307,0.0013189638772820558,0.0
09_040,"Shiny-nose, fillet, grilled* (without salt or fat)",0.0004081753799314259,3.4807787682975396e-06,2.0615510599826514e-05,0.0,0.00013613043388592988,0.0005839546721441393,0.00011784057127297627,9.107385030175876e-05,0.00013758970249423767,0.00978841957397776,0.00022483696025332807,3.2408586194761216e-06,0.00022252186324541763,0.0,0.00018697291941850735,0.0015937480183824842,0.0
09_039,"Shiny-nose, fillet, steamed* (without salt)",0.00034014614994285495,2.3205191788650264e-06,1.7179592166522095e-05,0.0,0.00010209782541444741,0.0005839546721441393,9.132644273655659e-05,7.160288920276205e-05,0.00010095867780421335,0.00813044622594244,0.00018970618521374556,3.2408586194761216e-06,0.0001653019555537388,0.0,0.00016204319682937307,0.0013189638772820558,0.0
09_057,"Shrimp (crayfish), whole, dried",0.006862788721247041,0.00023205191788650266,5.1538776499566286e-05,0.0,0.0023822825930037727,0.07387026602623362,0.0019738295688223524,0.0008366232317375355,0.00032967922221021885,0.020118868896351685,0.00455997460013781,1.4583863787642546e-05,0.00037510828375656114,0.0014898352938324698,0.0,0.007507102734863702,0.00015120031899274296
09_058,"Shrimp, palaemonid, flesh, raw",0.00011973144477988493,0.00011834647812211634,2.5523965504547114e-05,0.0,0.00022121195506463604,0.00788338807394588,0.00015613875693669356,0.00015199911567603873,8.04095663927363e-05,0.007078270831996947,0.0005550662456254037,9.722575858428365e-06,0.00044504372649083526,4.026581875222891e-05,0.0,0.0025060313668359064,5.741784265547201e-06
09_104,"Shrimp, palaemonid, flesh, boiled* (as part of a recipe)",0.0001442219675757705,0.0001415516699107666,3.092326589973977e-05,0.0,0.00022121195506463604,0.009635252090378297,0.0001855988997549376,0.00018340389164216245,9.678929288014555e-05,0.008513055460104437,0.0006709978032560259,6.481717238952243e-06,0.0004831903316186211,4.026581875222891e-05,0.0,0.003022625552104712,5.741784265547201e-06
09_103,"Shrimp, palaemonid, flesh, grilled* (without salt or fat)",0.0001387796291766848,0.0001299490740164415,2.994157491879565e-05,0.0,0.00020419565082889482,0.00788338807394588,0.00016203078550034236,0.00015890816638858596,7.951612676615034e-05,0.00822609853448294,0.0005480400906174871,4.8612879292141825e-06,0.0004641170290547282,0.0,0.0,0.00291271189566454,5.741784265547201e-06
09_102,"Shrimp, palaemonid, flesh, steamed* (without salt)",0.0001442219675757705,0.00012762855483757648,3.092326589973977e-05,0.0,0.00018717934659315358,0.00759141073787381,0.00015908477121851796,0.00015576768879197359,7.266642296232465e-05,0.008513055460104437,0.0005691185556412367,4.8612879292141825e-06,0.00043232819144823996,0.0,0.0,0.003022625552104712,5.741784265547201e-06
09_059,"Shrimp, penaeid, flesh, raw",0.0001795971671698274,4.9891162345598066e-05,1.2761982752273557e-05,0.0,0.00023822825930037728,0.0046716373771531145,0.00010900252842750303,0.00016770150365910062,5.837138893694932e-05,0.00688696621491595,0.00044264776549873954,9.074404134533141e-05,0.00013351311794725058,0.0,0.00023683236459677597,0.0014288775337222273,1.9139280885157338e-05
09_107,"Shrimp, penaeid, flesh, boiled* (as part of a recipe)",0.0002149723667638843,6.033349865049069e-05,1.5707055695105914e-05,0.0,0.00023822825930037728,0.005547569385369322,0.00012962462840027388,0.00020224675722183667,7.028391729142877e-05,0.008289866740176606,0.0005339877806016542,2.7547298265547032e-05,0.00014622865298984585,0.0,0.00024929722589134317,0.001714653040466673,2.4881065150704538e-05
09_106,"Shrimp, penaeid, flesh, grilled* (without salt or fat)",0.00020680885916525582,5.5692460292760634e-05,1.5216210204633855e-05,0.0,0.00022121195506463604,0.0046716373771531145,0.00011489455699115185,0.00017523864989097028,5.777576251922535e-05,0.008002909814555108,0.00043913468799478136,2.5926868955808972e-05,0.00013987088546854823,0.0,0.00023683236459677597,0.001659696212246587,2.2967137062188803e-05
09_105,"Shrimp, penaeid, flesh, steamed* (without salt)",0.0002149723667638843,5.4532200703328115e-05,1.5707055695105914e-05,0.0,0.00018717934659315358,0.0043796600410810444,0.00011194854270932745,0.00017147007677503545,5.271293796857157e-05,0.008289866740176606,0.00045318699801061437,2.5926868955808972e-05,0.00013351311794725058,0.0,0.00023683236459677597,0.001714653040466673,2.4881065150704538e-05
09_041,"Tilapia, fillet, raw",0.0002966074427501695,5.801297947162567e-06,1.4725364714161795e-05,0.0,8.508152117870617e-05,0.004963614713225184,9.132644273655659e-05,0.00016016435742723093,7.921831355728836e-05,0.005930443129510956,0.00022483696025332807,1.6204293097380607e-05,9.536651281946469e-05,0.0,0.00024929722589134317,0.0010002142736055594,0.0
09_089,"Tilapia, fillet, boiled* (as part of a recipe)",0.00034014614994285495,5.801297947162567e-06,1.6688746676050037e-05,0.0,8.508152117870617e-05,0.005839546721441392,0.00010311049986385423,0.0001840319871614849,9.083302870290582e-05,0.006823198009222283,0.00025996773529291054,1.6204293097380607e-05,0.00010172428034076235,0.0,0.00024929722589134317,0.0011540933926217991,0.0
09_043,"Tilapia, fillet, grilled* (without salt or fat)",0.00037552134953691186,6.961557536595079e-06,1.8652128637938277e-05,0.0,8.508152117870617e-05,0.005547569385369322,0.00010311049986385423,0.00018214770060351752,8.517457773452809e-05,0.007524648271852612,0.0002424023477731193,1.7824722407118667e-05,0.00010808204786205999,0.0,0.0002866918097750446,0.0012640070490619703,0.0
09_042,"Tilapia, fillet, steamed* (without salt)",0.00034014614994285495,5.801297947162567e-06,1.6688746676050037e-05,0.0,6.806521694296494e-05,0.0046716373771531145,8.83804284547322e-05,0.00015639578431129604,6.819922482939486e-05,0.006823198009222283,0.00022132388274936977,1.6204293097380607e-05,8.900874529816705e-05,0.0,0.00024929722589134317,0.0011540933926217991,0.0
09_110,"Tuna, canned in water, drained",2.9932861194971232e-05,5.801297947162567e-06,1.1780291771329435e-05,0.0,0.0001531467381216711,0.003795705368936905,8.248839989108338e-05,0.00011556957555533523,6.819922482939486e-05,0.00793914160886144,0.0010609494061953918,2.4306439646070913e-05,0.00013987088546854823,0.0,0.00019943778071307452,0.0008353437889453021,0.0
09_111,"Tuna, canned in oil, drained",1.9048184396799877e-05,1.0442336304892618e-05,1.4725364714161795e-05,0.0,5.1048912707223706e-05,0.0026277960246486264,9.721847130020541e-05,0.0001406933963282342,8.69614569877e-05,0.008098562123095607,0.0014122571565912169,2.7547298265547032e-05,0.00014622865298984585,0.0,0.00013711347424023875,0.0007913783263692335,0.0
09_005,"Tuna, fillet, raw",2.9932861194971232e-05,6.961557536595079e-06,4.466693963295745e-05,0.0,0.00010209782541444741,0.002919773360720696,0.00011784057127297627,0.00016079245294655338,0.00010453243631055719,0.007524648271852612,0.00017565387519791255,2.2686010336332853e-05,0.0002924573059796917,0.0,0.0004238052840152833,0.00042866326011666825,0.0
09_092,"Tuna, fillet, boiled* (as part of a recipe)",3.809636879359975e-05,8.121817126027593e-06,5.595638591381482e-05,0.0,0.00010209782541444741,0.003503728032864835,0.00014730071409122035,0.00020099056618319173,0.00013073999869041197,0.009405810339815763,0.00021781080524541156,2.5926868955808972e-05,0.0003306039111074776,0.0,0.00048612959048811914,0.0005385769165568396,0.0
09_091,"Tuna, fillet, grilled* (without salt or fat)",4.0817537993142595e-05,8.121817126027593e-06,6.0373995328063356e-05,0.0,0.00010209782541444741,0.003211750696792766,0.00014140868552757152,0.0001959658020286119,0.00012031653638024246,0.010171028808139757,0.0002002454177256203,2.7547298265547032e-05,0.0003560349811926682,0.0,0.0005235241743718206,0.000582542379132908,0.0
09_090,"Tuna, fillet, steamed* (without salt)",3.809636879359975e-05,6.961557536595079e-06,5.595638591381482e-05,0.0,8.508152117870617e-05,0.002919773360720696,0.00012373259983662507,0.00017084198125571294,9.798054571559349e-05,0.009405810339815763,0.0001861931077097873,2.5926868955808972e-05,0.0002924573059796917,0.0,0.00048612959048811914,0.0005385769165568396,0.0
09_054,"Venus clams, flesh, raw",0.0004979739635163396,1.7403893841487696e-05,1.6688746676050037e-05,0.0,0.0008337989075513205,0.019270504180756595,0.00023568114254595254,8.353670406988905e-05,6.015826819012123e-05,0.002933337461908645,0.001791669527018708,0.00012963434477904486,0.002415951658093106,4.026581875222891e-05,0.0002617620871859103,0.0012859897803500044,6.698748309805069e-05
09_095,"Venus clams, flesh, boiled* (as part of a recipe)",0.0007891390678674235,2.6685970556947808e-05,2.8469038447379467e-05,0.0,0.0011230760795589215,0.03065762028756731,0.0003741438137916996,0.00013252815457704206,9.559804004469761e-05,0.004655079015637631,0.002842079700702225,0.00018634937061987698,0.0034331944615007288,4.026581875222891e-05,0.0003739458388370147,0.00203340264414317,0.00010526604486836535
09_094,"Venus clams, flesh, steamed* (without salt)",0.0007891390678674235,2.436545137808278e-05,2.8469038447379467e-05,0.0,0.0009188804287300266,0.02452609623005385,0.0003181695424370359,0.00011242909795872288,7.17729833357387e-05,0.004655079015637631,0.0024169973227232766,0.00017176550683223443,0.00305172841022287,4.026581875222891e-05,0.0003365512549533133,0.00203340264414317,0.00010526604486836535
09_006,"White grouper, fillet, raw",8.97985835849137e-05,5.801297947162567e-06,2.5523965504547114e-05,0.0,0.00018717934659315358,0.003795705368936905,0.00010311049986385423,0.00011808195763262515,0.00010661712877259109,0.00618551595228562,0.0001791669527018708,3.2408586194761216e-06,3.8146605127785876e-05,0.0,0.00011218375165110442,0.0014288775337222273,0.0
09_093,"White grouper, fillet, boiled* (as part of a recipe)",0.00010612559878217074,5.801297947162567e-06,3.043242040926771e-05,0.0,0.00020419565082889482,0.0046716373771531145,0.00012373259983662507,0.00014257768288620165,0.00012865530622837808,0.007428995963312111,0.00021429772774145332,3.2408586194761216e-06,4.13254888884347e-05,0.0,0.00012464861294567158,0.00172564440611069,0.0
09_047,"White grouper, fillet, grilled* (without salt or fat)",0.00012789495237851346,6.961557536595079e-06,3.681341178540449e-05,0.0,0.00022121195506463604,0.0046716373771531145,0.0001355166569639227,0.00015388340223400617,0.00013163343831699794,0.008927548797113266,0.00022132388274936977,4.8612879292141825e-06,4.9590586666121646e-05,0.0,0.0001495783355348059,0.002066376741075221,0.0
09_046,"White grouper, fillet, steamed* (without salt)",0.00010612559878217074,5.801297947162567e-06,3.043242040926771e-05,0.0,0.00017016304235741234,0.003795705368936905,0.00010605651414567864,0.00012122243522923751,9.649147967128355e-05,0.007428995963312111,0.00018268003020582905,3.2408586194761216e-06,3.6875051623526344e-05,0.0,0.00012464861294567158,0.00172564440611069,0.0
10_004,"Breastmilk, mature",7.075039918811382e-05,5.801297947162567e-06,2.0124665109354452e-05,0.0,8.508152117870617e-05,0.0005839546721441393,8.83804284547322e-06,1.0049528309159586e-05,1.786879253171918e-05,0.0003507251313151641,2.1078465023749505e-05,9.884618789402171e-05,3.1788837606488236e-06,0.00016106327500891565,1.2464861294567157e-05,0.0002198273128803427,0.00016076995943532164
10_006,"Cheese, cheddar, from cow’s milk",0.0021442813292397575,8.121817126027593e-06,4.123102119965303e-05,0.0,0.0003062934762433422,0.002043841352504487,8.83804284547322e-05,0.0003341468162795562,2.442068312668288e-05,0.007875373403167775,0.0017108687444276679,0.00042617290846111,0.00011443981538335765,0.0,6.232430647283579e-05,0.0043196066980987335,3.445070559328321e-05
10_028,"Cheese, fresh curd, from cow’s milk",0.001714336595711989,1.1602595894325134e-05,2.6505656485491234e-05,0.0,0.0005615380397794607,0.003211750696792766,9.132644273655659e-05,0.00027824631505985603,4.55654209558839e-05,0.00494203594125913,0.00010890540262270578,0.0001847289413101389,3.7510828375656114e-05,0.0,1.2464861294567157e-05,0.0006704733042850452,7.272926736359788e-05
10_008,"Cheese, Gouda, from cow’s milk",0.0021932623748315283,6.961557536595079e-06,3.975848472823685e-05,0.0,0.00035734238895056595,0.0023358186885765572,9.132644273655659e-05,0.0003548739684171979,2.1144737829201026e-05,0.00762030058039311,0.0017951826045226663,0.0003402901550449927,0.00010808204786205999,0.0,4.985944517826863e-05,0.0041107707508624075,5.741784265547201e-06
10_007,"Cheese, hard type, from goat’s milk",0.002435446433590841,1.0442336304892618e-05,4.1721866690125086e-05,0.0,6.806521694296494e-05,0.005547569385369322,0.00015908477121851796,0.00045788163358608365,3.454633222799041e-05,0.009724651368284095,0.0014860317841743401,0.0007875286445326976,7.629321025557175e-06,0.0,8.725402906197009e-05,0.0017476271373987244,2.2967137062188803e-05
10_027,"Cheese, processed, spreadable, shelf-stable (e.g. Laughing Cow)",0.001425892660560448,2.204493219921775e-05,3.092326589973977e-05,0.0,0.00018717934659315358,0.0008759320082162088,7.659637132743456e-05,0.0005257159496729109,6.551890594963698e-05,0.004718847221331299,0.003513077503958251,0.00031598371539892184,3.941815863204541e-05,0.0,2.4929722589134315e-05,0.0025609881950559923,0.00013397496619610137
10_009,"Cream, from cow’s milk, ca. 38% fat",0.00019864535156662727,3.4807787682975396e-06,4.564863061390157e-05,0.0,0.00042540760589353086,0.0008759320082162088,2.0622099972770846e-05,3.6429540120703506e-05,4.139603603181609e-05,0.000669566159783495,0.00013701002265437178,0.0006757190221607713,6.357767521297647e-06,4.026581875222891e-05,0.00012464861294567158,0.000582542379132908,6.698748309805069e-05
10_010,"Cream, from cow’s milk, reduced fat, ca. 18% fat",0.00022585704356205567,1.1602595894325132e-06,3.3377493352100074e-05,0.0,0.00040839130165778965,0.00029197733607206966,2.651412853641966e-05,4.836335498783051e-05,3.3652892601404454e-05,0.0008608707768644938,0.00017214079769395428,0.0003127428567794457,1.3351311794725057e-05,4.026581875222891e-05,0.00013711347424023875,0.00029676687238846264,7.655712354062935e-05
10_001,"Milk, cow, whole, pasteurized or UHT, 3.5% fat",0.0003238191347455979,1.1602595894325132e-06,5.890145885664718e-06,0.0,0.00013613043388592988,0.00029197733607206966,3.535217138189288e-05,6.971860264479463e-05,4.3778541702711984e-05,0.0010521753939454921,0.0001580884876781213,6.805803100899856e-05,3.7510828375656114e-05,0.0,1.2464861294567157e-05,0.0006924560355730794,9.761033251430241e-05
10_029,"Milk, cow, whole, raw, 4.5% fat",0.0005197433171126824,1.1602595894325132e-06,8.344373338025019e-06,0.0,0.00010209782541444741,0.00029197733607206966,3.829818566371728e-05,5.6528596739022676e-05,4.735230020905582e-05,0.000988407188251826,0.0001580884876781213,4.699244998240376e-05,2.543107008519059e-05,4.026581875222891e-05,1.2464861294567157e-05,0.0003517237006085483,9.56964044257867e-05
10_003,"Milk, goat, fresh",0.00043266590272731146,2.3205191788650264e-06,1.5707055695105914e-05,0.0,1.7016304235741235e-05,0.00029197733607206966,5.8920285636488134e-05,7.285908024140701e-05,5.509544363946746e-05,0.0012434800110264909,0.0001932192627177038,5.995588446030825e-05,6.357767521297647e-06,4.026581875222891e-05,1.2464861294567157e-05,0.00041767189447265105,9.378247633727096e-05
10_024,"Milk, sheep or goat, fermented",0.00039456953393371175,2.3205191788650264e-06,1.3252828242745617e-05,0.0,1.7016304235741235e-05,0.00029197733607206966,3.829818566371728e-05,8.102432199259916e-05,4.943699267108973e-05,0.0015304369366479886,0.00016862772018999604,6.643760169926049e-05,1.9073302563892938e-05,4.026581875222891e-05,1.2464861294567157e-05,0.0005275855509128223,0.00012249139766500695
10_023,"Milk, sheep, fresh",0.0004462717487250257,2.3205191788650264e-06,1.619790118557798e-05,0.0,8.508152117870617e-05,0.00029197733607206966,4.41902142273661e-05,8.856146822446885e-05,4.348072849385e-05,0.001881162067963153,0.00014052310015833004,7.291931893821274e-05,3.178883760648823e-05,0.00012079745625668676,2.4929722589134315e-05,0.0006814646699290622,8.995462016023949e-05
10_026,"Yoghurt, from reduced fat/skimmed cow’s milk, sweetened/with fruit",0.0004000118723327974,1.1602595894325132e-06,3.4359184333044193e-06,4.522046543310549e-06,0.00017016304235741234,0.00029197733607206966,5.008224279101491e-05,6.406574297089236e-05,5.4202004012881506e-05,0.0011159435996391583,0.00022483696025332807,2.9167727575285092e-05,1.5894418803244116e-05,0.0,0.0,0.00046163735704871957,0.00026412207621517126
10_025,"Yoghurt, plain, from reduced fat/skimmed cow’s milk",0.0004054542107318831,1.1602595894325132e-06,1.963381961888239e-06,0.0,0.00017016304235741234,0.00029197733607206966,4.41902142273661e-05,6.909050712547215e-05,5.777576251922535e-05,0.0012115959081796578,0.00023186311526124457,3.402901550449928e-05,3.178883760648823e-05,4.026581875222891e-05,1.2464861294567157e-05,0.0008903006171653878,0.00014354460663868002
10_005,"Yoghurt, plain, from whole cow’s milk",0.0003347038115437693,1.1602595894325132e-06,6.8718368666088385e-06,0.0,0.00011911412965018864,0.00029197733607206966,3.829818566371728e-05,4.7735259468508036e-05,4.020478319636815e-05,0.0009246389825581598,0.00010187924761478927,4.213116205318958e-05,2.543107008519059e-05,4.026581875222891e-05,1.2464861294567157e-05,0.0003846977975405996,0.0001358888942846171
11_002,"Coconut oil, unfortified",0.0,0.0,5.791976787570306e-05,0.0,0.0,0.0,0.0,1.2561910386449483e-06,2.978132088619863e-07,0.0,3.513077503958251e-06,0.0,0.0,0.0,0.0,1.0991365644017134e-05,0.0
11_018,"Coconut oil, fortified with vitamin A, 600–1000 mcg/100g (Ghana, Nigeria, Sierra Leone)",0.0,0.0,5.791976787570306e-05,0.0,0.0,0.0,0.0,1.2561910386449483e-06,2.978132088619863e-07,0.0,3.513077503958251e-06,0.0012963434477904485,0.0,0.0,0.0,1.0991365644017134e-05,0.0
11_017,"Coconut oil, fortified with vitamin A, 1100–2400 mcg/100g (Benin, Burkina Faso, Côte d’Ivoire, Guinea, Guinea-Bissau, Liberia, Mali, Niger, Senegal, Togo)",0.0,0.0,5.791976787570306e-05,0.0,0.0,0.0,0.0,1.2561910386449483e-06,2.978132088619863e-07,0.0,3.513077503958251e-06,0.0028357512920416062,0.0,0.0,0.0,1.0991365644017134e-05,0.0
11_005,"Cottonseed oil, yellow brown, unfortified",0.0,0.0,0.0025180373661216667,0.0,0.0,0.0,0.0,0.0,0.0,0.0,0.0,0.0,0.0,0.0,0.0,0.0,0.0
11_020,"Cottonseed oil, fortified with vitamin A, 600–1000 mcg/100g (Ghana, Nigeria, Sierra Leone)",0.0,0.0,0.0025180373661216667,0.0,0.0,0.0,0.0,0.0,0.0,0.0,0.0,0.0012963434477904485,0.0,0.0,0.0,0.0,0.0
11_019,"Cottonseed oil, fortified with vitamin A, 1100–2400 mcg/100g (Benin, Burkina Faso, Côte d’Ivoire, Guinea, Guinea-Bissau, Liberia, Mali, Niger, Senegal, Togo)",0.0,0.0,0.0025180373661216667,0.0,0.0,0.0,0.0,0.0,0.0,0.0,0.0,0.0028357512920416062,0.0,0.0,0.0,0.0,0.0
11_003,"Groundnut oil, unfortified",0.0,0.0,0.0014823533812256206,0.0,0.0,0.00029197733607206966,2.9460142818244064e-06,1.2561910386449483e-06,0.0,0.0,0.0,0.0,0.0,0.0,0.0,6.594819386410279e-05,0.0
11_021,"Groundnut oil, fortified with vitamin A, 1100–2400 mcg/100g (Benin, Burkina Faso, Côte d’Ivoire, Guinea, Guinea-Bissau, Liberia, Mali, Niger, Senegal, Togo)",0.0,0.0,0.0014823533812256206,0.0,0.0,0.00029197733607206966,2.9460142818244064e-06,1.2561910386449483e-06,0.0,0.0,0.0,0.0028357512920416062,0.0,0.0,0.0,6.594819386410279e-05,0.0
11_022,"Groundnut oil, fortified with vitamin A, 600–1000 mcg/100g (Ghana, Nigeria, Sierra Leone)",0.0,0.0,0.0014823533812256206,0.0,0.0,0.00029197733607206966,2.9460142818244064e-06,1.2561910386449483e-06,0.0,0.0,0.0,0.0012963434477904485,0.0,0.0,0.0,6.594819386410279e-05,0.0
11_012,"Palm kernel oil, unfortified",2.7211691995428398e-05,0.0,7.95169694564737e-05,0.0,0.0,0.029197733607206962,1.1784057127297626e-05,1.8842865579674223e-06,1.1912528354479451e-05,0.0,0.00012998386764645527,0.0,0.0,0.0,0.0,0.0030995651116128313,0.0
11_026,"Palm kernel oil, fortified with vitamin A, 600–1000 mcg/100g (Ghana, Nigeria, Sierra Leone)",2.7211691995428398e-05,0.0,7.95169694564737e-05,0.0,0.0,0.029197733607206962,1.1784057127297626e-05,1.8842865579674223e-06,1.1912528354479451e-05,0.0,0.00012998386764645527,0.0012963434477904485,0.0,0.0,0.0,0.0030995651116128313,0.0
11_025,"Palm kernel oil, fortified with vitamin A, 1100–2400 mcg/100g (Benin, Burkina Faso, Côte d’Ivoire, Guinea, Guinea-Bissau, Liberia, Mali, Niger, Senegal, Togo)",2.7211691995428398e-05,0.0,7.95169694564737e-05,0.0,0.0,0.029197733607206962,1.1784057127297626e-05,1.8842865579674223e-06,1.1912528354479451e-05,0.0,0.00012998386764645527,0.0028357512920416062,0.0,0.0,0.0,0.0030995651116128313,0.0
11_004,"Palm oil, red",5.442338399085679e-06,0.0,0.00048299196262450685,0.0,0.0,0.0005839546721441393,0.0,1.2561910386449483e-06,0.0,0.0,0.0,0.009268855651701708,0.0,0.0,0.0,0.0,0.0
11_007,"Palm oil, refined and decoloured, unfortified",0.0,0.0,0.00048446449909592305,0.0,0.0,0.0005839546721441393,0.0,0.0,0.0,0.0,0.0,0.0,0.0,0.0,0.0,0.0,0.0
11_024,"Palm oil, refined and decoloured, fortified with vitamin A, 600–1000 mcg/100g (Ghana, Nigeria, Sierra Leone)",0.0,0.0,0.00048446449909592305,0.0,0.0,0.0005839546721441393,0.0,0.0,0.0,0.0,0.0,0.0012963434477904485,0.0,0.0,0.0,0.0,0.0
11_023,"Palm oil, refined and decoloured, fortified with vitamin A, 1100–2400 mcg/100g (Benin, Burkina Faso, Côte d’Ivoire, Guinea, Guinea-Bissau, Liberia, Mali, Niger, Senegal, Togo)",0.0,0.0,0.00048446449909592305,0.0,0.0,0.0005839546721441393,0.0,0.0,0.0,0.0,0.0,0.0028357512920416062,0.0,0.0,0.0,0.0,0.0
11_009,"Soya oil, unfortified",0.0,1.1602595894325132e-06,0.002714375562310491,0.0,0.0,0.00029197733607206966,0.0,0.0,0.0,0.0,0.0,0.0,0.0,0.0,0.0,1.0991365644017134e-05,0.0
11_027,"Soya oil, fortified with vitamin A, 1100–2400 mcg/100g (Benin, Burkina Faso, Côte d’Ivoire, Guinea, Guinea-Bissau, Liberia, Mali, Niger, Senegal, Togo)",0.0,1.1602595894325132e-06,0.002714375562310491,0.0,0.0,0.00029197733607206966,0.0,0.0,0.0,0.0,0.0,0.0028357512920416062,0.0,0.0,0.0,1.0991365644017134e-05,0.0
11_028,"Soya oil, fortified with vitamin A, 600–1000 mcg/100g (Ghana, Nigeria, Sierra Leone)",0.0,1.1602595894325132e-06,0.002714375562310491,0.0,0.0,0.00029197733607206966,0.0,0.0,0.0,0.0,0.0,0.0012963434477904485,0.0,0.0,0.0,1.0991365644017134e-05,0.0
11_014,Olive oil,2.7211691995428393e-06,1.1602595894325132e-06,0.0004466693963295744,0.0,0.0,0.0008759320082162088,0.0,6.280955193224741e-07,2.978132088619863e-07,0.0,3.513077503958251e-06,0.0,0.0,0.0,0.0,1.0991365644017134e-05,0.0
12_023,Coconut water,6.530806078902815e-05,4.641038357730053e-06,4.908454904720598e-07,0.0,0.0001531467381216711,0.0005839546721441393,6.775832848196136e-05,1.381810142509443e-05,6.105170781670719e-05,6.37682056936662e-05,0.00014403617766228828,0.0,0.0,8.053163750445783e-05,0.0,0.00010991365644017135,8.038497971766082e-05
12_005,"Coffee, instant, powder",0.00039456953393371175,5.3371941113895616e-05,9.816909809441199e-06,0.00011305116358276371,0.00011911412965018864,0.011971070778954854,0.000992806812974825,0.0001959658020286119,0.0010929744765234898,0.005579717998195791,0.00021078465023749505,0.0,0.0,4.026581875222891e-05,0.0,0.0007913783263692335,0.0011445289969324087
12_009,"Coffee, liquid",8.16350759862852e-06,1.1602595894325132e-06,0.0,2.2610232716552747e-06,0.0,0.00029197733607206966,1.1784057127297626e-05,1.8842865579674223e-06,1.1019088727893494e-05,3.18841028468331e-05,1.4052310015833004e-05,0.0,0.0,0.0,0.0,1.0991365644017134e-05,5.741784265547201e-06
12_012,"Juice, canned or bottled, sweetened (e.g. apple)",2.4490522795885556e-05,1.1602595894325132e-06,0.0,4.522046543310549e-06,0.0,0.0008759320082162088,1.4730071409122033e-05,3.7685731159348446e-06,2.3825056708958902e-05,3.18841028468331e-05,3.513077503958251e-05,0.0,0.0,4.026581875222891e-05,0.0,4.396546257606854e-05,0.00021627387400227792
12_013,"Juice, canned or bottled, unsweetened (e.g. grapefruit)",2.4490522795885556e-05,4.641038357730053e-06,0.0,0.0,3.403260847148247e-05,0.00029197733607206966,2.356811425459525e-05,7.537146231869689e-06,3.335507939254246e-05,9.565230854049929e-05,4.918308505541551e-05,0.0,0.0,0.0011274429250624097,0.0,6.594819386410279e-05,0.00015120031899274296
12_010,"Juice, lemon, fresh, unsweetened",1.9048184396799877e-05,4.641038357730053e-06,0.0,2.2610232716552747e-06,0.00027226086777185977,0.00029197733607206966,1.767608569094644e-05,4.396668635257319e-06,3.663102469002431e-05,0.0001275364113873324,3.513077503958251e-06,0.0,0.0,0.0014898352938324698,0.0,5.4956828220085674e-05,0.00015694210325829019
12_011,"Juice, orange, fresh, unsweetened",4.625987639222827e-05,6.961557536595079e-06,0.0,2.2610232716552747e-06,0.0006296032567224257,0.0011679093442882786,3.240615710006847e-05,1.0049528309159586e-05,5.4202004012881506e-05,0.00022318871992783168,3.513077503958251e-06,1.4583863787642546e-05,0.0,0.0017716960250980724,0.0,4.396546257606854e-05,0.0001760813841434475
12_006,Palm wine (ca. 3.8% v/v alcohol),5.442338399085679e-06,1.1602595894325132e-06,0.0,0.0,1.7016304235741235e-05,0.001459886680360348,2.651412853641966e-05,3.140477596612371e-06,2.501630954440685e-05,0.0001275364113873324,7.026155007916502e-06,0.0,0.0,0.00016106327500891565,0.0,1.0991365644017134e-05,4.784820221289335e-05
12_007,"Sap, palm, fresh (0.3% v/v alcohol)",5.442338399085679e-06,2.3205191788650264e-06,0.0,0.0,1.7016304235741235e-05,0.0011679093442882786,2.651412853641966e-05,3.7685731159348446e-06,2.501630954440685e-05,9.565230854049929e-05,7.026155007916502e-06,0.0,0.0,0.0005637214625312048,0.0,1.0991365644017134e-05,0.00020670423355969927
12_025,"Soybean milk, fluid, from soybeans only, unfortified",3.265403039451408e-05,8.121817126027593e-06,4.9575394537678046e-05,1.3566139629931646e-05,0.00023822825930037728,0.001459886680360348,4.41902142273661e-05,3.1404775966123706e-05,3.573758506343836e-05,0.0009565230854049929,8.431386009499802e-05,0.0,0.0,0.0,0.0,0.0002198273128803427,6.31596269210192e-05
12_021,"Water with fresh lemon juice, unsweetened*",2.7211691995428393e-06,1.1602595894325132e-06,0.0,0.0,3.403260847148247e-05,0.0,5.892028563648813e-06,6.280955193224741e-07,5.360637759515753e-06,3.18841028468331e-05,7.026155007916502e-06,0.0,0.0,0.00020132909376114458,0.0,1.0991365644017134e-05,2.4881065150704538e-05
12_022,"Water with fresh lemon juice, sweetened*",2.7211691995428393e-06,1.1602595894325132e-06,0.0,0.0,3.403260847148247e-05,0.0,5.892028563648813e-06,6.280955193224741e-07,4.765011341791781e-06,3.18841028468331e-05,7.026155007916502e-06,0.0,0.0,0.00020132909376114458,0.0,1.0991365644017134e-05,0.00021244601782524644
14_021,"Babenda-1 (Burkina Faso)*: sauce from green leaves (amaranth, tchénébdo and hibiscus), groundnut powder, rice and onion",0.0002775592583533696,1.7403893841487696e-05,4.270355767106921e-05,4.748148870476076e-05,0.0003913749974220484,0.0067154787296576,0.00015908477121851796,3.831382667867092e-05,5.777576251922535e-05,0.0010202912910986593,0.0009204263060370618,0.00010370747582323589,0.0,0.00040265818752228917,0.0,0.0005165941852688053,8.229890780617656e-05
14_030,"Babenda-2 (Burkina Faso)*: sauce from green leaves (amaranth, hibiscus and spider plant), rice and groundnut powder",0.00024218405875931273,1.856415343092021e-05,3.9267639237764794e-05,4.2959442161450215e-05,0.0006125869524866844,0.0072994334018017405,0.00014435469980939592,3.2660967004768654e-05,5.5988883266053424e-05,0.0009565230854049929,2.4591542527707755e-05,0.00013125477408878293,0.0,0.00040265818752228917,0.0,0.0004836200883367539,9.186854824875523e-05
14_025,"Banakou vand zéédo (Burkina Faso)*: cassava leaf sauce with fish, vegetables and red palm oil",0.0003591943343396548,1.0442336304892618e-05,0.00012909236399415172,7.91358145079346e-05,0.0006125869524866844,0.00759141073787381,0.00011194854270932745,6.343764745156989e-05,0.00010959526086121097,0.0020405825821973186,0.0015176494817099645,0.0012347671340204023,8.900874529816705e-05,0.00040265818752228917,2.4929722589134315e-05,0.0007474128637931652,2.1053208973673062e-05
14_029,"Bengedo (Burkina Faso)*: cowpea leaf sauce with fish, vegetables, groundnut paste and fermented African locust beans",0.0001387796291766848,2.0884672609785236e-05,0.00023511498993611667,4.522046543310549e-05,0.00037435869318630717,0.0043796600410810444,0.00012962462840027388,6.406574297089236e-05,7.951612676615034e-05,0.0023913077135124827,0.0012963255989605945,6.805803100899856e-05,0.00012079758290465528,0.00020132909376114458,3.7394583883701474e-05,0.0006484905729970109,1.7225352796641603e-05
14_014,"Bite zindo (Burkina Faso)*: hibiscus leaf sauce with fish, fermented African locust beans and tomatoes",0.00023946288955976986,1.6243634252055187e-05,0.00018652128637938273,4.974251197641604e-05,0.00042540760589353086,0.0067154787296576,0.00010605651414567864,3.7057635640025974e-05,5.033043229767568e-05,0.0011159435996391583,0.0011663417313141392,0.0001199117689206165,3.941815863204541e-05,0.0005637214625312048,1.2464861294567157e-05,0.0005056028196247881,2.679499323922027e-05
14_015,"Blouvank koèég zéédo (Burkina Faso)*: jute mallow leaf sauce with lamb, vegetables, fermented African locust beans and red palm oil",0.00014150079837622765,9.282076715460106e-06,0.00010798600790385318,2.2610232716552746e-05,0.00017016304235741234,0.00788338807394588,5.8920285636488134e-05,2.700810733086639e-05,3.395070581026643e-05,0.0010840594967923252,0.0018408526120741236,4.8612879292141825e-05,1.6530195555373882e-05,0.00024159491251337352,0.0,0.0005495682822008567,1.1483568531094403e-05
14_016,"Blouvank zéédo (Burkina Faso)*: jute mallow leaf sauce with fish, vegetables and red palm oil",0.00021225119756434148,4.641038357730053e-06,3.3868338842572126e-05,3.165432580317384e-05,0.00022121195506463604,0.003211750696792766,6.775832848196136e-05,3.203287148544618e-05,4.8245739835641775e-05,0.000988407188251826,0.001471979474158507,0.00041969119122215777,6.357767521297646e-05,0.0005637214625312048,2.4929722589134315e-05,0.00027478414110042836,2.1053208973673072e-05
14_012,"Clear sauce with fish, red palm oil and vegetables (Burkina Faso)*",5.9865722389942465e-05,1.0442336304892618e-05,3.779510276634861e-05,2.939330253151857e-05,0.00020419565082889482,0.0026277960246486264,5.8920285636488134e-05,4.3338590833250716e-05,5.837138893694932e-05,0.0017217415537289875,0.0021605426649343243,0.0003483923015936831,0.00013351311794725058,0.00012079745625668676,3.7394583883701474e-05,0.0003407323349645311,1.531142470812587e-05
14_027,Curry sauce with beef meat and vegetables (Burkina Faso)*,4.353870719268543e-05,4.641038357730053e-06,0.00012418390908943113,2.487125598820802e-05,0.00018717934659315358,0.002043841352504487,3.535217138189288e-05,2.889239388883381e-05,3.573758506343836e-05,0.00133913231956699,0.001247142513905179,1.2963434477904486e-05,8.900874529816707e-06,0.00016106327500891565,1.2464861294567157e-05,0.0008243524233012851,5.167605838992482e-05
14_003,"Éindo tomate ne ziim zéindo (Burkina Faso)*: sauce with fish, tomato and fermented African locust beans",0.00010612559878217074,1.7403893841487696e-05,0.00036469819942074044,3.391534907482912e-05,0.00022121195506463604,0.003503728032864835,7.365035704561017e-05,0.00010175147413024081,7.236860975346267e-05,0.0022956554049719828,0.0018724703096097478,4.3751591362927636e-05,2.606684683732035e-05,0.00036239236877006023,2.4929722589134315e-05,0.0006924560355730794,5.167605838992482e-05
14_004,Epinard zéédo (Burkina Faso)*: spinach sauce with fish and vegetables,0.00018776067476845593,1.856415343092021e-05,0.00031855872331636685,4.974251197641604e-05,0.0012421902092091101,0.005839546721441392,0.00016497679978216676,6.0297169854957514e-05,0.00013997220816513355,0.0021362348907378176,0.002859645088222016,0.00016204293097380607,0.00013351311794725058,0.0006039872812834337,3.7394583883701474e-05,0.0006265078417089766,2.4881065150704538e-05
14_001,Fish and vegetable soup for children (Burkina Faso)*,4.898104559177111e-05,8.121817126027593e-06,1.9142974128410335e-05,2.034920944489747e-05,0.0001531467381216711,0.0026277960246486264,6.481231420013694e-05,5.5900501219700195e-05,8.45789513168041e-05,0.0020724666850441514,0.0009485309260687276,0.00012153219823035455,0.00017165972307503646,0.00024159491251337352,4.985944517826863e-05,0.00041767189447265105,9.378247633727096e-05
14_008,Groundnut sauce with fish and vegetables (Burkina Faso)*,7.075039918811382e-05,2.3205191788650268e-05,0.00023315160797422843,5.878660506303714e-05,0.0003062934762433422,0.003795705368936905,0.00012078658555480067,7.160288920276205e-05,8.874833624087191e-05,0.0021043507878909843,0.0010433840186756006,3.078815688502316e-05,7.629321025557175e-05,0.00036239236877006023,2.4929722589134315e-05,0.0006704733042850452,5.167605838992482e-05
14_026,Intro sauce with fish and vegetables (Burkina Faso)*,0.00017415482877074172,1.6243634252055187e-05,2.994157491879565e-05,7.235274469296879e-05,0.00047645651860075456,0.004087682705008974,9.721847130020541e-05,3.328906252409113e-05,6.28385870698791e-05,0.0008927548797113267,0.0017741041394989168,0.0003694578826202778,4.641170290547282e-05,0.0002818607312656024,1.2464861294567157e-05,0.00039568916318461677,-1.5311424708125876e-05
14_031,"Katre nagouri vând koèng zéindo (Burkina Faso)*: dried sicklepod leaf sauce with vegetables, shea butter, groundnut paste and fermented African locust beans",0.00013333729077759913,2.3205191788650268e-05,0.00028812630290709913,5.878660506303714e-05,0.00037435869318630717,0.0067154787296576,0.00010605651414567864,4.7107163949185555e-05,7.683580788639246e-05,0.0014666687309543224,0.0017811302945068333,2.9167727575285092e-05,0.0,0.0004429240062745181,0.0,0.0006155164760649596,4.402034603586188e-05
14_032,"Katre nagouri vând maasse zéindo (Burkina Faso)*: fresh sicklepod leaf sauce with vegetables, shea butter, groundnut paste and fermented African locust beans",0.00016054898277302753,1.856415343092021e-05,0.0001688508487223886,7.461376796462405e-05,0.0006296032567224257,0.00788338807394588,9.4272457018381e-05,4.7735259468508036e-05,0.00011704059108276062,0.001307248216720157,0.0009344786160528948,0.0001409773499472113,0.0,0.0005637214625312048,0.0,0.0005605596478448737,6.124569883250348e-05
14_013,Koum péèleg zindo (Burkina Faso)*: white eggplant sauce with lamb and vegetables,4.0817537993142595e-05,1.5083374662622673e-05,0.0001811219859841901,4.2959442161450215e-05,0.00020419565082889482,0.003211750696792766,4.124419994554169e-05,3.2660967004768654e-05,7.117735691801472e-05,0.001275364113873324,0.0010047401661320598,3.078815688502316e-05,2.4159516580931057e-05,0.0005234556437789759,0.0,0.0007034474012170966,3.4450705593283214e-05
14_011,Koum vând zéédo (Burkina Faso)*: wild eggplant leaf sauce with fish and vegetables,0.000356473165140112,1.856415343092021e-05,0.00044470601436768625,5.426455851972658e-05,0.00042540760589353086,0.0072994334018017405,0.00015319274265486913,4.082620875596082e-05,9.202428153835376e-05,0.001275364113873324,0.0015035971716941313,0.00014583863787642548,5.022636341825141e-05,0.0009261138313012652,1.2464861294567157e-05,0.000494611453980771,4.593427412437761e-05
14_007,Koum zindo (Burkina Faso)*: eggplant sauce with fish and vegetables,8.163507598628519e-05,1.7403893841487696e-05,0.00031561365037353445,5.6525581791381854e-05,0.00027226086777185977,0.003503728032864835,5.302825707283932e-05,4.208239979460577e-05,9.261990795607774e-05,0.001307248216720157,0.00120498558385768,9.560532927454558e-05,8.26509777768694e-05,0.0007247847375401205,2.4929722589134315e-05,0.00039568916318461677,4.402034603586187e-05
14_018,"Maân koèg zéindo-1 (Burkina Faso)*: djoumblé (dried okra) sauce with beef, vegetables and red palm oil",0.0001306161215780563,8.121817126027593e-06,4.1721866690125086e-05,5.878660506303714e-05,0.00042540760589353086,0.0023358186885765572,0.00010605651414567864,4.7107163949185555e-05,7.445330221549658e-05,0.0019130461708099858,0.0012225509713774713,0.0005412233894525123,1.3351311794725057e-05,0.00024159491251337352,1.2464861294567157e-05,0.0013189638772820558,-3.82785617703147e-06
14_017,"Maân koèg zéindo-2 (Burkina Faso)*: dried okra sauce with lamb, vegetables and fermented African locust beans",0.00015510664437394186,9.282076715460106e-06,0.00021597201580770637,6.556967487800296e-05,0.0004424239101292721,0.0043796600410810444,0.00011784057127297627,4.082620875596082e-05,6.998610408256677e-05,0.0014985528338011555,0.0014579271641426742,1.6204293097380607e-05,2.3523739828801295e-05,0.00016106327500891565,0.0,0.0008573265202333365,-1.3397496619610131e-05
14_019,"Maân mâass zéindo (Burkina Faso)*: fresh okra sauce with fish, vegetables, red palm oil and fermented African locust beans",0.0001714336595711989,6.961557536595079e-06,3.3868338842572126e-05,3.6176372346484395e-05,0.0003062934762433422,0.004087682705008974,8.83804284547322e-05,3.454525356273608e-05,5.449981722174349e-05,0.0010840594967923252,0.0017846433720107916,0.0003775600291689681,6.357767521297646e-05,0.00040265818752228917,2.4929722589134315e-05,0.0003517237006085483,1.9139280885157338e-05
14_009,"Nayoungn vand zindo (Burkina Faso)*: sweet potato leaf sauce, fish, red palm oil and vegetables",0.00011428910638079926,8.121817126027593e-06,6.871836866608838e-05,6.104762833469241e-05,0.00047645651860075456,0.005255592049297253,0.00010900252842750303,5.087573706512041e-05,0.00010542587593714315,0.0015942051423416548,0.0014509010091347577,0.0006530330118244385,7.629321025557175e-05,0.00048318982502674703,2.4929722589134315e-05,0.00036271506625256544,3.062284941625173e-05
14_002,"Pésgo né tomate zéindo (Burkina Faso)*: sauce with lamb, tomato and vegetables",5.714455319039963e-05,9.282076715460106e-06,0.0002513128911216946,3.391534907482912e-05,0.00017016304235741234,0.003795705368936905,5.5974271354663724e-05,4.647906842986309e-05,8.189863243704624e-05,0.001881162067963153,0.001805721837034541,6.319674307978437e-05,3.8146605127785876e-05,0.00036239236877006023,0.0,0.0010002142736055594,5.5503914566956286e-05
14_006,"Siikam zéédo (Burkina Faso)*: groundnut sauce with vegetables, fish and fermented African locust beans",0.0001306161215780563,2.0884672609785236e-05,0.0001089676988847973,5.2003535248071305e-05,0.0005615380397794607,0.0043796600410810444,0.00013846267124574709,5.33881191424103e-05,8.398332489908015e-05,0.0018173938622694865,0.0007307201208233162,0.0002754729826554703,5.3405247178900226e-05,0.0003221265500178313,1.2464861294567157e-05,0.0006484905729970109,1.9139280885157338e-05
14_028,Siné zindo (Burkina Faso)*: sesame sauce with fish and vegetables,0.0004272235643282258,4.40898643984355e-05,0.00040445668414897736,7.235274469296879e-05,0.00027226086777185977,0.0072994334018017405,0.0002297891139823037,0.00010049528309159587,6.551890594963698e-05,0.0020086984793504853,0.0012260640488814295,3.5649444814237334e-05,8.26509777768694e-05,0.00020132909376114458,2.4929722589134315e-05,0.0006484905729970109,-1.9139280885157336e-06
14_033,"Soup from chicken, beer yeast, vegetables and fermented African locust beans (Burkina Faso)*",3.809636879359975e-05,4.641038357730053e-06,9.571487064205167e-05,2.713227925986329e-05,0.0009699293414372505,0.001459886680360348,3.829818566371728e-05,4.647906842986309e-05,3.841790394319623e-05,0.0017217415537289875,0.001679251046892044,1.1343005168166426e-05,5.721990769167881e-06,0.00020132909376114458,1.2464861294567157e-05,0.0006594819386410279,1.7225352796641607e-05
14_034,Soup with cabbage and vegetables (Burkina Faso)*,6.802922998857099e-05,8.121817126027593e-06,1.963381961888239e-06,3.165432580317384e-05,0.00013613043388592988,0.002043841352504487,3.240615710006847e-05,1.8214770060351753e-05,6.075389460784521e-05,0.0003507251313151641,0.0018724703096097478,2.106558102659479e-05,0.0,0.0006845189187878915,0.0,0.00017586185030427415,3.4450705593283214e-05
14_005,Téi kam zéédo (Burkina Faso)*: red palm oil sauce with fish and vegetables,6.802922998857099e-05,1.9724413020352724e-05,0.00010356839848960463,4.748148870476076e-05,0.00025524456353611855,0.003211750696792766,0.00010016448558202982,5.33881191424103e-05,7.117735691801472e-05,0.0018173938622694865,0.001721407976939543,0.00017176550683223443,6.357767521297646e-05,0.00024159491251337352,2.4929722589134315e-05,0.0005495682822008567,3.2536777504767466e-05
14_024,"Téi né maane zéindo (Burkina Faso)*: oil palm fruit sauce with okra powder, fish and vegetables",7.61927375871995e-05,1.9724413020352724e-05,3.9267639237764794e-05,3.165432580317384e-05,0.0001531467381216711,0.002919773360720696,7.070434276378576e-05,2.6380011811543915e-05,3.8120090734334245e-05,0.0008608707768644938,0.0010960801812349742,0.0009268855651701708,6.039879145232764e-05,0.00012079745625668676,2.4929722589134315e-05,0.00025280140981239407,2.679499323922027e-05
14_023,Téi zéindo (Burkina Faso)*: simple oil palm fruit sauce with fish and vegetables,7.075039918811382e-05,3.944882604070545e-05,8.295288788977811e-05,3.165432580317384e-05,1.7016304235741235e-05,0.005255592049297253,7.659637132743456e-05,2.1355247656964118e-05,3.3652892601404454e-05,0.0005420297483961626,0.0010714886387072663,0.0022848053267306655,2.6702623589450113e-05,0.00016106327500891565,1.2464861294567157e-05,0.0002198273128803427,7.081533927508216e-05
14_020,"Toeg koing zéédo (Burkina Faso)*: dried baobab leaf sauce with fish, vegetables and fermented African locust beans",0.00017415482877074172,8.121817126027593e-06,5.3502158461454526e-05,4.069841888979494e-05,0.00018717934659315358,0.005547569385369322,5.5974271354663724e-05,2.6380011811543915e-05,3.8715717152058215e-05,0.0008927548797113267,0.0013665871490397595,3.5649444814237334e-05,5.022636341825141e-05,0.00020132909376114458,1.2464861294567157e-05,0.0003077582380324798,-1.9139280885157336e-06
14_022,"Toeg maas zéédo (Burkina Faso)*: fresh baobab leaf sauce with fish, vegetables and fermented African locust beans",0.0001795971671698274,8.121817126027593e-06,9.178810671827519e-05,4.2959442161450215e-05,0.00023822825930037728,0.0043796600410810444,5.5974271354663724e-05,2.889239388883381e-05,4.288510207612602e-05,0.000988407188251826,0.0014614402416466324,7.778060686742692e-05,5.849146119593835e-05,0.00036239236877006023,1.2464861294567157e-05,0.00032974096932051396,0.0
14_010,"Yassa sauce with lamb, onion and mustard (Burkina Faso)*",8.435624518582802e-05,1.1602595894325134e-05,0.0004152552849393627,4.2959442161450215e-05,0.0001531467381216711,0.003211750696792766,5.8920285636488134e-05,4.647906842986309e-05,5.21173115508476e-05,0.0013710164224138232,0.0026664258255043125,6.481717238952243e-06,2.0980632820282235e-05,0.00024159491251337352,0.0,0.0007364214981491479,6.124569883250348e-05
