Code,Food name in English,"Calcium
(mg)","Copper
(mg)","Fatty acids, total polyunsaturated
(g)","Fibre, total dietary or [fibre, crude]
(g)","Folate, total or [folate, sum of vitamers] (vitamin B9)
(mcg)","Iron
(mg)","Magnesium
(mg)","Phosphorus
(mg)","Potassium
(mg)","Protein, total
(g)","Sodium
(mg)","Vitamin A (expressed in retinol activity equivalents)
(mcg)","Vitamin B12
(mcg)","Vitamin C
(mg)","Vitamin D 
(mcg)","Zinc
(mg)","net_carbs
(g)"
01_172,"Baling béinré (northern Burkina Faso)*: sorghum porridge with monkey bread, tamarind, water, milk and sugar",0.010083972761205902,0.0008458292406963143,0.0002981886354617771,0.0032965719300734374,0.0011026565144760336,0.002884166368516785,0.004295288822899995,0.008241869404549625,0.008611864560662182,0.0060529976498284715,0.0032724316949371184,0.0,0.00037078500184207873,0.0027955982733690377,0.0,0.006054044196724647,0.024029367151315192
01_173,"Baling ni zièm béinré (Burkina Faso)*: porridge of degermed sorghum with potash, water and sugar",0.0016531102887222791,0.0005638861604642096,0.00023855090836942167,0.0027471432750611983,0.0005513282572380168,0.005191499463330213,0.002505585146691664,0.0016788993231489976,0.00253290134137123,0.0021790791539382497,0.006971702306605165,0.0,0.0,0.0,0.0,0.0028489619749292455,0.022169029049277887
01_168,Beenkida (Burkina Faso)*: maize porridge with maize granules,0.0008265551443611396,0.0008458292406963143,0.0007752904522006205,0.0060437152051346366,0.0002756641286190084,0.0011536665474067142,0.004653229558141661,0.002136780956735088,0.001809215243836593,0.005084518025855916,0.00042683891673092844,0.0,0.0,0.0,0.0,0.0032050822217954008,0.03193580408497374
01_188,"Biscuit, sweet, plain, unfortified",0.01107583893443927,0.002819430802321048,0.014193779047980588,0.010988573100244793,0.003307969543428101,0.007498832558143641,0.00572705176386666,0.016636366020294613,0.008611864560662182,0.01501143417157461,0.0554890591750207,0.0018147399200101305,0.00018539250092103937,0.0013977991366845189,0.0015144806472899134,0.009615246665386204,0.09751272218178875
01_177,Boalboal (Burkina Faso)*: millet balls with fried fish and vegetables,0.0026449764619556463,0.0047930323639457815,0.04818728349062318,0.015384002340342708,0.010199572758903312,0.02480383076924435,0.012527925733458319,0.02182569120093697,0.014546090560446206,0.0130744749236295,0.032297478032640256,0.0003595239464171013,0.0037078500184207874,0.008386794820107114,0.003028961294579827,0.014957050368378537,0.023564282625805864
01_047,"Bread, wheat, white for toasting, unfortified",0.004298086750677926,0.0033833169627852573,0.00429391635064959,0.014834573685330471,0.005513282572380168,0.008652499105550356,0.00859057764579999,0.014804839485950252,0.009263182048443355,0.021306551727396223,0.06416811714854957,0.0,9.269625046051968e-05,0.0,0.0,0.014066749751213149,0.06774731254919186
01_046,"Bread, wheat, white, unfortified",0.005620574981655749,0.003947203123249468,0.0011927545418471085,0.01593343099535495,0.005788946700999177,0.014420831842583925,0.010380281322008321,0.013736449007582708,0.010059236755731456,0.018158992949485416,0.09618103590336921,0.0,9.269625046051968e-05,0.0,0.0,0.017627952219874704,0.0737934113808131
01_048,"Bread, wheat, wholemeal, unfortified",0.015208614656244967,0.006484690845338411,0.005665584073773764,0.03516343392078334,0.008545587987189261,0.012690332021473856,0.024339969996433307,0.029762306183095867,0.017006623292063972,0.02687530956523841,0.06231848184271555,0.0,9.269625046051968e-05,0.0,0.0,0.027777379255560144,0.04836879065296994
01_045,"Bread/rolls, white, unfortified",0.004298086750677926,0.0036652600430173623,0.004472829531926657,0.01373571637530599,0.007994259729951244,0.00576833273703357,0.00859057764579999,0.016178484386708523,0.010059236755731456,0.023001391069348193,0.06487951534310113,0.0,0.00012359500061402624,0.0,0.0,0.015491230738677772,0.07518866495734108
01_160,Cantonese rice with fish and noodles (Burkina Faso)*,0.0026449764619556463,0.0047930323639457815,0.03423205535101201,0.008790858480195835,0.0024809771575710756,0.004614666189626857,0.007874696175316657,0.015720602753122433,0.013677667243404643,0.013316594829622637,0.03884234142251449,0.0007532882686834503,0.0023792037618200054,0.006988995683422595,0.0015144806472899134,0.011395847899716982,0.0466634807261024
01_189,"Croissant, plain, unfortified",0.011406460992183726,0.004511089283713677,0.008528194974206824,0.01648285965036719,0.016539847717140507,0.008075665831846999,0.007874696175316657,0.01602585717551316,0.009552656487457211,0.020095952197430527,0.05577361845284132,0.0013182544701960382,0.00030898750153506564,0.0,0.0015144806472899134,0.013888689627780072,0.05689534028730758
01_002,"Fonio, black, whole grains, raw",0.008430862472483622,0.01240549553021261,0.006202323617604964,0.09010629942200729,0.03307969543428101,0.0576833273703357,0.1539145161539165,0.03571476741971504,0.024605327316177664,0.020095952197430527,0.001138237111282476,3.4240375849247745e-05,0.0,0.0,0.0,0.06766284690456957,0.06728222802368253
01_124,"Fonio, black, whole grains, boiled* (as part of a recipe)",0.003471531606316786,0.005074975444177886,0.002564422264971283,0.037910577195844536,0.011302229273379346,0.024226997495540997,0.06407139160825825,0.014957466697145615,0.010276342584991847,0.00847419670975986,0.00042683891673092844,1.7120187924623873e-05,0.0,0.0,0.0,0.028133499502426298,0.027905071530559575
01_049,"Fonio, black, whole grains, boiled* (without salt), drained",0.003471531606316786,0.005074975444177886,0.002564422264971283,0.037910577195844536,0.009923908630284303,0.024226997495540997,0.06407139160825825,0.014194330641168798,0.0081776529021414,0.00847419670975986,0.00042683891673092844,1.7120187924623873e-05,0.0,0.0,0.0,0.026709018514961675,0.027905071530559575
01_050,"Fonio, decorticated grains (bran removed), dry, raw",0.00396746469293347,0.026502649541817847,0.003339712717171904,0.012087430410269273,0.017091175974378522,0.012113498747770499,0.014675570144908317,0.017246874865076065,0.012881612536116542,0.017190513325512857,0.0007113981945515474,0.0,0.0,0.0,0.0,0.03044828110705631,0.11580604685182225
01_126,"Fonio, decorticated grains (bran removed), boiled* (as part of a recipe)",0.0016531102887222791,0.010995780129052087,0.0013716677231241747,0.0049448578951101566,0.005788946700999177,0.005191499463330213,0.006084992499108327,0.007173478926182081,0.005355277121756315,0.007263597179794166,0.000284559277820619,0.0,0.0,0.0,0.0,0.012642268763748526,0.04821376247780016
01_051,"Fonio, decorticated grains (bran removed), boiled* (without salt), drained",0.0016531102887222791,0.010431893968587878,0.0013716677231241747,0.0049448578951101566,0.004961954315142151,0.004614666189626857,0.006084992499108327,0.006868224503791354,0.0029671129998920126,0.007263597179794166,0.0001422796389103095,0.0,0.0,0.0,0.0,0.012108088393449293,0.04821376247780016
01_078,"Fonio, decorticated grains (bran removed), washed (mid wet), raw",0.0026449764619556463,0.018044357134854708,0.002266233629509506,0.0054942865501223966,0.022880122675377697,0.004614666189626857,0.010022340586766655,0.01159966805084762,0.008684233170415646,0.010653275863698112,0.000569118555641238,0.0,0.0,0.0,0.0,0.023325876169733195,0.08030459473794366
01_128,"Fonio, decorticated grains (bran removed), washed (mid wet), boiled* (as part of a recipe)",0.0016531102887222791,0.011277723209284192,0.00143130545021653,0.0032965719300734374,0.011302229273379346,0.002884166368516785,0.006084992499108327,0.007326106137377444,0.005427645731509779,0.00653723746181475,0.000284559277820619,0.0,0.0,0.0,0.0,0.014600930121512382,0.050229128755007235
01_127,"Fonio, decorticated grains (bran removed), washed (mid wet), boiled* (without salt), drained",0.0016531102887222791,0.010713837048819981,0.00143130545021653,0.0032965719300734374,0.009923908630284303,0.002884166368516785,0.006084992499108327,0.006868224503791354,0.0029671129998920126,0.00653723746181475,0.0001422796389103095,0.0,0.0,0.0,0.0,0.013888689627780072,0.050229128755007235
01_001,"Fonio, white, whole grains, raw",0.0066124411548891164,0.01240549553021261,0.0077529045220062045,0.09010629942200729,0.03307969543428101,0.16958898246878695,0.1539145161539165,0.029151797338314415,0.024605327316177664,0.017190513325512857,0.001138237111282476,0.0,0.0,0.0,0.0,0.04967877443782871,0.06712719984851276
01_125,"Fonio, white, whole grains, boiled* (as part of a recipe)",0.0028102874908278743,0.005074975444177886,0.003220437262987193,0.037910577195844536,0.011302229273379346,0.07095049266551291,0.06407139160825825,0.012210176895629074,0.010276342584991847,0.007021477273801027,0.00042683891673092844,0.0,0.0,0.0,0.0,0.020654974318237027,0.027905071530559575
01_003,"Fonio, white, whole grains, boiled* (without salt), drained",0.0028102874908278743,0.005074975444177886,0.003220437262987193,0.037910577195844536,0.009923908630284303,0.07095049266551291,0.06407139160825825,0.01159966805084762,0.0081776529021414,0.007021477273801027,0.00042683891673092844,0.0,0.0,0.0,0.0,0.019586613577638565,0.027905071530559575
01_176,"Fura saamdin (Burkina Faso)*: fermented pearl millet porridge with milk, water and sugar",0.006777752183761344,0.0016916584813926286,0.002146958175324795,0.007142572515159116,0.0024809771575710756,0.010959832200363782,0.006442933234349993,0.01343119458519198,0.005934225999784025,0.00629511755582161,0.0024187538614752614,0.00022256244302011033,0.0005561775027631181,0.0,0.0,0.012464208640315447,0.028060099705729355
01_174,Gappal (Burkina Faso)*: pearl millet porridge with milk and sugar,0.013720815396394916,0.001973601561624734,0.0022065959024171506,0.006593143860146875,0.006615939086856202,0.012113498747770499,0.007516755440074991,0.019383655821811153,0.010276342584991847,0.008232076803766721,0.051647508924442344,0.0004622450739648445,0.0011741525058332493,0.0,0.0015144806472899134,0.013710629504346993,0.03131569138429463
01_180,"Gnon (Burkina Faso)*: steamed balls of cowpea leaves with groundnut flour, potash and pearl millet",0.022482299926622994,0.009022178567427354,0.036856115343075646,0.023625432165526303,0.013507542302331412,0.039224662611828276,0.0275614366136083,0.02594662590321178,0.02822375780385085,0.015979913795547165,0.0930508838473424,0.0012326535305729187,0.0,0.018171388776898747,0.0,0.02225751542913473,0.03147071955946441
01_077,"Instant noodles (Indomie), made from wheat flour, previously fried and dried, without flavouring, unprepared",0.004628708808422382,0.0036652600430173623,0.012046820872655795,0.01593343099535495,0.004410626057904135,0.00576833273703357,0.010022340586766655,0.01953628303300652,0.006151331829044416,0.030749228061128633,0.07028614162169289,0.0,0.0030898750153506562,0.0,0.0,0.00908106629508697,0.08495543999303692
01_103,"Instant noodles (Indomie), made from wheat flour, previously fried and dried, without flavouring, boiled and drained*",0.001983732346466735,0.001409715401160524,0.005307757711219632,0.007142572515159116,0.001378320643095042,0.001730499821110071,0.003579407352416663,0.008089242193354261,0.0015921094145762017,0.013558714735615776,0.015366201002313425,0.0,0.0013595450067542887,0.0,0.0,0.003917322715527713,0.0372067620407461
01_164,Jollof fonio (Burkina Faso)*: fonio with fish and vegetables,0.002314354404211191,0.00704857700580262,0.016698563585859517,0.0054942865501223966,0.004134961929285127,0.004614666189626857,0.00572705176386666,0.007783987770963534,0.008828970389922574,0.007989956897773582,0.043822128784375323,0.000667687329060331,0.001823026259056887,0.006988995683422595,0.0015144806472899134,0.008903006171653892,0.027284958829880475
01_156,Jollof macaroni (Burkina Faso)*: macaroni in tomato sauce with mutton,0.0028102874908278743,0.0036652600430173623,0.02647915082900581,0.008790858480195835,0.0024809771575710756,0.004037832915923499,0.006442933234349993,0.010836531994870804,0.01128950312154034,0.012348115205650082,0.04225705275636192,0.0003252835705678536,0.0005252787526096116,0.016773589640214227,0.0,0.010327487159118513,0.029300325107087553
01_157,Jollof spaghetti (Burkina Faso)*: spaghetti in vegetable sauce,0.0029755985197001023,0.003947203123249468,0.03041524081710126,0.009889715790220313,0.0024809771575710756,0.003460999642220142,0.006442933234349993,0.01022602315008935,0.010059236755731456,0.010411155957704971,0.05520449989720008,0.0002910431947186058,0.0,0.019569187913583266,0.0,0.007834645431055425,0.03410619853735059
01_165,Kaman péêlég sagabo (Burkina Faso)*: stiff porridge from white degermed maize flour,0.0006612441154889116,0.0005638861604642096,0.0006560149980159096,0.0049448578951101566,0.0002756641286190084,0.0005768332737033571,0.003937348087658329,0.001831526534344361,0.0014473721950692743,0.0043581583078764995,0.00042683891673092844,0.0,0.0,0.0,0.0,0.0026709018514961672,0.021548916348598783
01_167,Ki béinré (northern Burkina Faso)*: pearl millet porridge with water and sugar,0.0003306220577444558,0.0016916584813926286,0.0013716677231241747,0.003846000585085677,0.001378320643095042,0.004614666189626857,0.005369111028624994,0.007631360559768171,0.0029671129998920126,0.0029054388719176663,0.000569118555641238,0.0,0.0,0.0,0.0,0.006232104320157724,0.018448352845203277
01_171,Ki saagbo né zièm (Burkina Faso)*: tô (porridge) from pearl millet and potash,0.002314354404211191,0.0016916584813926286,0.0010138413605700423,0.003846000585085677,0.001378320643095042,0.01326716529517721,0.006442933234349993,0.007326106137377444,0.004052642146193968,0.002663318965924528,0.017073556669237138,0.0,0.0,0.0,0.0,0.006588224567023879,0.016588014743165968
01_181,"Kiou gonré (Burkina Faso)*: steamed balls of fonio, cowpea leaves, groundnut flour and potash",0.020829189637900716,0.012123552449980505,0.0013716677231241747,0.014285145030318231,0.012956214045093395,0.028264830411464496,0.014675570144908317,0.00976814151650326,0.018598732706640177,0.009684796239725554,0.08593690190182693,0.0011641727788744233,0.0,0.018171388776898747,0.0,0.014066749751213149,0.03689670569040655
01_170,Kiou saagbo né zièm (Burkina Faso)*: tô (porridge) from fonio with potash and maize flour,0.00396746469293347,0.0031013738825531527,0.0006560149980159096,0.003846000585085677,0.001378320643095042,0.014997665116287282,0.005369111028624994,0.002899917012711905,0.003618430487673186,0.003873918495890222,0.02731769067077942,0.0,0.0,0.0,0.0,0.004273442962393867,0.02232405722444766
01_178,Kôrôkôrô-dôrô (Burkina Faso)*: tô (porridge) from white sorghum and maize flour,0.0008265551443611396,0.0011277723209284192,0.0009542036334776867,0.010988573100244793,0.001929648900333059,0.004037832915923499,0.007158814704833326,0.007020851714986717,0.0032565874389058674,0.005326637931849056,0.00042683891673092844,0.0,0.0,0.0,0.0,0.006232104320157724,0.02123885999825923
01_052,"Macaroni, dry, unfortified",0.003471531606316786,0.008458292406963143,0.003578263625541325,0.01758171696039167,0.004961954315142151,0.007498832558143641,0.01539145161539165,0.027472898015165417,0.014401353340939279,0.02978074843715608,0.000569118555641238,0.0,0.0,0.0,0.0,0.01905243320733933,0.10696944086714504
01_053,"Macaroni, boiled* (without salt), drained",0.0011571772021055954,0.002537487722088943,0.0012523922689394638,0.0060437152051346366,0.0011026565144760336,0.001730499821110071,0.004653229558141661,0.009005005460526442,0.0029671129998920126,0.010411155957704971,0.0001422796389103095,0.0,0.0,0.0,0.0,0.006588224567023879,0.03689670569040655
01_099,"Maize dough, fermented (kenkey), from whole white maize with salt added, cooked",0.0004959330866166837,0.001973601561624734,0.005486670892496699,0.014285145030318231,0.003859297800666118,0.016728164937397354,0.010738222057249988,0.011904922473238346,0.005355277121756315,0.008958436521746138,0.03841550250578356,0.0,0.0,0.0,0.0,0.013888689627780072,0.03503636758836925
01_098,"Maize dough, fermented (tô), from decorticated white maize only, cooked",0.0003306220577444558,0.0011277723209284192,0.0027433354462483494,0.014285145030318231,0.0024809771575710756,0.006921999284440284,0.006442933234349993,0.012668058529215164,0.004559222414468214,0.005084518025855916,0.0001422796389103095,0.0,0.0,0.0,0.0,0.0064101644435908016,0.016743042918335747
01_100,"Maize porridge, fermented (ogi), from decorticated white maize only, cooked",0.0014877992598500511,0.010995780129052087,0.0027433354462483494,0.007692001170171354,0.0016539847717140506,0.024226997495540997,0.0032214666171749965,0.009005005460526442,0.001013160536548492,0.002663318965924528,0.0021341945836546423,0.0,0.0,0.0,0.0,0.011751968146583138,0.011472084962563382
01_060,"Maize, white, grit, degermed, raw",0.0009918661732333674,0.0016916584813926286,0.0016102186314935964,0.03406457661075886,0.0024809771575710756,0.007498832558143641,0.006800873969591659,0.00885237824933108,0.005282908512002851,0.019611712385444246,0.000569118555641238,0.0,0.0,0.0,0.0,0.007478525184189269,0.10464401823959842
01_080,"Maize, white, meal, sifted, unfortified",0.0024796654330834188,0.0047930323639457815,0.008170368611652693,0.03846000585085677,0.007994259729951244,0.018458664758507427,0.032214666171749964,0.023351963312890602,0.014256616121432352,0.02106443182140308,0.000569118555641238,0.0,0.0,0.0,0.0,0.03579008481004864,0.09549735590458167
01_091,"Maize, white, meal, sifted, fortified with vitamin A (Nigeria)",0.0024796654330834188,0.0047930323639457815,0.008170368611652693,0.03846000585085677,0.007994259729951244,0.018458664758507427,0.032214666171749964,0.023351963312890602,0.014256616121432352,0.02106443182140308,0.000569118555641238,0.015408169132161484,0.0,0.0,0.0,0.03579008481004864,0.09549735590458167
01_057,"Maize, white, meal, whole grains",0.0038021536640612417,0.009586064727891563,0.009482398607684512,0.06318429532640756,0.0195721531319496,0.01903549803221078,0.0318567254365083,0.04075146538916204,0.022868480682094534,0.023485630881334468,0.0021341945836546423,0.0,0.0,0.0027955982733690377,0.0,0.03917322715527713,0.07921939751175525
01_058,"Maize, white, refined flour (special), unfortified",0.0033062205774445582,0.005074975444177886,0.006321599071789675,0.02802086140562422,0.011577893401998354,0.006921999284440284,0.017897036762083315,0.02594662590321178,0.012447400877595759,0.01501143417157461,0.001138237111282476,0.0,0.0,0.0,0.0,0.02724319888526091,0.10402390553891933
01_092,"Maize, white, refined flour (special), fortified with vitamin A (Nigeria)",0.0033062205774445582,0.005074975444177886,0.006321599071789675,0.02802086140562422,0.011577893401998354,0.006921999284440284,0.017897036762083315,0.02594662590321178,0.012447400877595759,0.01501143417157461,0.001138237111282476,0.015408169132161484,0.0,0.0,0.0,0.02724319888526091,0.10402390553891933
01_081,"Maize, white, refined flour (super), unfortified",0.0033062205774445582,0.002819430802321048,0.003220437262987193,0.024724289475550783,0.0022053130289520673,0.004037832915923499,0.017897036762083315,0.009157632671721806,0.0074539668046067625,0.021790791539382497,0.00042683891673092844,0.0,0.0,0.0,0.0,0.013176449134047759,0.1091398353195219
01_093,"Maize, white, refined flour (super), fortified with vitamin A (Nigeria)",0.0033062205774445582,0.002819430802321048,0.003220437262987193,0.024724289475550783,0.0022053130289520673,0.004037832915923499,0.017897036762083315,0.009157632671721806,0.0074539668046067625,0.021790791539382497,0.00042683891673092844,0.015408169132161484,0.0,0.0,0.0,0.013176449134047759,0.1091398353195219
01_004,"Maize, white, whole kernel, dry, raw",0.0038021536640612417,0.009586064727891563,0.009482398607684512,0.06318429532640756,0.0195721531319496,0.01903549803221078,0.0318567254365083,0.04075146538916204,0.022868480682094534,0.023485630881334468,0.0021341945836546423,0.0,0.0,0.0027955982733690377,0.0,0.03917322715527713,0.07921939751175525
01_104,"Maize, white, whole kernel, boiled* (as part of a recipe)",0.0011571772021055954,0.0031013738825531527,0.0030415240817101264,0.020328860235452866,0.004961954315142151,0.006345166010736928,0.010380281322008321,0.013125940162801254,0.007381598194853299,0.007505717085787305,0.0007113981945515474,0.0,0.0,0.0013977991366845189,0.0,0.012642268763748526,0.025579648903012946
01_005,"Maize, white, whole kernel, boiled* (without salt), drained",0.0011571772021055954,0.0031013738825531527,0.0030415240817101264,0.020328860235452866,0.004410626057904135,0.006345166010736928,0.010380281322008321,0.0125154313180198,0.005934225999784025,0.007505717085787305,0.000569118555641238,0.0,0.0,0.0013977991366845189,0.0,0.012108088393449293,0.025579648903012946
01_094,"Maize, white, whole kernel, dry, decorticated, raw",0.0009918661732333674,0.0008458292406963143,0.001848769539863018,0.028570290060636463,0.00689160321547521,0.0023073330948134283,0.002505585146691664,0.01770475649866216,0.0049934340729889965,0.019611712385444246,0.0,0.0,0.0,0.0,0.0,0.007834645431055425,0.10495407458993797
01_119,"Maize, white, whole kernel, decorticated, boiled* (as part of a recipe)",0.0003306220577444558,0.0002819430802321048,0.0005963772709235542,0.009340287135208073,0.001929648900333059,0.0005768332737033571,0.0007158814704833325,0.005647206814228447,0.0015921094145762017,0.00629511755582161,0.0,0.0,0.0,0.0,0.0,0.00249284172806309,0.03379614218701104
01_118,"Maize, white, whole kernel, decorticated, boiled* (without salt), drained",0.0003306220577444558,0.0002819430802321048,0.0005963772709235542,0.009340287135208073,0.0016539847717140506,0.0005768332737033571,0.0007158814704833325,0.00534195239183772,0.0008684233170415646,0.00629511755582161,0.0,0.0,0.0,0.0,0.0,0.00249284172806309,0.03379614218701104
01_055,"Maize, yellow, grit, degermed, raw",0.0011571772021055954,0.0016916584813926286,0.001729494085678307,0.03406457661075886,0.0024809771575710756,0.007498832558143641,0.006800873969591659,0.00885237824933108,0.005282908512002851,0.01888535266746483,0.000569118555641238,0.00022256244302011033,0.0,0.0,0.0,0.007478525184189269,0.10510910276510774
01_054,"Maize, yellow, meal, whole grains, unfortified",0.003471531606316786,0.010431893968587878,0.008528194974206824,0.051646293571150526,0.0195721531319496,0.019612331305914138,0.0318567254365083,0.03785154837645013,0.023085586511354925,0.022759271163355053,0.0032724316949371184,0.00022256244302011033,0.0,0.004193397410053557,0.0,0.035433964563182485,0.08650572174473468
01_006,"Maize, yellow, whole kernel, dry, raw",0.003471531606316786,0.010431893968587878,0.008528194974206824,0.051646293571150526,0.0195721531319496,0.019612331305914138,0.0318567254365083,0.03785154837645013,0.023085586511354925,0.022759271163355053,0.0032724316949371184,0.00022256244302011033,0.0,0.004193397410053557,0.0,0.035433964563182485,0.08650572174473468
01_120,"Maize, yellow, whole kernel, boiled* (as part of a recipe)",0.0011571772021055954,0.0033833169627852573,0.0027433354462483494,0.01648285965036719,0.004961954315142151,0.006345166010736928,0.010380281322008321,0.012210176895629074,0.0074539668046067625,0.007263597179794166,0.0009959574723721663,6.848075169849549e-05,0.0,0.0013977991366845189,0.0,0.011395847899716982,0.027905071530559575
01_007,"Maize, yellow, whole kernel, boiled* (without salt), drained",0.0011571772021055954,0.0033833169627852573,0.0027433354462483494,0.01648285965036719,0.004410626057904135,0.006345166010736928,0.010380281322008321,0.01159966805084762,0.005934225999784025,0.007263597179794166,0.0008536778334618569,6.848075169849549e-05,0.0,0.0013977991366845189,0.0,0.010861667529417748,0.027905071530559575
01_097,"Millet dough (tchobal/fura), from decorticated millet only, cooked",0.0011571772021055954,0.0036652600430173623,0.004771018167388434,0.01758171696039167,0.004961954315142151,0.02711116386405778,0.012169984998216653,0.01999416466659261,0.006151331829044416,0.009200556427739277,0.000284559277820619,0.0,0.0,0.0,0.0,0.02207945530570165,0.04650845255093263
01_153,"Millet dough (tô), from whole millet only, cooked",0.0006612441154889116,0.0036652600430173623,0.003339712717171904,0.014834573685330471,0.004410626057904135,0.02711116386405778,0.00859057764579999,0.014804839485950252,0.0062237004387978795,0.0043581583078764995,0.0001422796389103095,0.0,0.0,0.0,0.0,0.018340192713607015,0.02170394452376856
01_102,"Millet porridge, fermented (hausa koko/ben saalga), from whole millet grains only, cooked",0.0003306220577444558,0.0011277723209284192,0.001968044994047729,0.006593143860146875,0.001929648900333059,0.010959832200363782,0.001431762940966665,0.005952461236619173,0.0012302663658088832,0.0021790791539382497,0.0,0.0,0.0,0.0,0.0,0.0032050822217954008,0.011937169488072708
01_161,"Moui béinré (Burkina Faso)*: rice porridge with water, milk and sugar",0.0013224882309778232,0.001409715401160524,0.00023855090836942167,0.0016482859650367187,0.0005513282572380168,0.0011536665474067142,0.0017897036762083314,0.00488407075825163,0.0015921094145762017,0.0029054388719176663,0.0008536778334618569,3.4240375849247745e-05,9.269625046051968e-05,0.0,0.0,0.003917322715527713,0.025734677078182718
01_158,Moui naagdme (Burkina Faso)*: rice with fish and vegetables,0.0029755985197001023,0.003947203123249468,0.015744359952381833,0.007692001170171354,0.0022053130289520673,0.005191499463330213,0.005369111028624994,0.011752295262042984,0.009552656487457211,0.009442676333732416,0.03130152056026809,0.00015408169132161484,0.0017921275089033805,0.0055911965467380755,0.0015144806472899134,0.00908106629508697,0.03193580408497374
01_159,"Moui nin kalogo (Burkina Faso)*: rice with fish, onion and fermented African locust beans",0.0026449764619556463,0.0033833169627852573,0.01914371039664609,0.0049448578951101566,0.001378320643095042,0.004614666189626857,0.005011170293383328,0.011904922473238346,0.005210539902249387,0.009926916145718693,0.036992706116680464,8.560093962311936e-05,0.0020393175101314333,0.0013977991366845189,0.0015144806472899134,0.00908106629508697,0.033951170362180816
01_101,"Oats, rolled, raw",0.008926795559100307,0.010149950888355772,0.018785884034091958,0.05604172281124844,0.009096916244427277,0.025380664042947712,0.054764932491974935,0.07493996069692344,0.026197436730753865,0.028812268813183526,0.0017073556669237138,0.0,0.0,0.0,0.0,0.056623119251718756,0.07673894670903883
01_133,"Oats, porridge* (without salt)",0.0014877992598500511,0.0016916584813926286,0.003220437262987193,0.009889715790220313,0.0011026565144760336,0.004614666189626857,0.00966439985152499,0.012362804106824438,0.003618430487673186,0.005084518025855916,0.000284559277820619,0.0,0.0,0.0,0.0,0.009259126418520048,0.013177394889430911
01_018,"Pearl millet, IKMV 8201 variety, whole grains, raw (Burkina Faso), n=1",0.0038021536640612417,0.012687438610444716,0.014909431773088854,0.04834972164107709,0.044106260579041344,0.08767865760291026,0.03436231058319996,0.061356138900536095,0.024026378438149955,0.023001391069348193,0.0017073556669237138,0.0,0.0,0.0,0.0,0.04593951184573408,0.08681577809507424
01_019,"Pearl millet, IKMP 1 variety, whole grains, raw (Burkina Faso), n=1",0.0038021536640612417,0.012687438610444716,0.013716677231241745,0.04010829181589349,0.044106260579041344,0.08767865760291026,0.03436231058319996,0.061356138900536095,0.024026378438149955,0.020822311915409942,0.0017073556669237138,0.0,0.0,0.0,0.0,0.04593951184573408,0.09053645429914886
01_020,"Pearl millet, IKMP 2 variety, whole grains, raw (Burkina Faso), n=1",0.0038021536640612417,0.012687438610444716,0.014193779047980588,0.04560257836601589,0.044106260579041344,0.08767865760291026,0.03436231058319996,0.061356138900536095,0.024026378438149955,0.019853832291437386,0.0017073556669237138,0.0,0.0,0.0,0.0,0.04593951184573408,0.0889861725474511
01_021,"Pearl millet, IKMP 3 variety, whole grains, raw (Burkina Faso), n=1",0.0038021536640612417,0.012687438610444716,0.018547333125722536,0.05769000877628516,0.044106260579041344,0.08767865760291026,0.03436231058319996,0.061356138900536095,0.024026378438149955,0.032686187309073744,0.0017073556669237138,0.0,0.0,0.0,0.0,0.04593951184573408,0.07332832685530377
01_022,"Pearl millet, IKMP 4 variety, whole grains, raw (Burkina Faso), n=1",0.0038021536640612417,0.012687438610444716,0.018070231308983692,0.04834972164107709,0.044106260579041344,0.08767865760291026,0.03436231058319996,0.061356138900536095,0.024026378438149955,0.02953862853116294,0.0017073556669237138,0.0,0.0,0.0,0.0,0.04593951184573408,0.07720403123454815
01_023,"Pearl millet, IKMP 5 variety, whole grains, raw (Burkina Faso), n=1",0.0038021536640612417,0.012687438610444716,0.021171393117786173,0.06428315263643203,0.044106260579041344,0.08767865760291026,0.03436231058319996,0.061356138900536095,0.024026378438149955,0.03220194749708747,0.0017073556669237138,0.0,0.0,0.0,0.0,0.04593951184573408,0.0700727351767385
01_024,"Pearl millet, IKMP 6 variety, whole grains, raw (Burkina Faso), n=1",0.0038021536640612417,0.012687438610444716,0.013895590412518814,0.04175657778093021,0.044106260579041344,0.08767865760291026,0.03436231058319996,0.061356138900536095,0.024026378438149955,0.035107386369005136,0.0017073556669237138,0.0,0.0,0.0,0.0,0.04593951184573408,0.0813897919641321
01_025,"Pearl millet, IKMP 7 variety, whole grains, raw (Burkina Faso), n=1",0.0038021536640612417,0.012687438610444716,0.014074503593795877,0.047250864331052606,0.044106260579041344,0.08767865760291026,0.03436231058319996,0.061356138900536095,0.024026378438149955,0.026391069753252137,0.0017073556669237138,0.0,0.0,0.0,0.0,0.04593951184573408,0.08666074991990445
01_026,"Pearl millet, IKMP 8 variety, whole grains, raw (Burkina Faso), n=1",0.0038021536640612417,0.012687438610444716,0.014969069500181209,0.04560257836601589,0.044106260579041344,0.08767865760291026,0.03436231058319996,0.061356138900536095,0.024026378438149955,0.01912747257345797,0.0017073556669237138,0.0,0.0,0.0,0.0,0.04593951184573408,0.09301690510186525
01_027,"Pearl millet, IKMP 9 variety, whole grains, raw (Burkina Faso), n=1",0.0038021536640612417,0.012687438610444716,0.017354578583875426,0.05219572222616276,0.044106260579041344,0.08767865760291026,0.03436231058319996,0.061356138900536095,0.024026378438149955,0.02396987069332075,0.0017073556669237138,0.0,0.0,0.0,0.0,0.04593951184573408,0.0844903554675276
01_028,"Pearl millet, IKMP 10 variety, whole grains, raw (Burkina Faso), n=1",0.0038021536640612417,0.012687438610444716,0.015446171316920053,0.0499980076061138,0.044106260579041344,0.08767865760291026,0.03436231058319996,0.061356138900536095,0.024026378438149955,0.01888535266746483,0.0017073556669237138,0.0,0.0,0.0,0.0,0.04593951184573408,0.0844903554675276
01_029,"Pearl millet, IKMP 11 variety, whole grains, raw (Burkina Faso), n=1",0.0038021536640612417,0.012687438610444716,0.015446171316920053,0.04780029298606484,0.044106260579041344,0.08767865760291026,0.03436231058319996,0.061356138900536095,0.024026378438149955,0.017916873043492276,0.0017073556669237138,0.0,0.0,0.0,0.0,0.04593951184573408,0.08681577809507424
01_030,"Pearl millet, IKMP 12 variety, whole grains, raw (Burkina Faso), n=1",0.0038021536640612417,0.012687438610444716,0.015267258135642987,0.049448578951101566,0.044106260579041344,0.08767865760291026,0.03436231058319996,0.061356138900536095,0.024026378438149955,0.02372775078732761,0.0017073556669237138,0.0,0.0,0.0,0.0,0.04593951184573408,0.08790097532126266
01_031,"Pearl millet, IKMP 13 variety, whole grains, raw (Burkina Faso), n=1",0.0038021536640612417,0.012687438610444716,0.015684722225289473,0.04670143567604037,0.044106260579041344,0.08767865760291026,0.03436231058319996,0.061356138900536095,0.024026378438149955,0.023001391069348193,0.0017073556669237138,0.0,0.0,0.0,0.0,0.04593951184573408,0.08945125707296042
01_032,"Pearl millet, combined varieties, whole grains, raw (Burkina Faso)",0.0038021536640612417,0.012687438610444716,0.015923273133658895,0.04889915029608933,0.044106260579041344,0.08767865760291026,0.03436231058319996,0.061356138900536095,0.024026378438149955,0.024696230411300164,0.0017073556669237138,0.0,0.0,0.0,0.0,0.04593951184573408,0.08433532729235782
01_132,"Pearl millet, combined varieties, whole grains (Burkina Faso), boiled* (as part of a recipe)",0.0016531102887222791,0.005356918524409991,0.006619787707251452,0.020328860235452866,0.014885862945426454,0.03634049624331149,0.014317629409666651,0.025641371480821056,0.009986868145977993,0.010411155957704971,0.0007113981945515474,0.0,0.0,0.0,0.0,0.019230493330772407,0.03519139576353902
01_064,"Pearl millet, combined varieties, whole grains (Burkina Faso), boiled* (without salt), drained",0.0016531102887222791,0.005074975444177886,0.006619787707251452,0.020328860235452866,0.012956214045093395,0.034609996422201424,0.014317629409666651,0.024267726580062786,0.005500014341263243,0.010411155957704971,0.00042683891673092844,0.0,0.0,0.0,0.0,0.01816213259017394,0.03519139576353902
01_095,"Pearl millet, decorticated, raw",0.002149043375338963,0.010713837048819981,0.010198051332792776,0.028570290060636463,0.012956214045093395,0.03114899677998128,0.033646429112716626,0.05464054160794011,0.020190842121216378,0.020095952197430527,0.0017073556669237138,0.0,0.0,0.0,0.0,0.04309054987080484,0.10169848291137266
01_131,"Pearl millet, decorticated, boiled* (as part of a recipe)",0.0008265551443611396,0.004511089283713677,0.004234278623557235,0.012087430410269273,0.004410626057904135,0.01326716529517721,0.013959688674424984,0.02274145446810915,0.00839475873140179,0.00847419670975986,0.0007113981945515474,0.0,0.0,0.0,0.0,0.01798407246674086,0.04232269182134869
01_130,"Pearl millet, decorticated, boiled* (without salt), drained",0.0008265551443611396,0.0042291462034815715,0.004234278623557235,0.012087430410269273,0.003859297800666118,0.012690332021473856,0.013959688674424984,0.021673063989741607,0.004631591024221678,0.00847419670975986,0.00042683891673092844,0.0,0.0,0.0,0.0,0.01709377184957547,0.04232269182134869
01_063,"Pearl millet, flour (bran removed)",0.0013224882309778232,0.010713837048819981,0.006798700888528517,0.02527371813056302,0.012956214045093395,0.03114899677998128,0.033646429112716626,0.047619689892953385,0.020190842121216378,0.017674753137499135,0.0017073556669237138,0.0,0.0,0.0,0.0,0.04309054987080484,0.1091398353195219
01_017,"Pearl millet, whole grains (with bran), raw",0.0038021536640612417,0.012687438610444716,0.013060662233225837,0.049448578951101566,0.044106260579041344,0.08767865760291026,0.03436231058319996,0.061356138900536095,0.024026378438149955,0.022517151257361916,0.0017073556669237138,0.0,0.0,0.0,0.0,0.04593951184573408,0.08557555269371604
01_129,"Pearl millet, whole grains, boiled* (as part of a recipe)",0.0016531102887222791,0.005356918524409991,0.005427033165404343,0.020878288890465106,0.014885862945426454,0.03634049624331149,0.014317629409666651,0.025641371480821056,0.009986868145977993,0.009442676333732416,0.0007113981945515474,0.0,0.0,0.0,0.0,0.019230493330772407,0.035656480289048345
01_033,"Pearl millet, whole grains, boiled* (without salt), drained",0.0016531102887222791,0.005356918524409991,0.005427033165404343,0.020878288890465106,0.012956214045093395,0.03634049624331149,0.014317629409666651,0.024267726580062786,0.008032915682634473,0.009442676333732416,0.000569118555641238,0.0,0.0,0.0,0.0,0.01816213259017394,0.035656480289048345
01_175,Pigri (Burkina Faso)*: steamed pearl millet balls,0.004132775721805698,0.0067666339255705145,0.006798700888528517,0.025823146785575263,0.018469496617473564,0.053645494454412204,0.019686740438291644,0.03205171435102632,0.013532930023897716,0.011621755487670665,0.017927234502698994,0.0,0.0,0.0,0.0,0.02403811666346551,0.04449308627372554
01_061,"Porridge, soft, from degermed white maize grit* (without salt)",0.0001653110288722279,0.0002819430802321048,0.00023855090836942167,0.004395429240097917,0.0002756641286190084,0.0011536665474067142,0.0010738222057249988,0.0012210176895629074,0.0007236860975346371,0.002663318965924528,0.0001422796389103095,0.0,0.0,0.0,0.0,0.0010683607405984669,0.014417620290789116
01_056,"Porridge, soft, from degermed yellow maize grit* (without salt)",0.0001653110288722279,0.0002819430802321048,0.00023855090836942167,0.004395429240097917,0.0002756641286190084,0.0011536665474067142,0.0010738222057249988,0.0012210176895629074,0.0007236860975346371,0.002663318965924528,0.0001422796389103095,3.4240375849247745e-05,0.0,0.0,0.0,0.0010683607405984669,0.014417620290789116
01_154,"Porridge, soft, from refined (special) white maize flour fortified with vitamin A (Nigeria)* (without salt)",0.0004959330866166837,0.0005638861604642096,0.0008945659063853312,0.003846000585085677,0.001378320643095042,0.0011536665474067142,0.002505585146691664,0.0035104258574933586,0.001736846634083129,0.0021790791539382497,0.0001422796389103095,0.002003061987180993,0.0,0.0,0.0,0.0037392625920946343,0.014262592115619338
01_112,"Porridge, soft, from refined (special) white maize flour, unfortified* (without salt)",0.0004959330866166837,0.0005638861604642096,0.0008945659063853312,0.003846000585085677,0.001378320643095042,0.0011536665474067142,0.002505585146691664,0.0035104258574933586,0.001736846634083129,0.0021790791539382497,0.0001422796389103095,0.0,0.0,0.0,0.0,0.0037392625920946343,0.014262592115619338
01_117,"Porridge, soft, from refined (super) white maize flour fortified with vitamin A (Nigeria)* (without salt)",0.0004959330866166837,0.0002819430802321048,0.000417464089646488,0.0032965719300734374,0.0002756641286190084,0.0005768332737033571,0.002505585146691664,0.0012210176895629074,0.001013160536548492,0.0029054388719176663,0.0,0.002003061987180993,0.0,0.0,0.0,0.0017806012343307785,0.015037732991468215
01_115,"Porridge, soft, from refined (super) white maize flour, unfortified* (without salt)",0.0004959330866166837,0.0002819430802321048,0.000417464089646488,0.0032965719300734374,0.0002756641286190084,0.0005768332737033571,0.002505585146691664,0.0012210176895629074,0.001013160536548492,0.0029054388719176663,0.0,0.0,0.0,0.0,0.0,0.0017806012343307785,0.015037732991468215
01_110,"Porridge, soft, from sifted white maize meal fortified with vitamin A (Nigeria)* (without salt)",0.0003306220577444558,0.0005638861604642096,0.001133116814754753,0.0054942865501223966,0.0008269923858570253,0.0023073330948134283,0.004295288822899995,0.003205171435102632,0.0019539524633435204,0.0029054388719176663,0.0,0.002003061987180993,0.0,0.0,0.0,0.00498568345612618,0.013022366714261135
01_108,"Porridge, soft, from sifted white maize meal, unfortified* (without salt)",0.0003306220577444558,0.0005638861604642096,0.001133116814754753,0.0054942865501223966,0.0008269923858570253,0.0023073330948134283,0.004295288822899995,0.003205171435102632,0.0019539524633435204,0.0029054388719176663,0.0,0.0,0.0,0.0,0.0,0.00498568345612618,0.013022366714261135
01_106,"Porridge, soft, from wholegrain white maize meal* (without salt)",0.0004959330866166837,0.001409715401160524,0.0013120299960318192,0.008790858480195835,0.0022053130289520673,0.002884166368516785,0.004295288822899995,0.005647206814228447,0.0031118502193989398,0.003147558777910805,0.000284559277820619,0.0,0.0,0.0,0.0,0.0053418037029923345,0.01085197226188428
01_122,"Porridge, soft, from wholegrain yellow maize meal* (without salt)",0.0004959330866166837,0.001409715401160524,0.0011927545418471085,0.007142572515159116,0.0022053130289520673,0.002884166368516785,0.004295288822899995,0.005189325180642356,0.0031842188291524034,0.003147558777910805,0.00042683891673092844,3.4240375849247745e-05,0.0,0.0,0.0,0.004807623332693102,0.011782141312902932
01_076,"Porridge, stiff, from degermed white maize grit* (without salt)",0.0003306220577444558,0.0005638861604642096,0.0005963772709235542,0.01263685906528151,0.0008269923858570253,0.002884166368516785,0.002505585146691664,0.003205171435102632,0.0019539524633435204,0.007263597179794166,0.0001422796389103095,0.0,0.0,0.0,0.0,0.0028489619749292455,0.03875704379244386
01_075,"Porridge, stiff, from degermed yellow maize grit* (without salt)",0.0004959330866166837,0.0005638861604642096,0.0006560149980159096,0.01263685906528151,0.0008269923858570253,0.002884166368516785,0.002505585146691664,0.003205171435102632,0.0019539524633435204,0.007021477273801027,0.0001422796389103095,8.560093962311936e-05,0.0,0.0,0.0,0.0028489619749292455,0.038912071967613635
01_113,"Porridge, stiff, from refined (special) white maize flour fortified with vitamin A (Nigeria)* (without salt)",0.0011571772021055954,0.001973601561624734,0.0023258713566018615,0.010439144445232553,0.003307969543428101,0.0023073330948134283,0.006800873969591659,0.009615514305307896,0.004631591024221678,0.005568757837842194,0.00042683891673092844,0.005427099572105768,0.0,0.0,0.0,0.010149427035685436,0.038602015617274076
01_111,"Porridge, stiff, from refined (special) white maize flour, unfortified* (without salt)",0.0011571772021055954,0.001973601561624734,0.0023258713566018615,0.010439144445232553,0.003307969543428101,0.0023073330948134283,0.006800873969591659,0.009615514305307896,0.004631591024221678,0.005568757837842194,0.00042683891673092844,0.0,0.0,0.0,0.0,0.010149427035685436,0.038602015617274076
01_116,"Porridge, stiff, from refined (super) white maize flour fortified with vitamin A (Nigeria)* (without salt)",0.0011571772021055954,0.0011277723209284192,0.0011927545418471085,0.009340287135208073,0.0005513282572380168,0.001730499821110071,0.006800873969591659,0.003357798646297995,0.0027500071706316213,0.007989956897773582,0.0001422796389103095,0.005427099572105768,0.0,0.0,0.0,0.004807623332693102,0.04030732554414161
01_114,"Porridge, stiff, from refined (super) white maize flour, unfortified* (without salt)",0.0011571772021055954,0.0011277723209284192,0.0011927545418471085,0.009340287135208073,0.0005513282572380168,0.001730499821110071,0.006800873969591659,0.003357798646297995,0.0027500071706316213,0.007989956897773582,0.0001422796389103095,0.0,0.0,0.0,0.0,0.004807623332693102,0.04030732554414161
01_109,"Porridge, stiff, from sifted white maize meal fortified with vitamin A (Nigeria)* (without salt)",0.0009918661732333674,0.0016916584813926286,0.0030415240817101264,0.014285145030318231,0.0024809771575710756,0.006921999284440284,0.011812044262974986,0.008699751038135715,0.005282908512002851,0.007747836991780444,0.0001422796389103095,0.005427099572105768,0.0,0.0,0.0,0.013176449134047759,0.0353464239387088
01_107,"Porridge, stiff, from sifted white maize meal, unfortified* (without salt)",0.0009918661732333674,0.0016916584813926286,0.0030415240817101264,0.014285145030318231,0.0024809771575710756,0.006921999284440284,0.011812044262974986,0.008699751038135715,0.005282908512002851,0.007747836991780444,0.0001422796389103095,0.0,0.0,0.0,0.0,0.013176449134047759,0.0353464239387088
01_105,"Porridge, stiff, from wholegrain white maize meal* (without salt)",0.0013224882309778232,0.0036652600430173623,0.0035186258984489694,0.023625432165526303,0.005788946700999177,0.006921999284440284,0.011812044262974986,0.015110093908340979,0.008467127341155255,0.008716316615752999,0.0008536778334618569,0.0,0.0,0.0013977991366845189,0.0,0.014600930121512382,0.029300325107087553
01_121,"Porridge, stiff, from wholegrain yellow maize meal* (without salt)",0.0013224882309778232,0.003947203123249468,0.0031607995358948373,0.019230002925428386,0.005788946700999177,0.007498832558143641,0.011812044262974986,0.014041703429973434,0.00853949595090872,0.00847419670975986,0.001138237111282476,8.560093962311936e-05,0.0,0.0013977991366845189,0.0,0.013176449134047759,0.03209083226014351
01_150,"Porridge, tô, from degermed white maize grit* (without salt)",0.0001653110288722279,0.0002819430802321048,0.0002981886354617771,0.006593143860146875,0.0002756641286190084,0.001730499821110071,0.001431762940966665,0.001831526534344361,0.0010855291463019558,0.003873918495890222,0.0001422796389103095,0.0,0.0,0.0,0.0,0.0014244809874646228,0.020928803647919682
01_155,"Porridge, tô, from degermed yellow maize grit* (without salt)",0.0001653110288722279,0.0002819430802321048,0.0003578263625541325,0.006593143860146875,0.0002756641286190084,0.001730499821110071,0.001431762940966665,0.001831526534344361,0.0010855291463019558,0.003873918495890222,0.0001422796389103095,5.136056377387162e-05,0.0,0.0,0.0,0.0014244809874646228,0.021083831823089455
01_166,"Porridge, tô, from maize and cassava flour (Burkina Faso)*",0.0016531102887222791,0.0008458292406963143,0.0005367395438311988,0.0060437152051346366,0.0022053130289520673,0.001730499821110071,0.005011170293383328,0.002899917012711905,0.0026052699511246937,0.003873918495890222,0.000569118555641238,0.0,0.0,0.0,0.0,0.00249284172806309,0.028680212406408452
01_147,"Porridge, tô, from refined (special) white maize flour fortified with vitamin A (Nigeria)* (without salt)",0.0006612441154889116,0.0011277723209284192,0.0012523922689394638,0.0054942865501223966,0.001929648900333059,0.0011536665474067142,0.003579407352416663,0.005189325180642356,0.0024605327316177665,0.0029054388719176663,0.000284559277820619,0.002927552135110682,0.0,0.0,0.0,0.005519863826425412,0.020773775472749906
01_146,"Porridge, tô, from refined (special) white maize flour, unfortified* (without salt)",0.0006612441154889116,0.0011277723209284192,0.0012523922689394638,0.0054942865501223966,0.001929648900333059,0.0011536665474067142,0.003579407352416663,0.005189325180642356,0.0024605327316177665,0.0029054388719176663,0.000284559277820619,0.0,0.0,0.0,0.0,0.005519863826425412,0.020773775472749906
01_149,"Porridge, tô, from refined (super) white maize flour fortified with vitamin A (Nigeria)* (without salt)",0.0006612441154889116,0.0005638861604642096,0.0006560149980159096,0.0049448578951101566,0.0002756641286190084,0.0005768332737033571,0.003579407352416663,0.001831526534344361,0.001519740804822738,0.0043581583078764995,0.0001422796389103095,0.002927552135110682,0.0,0.0,0.0,0.0026709018514961672,0.021858972698938335
01_148,"Porridge, tô, from refined (super) white maize flour, unfortified* (without salt)",0.0006612441154889116,0.0005638861604642096,0.0006560149980159096,0.0049448578951101566,0.0002756641286190084,0.0005768332737033571,0.003579407352416663,0.001831526534344361,0.001519740804822738,0.0043581583078764995,0.0001422796389103095,0.0,0.0,0.0,0.0,0.0026709018514961672,0.021858972698938335
01_144,"Porridge, tô, from sifted white maize meal fortified with vitamin A (Nigeria)* (without salt)",0.0004959330866166837,0.0008458292406963143,0.001669856358585952,0.007692001170171354,0.001378320643095042,0.003460999642220142,0.006442933234349993,0.004731443547056266,0.002822375780385085,0.004116038401883361,0.0001422796389103095,0.0,0.0,0.0,0.0,0.007122404937323114,0.019068465545882377
01_145,"Porridge, tô, from sifted white maize meal, unfortified* (without salt)",0.0004959330866166837,0.0008458292406963143,0.001669856358585952,0.007692001170171354,0.001378320643095042,0.003460999642220142,0.006442933234349993,0.004731443547056266,0.002822375780385085,0.004116038401883361,0.0001422796389103095,0.002927552135110682,0.0,0.0,0.0,0.007122404937323114,0.019068465545882377
01_143,"Porridge, tô, from wholegrain white maize meal* (without salt)",0.0008265551443611396,0.001973601561624734,0.0019084072669553734,0.01263685906528151,0.003032305414809093,0.004037832915923499,0.006442933234349993,0.008089242193354261,0.004559222414468214,0.004842398119862777,0.00042683891673092844,0.0,0.0,0.0,0.0,0.007834645431055425,0.01581287386731709
01_151,"Porridge, tô, from wholegrain yellow maize meal* (without salt)",0.0006612441154889116,0.001973601561624734,0.001729494085678307,0.010439144445232553,0.003032305414809093,0.004037832915923499,0.006442933234349993,0.007631360559768171,0.004631591024221678,0.004600278213869638,0.0007113981945515474,5.136056377387162e-05,0.0,0.0,0.0,0.007122404937323114,0.017208127443845072
01_163,"Rice cakes, fried in unfortified vegetable oil*",0.0009918661732333674,0.0022555446418568385,0.021529219480340304,0.007142572515159116,0.0005513282572380168,0.0011536665474067142,0.006800873969591659,0.007936614982158897,0.0029671129998920126,0.007747836991780444,0.0001422796389103095,0.0,0.0,0.0,0.0,0.0076565853076223465,0.08294007371582986
01_079,"Rice flour, white",0.0016531102887222791,0.0036652600430173623,0.002266233629509506,0.01318628772029375,0.0011026565144760336,0.0023073330948134283,0.012527925733458319,0.014957466697145615,0.005500014341263243,0.014527194359588332,0.0,0.0,0.0,0.0,0.0,0.014244809874646228,0.11673621590284089
01_162,Rice with fish and vegetable curry (Burkina Faso)*,0.0028102874908278743,0.0033833169627852573,0.017414216310967782,0.007692001170171354,0.0016539847717140506,0.004037832915923499,0.006084992499108327,0.012362804106824438,0.007236860975346372,0.009200556427739277,0.04524492517347842,0.00053072582566334,0.0020702162602849396,0.0027955982733690377,0.0015144806472899134,0.00908106629508697,0.03627659298972745
01_034,"Rice, brown, raw",0.008430862472483622,0.010431893968587878,0.004234278623557235,0.024174860820538546,0.006064610829618186,0.01153666547406714,0.02398202926119164,0.024725608213648876,0.019901367682202523,0.018643232761471694,0.000569118555641238,0.0,0.0,0.0,0.0,0.029914100736757075,0.10619429999129616
01_152,"Rice, brown, boiled* (as part of a recipe)",0.0033062205774445582,0.0042291462034815715,0.001669856358585952,0.009889715790220313,0.001929648900333059,0.004614666189626857,0.00966439985152499,0.009920768727698622,0.007960547072881009,0.007505717085787305,0.0001422796389103095,0.0,0.0,0.0,0.0,0.011930028270016215,0.04232269182134869
01_035,"Rice, brown, boiled* (without salt), drained",0.0033062205774445582,0.0042291462034815715,0.001669856358585952,0.009889715790220313,0.0016539847717140506,0.004614666189626857,0.00966439985152499,0.00931025988291717,0.006368437658304807,0.007505717085787305,0.0001422796389103095,0.0,0.0,0.0,0.0,0.011395847899716982,0.04232269182134869
01_036,"Rice, white, polished, raw",0.0014877992598500511,0.007330520086034725,0.0013120299960318192,0.010439144445232553,0.002756641286190084,0.006345166010736928,0.008948518381041657,0.027320270803970054,0.006296069048551343,0.016464153607533442,0.0008536778334618569,0.0,0.0,0.0,0.0,0.022435575552567807,0.11890661035521773
01_134,"Rice, white, polished, boiled* (as part of a recipe)",0.0004959330866166837,0.002537487722088943,0.000417464089646488,0.0032965719300734374,0.0008269923858570253,0.0023073330948134283,0.00286352588193333,0.009157632671721806,0.0020986896828504476,0.005568757837842194,0.000284559277820619,0.0,0.0,0.0,0.0,0.007478525184189269,0.03999726919380206
01_069,"Rice, white, polished, boiled* (without salt), drained",0.0004959330866166837,0.0022555446418568385,0.000417464089646488,0.0032965719300734374,0.0005513282572380168,0.001730499821110071,0.00286352588193333,0.008699751038135715,0.0011578977560554194,0.005568757837842194,0.0001422796389103095,0.0,0.0,0.0,0.0,0.007122404937323114,0.03999726919380206
01_037,"Rice, white, raw",0.002314354404211191,0.008458292406963143,0.0013120299960318192,0.019779431580440626,0.004410626057904135,0.010959832200363782,0.01646527382111665,0.025641371480821056,0.013098718365376932,0.01694839341951972,0.00042683891673092844,0.0,0.0,0.0,0.0,0.025818717897796283,0.11208537064774765
01_135,"Rice, white, boiled* (as part of a recipe)",0.0008265551443611396,0.002819430802321048,0.000417464089646488,0.006593143860146875,0.0011026565144760336,0.003460999642220142,0.005369111028624994,0.008547123826940351,0.004414485194961287,0.005568757837842194,0.0001422796389103095,0.0,0.0,0.0,0.0,0.008724946048220814,0.037671846566255426
01_038,"Rice, white, boiled* (without salt), drained",0.0008265551443611396,0.002819430802321048,0.000417464089646488,0.006593143860146875,0.0011026565144760336,0.003460999642220142,0.005369111028624994,0.008241869404549625,0.002388164121864303,0.005568757837842194,0.0001422796389103095,0.0,0.0,0.0,0.0,0.008190765677921581,0.037671846566255426
01_072,"Sorghum, flour, degermed",0.0018184213175945069,0.0002819430802321048,0.0027433354462483494,0.025823146785575263,0.00882125211580827,0.020189164579617495,0.011096162792491654,0.013278567373996618,0.010493448414252239,0.02518047022328644,0.0001422796389103095,0.0,0.0,0.0,0.0,0.031694701971087855,0.10309373648790066
01_039,"Sorghum, whole grains, raw",0.004298086750677926,0.008458292406963143,0.005128844529942566,0.06538200994645652,0.01764250423161654,0.039224662611828276,0.0690825619016416,0.05662469535347983,0.022072425974806433,0.02784378918921097,0.0012805167501927855,1.7120187924623873e-05,0.0,0.0,0.0,0.03347530320541863,0.07627386218352951
01_138,"Sorghum, whole grains, boiled* (as part of a recipe)",0.0018184213175945069,0.0033833169627852573,0.002146958175324795,0.026922004095599743,0.005788946700999177,0.016151331663693997,0.028993199554574967,0.02365721773528133,0.009190813438689893,0.011621755487670665,0.000569118555641238,0.0,0.0,0.0,0.0,0.014066749751213149,0.03193580408497374
01_042,"Sorghum, whole grains, boiled* (without salt), drained",0.0018184213175945069,0.0033833169627852573,0.002146958175324795,0.026922004095599743,0.00523761844376116,0.016151331663693997,0.028993199554574967,0.022436200045718422,0.007381598194853299,0.011621755487670665,0.00042683891673092844,0.0,0.0,0.0,0.0,0.013354509257480838,0.03193580408497374
01_041,"Sorghum, whole grains, red, raw",0.00396746469293347,0.007330520086034725,0.005307757711219632,0.06538200994645652,0.01764250423161654,0.05479916100181892,0.0690825619016416,0.046856553836976574,0.028006651974590457,0.024454110505307023,0.0012805167501927855,1.7120187924623873e-05,0.0,0.0,0.0,0.03507784431631633,0.07751408758488772
01_139,"Sorghum, whole grains, red, boiled* (as part of a recipe)",0.0016531102887222791,0.0031013738825531527,0.0022065959024171506,0.026922004095599743,0.005788946700999177,0.02307333094813428,0.028993199554574967,0.01953628303300652,0.011651346170307659,0.010169036051711832,0.000569118555641238,0.0,0.0,0.0,0.0,0.014600930121512382,0.03240088861048306
01_070,"Sorghum, whole grains, red, boiled* (without salt), drained",0.0016531102887222791,0.0031013738825531527,0.0022065959024171506,0.026922004095599743,0.00523761844376116,0.02307333094813428,0.028993199554574967,0.01862051976583434,0.00933555065819682,0.010169036051711832,0.00042683891673092844,0.0,0.0,0.0,0.0,0.013888689627780072,0.03240088861048306
01_040,"Sorghum, whole grains, white, raw",0.003471531606316786,0.005074975444177886,0.005009569075757855,0.06538200994645652,0.01764250423161654,0.029995330232574564,0.03901554014134162,0.047009181048171936,0.019177681584667886,0.024454110505307023,0.0008536778334618569,0.0,0.0,0.0,0.0,0.03703650567408019,0.07828922846073659
01_140,"Sorghum, whole grains, white, boiled* (as part of a recipe)",0.0014877992598500511,0.0022555446418568385,0.0020873204482324396,0.026922004095599743,0.005788946700999177,0.012690332021473856,0.016107333085874982,0.01953628303300652,0.008032915682634473,0.010169036051711832,0.00042683891673092844,0.0,0.0,0.0,0.0,0.015491230738677772,0.032710944960822615
01_071,"Sorghum, whole grains, white, boiled* (without salt), drained",0.0014877992598500511,0.0022555446418568385,0.0020873204482324396,0.026922004095599743,0.00523761844376116,0.012690332021473856,0.016107333085874982,0.01862051976583434,0.006440806268058271,0.010169036051711832,0.000284559277820619,0.0,0.0,0.0,0.0,0.014600930121512382,0.032710944960822615
01_169,Wèsln né souma (Burkina Faso)*: couscous from yellow maize with bambara groundnuts,0.002314354404211191,0.005074975444177886,0.002683697719155994,0.037910577195844536,0.003859297800666118,0.005191499463330213,0.015033510880149982,0.00976814151650326,0.01830925826762632,0.01259023511164322,0.014227963891030948,3.4240375849247745e-05,0.0,0.0,0.0,0.010149427035685436,0.016277958392826416
01_043,"Wheat flour, white, unfortified",0.0028102874908278743,0.002819430802321048,0.004532467259019012,0.015384002340342708,0.06615939086856203,0.01153666547406714,0.007158814704833326,0.015262721119536343,0.008032915682634473,0.02518047022328644,0.000569118555641238,0.0,0.0,0.0,0.0,0.008903006171653892,0.10758955356782415
01_083,"Wheat flour, white, fortified with iron, zinc, folic acid and vitamins B1, B2, B3, B6, B12 (Benin)",0.0028102874908278743,0.002819430802321048,0.004532467259019012,0.015384002340342708,0.1378320643095042,0.02307333094813428,0.007158814704833326,0.015262721119536343,0.008032915682634473,0.02518047022328644,0.000569118555641238,0.0,0.004634812523025984,0.0,0.0,0.08724946048220815,0.10758955356782415
01_084,"Wheat flour, white, fortified with iron, zinc, folic acid and vitamin B12 (Burkina Faso, Togo)",0.0028102874908278743,0.002819430802321048,0.004532467259019012,0.015384002340342708,0.1378320643095042,0.02307333094813428,0.007158814704833326,0.015262721119536343,0.008032915682634473,0.02518047022328644,0.000569118555641238,0.0,0.004634812523025984,0.0,0.0,0.08724946048220815,0.10758955356782415
01_085,"Wheat flour, white, fortified with iron and folic acid (Cabo Verde)",0.0028102874908278743,0.002819430802321048,0.004532467259019012,0.015384002340342708,0.1378320643095042,0.04614666189626856,0.007158814704833326,0.015262721119536343,0.008032915682634473,0.02518047022328644,0.000569118555641238,0.0,0.0,0.0,0.0,0.008903006171653892,0.10758955356782415
01_087,"Wheat flour, white, fortified with iron, zinc, folic acid and vitamins A, B1, B2, B3, B12 (Ghana, Sierra Leone)",0.0028102874908278743,0.002819430802321048,0.004532467259019012,0.015384002340342708,0.12404885787855378,0.04499299534886184,0.007158814704833326,0.015262721119536343,0.008032915682634473,0.02518047022328644,0.000569118555641238,0.0034240375849247744,0.0030898750153506562,0.0,0.0,0.05929402110321492,0.10758955356782415
01_090,"Wheat flour, white, fortified with iron, zinc, folic acid and vitamins B1, B2, B3, B12 (Guinea)",0.0028102874908278743,0.002819430802321048,0.004532467259019012,0.015384002340342708,0.1378320643095042,0.04614666189626856,0.007158814704833326,0.015262721119536343,0.008032915682634473,0.02518047022328644,0.000569118555641238,0.0,0.0061797500307013125,0.0,0.0,0.1068360740598467,0.10758955356782415
01_086,"Wheat flour, white, fortified with iron, zinc, folic acid and vitamins B1, B2, B3, B12 (Côte d’Ivoire, Mali, Niger, Senegal)",0.0028102874908278743,0.002819430802321048,0.004532467259019012,0.015384002340342708,0.1378320643095042,0.04614666189626856,0.007158814704833326,0.015262721119536343,0.008032915682634473,0.02518047022328644,0.000569118555641238,0.0,0.004634812523025984,0.0,0.0,0.08724946048220815,0.10758955356782415
01_088,"Wheat flour, white, fortified with iron, zinc, folic acid and vitamins B1, B2, B3, B12 (Liberia)",0.0028102874908278743,0.002819430802321048,0.004532467259019012,0.015384002340342708,0.1378320643095042,0.04614666189626856,0.007158814704833326,0.015262721119536343,0.008032915682634473,0.02518047022328644,0.000569118555641238,0.0,0.012359500061402625,0.0,0.0,0.17806012343307784,0.10758955356782415
01_089,"Wheat flour, white, fortified with iron and vitamins A, B1, B2, B3 (Nigeria)",0.0028102874908278743,0.002819430802321048,0.004532467259019012,0.015384002340342708,0.06615939086856203,0.035186829695904774,0.007158814704833326,0.015262721119536343,0.008032915682634473,0.02518047022328644,0.000569118555641238,0.015408169132161484,0.0,0.0,0.0,0.008903006171653892,0.10758955356782415
01_082,"Wheat flour, wholemeal, unfortified",0.0074389962992502555,0.00761246316626683,0.005784859527958475,0.06703029591149323,0.011026565144760336,0.028264830411464496,0.024339969996433307,0.03724103953166868,0.025763225072233085,0.029054388719176663,0.0007113981945515474,0.0,0.0,0.0,0.0,0.03561202468661557,0.08231996101515075
01_073,"Wheat, bran, raw",0.011737083049928182,0.028758194183674687,0.014134141320888235,0.23076003510514065,0.023431450932615717,0.05826016064403906,0.1728853751217248,0.1572060275312243,0.08828970389922573,0.036560105804963966,0.000569118555641238,0.0,0.0,0.0,0.0,0.11912222257672908,-0.028990268756748004
01_074,"Wheat, whole grains, raw",0.0064471301260168885,0.00761246316626683,0.005784859527958475,0.06703029591149323,0.011026565144760336,0.03345632987479471,0.024339969996433307,0.043346127979483215,0.025763225072233085,0.029054388719176663,0.0007113981945515474,0.0,0.0,0.0,0.0,0.03561202468661557,0.07270821415462468
01_142,"Wheat, whole grains, boiled* (as part of a recipe)",0.0036368426351890137,0.0042291462034815715,0.0032800749900795483,0.037910577195844536,0.004961954315142151,0.018458664758507427,0.013601747939183319,0.024420353791258148,0.014473721950692743,0.016222033701540305,0.00042683891673092844,0.0,0.0,0.0,0.0,0.01994273382450472,0.04077241006965094
01_141,"Wheat, whole grains, boiled* (without salt), drained",0.0036368426351890137,0.0042291462034815715,0.0032800749900795483,0.037910577195844536,0.004410626057904135,0.018458664758507427,0.013601747939183319,0.02319933610169524,0.011578977560554194,0.016222033701540305,0.000284559277820619,0.0,0.0,0.0,0.0,0.01905243320733933,0.04077241006965094
02_093,Banakou né barâand kanss saagbo (Burkina Faso)*: foutou of cassava and unripe plantain,0.003471531606316786,0.0022555446418568385,0.0013120299960318192,0.020328860235452866,0.0035836336720471095,0.005191499463330213,0.006442933234349993,0.00488407075825163,0.020697422389490624,0.0029054388719176663,0.0018496353058340233,1.7120187924623873e-05,0.0,0.02516038446032134,0.0,0.02047691419480395,0.03302100131116217
02_091,Banakou né barâand moomd saagbo (Burkina Faso)*: foutou of cassava and ripe plantain,0.004298086750677926,0.001409715401160524,0.0005367395438311988,0.015384002340342708,0.003859297800666118,0.006345166010736928,0.005369111028624994,0.005647206814228447,0.013460561414144251,0.002663318965924528,0.000569118555641238,0.00018832206717086259,0.0,0.02655818359700586,0.0,0.024394236910331664,0.03581150846421812
02_092,Banakou né kou saagbo (Burkina Faso)*: foutou of yam and cassava,0.0038021536640612417,0.001973601561624734,0.000715652725108265,0.021427717545477346,0.004134961929285127,0.006921999284440284,0.005011170293383328,0.006105088447814537,0.017657940779845147,0.003631798589897083,0.0008536778334618569,3.4240375849247745e-05,0.0,0.016773589640214227,0.0,0.015313170615244693,0.027284958829880475
02_021,"Cassava, sweet, tuber, white flesh, dried",0.020002634493539576,0.0042291462034815715,0.0013120299960318192,0.0499980076061138,0.012680549916474387,0.02134283112702421,0.011096162792491654,0.018010010921052883,0.029671129998920125,0.003147558777910805,0.0007113981945515474,1.7120187924623873e-05,0.0,0.009784593956791633,0.0,0.016025411108977004,0.10991497619537079
02_041,"Cassava, fermented paste from white cassava flour (wet fufu)",0.0033062205774445582,0.001973601561624734,0.000417464089646488,0.009340287135208073,0.01902082487471158,0.005191499463330213,0.006800873969591659,0.004273561913470176,0.015052670828720452,0.0024211990599313886,0.000569118555641238,0.0,0.0018539250092103937,0.03774057669048201,0.0,0.00997136691225236,0.057360424812816904
02_038,"Cassava, flour, from fermented white cassava (alibo/elubo/lafun)",0.011241149963311497,0.003947203123249468,0.0007752904522006205,0.021427717545477346,0.03859297800666118,0.019612331305914138,0.014675570144908317,0.02090992793376479,0.035315881559690294,0.003631798589897083,0.0001422796389103095,0.0,0.0030898750153506562,0.0055911965467380755,0.0,0.008368825801354658,0.1198367794062364
02_040,"Cassava, flour, from fermented white cassava (dry fufu)",0.008596173501355851,0.003947203123249468,0.0008945659063853312,0.019779431580440626,0.03859297800666118,0.010382998926660426,0.010738222057249988,0.019383655821811153,0.03140797663300325,0.005084518025855916,0.0009959574723721663,0.0,0.0030898750153506562,0.0055911965467380755,0.0,0.020833034441670104,0.11983677940623642
02_004,"Cassava, flour, from white cassava",0.010910527905567041,0.0022555446418568385,0.00047710181673884334,0.023625432165526303,0.02756641286190084,0.01153666547406714,0.01825497749732498,0.015873229964317795,0.015125039438473917,0.003873918495890222,0.00042683891673092844,0.0,0.0,0.0013977991366845189,0.0,0.0030270220983623234,0.11720130042835022
02_039,"Cassava, grated, from fermented white cassava, toasted without oil (white gari)",0.006943063212633572,0.002819430802321048,0.000834928179292976,0.02747143275061198,0.013507542302331412,0.009229332379253713,0.008232636910558325,0.015873229964317795,0.022361900413820288,0.0029054388719176663,0.000284559277820619,0.0,0.0030898750153506562,0.0027955982733690377,0.0,0.011930028270016215,0.12076694845725507
02_001,"Cassava, tuber, white flesh, raw",0.0061165080682724325,0.0011277723209284192,0.0007752904522006205,0.020328860235452866,0.006615939086856202,0.008652499105550356,0.004653229558141661,0.007631360559768171,0.01208555782882844,0.003147558777910805,0.000284559277820619,3.4240375849247745e-05,0.0,0.041933974100535565,0.0,0.036502325303780954,0.04325286087236734
02_051,"Cassava, tuber, white flesh, boiled* (as part of a recipe)",0.005289952923911293,0.0011277723209284192,0.0006560149980159096,0.01758171696039167,0.004410626057904135,0.007498832558143641,0.003937348087658329,0.006562970081400627,0.010276342584991847,0.002663318965924528,0.000284559277820619,3.4240375849247745e-05,0.0,0.03214938014374394,0.0,0.03116052160078862,0.03689670569040655
02_003,"Cassava, tuber, white flesh, boiled* (without salt), drained",0.0049593308661668375,0.0008458292406963143,0.0006560149980159096,0.01758171696039167,0.0035836336720471095,0.006921999284440284,0.003579407352416663,0.006105088447814537,0.008250021511894863,0.002663318965924528,0.0001422796389103095,3.4240375849247745e-05,0.0,0.02516038446032134,0.0,0.028133499502426298,0.03689670569040655
02_002,"Cassava, tuber, white flesh, dried",0.01107583893443927,0.007330520086034725,0.002564422264971283,0.030768004680685416,0.012129221659236371,0.008075665831846999,0.02398202926119164,0.009157632671721806,0.028513232242864704,0.004116038401883361,0.0007113981945515474,1.7120187924623873e-05,0.0,0.009784593956791633,0.0,0.007834645431055425,0.11425576510012449
02_037,"Cassava, tuber, yellow flesh, raw",0.003471531606316786,0.0005638861604642096,0.00047710181673884334,0.01593343099535495,0.003859297800666118,0.004037832915923499,0.002505585146691664,0.004273561913470176,0.006802649316825589,0.001694839341951972,0.0001422796389103095,0.0006505671411357072,0.0,0.02376258532363682,0.0,0.016025411108977004,0.02123885999825923
02_053,"Cassava, tuber, yellow flesh, boiled* (as part of a recipe)",0.0029755985197001023,0.0005638861604642096,0.0003578263625541325,0.01373571637530599,0.0024809771575710756,0.003460999642220142,0.0021476444114499975,0.003663053068688722,0.005861857390030561,0.0014527194359588332,0.0001422796389103095,0.0005478460135879639,0.0,0.018171388776898747,0.0,0.013532569380913914,0.018138296494863725
02_052,"Cassava, tuber, yellow flesh, boiled* (without salt), drained",0.0028102874908278743,0.0005638861604642096,0.0003578263625541325,0.01373571637530599,0.001929648900333059,0.003460999642220142,0.0017897036762083314,0.003357798646297995,0.004631591024221678,0.0014527194359588332,0.0001422796389103095,0.00053072582566334,0.0,0.01397799136684519,0.0,0.012286148516882369,0.018138296494863725
02_005,"Cocoyam, tuber, white, raw",0.0024796654330834188,0.0042291462034815715,0.000834928179292976,0.010988573100244793,0.0063402749582371935,0.004037832915923499,0.004653229558141661,0.009005005460526442,0.03842773177908923,0.007989956897773582,0.0012805167501927855,0.0,0.0,0.011182393093476151,0.0,0.006054044196724647,0.04170257912066959
02_054,"Cocoyam, tuber, white, boiled* (as part of a recipe)",0.0026449764619556463,0.004511089283713677,0.0008945659063853312,0.011538001755257033,0.00523761844376116,0.004614666189626857,0.005011170293383328,0.009462887094112532,0.040454052852186215,0.008232076803766721,0.0014227963891030948,0.0,0.0,0.011182393093476151,0.0,0.0064101644435908016,0.043872973573046446
02_006,"Cocoyam, tuber, white, boiled* (without salt), drained",0.0024796654330834188,0.0042291462034815715,0.0008945659063853312,0.011538001755257033,0.004134961929285127,0.004037832915923499,0.004295288822899995,0.00885237824933108,0.032348768559798284,0.008232076803766721,0.001138237111282476,0.0,0.0,0.008386794820107114,0.0,0.005697923949858491,0.043872973573046446
02_043,"Cocoyam, tuber, yellow, raw",0.0024796654330834188,0.0042291462034815715,0.0005963772709235542,0.010988573100244793,0.0063402749582371935,0.004037832915923499,0.004653229558141661,0.009005005460526442,0.03842773177908923,0.007989956897773582,0.0012805167501927855,0.0007875286445326981,0.0,0.011182393093476151,0.0,0.006054044196724647,0.03286597313599239
02_056,"Cocoyam, tuber, yellow, boiled* (as part of a recipe)",0.0026449764619556463,0.004511089283713677,0.0005963772709235542,0.011538001755257033,0.00523761844376116,0.004614666189626857,0.005011170293383328,0.009462887094112532,0.040454052852186215,0.008232076803766721,0.0014227963891030948,0.0008388892083065697,0.0,0.011182393093476151,0.0,0.0064101644435908016,0.03457128306285992
02_055,"Cocoyam, tuber, yellow, boiled* (without salt), drained",0.0024796654330834188,0.0042291462034815715,0.0005963772709235542,0.011538001755257033,0.004134961929285127,0.004037832915923499,0.004295288822899995,0.00885237824933108,0.032348768559798284,0.008232076803766721,0.001138237111282476,0.0007875286445326981,0.0,0.008386794820107114,0.0,0.005697923949858491,0.03457128306285992
02_086,Cou nin zindo (Burkina Faso)*: yam and vegetable stew,0.0038021536640612417,0.0031013738825531527,0.022364147659633283,0.020878288890465106,0.004134961929285127,0.006345166010736928,0.00572705176386666,0.006410342870205264,0.020986896828504478,0.0043581583078764995,0.043822128784375323,0.0007190478928342026,0.0,0.016773589640214227,0.0,0.008012705554488502,0.019688578246561478
02_081,"French fries, deep fried in unfortified vegetable oil*",0.0018184213175945069,0.005074975444177886,0.034172417623919656,0.01593343099535495,0.0035836336720471095,0.009806165652957069,0.016107333085874982,0.013583821796387344,0.05919752277833332,0.00629511755582161,0.025894894281676326,0.0,0.0,0.0027955982733690377,0.0,0.011395847899716982,0.04247771999651846
02_089,Fufu of ripe and unripe plantain with red palm oil (Burkina Faso)*,0.0024796654330834188,0.0031013738825531527,0.014551605410534721,0.019230002925428386,0.003307969543428101,0.009229332379253713,0.01145410352773332,0.0035104258574933586,0.03524351294993683,0.003147558777910805,0.039553739617066035,0.022427446181257273,0.0,0.019569187913583266,0.0,0.003917322715527713,0.03488133941319947
02_088,Fufu of ripe plantain with red palm oil (Burkina Faso)*,0.0014877992598500511,0.0022555446418568385,0.003936089988095458,0.010988573100244793,0.004134961929285127,0.005191499463330213,0.012169984998216653,0.003663053068688722,0.03140797663300325,0.0029054388719176663,0.07028614162169289,0.007104877988718907,0.0,0.022364786186952302,0.0,0.002314781604630012,0.04139252277033004
02_096,Fufu of unripe plantain with red palm oil (Burkina Faso)*,0.0016531102887222791,0.0042291462034815715,0.006440874525974386,0.02802086140562422,0.002756641286190084,0.0023073330948134283,0.011096162792491654,0.003205171435102632,0.04030931563267929,0.003631798589897083,0.07683100501156712,0.006471431035507824,0.0,0.019569187913583266,0.0,0.005875984073291569,0.03116066320912486
02_099,Fufu of unripe plantain with shea butter (Burkina Faso)*,0.0018184213175945069,0.0047930323639457815,0.004890293621573144,0.02527371813056302,0.0024809771575710756,0.0023073330948134283,0.010380281322008321,0.002899917012711905,0.03603956765722493,0.003147558777910805,0.06644459137111453,0.0,0.0,0.018171388776898747,0.0,0.005519863826425412,0.027905071530559575
02_094,Kou né barâand kanss saagbo (Burkina Faso)*: foutou of yam and unripe plantain,0.0026449764619556463,0.002819430802321048,0.0012523922689394638,0.024174860820538546,0.003859297800666118,0.005191499463330213,0.006800873969591659,0.005189325180642356,0.025980330901493473,0.003873918495890222,0.0018496353058340233,3.4240375849247745e-05,0.0,0.01397799136684519,0.0,0.0076565853076223465,0.02511456437750362
02_098,Kou né barâand moomd saagbo (Burkina Faso)*: foutou of yam with ripe plantain,0.003471531606316786,0.002819430802321048,0.0007752904522006205,0.02527371813056302,0.004961954315142151,0.007498832558143641,0.007158814704833326,0.006562970081400627,0.02590796229174001,0.004600278213869638,0.0009959574723721663,0.00018832206717086259,0.0,0.015375790503529708,0.0,0.008903006171653892,0.029920437807766657
02_090,Kou né kamoag fufu (Burkina Faso)*: fufu of yam with shea butter,0.0033062205774445582,0.0031013738825531527,0.00286261090043306,0.021977146200489586,0.004134961929285127,0.006345166010736928,0.005011170293383328,0.005647206814228447,0.01946715602368174,0.003873918495890222,0.024045258975842303,3.4240375849247745e-05,0.0,0.011182393093476151,0.0,0.008190765677921581,0.02170394452376856
02_087,Kou né téhi kaam fufu (Burkina Faso)*: fufu of yam and red palm oil,0.0038021536640612417,0.002819430802321048,0.005904134982143186,0.0263725754405875,0.004961954315142151,0.007498832558143641,0.00572705176386666,0.006868224503791354,0.02359216677962917,0.004842398119862777,0.018780912336160853,0.008542973774387312,0.0,0.01397799136684519,0.0,0.009615246665386204,0.026354789778861822
02_097,Kou saagbo (Burkina Faso)*: foutou of yam,0.003471531606316786,0.002537487722088943,0.0007752904522006205,0.023625432165526303,0.004410626057904135,0.006921999284440284,0.00572705176386666,0.006105088447814537,0.02120400265776487,0.0043581583078764995,0.02219562367000828,3.4240375849247745e-05,0.0,0.01258019223016067,0.0,0.008724946048220814,0.02371931080097564
02_084,"Plantain, deep fried in unfortified vegetable oil*",0.001983732346466735,0.0036652600430173623,0.049499313486655004,0.020328860235452866,0.007442931472713227,0.009806165652957069,0.02111850337925831,0.006410342870205264,0.056809358656469015,0.005084518025855916,0.046240882645850585,0.00034240375849247745,0.0,0.04053617496385105,0.0,0.003917322715527713,0.0744135240814922
02_042,"Plantain, ripe, ivory flesh, raw",0.0009918661732333674,0.0022555446418568385,0.00023855090836942167,0.01263685906528151,0.006064610829618186,0.006345166010736928,0.013243807203941652,0.004120934702274813,0.036111936266978395,0.003389678683903944,0.000569118555641238,0.0010785718392513038,0.0,0.02795598273369038,0.0,0.00249284172806309,0.04743862160195128
02_058,"Plantain, ripe, ivory flesh, boiled* (as part of a recipe)",0.0009918661732333674,0.0022555446418568385,0.00023855090836942167,0.012087430410269273,0.004410626057904135,0.00576833273703357,0.012527925733458319,0.003968307491079449,0.03437508963289527,0.003147558777910805,0.000569118555641238,0.0010272112754774324,0.0,0.02376258532363682,0.0,0.002314781604630012,0.04511319897440465
02_057,"Plantain, ripe, ivory flesh, boiled* (without salt), drained",0.0009918661732333674,0.0022555446418568385,0.0002981886354617771,0.01373571637530599,0.004134961929285127,0.00576833273703357,0.012527925733458319,0.003968307491079449,0.030394816096454762,0.003389678683903944,0.00042683891673092844,0.0010785718392513038,0.0,0.020966987050267782,0.0,0.002314781604630012,0.049764044229497914
02_044,"Plantain, ripe, orange flesh, raw",0.0013224882309778232,0.0022555446418568385,0.000417464089646488,0.01263685906528151,0.006064610829618186,0.007498832558143641,0.013243807203941652,0.00579983402542381,0.036111936266978395,0.0029054388719176663,0.000569118555641238,0.001472336161517653,0.0,0.02795598273369038,0.0,0.00249284172806309,0.043562917222706894
02_060,"Plantain, ripe, orange flesh, boiled* (as part of a recipe)",0.0013224882309778232,0.0022555446418568385,0.0003578263625541325,0.012087430410269273,0.004410626057904135,0.006921999284440284,0.012527925733458319,0.005494579603033083,0.03437508963289527,0.002663318965924528,0.000569118555641238,0.0014038554098191574,0.0,0.02376258532363682,0.0,0.002314781604630012,0.04139252277033004
02_059,"Plantain, ripe, orange flesh, boiled* (without salt), drained",0.0011571772021055954,0.001973601561624734,0.0003578263625541325,0.012087430410269273,0.0035836336720471095,0.006921999284440284,0.01145410352773332,0.005189325180642356,0.02750007170631621,0.002663318965924528,0.00042683891673092844,0.0013182544701960382,0.0,0.018171388776898747,0.0,0.0021367214811969337,0.04139252277033004
02_046,"Plantain, unripe, ivory flesh, raw",0.0013224882309778232,0.005074975444177886,0.003220437262987193,0.035712862575795576,0.004410626057904135,0.002884166368516785,0.013601747939183319,0.003968307491079449,0.05101986987619192,0.004600278213869638,0.004837507722950523,0.001215533342648295,0.0,0.02795598273369038,0.0,0.007478525184189269,0.039377156493122956
02_065,"Plantain, unripe, ivory flesh, boiled* (as part of a recipe)",0.0013224882309778232,0.0047930323639457815,0.0030415240817101264,0.03406457661075886,0.003307969543428101,0.002884166368516785,0.012885866468699986,0.0038156802798840856,0.04855933714457415,0.0043581583078764995,0.004552948445129904,0.0011641727788744233,0.0,0.02376258532363682,0.0,0.007122404937323114,0.03736179021591588
02_064,"Plantain, unripe, ivory flesh, boiled* (without salt), drained",0.0013224882309778232,0.0042291462034815715,0.0030415240817101264,0.03406457661075886,0.002756641286190084,0.002884166368516785,0.01145410352773332,0.0035104258574933586,0.038861943437610014,0.0043581583078764995,0.0036992706116680467,0.0011128122151005517,0.0,0.018171388776898747,0.0,0.0064101644435908016,0.03736179021591588
02_047,"Plantain, unripe, orange flesh, raw",0.0013224882309778232,0.005074975444177886,0.003220437262987193,0.035712862575795576,0.004410626057904135,0.002884166368516785,0.013601747939183319,0.003968307491079449,0.05101986987619192,0.004600278213869638,0.004837507722950523,0.0021913840543518557,0.0,0.02795598273369038,0.0,0.007478525184189269,0.039377156493122956
02_067,"Plantain, unripe, orange flesh, boiled* (as part of a recipe)",0.0013224882309778232,0.0047930323639457815,0.0030415240817101264,0.03406457661075886,0.003307969543428101,0.002884166368516785,0.012885866468699986,0.0038156802798840856,0.04855933714457415,0.0043581583078764995,0.004552948445129904,0.0020886629268041124,0.0,0.02376258532363682,0.0,0.007122404937323114,0.03736179021591588
02_066,"Plantain, unripe, orange flesh, boiled* (without salt), drained",0.0013224882309778232,0.0042291462034815715,0.0030415240817101264,0.03406457661075886,0.002756641286190084,0.002884166368516785,0.01145410352773332,0.0035104258574933586,0.038861943437610014,0.0043581583078764995,0.0036992706116680467,0.001968821611331745,0.0,0.018171388776898747,0.0,0.0064101644435908016,0.03736179021591588
02_045,"Plantain, unripe, pale flesh, raw",0.0013224882309778232,0.005074975444177886,0.003220437262987193,0.035712862575795576,0.004410626057904135,0.002884166368516785,0.013601747939183319,0.003968307491079449,0.05101986987619192,0.004600278213869638,0.004837507722950523,0.0,0.0,0.02795598273369038,0.0,0.007478525184189269,0.039377156493122956
02_063,"Plantain, unripe, pale flesh, boiled* (as part of a recipe)",0.0013224882309778232,0.0047930323639457815,0.0030415240817101264,0.03406457661075886,0.003307969543428101,0.002884166368516785,0.012885866468699986,0.0038156802798840856,0.04855933714457415,0.0043581583078764995,0.004552948445129904,0.0,0.0,0.02376258532363682,0.0,0.007122404937323114,0.03736179021591588
02_062,"Plantain, unripe, pale flesh, boiled* (without salt), drained",0.0013224882309778232,0.0042291462034815715,0.0030415240817101264,0.03406457661075886,0.002756641286190084,0.002884166368516785,0.01145410352773332,0.0035104258574933586,0.038861943437610014,0.0043581583078764995,0.0036992706116680467,0.0,0.0,0.018171388776898747,0.0,0.0064101644435908016,0.03736179021591588
02_048,"Plantain, unripe, pale flesh, flour",0.0036368426351890137,0.007330520086034725,0.008408919520022113,0.0719751538066034,0.00689160321547521,0.009229332379253713,0.02791937734884997,0.015567975541927069,0.06990807702184595,0.010169036051711832,0.009675015445901046,0.0,0.0,0.0055911965467380755,0.0,0.014957050368378537,0.07999453838760412
02_095,"Porridge, tô, from gari and tomato paste (Burkina Faso)*",0.0031409095485723302,0.0022555446418568385,0.000417464089646488,0.011538001755257033,0.004134961929285127,0.003460999642220142,0.004653229558141661,0.006562970081400627,0.012519769487349224,0.001694839341951972,0.034147113338474276,0.00018832206717086259,0.0010196587550657167,0.0013977991366845189,0.0,0.0053418037029923345,0.04526822714957442
02_085,Potato nin zindo (Burkina Faso)*: potato and vegetable stew,0.0018184213175945069,0.0033833169627852573,0.040255465787339906,0.008790858480195835,0.001929648900333059,0.004614666189626857,0.008232636910558325,0.007020851714986717,0.027861914755083532,0.003631798589897083,0.04937103470187739,0.00015408169132161484,0.0,0.01397799136684519,0.0,0.005875984073291569,0.018448352845203277
02_009,"Potato, raw",0.0009918661732333674,0.002819430802321048,0.00011927545418471084,0.009340287135208073,0.002756641286190084,0.00576833273703357,0.009306459116283323,0.007783987770963534,0.033940877974374485,0.003631798589897083,0.001138237111282476,0.0,0.0,0.019569187913583266,0.0,0.006588224567023879,0.02433942350165474
02_068,"Potato, boiled* (as part of a recipe)",0.0009918661732333674,0.002819430802321048,0.00011927545418471084,0.009340287135208073,0.0022053130289520673,0.00576833273703357,0.009306459116283323,0.007783987770963534,0.033940877974374485,0.003631798589897083,0.001138237111282476,0.0,0.0,0.016773589640214227,0.0,0.006588224567023879,0.02433942350165474
02_010,"Potato, boiled* (without salt), drained",0.0008265551443611396,0.002537487722088943,0.00011927545418471084,0.009340287135208073,0.0016539847717140506,0.005191499463330213,0.008232636910558325,0.007173478926182081,0.027138228657548894,0.003631798589897083,0.0008536778334618569,0.0,0.0,0.01397799136684519,0.0,0.005875984073291569,0.02433942350165474
02_011,"Sweet potato, deep yellow flesh, raw",0.005455263952783521,0.012687438610444716,0.0005963772709235542,0.01648285965036719,0.007167267344094219,0.01153666547406714,0.006442933234349993,0.00579983402542381,0.020480316560230232,0.003873918495890222,0.004410668806219594,0.0034240375849247744,0.0,0.0517185680573272,0.0,0.009615246665386204,0.03488133941319947
02_070,"Sweet potato, deep yellow flesh, boiled* (as part of a recipe)",0.005455263952783521,0.012687438610444716,0.0005963772709235542,0.01648285965036719,0.005513282572380168,0.01153666547406714,0.006442933234349993,0.00579983402542381,0.020480316560230232,0.003873918495890222,0.004410668806219594,0.0034240375849247744,0.0,0.04612737151058913,0.0,0.009615246665386204,0.03488133941319947
02_012,"Sweet potato, deep yellow flesh, boiled* (without salt), drained",0.005124641895039065,0.011559666289516296,0.0005963772709235542,0.01648285965036719,0.004686290186523143,0.010959832200363782,0.00572705176386666,0.00534195239183772,0.0163553058042828,0.003873918495890222,0.003556990972757737,0.0032528357056785355,0.0,0.036342777553797494,0.0,0.008724946048220814,0.03488133941319947
02_049,"Sweet potato, orange flesh, raw",0.008926795559100307,0.002537487722088943,0.0005963772709235542,0.01648285965036719,0.003032305414809093,0.005191499463330213,0.010022340586766655,0.00671559729259599,0.02084215960899755,0.0024211990599313886,0.0028455927782061897,0.013542068648377483,0.0,0.04333177323722009,0.0,0.011039727652850825,0.02604473342852227
02_073,"Sweet potato, orange flesh, boiled* (as part of a recipe)",0.008926795559100307,0.002537487722088943,0.0005963772709235542,0.01648285965036719,0.0024809771575710756,0.005191499463330213,0.010022340586766655,0.00671559729259599,0.02084215960899755,0.0024211990599313886,0.0028455927782061897,0.013542068648377483,0.0,0.03913837582716653,0.0,0.011039727652850825,0.02604473342852227
02_072,"Sweet potato, orange flesh, boiled* (without salt), drained",0.008596173501355851,0.002537487722088943,0.0005963772709235542,0.01648285965036719,0.001929648900333059,0.005191499463330213,0.008948518381041657,0.0062577156590099,0.016644780243296655,0.0024211990599313886,0.002276474222564952,0.012857261131392527,0.0,0.030751581007059416,0.0,0.00997136691225236,0.02604473342852227
02_022,"Sweet potato, pale flesh (white/cream/pale yellow), raw",0.005620574981655749,0.012687438610444716,0.000715652725108265,0.01648285965036719,0.007167267344094219,0.007498832558143641,0.006442933234349993,0.005952461236619173,0.020480316560230232,0.003631798589897083,0.004410668806219594,8.560093962311936e-05,0.0,0.030751581007059416,0.0,0.009615246665386204,0.0271299306547107
02_069,"Sweet potato, pale flesh (white/cream/pale yellow), boiled* (as part of a recipe)",0.005620574981655749,0.012687438610444716,0.000715652725108265,0.01648285965036719,0.005513282572380168,0.007498832558143641,0.006442933234349993,0.005952461236619173,0.020480316560230232,0.003631798589897083,0.004410668806219594,8.560093962311936e-05,0.0,0.02795598273369038,0.0,0.009615246665386204,0.0271299306547107
02_023,"Sweet potato, pale flesh (white/cream/pale yellow), boiled* (without salt), drained",0.005289952923911293,0.011559666289516296,0.000715652725108265,0.01648285965036719,0.004686290186523143,0.006921999284440284,0.00572705176386666,0.005647206814228447,0.0163553058042828,0.003631798589897083,0.003556990972757737,8.560093962311936e-05,0.0,0.022364786186952302,0.0,0.008724946048220814,0.0271299306547107
02_013,"Sweet potato, yellow flesh, raw",0.0066124411548891164,0.007330520086034725,0.0005963772709235542,0.01648285965036719,0.014334534688188438,0.010959832200363782,0.006442933234349993,0.00579983402542381,0.020480316560230232,0.003631798589897083,0.0028455927782061897,0.0021742638664272317,0.0,0.04333177323722009,0.0,0.009615246665386204,0.03488133941319947
02_071,"Sweet potato, yellow flesh, boiled* (as part of a recipe)",0.0066124411548891164,0.007330520086034725,0.0005963772709235542,0.01648285965036719,0.011302229273379346,0.010959832200363782,0.006442933234349993,0.00579983402542381,0.020480316560230232,0.003631798589897083,0.0028455927782061897,0.0021742638664272317,0.0,0.03774057669048201,0.0,0.009615246665386204,0.03488133941319947
02_014,"Sweet potato, yellow flesh, boiled* (without salt), drained",0.0062818190971446605,0.006484690845338411,0.0005963772709235542,0.01648285965036719,0.009096916244427277,0.010382998926660426,0.00572705176386666,0.00534195239183772,0.0163553058042828,0.003631798589897083,0.002276474222564952,0.0020715427388794884,0.0,0.029353781870374896,0.0,0.008724946048220814,0.03488133941319947
02_083,"Sweet potato, deep fried in unfortified vegetable oil*",0.013720815396394916,0.01522492633253366,0.02928212400234651,0.03406457661075886,0.023155786803996707,0.02249649767443092,0.013243807203941652,0.01205754968443371,0.04226326809602281,0.007505717085787305,0.041972493478541296,0.0009073699600050652,0.0,0.08247014906438661,0.0,0.01976467370107164,0.0719330732787758
02_015,"Taro, tuber, white, raw",0.004298086750677926,0.023683218739496803,0.0020276827211400845,0.022526574855501823,0.006064610829618186,0.009229332379253713,0.010738222057249988,0.01343119458519198,0.0253290134137123,0.00653723746181475,0.0024187538614752614,3.4240375849247745e-05,0.0,0.011182393093476151,0.0,0.010861667529417748,0.032710944960822615
02_074,"Taro, tuber, white, boiled* (as part of a recipe)",0.004298086750677926,0.023683218739496803,0.0020276827211400845,0.022526574855501823,0.004686290186523143,0.009229332379253713,0.010738222057249988,0.013278567373996618,0.025039538974698447,0.00629511755582161,0.002276474222564952,3.4240375849247745e-05,0.0,0.009784593956791633,0.0,0.010683607405984669,0.03224586043531329
02_016,"Taro, tuber, white, boiled* (without salt), drained",0.004132775721805698,0.02114573101740786,0.0020276827211400845,0.022526574855501823,0.003859297800666118,0.008652499105550356,0.00966439985152499,0.012362804106824438,0.02004610490170945,0.00629511755582161,0.0018496353058340233,3.4240375849247745e-05,0.0,0.008386794820107114,0.0,0.009615246665386204,0.03224586043531329
02_026,"Tiger nut, tuber, dried",0.006777752183761344,0.017762414054622602,0.019203348123738445,0.06428315263643203,0.044106260579041344,0.03691732951701485,0.03650995499464996,0.0346463769413475,0.04074352729120007,0.011621755487670665,0.0036992706116680467,0.0,0.0,0.019569187913583266,0.0,0.046295632092600236,0.05705036846247735
02_024,"Tiger nut, tuber, raw",0.0024796654330834188,0.0042291462034815715,0.015147982681458276,0.04615200702102813,0.03307969543428101,0.021919664400727564,0.027203495878366638,0.02899917012711905,0.021493477096778724,0.010653275863698112,0.0015650760280134044,0.0,0.0,0.01258019223016067,0.0,0.016381531355843162,0.03674167751523678
02_075,"Tiger nut, tuber, boiled* (as part of a recipe)",0.0024796654330834188,0.004511089283713677,0.015923273133658895,0.04889915029608933,0.02591242809018679,0.02307333094813428,0.028635258819333303,0.03037281502787732,0.022651374852834142,0.011137515675684388,0.0017073556669237138,0.0,0.0,0.011182393093476151,0.0,0.01727183197300855,0.038602015617274076
02_025,"Tiger nut, tuber, boiled* (without salt), drained",0.0024796654330834188,0.003947203123249468,0.015923273133658895,0.04889915029608933,0.02095047377504464,0.02134283112702421,0.025771732937399972,0.028388661282337597,0.01809215243836593,0.011137515675684388,0.0012805167501927855,0.0,0.0,0.008386794820107114,0.0,0.01566929086211085,0.038602015617274076
02_017,"Water yam, tuber, raw",0.0024796654330834188,0.005920804684874201,0.0003578263625541325,0.05329457953618724,0.007167267344094219,0.004614666189626857,0.00286352588193333,0.009920768727698622,0.020335579340723303,0.005810877743835333,0.0008536778334618569,5.136056377387162e-05,0.0,0.020966987050267782,0.0,0.0076565853076223465,0.01844835284520328
02_076,"Water yam, tuber, boiled* (as part of a recipe)",0.0026449764619556463,0.006202747765106305,0.0003578263625541325,0.05604172281124844,0.005788946700999177,0.005191499463330213,0.00286352588193333,0.010378650361284712,0.02142110848702526,0.0060529976498284715,0.0008536778334618569,5.136056377387162e-05,0.0,0.019569187913583266,0.0,0.008190765677921581,0.01937852189622193
02_018,"Water yam, tuber, boiled* (without salt), drained",0.0024796654330834188,0.005638861604642096,0.0003578263625541325,0.05604172281124844,0.004686290186523143,0.004614666189626857,0.002505585146691664,0.009615514305307896,0.0171513605115709,0.0060529976498284715,0.0007113981945515474,5.136056377387162e-05,0.0,0.015375790503529708,0.0,0.007300465060756191,0.01937852189622193
02_082,"Yam, tuber, deep fried in unfortified vegetable oil*",0.0071083742415057995,0.005074975444177886,0.02343762674729568,0.04834972164107709,0.009372580373046287,0.014420831842583925,0.011096162792491654,0.01297331295160589,0.04494090665690097,0.008716316615752999,0.02304930150347014,1.7120187924623873e-05,0.0,0.02655818359700586,0.0,0.018340192713607015,0.04774867795229083
02_019,"Yam, tuber, pale, raw",0.004298086750677926,0.0031013738825531527,0.0009542036334776867,0.030768004680685416,0.007442931472713227,0.009229332379253713,0.006800873969591659,0.008089242193354261,0.027717177535576603,0.005568757837842194,0.0009959574723721663,5.136056377387162e-05,0.0,0.018171388776898747,0.0,0.011395847899716982,0.030850606858785306
02_077,"Yam, tuber, pale, boiled* (as part of a recipe)",0.004463397779550154,0.0033833169627852573,0.0010138413605700423,0.03241629064572214,0.006064610829618186,0.009229332379253713,0.007158814704833326,0.008394496615744988,0.02916454973064588,0.005810877743835333,0.001138237111282476,5.136056377387162e-05,0.0,0.016773589640214227,0.0,0.011930028270016215,0.03240088861048306
02_020,"Yam, tuber, pale, boiled* (without salt), drained",0.004298086750677926,0.0031013738825531527,0.0010138413605700423,0.03241629064572214,0.004961954315142151,0.008652499105550356,0.006442933234349993,0.007936614982158897,0.023302692340615317,0.005810877743835333,0.0008536778334618569,5.136056377387162e-05,0.0,0.01258019223016067,0.0,0.010683607405984669,0.03240088861048306
02_050,"Yam, tuber, three-leaved, pale, raw",0.002314354404211191,0.006202747765106305,0.000417464089646488,0.02802086140562422,0.0063402749582371935,0.001730499821110071,0.005369111028624994,0.010073395938893986,0.017440834950584756,0.0043581583078764995,0.0007113981945515474,8.560093962311936e-05,0.0,0.018171388776898747,0.0,0.010683607405984669,0.028990268756748008
02_080,"Yam, tuber, three-leaved, pale, boiled* (as part of a recipe)",0.0024796654330834188,0.006484690845338411,0.00047710181673884334,0.029669147370660943,0.00523761844376116,0.001730499821110071,0.00572705176386666,0.01068390478367544,0.018381626877379785,0.004600278213869638,0.0007113981945515474,8.560093962311936e-05,0.0,0.016773589640214227,0.0,0.011217787776283903,0.03054055050844576
02_079,"Yam, tuber, three-leaved, pale, boiled* (without salt, drained)",0.002314354404211191,0.005920804684874201,0.00047710181673884334,0.029669147370660943,0.004134961929285127,0.001730499821110071,0.005369111028624994,0.009920768727698622,0.014690827779953135,0.004600278213869638,0.000569118555641238,8.560093962311936e-05,0.0,0.01258019223016067,0.0,0.010149427035685436,0.03054055050844576
03_009,"African locust bean, dry, raw",0.054552639527835206,0.035524828109245205,0.03804886988492276,0.03955886316088125,0.1047523688752232,0.08075665831846998,0.06013404352059993,0.048688080371320934,0.03654614792549918,0.07021477273801027,0.006971702306605165,0.0,0.0,0.008386794820107114,0.0,0.09170096356803509,0.04743862160195128
03_063,"African locust bean, not soaked, boiled* (without salt), drained",0.017688280089328386,0.009586064727891563,0.014551605410534721,0.015384002340342708,0.019847817260568605,0.02653433059035442,0.019686740438291644,0.016788993231489975,0.010493448414252239,0.02687530956523841,0.0019919149447443327,0.0,0.0,0.0013977991366845189,0.0,0.031694701971087855,0.018138296494863725
03_064,"African locust bean, not soaked, boiled* (without salt), with cooking liquid",0.013224882309778233,0.008458292406963143,0.009184209972222735,0.009340287135208073,0.015161527074045464,0.019612331305914138,0.014675570144908317,0.011752295262042984,0.008828970389922574,0.01694839341951972,0.0017073556669237138,0.0,0.0,0.0013977991366845189,0.0,0.02225751542913473,0.011627113137733154
03_065,"African locust bean, soaked, boiled in different water* (without salt), drained",0.020167945522411804,0.010713837048819981,0.01651965040458245,0.01703228830537943,0.02260445854675869,0.029995330232574564,0.022192325584983307,0.01907840139942043,0.011940820609321513,0.030507108155135496,0.002276474222564952,0.0,0.0,0.0027955982733690377,0.0,0.03579008481004864,0.02061874729758013
03_066,"African locust bean, soaked, boiled in different water* (without salt), with cooking liquid",0.017027035973839474,0.010995780129052087,0.011867907691378727,0.012087430410269273,0.0195721531319496,0.025380664042947712,0.018612918232566646,0.015262721119536343,0.011434240341047267,0.022032911445375634,0.0021341945836546423,0.0,0.0,0.0013977991366845189,0.0,0.028667679872725532,0.01488270481629844
03_010,"African yam bean, dry, raw",0.0066124411548891164,0.026784592622049953,0.003936089988095458,0.09175458538704401,0.13231878173712405,0.023650164221837636,0.06657697675494993,0.038614684432426945,0.0933555065819682,0.04963458072859347,0.000284559277820619,1.7120187924623873e-05,0.0,0.0027955982733690377,0.0,0.03561202468661557,0.04650845255093263
03_011,"African yam bean, not soaked, boiled* (without salt), drained",0.002149043375338963,0.00704857700580262,0.0014909431773088855,0.03516343392078334,0.025361099832948774,0.007498832558143641,0.021834384849741643,0.013278567373996618,0.026776385608781574,0.01912747257345797,0.0001422796389103095,0.0,0.0,0.0,0.0,0.012286148516882369,0.0176732119693544
03_060,"African yam bean, not soaked, boiled* (without salt), with cooking liquid",0.0016531102887222791,0.006484690845338411,0.0009542036334776867,0.021977146200489586,0.01929648900333059,0.00576833273703357,0.016107333085874982,0.00931025988291717,0.022506637633327217,0.012105995299656943,0.0001422796389103095,0.0,0.0,0.0,0.0,0.008546885924787735,0.011317056787393608
03_061,"African yam bean, soaked, boiled in different water* (without salt), drained",0.0024796654330834188,0.008176349326731037,0.001729494085678307,0.04010829181589349,0.02756641286190084,0.008652499105550356,0.02469791073167497,0.015110093908340979,0.030322447486701296,0.021790791539382497,0.0001422796389103095,1.7120187924623873e-05,0.0,0.0013977991366845189,0.0,0.013888689627780072,0.01999863459690103
03_062,"African yam bean, soaked, boiled in different water* (without salt), with cooking liquid",0.002149043375338963,0.008458292406963143,0.0012523922689394638,0.028570290060636463,0.024809771575710758,0.007498832558143641,0.020760562644016642,0.01205754968443371,0.029092181120892412,0.015737793889554028,0.0001422796389103095,0.0,0.0,0.0,0.0,0.011039727652850825,0.014417620290789116
03_022,"Bean, white, dry, raw",0.020994500666772945,0.025374877220889432,0.006798700888528517,0.10219372983227658,0.11302229273379345,0.050761328085895424,0.07051432484260825,0.06089825726695001,0.12302663658088832,0.05157153997653858,0.004695228084040213,0.0,0.0,0.0,0.0,0.056801179375151827,0.03968721284346251
03_023,"Bean, white, not soaked, boiled* (without salt), drained",0.006777752183761344,0.0067666339255705145,0.0026240599920636385,0.03900943450586901,0.021501802032282656,0.016728164937397354,0.02290820705546664,0.02106255514496015,0.035532987388950686,0.019853832291437386,0.0012805167501927855,0.0,0.0,0.0,0.0,0.01976467370107164,0.015347789341807767
03_079,"Bean, white, not soaked, boiled* (without salt), with cooking liquid",0.00479401983729461,0.005920804684874201,0.001550580904401241,0.023625432165526303,0.015437191202664471,0.01153666547406714,0.016107333085874982,0.014041703429973434,0.02844086363311124,0.011863875393663806,0.001138237111282476,0.0,0.0,0.0,0.0,0.013176449134047759,0.00914666233501675
03_081,"Bean, white, soaked, boiled in different water* (without salt), drained",0.006777752183761344,0.0067666339255705145,0.0026240599920636385,0.03900943450586901,0.021501802032282656,0.016728164937397354,0.02290820705546664,0.02106255514496015,0.035532987388950686,0.019853832291437386,0.0012805167501927855,0.0,0.0,0.0,0.0,0.01976467370107164,0.015347789341807767
03_082,"Bean, white, soaked, boiled in different water* (without salt), with cooking liquid",0.00479401983729461,0.005920804684874201,0.001550580904401241,0.023625432165526303,0.015437191202664471,0.01153666547406714,0.016107333085874982,0.014041703429973434,0.02844086363311124,0.011863875393663806,0.001138237111282476,0.0,0.0,0.0,0.0,0.013176449134047759,0.00914666233501675
03_144,"Beng rougougdga (Burkina Faso)*: cowpeas and vegetables, boiled",0.0062818190971446605,0.007894406246498935,0.02445146810786572,0.023076003510514066,0.025085435704329764,0.016151331663693997,0.0297090810250583,0.02090992793376479,0.028875075291632024,0.017432633231505998,0.025894894281676326,8.560093962311936e-05,0.0,0.0027955982733690377,0.0,0.020654974318237027,0.01937852189622193
03_148,Beng rougougdga né ki wesla (Burkina Faso)*: cowpeas with pearl millet couscous,0.0049593308661668375,0.007894406246498935,0.008945659063853313,0.022526574855501823,0.022053130289520672,0.019612331305914138,0.0307829032307833,0.02594662590321178,0.025039538974698447,0.017432633231505998,0.03357799478283304,0.0,0.0,0.0,0.0,0.024928417280630895,0.03705173386557632
03_149,"Beng rougougdga né kmaan (Burkina Faso)*: cowpeas and degermed white maize, boiled",0.00396746469293347,0.005356918524409991,0.00143130545021653,0.021427717545477346,0.017918168360235548,0.01153666547406714,0.021834384849741643,0.015567975541927069,0.01888820714565403,0.015737793889554028,0.023760699698021685,0.0,0.0,0.0,0.0,0.015313170615244693,0.03302100131116217
03_150,"Beng rougougdga né kui wesla (Burkina Faso)*: cowpeas and fonio, boiled",0.007604307328122483,0.011841609369748402,0.016817839040044226,0.023076003510514066,0.027015084604662825,0.02249649767443092,0.03257260690699163,0.02274145446810915,0.02822375780385085,0.019853832291437386,0.0718512176497063,0.0,0.0,0.0,0.0,0.024928417280630895,0.0378268747414252
03_151,Beng saagbo (Burkina Faso)*: tô (porridge) from cowpeas with maize flour and potash,0.0061165080682724325,0.006202747765106305,0.01848769539863018,0.020328860235452866,0.022053130289520672,0.01788183148480407,0.027203495878366638,0.018010010921052883,0.023447429560122243,0.016222033701540305,0.03087468164353716,0.0,0.0,0.0,0.0,0.01816213259017394,0.02263411357478721
03_154,Boussan touba (Burkina Faso)*: fried cowpea pancakes,0.01107583893443927,0.01522492633253366,0.026180962193544027,0.0318668619907099,0.03859297800666118,0.037494162790718204,0.04510053264044995,0.034951631363738224,0.04573696136418907,0.030507108155135496,0.09945346759830632,0.0,0.0,0.0,0.0,0.03685844555064711,0.033951170362180816
03_024,"Broad bean, dry, raw",0.017688280089328386,0.023965161819728905,0.0051884822570349215,0.11867658948264377,0.07167267344094219,0.02884166368516785,0.04832199925762495,0.046093417780999756,0.08684233170415646,0.06101421631027099,0.0036992706116680467,3.4240375849247745e-05,0.0,0.0013977991366845189,0.0,0.032585002588253247,0.029610381457427108
03_025,"Broad bean, not soaked, boiled* (without salt), drained",0.005455263952783521,0.005920804684874201,0.001848769539863018,0.04230600643594245,0.012680549916474387,0.008652499105550356,0.014675570144908317,0.014804839485950252,0.023302692340615317,0.021790791539382497,0.0009959574723721663,1.7120187924623873e-05,0.0,0.0,0.0,0.010505547282551592,0.010541915911544728
03_083,"Broad bean, not soaked, boiled* (without salt), with cooking liquid",0.0038021536640612417,0.005356918524409991,0.001133116814754753,0.025823146785575263,0.009372580373046287,0.006345166010736928,0.010380281322008321,0.010073395938893986,0.01888820714565403,0.013316594829622637,0.0008536778334618569,1.7120187924623873e-05,0.0,0.0,0.0,0.007122404937323114,0.006356155181960793
03_084,"Broad bean, soaked, boiled in different water* (without salt), drained",0.005455263952783521,0.005920804684874201,0.001848769539863018,0.04230600643594245,0.012680549916474387,0.008652499105550356,0.014675570144908317,0.014804839485950252,0.023302692340615317,0.021790791539382497,0.0009959574723721663,1.7120187924623873e-05,0.0,0.0,0.0,0.010505547282551592,0.010541915911544728
03_085,"Broad bean, soaked, boiled in different water* (without salt), with cooking liquid",0.0038021536640612417,0.005356918524409991,0.001133116814754753,0.025823146785575263,0.009372580373046287,0.006345166010736928,0.010380281322008321,0.010073395938893986,0.01888820714565403,0.013316594829622637,0.0008536778334618569,1.7120187924623873e-05,0.0,0.0,0.0,0.007122404937323114,0.006356155181960793
03_004,"Cowpea, dry, raw",0.013555504367522689,0.02114573101740786,0.004174640896464879,0.06922801053154219,0.11577893401998353,0.03576366296960814,0.0891272430751749,0.06349291985727118,0.08105284292387936,0.054719098754449386,0.003130152056026809,1.7120187924623873e-05,0.0,0.0013977991366845189,0.0,0.06321134381874263,0.05643025576179825
03_007,"Cowpea, not soaked, boiled* (without salt), drained",0.004298086750677926,0.005638861604642096,0.001550580904401241,0.025823146785575263,0.021501802032282656,0.01153666547406714,0.028277318084091636,0.02136780956735088,0.022723743462587608,0.020580192009416805,0.0008536778334618569,1.7120187924623873e-05,0.0,0.0,0.0,0.021367214811969338,0.021083831823089455
03_089,"Cowpea, not soaked, boiled* (without salt), with cooking liquid",0.0031409095485723302,0.0047930323639457815,0.0009542036334776867,0.015384002340342708,0.01571285533128348,0.008075665831846999,0.02004468117353331,0.014346957852364162,0.01830925826762632,0.012348115205650082,0.0007113981945515474,0.0,0.0,0.0,0.0,0.014244809874646228,0.01286733853909136
03_090,"Cowpea, soaked, boiled in different water* (without salt), drained",0.004298086750677926,0.005638861604642096,0.001550580904401241,0.025823146785575263,0.021501802032282656,0.01153666547406714,0.028277318084091636,0.02136780956735088,0.022723743462587608,0.020580192009416805,0.0008536778334618569,1.7120187924623873e-05,0.0,0.0,0.0,0.021367214811969338,0.021083831823089455
03_091,"Cowpea, soaked, boiled in different water* (without salt), with cooking liquid",0.0031409095485723302,0.0047930323639457815,0.0009542036334776867,0.015384002340342708,0.01571285533128348,0.008075665831846999,0.02004468117353331,0.014346957852364162,0.01830925826762632,0.012348115205650082,0.0007113981945515474,0.0,0.0,0.0,0.0,0.014244809874646228,0.01286733853909136
03_005,"Cowpea, black, dry, raw",0.013224882309778233,0.016916584813926286,0.004413191804834301,0.11538001755257032,0.11302229273379345,0.03345632987479471,0.07230402851881658,0.061356138900536095,0.09986868145977992,0.04963458072859347,0.003130152056026809,3.4240375849247745e-05,0.0,0.0013977991366845189,0.0,0.0690873278920342,0.030695578683615533
03_026,"Cowpea, black, not soaked, boiled* (without salt), drained",0.00396746469293347,0.004511089283713677,0.001669856358585952,0.04340486374596693,0.021226137903663646,0.009806165652957069,0.02290820705546664,0.02090992793376479,0.028006651974590457,0.019853832291437386,0.0008536778334618569,1.7120187924623873e-05,0.0,0.0,0.0,0.023147816046300118,0.010696944086714505
03_092,"Cowpea, black, not soaked, boiled* (without salt), with cooking liquid",0.0028102874908278743,0.003947203123249468,0.0010138413605700423,0.025823146785575263,0.015437191202664471,0.006921999284440284,0.01646527382111665,0.014041703429973434,0.02257900624308068,0.011863875393663806,0.0007113981945515474,0.0,0.0,0.0,0.0,0.015491230738677772,0.0065111833571305676
03_093,"Cowpea, black, soaked, boiled in different water* (without salt), drained",0.00396746469293347,0.004511089283713677,0.001669856358585952,0.04340486374596693,0.021226137903663646,0.009806165652957069,0.02290820705546664,0.02090992793376479,0.028006651974590457,0.019853832291437386,0.0008536778334618569,1.7120187924623873e-05,0.0,0.0,0.0,0.023147816046300118,0.010696944086714505
03_094,"Cowpea, black, soaked, boiled in different water* (without salt), with cooking liquid",0.0028102874908278743,0.003947203123249468,0.0010138413605700423,0.025823146785575263,0.015437191202664471,0.006921999284440284,0.01646527382111665,0.014041703429973434,0.02257900624308068,0.011863875393663806,0.0007113981945515474,0.0,0.0,0.0,0.0,0.015491230738677772,0.0065111833571305676
03_027,"Cowpea, brown, dry, raw",0.012894260252033777,0.023683218739496803,0.005427033165404343,0.07032686784156668,0.11577893401998353,0.039224662611828276,0.11096162792491654,0.06868224503791354,0.07888178463127545,0.05714029781438078,0.0032724316949371184,1.7120187924623873e-05,0.0,0.0,0.0,0.07051180887949882,0.053174664083232966
03_028,"Cowpea, brown, not soaked, boiled* (without salt), drained",0.004132775721805698,0.006202747765106305,0.0020276827211400845,0.0263725754405875,0.021501802032282656,0.012690332021473856,0.03543613278892496,0.02319933610169524,0.022144794584559896,0.02154867163338936,0.0009959574723721663,0.0,0.0,0.0,0.0,0.023681996416599353,0.019843606421731254
03_095,"Cowpea, brown, not soaked, boiled* (without salt), with cooking liquid",0.0029755985197001023,0.005356918524409991,0.0012523922689394638,0.01593343099535495,0.01571285533128348,0.008652499105550356,0.025055851466916638,0.015567975541927069,0.017802677999352073,0.01283235501763636,0.0007113981945515474,0.0,0.0,0.0,0.0,0.016025411108977004,0.01209219766324248
03_096,"Cowpea, brown, soaked, boiled in different water* (without salt), drained",0.004132775721805698,0.006202747765106305,0.0020276827211400845,0.0263725754405875,0.021501802032282656,0.012690332021473856,0.03543613278892496,0.02319933610169524,0.022144794584559896,0.02154867163338936,0.0009959574723721663,0.0,0.0,0.0,0.0,0.023681996416599353,0.019843606421731254
03_097,"Cowpea, brown, soaked, boiled in different water* (without salt), with cooking liquid",0.0029755985197001023,0.005356918524409991,0.0012523922689394638,0.01593343099535495,0.01571285533128348,0.008652499105550356,0.025055851466916638,0.015567975541927069,0.017802677999352073,0.01283235501763636,0.0007113981945515474,0.0,0.0,0.0,0.0,0.016025411108977004,0.01209219766324248
03_006,"Cowpea, white, dry, raw",0.012398327165417092,0.027066535702282058,0.0050692068028502105,0.0582394374312974,0.11577893401998353,0.03864782933812492,0.07803108028268324,0.06318766543488046,0.0796054707288101,0.05568757837842194,0.0034147113338474275,1.7120187924623873e-05,0.0,0.0,0.0,0.06712866653427034,0.06154618554240085
03_029,"Cowpea, white, not soaked, boiled* (without salt), drained",0.00396746469293347,0.00704857700580262,0.0019084072669553734,0.021977146200489586,0.021501802032282656,0.012113498747770499,0.02469791073167497,0.021215182356155517,0.022434269023573754,0.020822311915409942,0.0009959574723721663,0.0,0.0,0.0,0.0,0.022613635676000884,0.022944169925126764
03_098,"Cowpea, white, not soaked, boiled* (without salt), with cooking liquid",0.0028102874908278743,0.006202747765106305,0.001133116814754753,0.01318628772029375,0.01571285533128348,0.008652499105550356,0.017539096026841648,0.014346957852364162,0.01809215243836593,0.01259023511164322,0.0007113981945515474,0.0,0.0,0.0,0.0,0.015135110491811616,0.013952535765279788
03_099,"Cowpea, white, soaked, boiled in different water* (without salt), drained",0.00396746469293347,0.00704857700580262,0.0019084072669553734,0.021977146200489586,0.021501802032282656,0.012113498747770499,0.02469791073167497,0.021215182356155517,0.022434269023573754,0.020822311915409942,0.0009959574723721663,0.0,0.0,0.0,0.0,0.022613635676000884,0.022944169925126764
03_100,"Cowpea, white, soaked, boiled in different water* (without salt), with cooking liquid",0.0028102874908278743,0.006202747765106305,0.001133116814754753,0.01318628772029375,0.01571285533128348,0.008652499105550356,0.017539096026841648,0.014346957852364162,0.01809215243836593,0.01259023511164322,0.0007113981945515474,0.0,0.0,0.0,0.0,0.015135110491811616,0.013952535765279788
03_045,"Cowpea, dehulled, raw",0.01967201243579512,0.027348478782514164,0.004353554077741946,0.0719751538066034,0.11853557530617362,0.02249649767443092,0.05548081396245827,0.06349291985727118,0.09190813438689892,0.05592969828441508,0.0014227963891030948,1.7120187924623873e-05,0.0,0.0,0.0,0.04433697073483638,0.058135565688665784
03_101,"Cowpea, dehulled, not soaked, boiled* (without salt), drained",0.0062818190971446605,0.00704857700580262,0.001669856358585952,0.026922004095599743,0.022053130289520672,0.007498832558143641,0.017539096026841648,0.02136780956735088,0.025763225072233085,0.020822311915409942,0.00042683891673092844,1.7120187924623873e-05,0.0,0.0,0.0,0.014957050368378537,0.021858972698938335
03_102,"Cowpea, dehulled, not soaked, boiled* (without salt), with cooking liquid",0.004463397779550154,0.006202747765106305,0.0010138413605700423,0.01648285965036719,0.015988519459902487,0.005191499463330213,0.012527925733458319,0.014346957852364162,0.020769790999244087,0.01259023511164322,0.000284559277820619,0.0,0.0,0.0,0.0,0.00997136691225236,0.013177394889430911
03_103,"Cowpea, dehulled, soaked, boiled in different water* (without salt), drained",0.0062818190971446605,0.00704857700580262,0.001669856358585952,0.026922004095599743,0.022053130289520672,0.007498832558143641,0.017539096026841648,0.02136780956735088,0.025763225072233085,0.020822311915409942,0.00042683891673092844,1.7120187924623873e-05,0.0,0.0,0.0,0.014957050368378537,0.021858972698938335
03_104,"Cowpea, dehulled, soaked, boiled in different water* (without salt), with cooking liquid",0.004463397779550154,0.006202747765106305,0.0010138413605700423,0.01648285965036719,0.015988519459902487,0.005191499463330213,0.012527925733458319,0.014346957852364162,0.020769790999244087,0.01259023511164322,0.000284559277820619,0.0,0.0,0.0,0.0,0.00997136691225236,0.013177394889430911
03_143,"Cowpeas and rice, boiled (Burkina Faso)*",0.004298086750677926,0.006202747765106305,0.0013716677231241747,0.01758171696039167,0.016539847717140507,0.012113498747770499,0.02290820705546664,0.0187731469770297,0.02011847351146291,0.01501143417157461,0.023618420059111373,0.0,0.0,0.0,0.0,0.01798407246674086,0.029920437807766657
03_146,"Faro with eggs, cowpea, potash and vegetables (Burkina Faso)*",0.010579905847822585,0.00704857700580262,0.013776314958334103,0.022526574855501823,0.023707115061234723,0.018458664758507427,0.030067021760299965,0.023962472157672058,0.028947443901385487,0.02106443182140308,0.03585446900539799,0.0007704084566080743,0.0005252787526096116,0.008386794820107114,0.00454344194186974,0.02296975592286704,0.015657845692147315
03_147,Haricot bambara (Burkina Faso)*: fried paste of cowpea and okra powder with egg and onion,0.013224882309778233,0.009586064727891563,0.019680449940477285,0.024724289475550783,0.030323054148090927,0.02480383076924435,0.022192325584983307,0.028388661282337597,0.03162508246226364,0.024454110505307023,0.08764425756875065,0.00044512488604022066,0.0008651650042981839,0.0,0.006057922589159654,0.020298854071370873,0.01798326831969395
03_152,Gonré-1 (Burkina Faso)*: steamed paste of dehulled cowpea and potash,0.010579905847822585,0.012123552449980505,0.0019084072669553734,0.03131743333569766,0.030323054148090927,0.017304998211100712,0.025413792202158305,0.027930779648751507,0.040960633120460464,0.024454110505307023,0.016219878835775282,1.7120187924623873e-05,0.0,0.0,0.0,0.019408553454205484,0.025579648903012946
03_153,Gonré-2 (Burkina Faso)*: steamed paste of non-dehulled cowpea and potash,0.014051437454139372,0.009586064727891563,0.001669856358585952,0.021427717545477346,0.024258443318472742,0.03634049624331149,0.0297090810250583,0.021215182356155517,0.03148034524275672,0.018643232761471694,0.04410668806219594,0.00037664413434172517,0.0,0.0055911965467380755,0.0,0.02225751542913473,0.018758409195542825
03_057,"Ground bean, dry, raw",0.009918661732333675,0.01466104017206945,0.006083048163420253,0.09834772924719089,0.13231878173712405,0.0576833273703357,0.06657697675494993,0.056014186508698376,0.019105312974914423,0.05762453762636705,0.0012805167501927855,1.7120187924623873e-05,0.0,0.0027955982733690377,0.0,0.01994273382450472,0.03922212831795319
03_113,"Ground bean, not soaked, boiled* (without salt), drained",0.0033062205774445582,0.003947203123249468,0.0023258713566018615,0.037910577195844536,0.025361099832948774,0.01903549803221078,0.021834384849741643,0.019383655821811153,0.005500014341263243,0.022032911445375634,0.00042683891673092844,0.0,0.0,0.0,0.0,0.006944344813890036,0.01488270481629844
03_114,"Ground bean, not soaked, boiled* (without salt), with cooking liquid",0.0024796654330834188,0.0036652600430173623,0.0014909431773088855,0.023625432165526303,0.01929648900333059,0.013843998568880567,0.016107333085874982,0.013583821796387344,0.004631591024221678,0.014042954547602054,0.000284559277820619,0.0,0.0,0.0,0.0,0.004807623332693102,0.009611746860526077
03_115,"Ground bean, soaked, boiled in different water* (without salt), drained",0.0033062205774445582,0.003947203123249468,0.0023258713566018615,0.037910577195844536,0.025361099832948774,0.01903549803221078,0.021834384849741643,0.019383655821811153,0.005500014341263243,0.022032911445375634,0.00042683891673092844,0.0,0.0,0.0,0.0,0.006944344813890036,0.01488270481629844
03_116,"Ground bean, soaked, boiled in different water* (without salt), with cooking liquid",0.0024796654330834188,0.0036652600430173623,0.0014909431773088855,0.023625432165526303,0.01929648900333059,0.013843998568880567,0.016107333085874982,0.013583821796387344,0.004631591024221678,0.014042954547602054,0.000284559277820619,0.0,0.0,0.0,0.0,0.004807623332693102,0.009611746860526077
03_052,"Jack bean, whole, dry, raw",0.01967201243579512,0.019736015616247334,0.0048306558944807895,0.08571087018190938,0.13231878173712405,0.025380664042947712,0.04510053264044995,0.04655129941458584,0.06433569407082924,0.05835089734434647,0.0008536778334618569,1.7120187924623873e-05,0.0,0.0027955982733690377,0.0,0.04309054987080484,0.04154755094549981
03_109,"Jack bean, not soaked, boiled* (without salt), drained",0.0064471301260168885,0.005356918524409991,0.001848769539863018,0.03296571930073438,0.025361099832948774,0.008075665831846999,0.014675570144908317,0.01602585717551316,0.018453995487133248,0.022275031351368775,0.000284559277820619,0.0,0.0,0.0,0.0,0.014957050368378537,0.01596790204248687
03_110,"Jack bean, not soaked, boiled* (without salt), with cooking liquid",0.00479401983729461,0.0047930323639457815,0.0011927545418471085,0.020878288890465106,0.01929648900333059,0.006345166010736928,0.010738222057249988,0.011294413628456894,0.015559251096994698,0.014042954547602054,0.000284559277820619,0.0,0.0,0.0,0.0,0.010505547282551592,0.010076831386035403
03_111,"Jack bean, soaked, boiled in different water* (without salt), drained",0.0064471301260168885,0.005356918524409991,0.001848769539863018,0.03296571930073438,0.025361099832948774,0.008075665831846999,0.014675570144908317,0.01602585717551316,0.018453995487133248,0.022275031351368775,0.000284559277820619,0.0,0.0,0.0,0.0,0.014957050368378537,0.01596790204248687
03_112,"Jack bean, soaked, boiled in different water* (without salt), with cooking liquid",0.00479401983729461,0.0047930323639457815,0.0011927545418471085,0.020878288890465106,0.01929648900333059,0.006345166010736928,0.010738222057249988,0.011294413628456894,0.015559251096994698,0.014042954547602054,0.000284559277820619,0.0,0.0,0.0,0.0,0.010505547282551592,0.010076831386035403
03_030,"Lentil, dry, raw",0.012233016136544865,0.025656820301121538,0.0045921049861113675,0.09340287135208074,0.04134961929285126,0.03864782933812492,0.04223700675851662,0.05982986678858246,0.05000670933964343,0.05714029781438078,0.007113981945515474,3.4240375849247745e-05,0.0,0.009784593956791633,0.0,0.06926538801546728,0.0454232553247442
03_031,"Lentil, not soaked, boiled* (without salt), drained",0.00396746469293347,0.0067666339255705145,0.001729494085678307,0.03516343392078334,0.007718595601332236,0.012113498747770499,0.013601747939183319,0.020299419088983334,0.014184247511678889,0.02154867163338936,0.0019919149447443327,1.7120187924623873e-05,0.0,0.0027955982733690377,0.0,0.023503936293166276,0.017208127443845072
03_086,"Lentil, not soaked, boiled* (without salt), with cooking liquid",0.0028102874908278743,0.006202747765106305,0.0010734790876623975,0.021977146200489586,0.005788946700999177,0.009229332379253713,0.010022340586766655,0.014041703429973434,0.011796083389814586,0.013558714735615776,0.0017073556669237138,0.0,0.0,0.0013977991366845189,0.0,0.016203471232410085,0.010696944086714505
03_087,"Lentil, soaked, boiled in different water* (without salt), drained",0.00396746469293347,0.0067666339255705145,0.001729494085678307,0.03516343392078334,0.007718595601332236,0.012113498747770499,0.013601747939183319,0.020299419088983334,0.014184247511678889,0.02154867163338936,0.0019919149447443327,1.7120187924623873e-05,0.0,0.0027955982733690377,0.0,0.023503936293166276,0.017208127443845072
03_088,"Lentil, soaked, boiled in different water* (without salt), with cooking liquid",0.0028102874908278743,0.006202747765106305,0.0010734790876623975,0.021977146200489586,0.005788946700999177,0.009229332379253713,0.010022340586766655,0.014041703429973434,0.011796083389814586,0.013558714735615776,0.0017073556669237138,0.0,0.0,0.0013977991366845189,0.0,0.016203471232410085,0.010696944086714505
03_032,"Pigeon pea, dry, raw",0.020002634493539576,0.031295681905763637,0.006083048163420253,0.11538001755257032,0.09372580373046287,0.025957497316651066,0.06836668043115826,0.04914596200490702,0.12013189219074977,0.05036094044657288,0.00042683891673092844,0.00013696150339699098,0.0,0.0013977991366845189,0.0,0.04433697073483638,0.03193580408497374
03_033,"Pigeon pea, not soaked, boiled* (without salt), drained",0.0074389962992502555,0.009586064727891563,0.002683697719155994,0.0499980076061138,0.020399145517806624,0.009806165652957069,0.025413792202158305,0.01923102861061579,0.03922378648637734,0.021790791539382497,0.0001422796389103095,6.848075169849549e-05,0.0,0.0,0.0,0.017449892096441627,0.013952535765279791
03_121,"Pigeon pea, not soaked, boiled* (without salt), with cooking liquid",0.0062818190971446605,0.009868007808123667,0.0019084072669553734,0.03626229123080781,0.01764250423161654,0.008075665831846999,0.021476444114499976,0.015415348330731707,0.03763167707180113,0.015737793889554028,0.0001422796389103095,5.136056377387162e-05,0.0,0.0,0.0,0.013888689627780072,0.009921803210865627
03_122,"Pigeon pea, soaked, boiled in different water* (without salt), drained",0.0074389962992502555,0.009586064727891563,0.002683697719155994,0.0499980076061138,0.020399145517806624,0.009806165652957069,0.025413792202158305,0.01923102861061579,0.03922378648637734,0.021790791539382497,0.0001422796389103095,6.848075169849549e-05,0.0,0.0,0.0,0.017449892096441627,0.013952535765279791
03_123,"Pigeon pea, soaked, boiled in different water* (without salt), with cooking liquid",0.0062818190971446605,0.009868007808123667,0.0019084072669553734,0.03626229123080781,0.01764250423161654,0.008075665831846999,0.021476444114499976,0.015415348330731707,0.03763167707180113,0.015737793889554028,0.0001422796389103095,5.136056377387162e-05,0.0,0.0,0.0,0.013888689627780072,0.009921803210865627
03_055,"Pigeon pea, brown, dry, raw",0.01801890214707284,0.030731795745299426,0.005844497255050831,0.11483058889755807,0.09372580373046287,0.02653433059035442,0.06693491749019159,0.0500617252720792,0.1302634975562347,0.04987670063458661,0.000284559277820619,0.00013696150339699098,0.0,0.0013977991366845189,0.0,0.042734429623938676,0.03240088861048306
03_132,"Pigeon pea, brown, not soaked, boiled* (without salt), drained",0.0066124411548891164,0.00930412164765946,0.002564422264971283,0.0499980076061138,0.020399145517806624,0.009806165652957069,0.02469791073167497,0.01953628303300652,0.042552742535036665,0.021790791539382497,0.0001422796389103095,6.848075169849549e-05,0.0,0.0,0.0,0.016737651602709316,0.014107563940449562
03_133,"Pigeon pea, brown, not soaked, boiled* (without salt), with cooking liquid",0.005620574981655749,0.009586064727891563,0.001848769539863018,0.035712862575795576,0.01764250423161654,0.008652499105550356,0.020760562644016642,0.015567975541927069,0.04074352729120007,0.015737793889554028,0.0001422796389103095,5.136056377387162e-05,0.0,0.0,0.0,0.013354509257480838,0.010231859561205177
03_134,"Pigeon pea, brown, soaked, boiled in different water* (without salt), drained",0.0066124411548891164,0.00930412164765946,0.002564422264971283,0.0499980076061138,0.020399145517806624,0.009806165652957069,0.02469791073167497,0.01953628303300652,0.042552742535036665,0.021790791539382497,0.0001422796389103095,6.848075169849549e-05,0.0,0.0,0.0,0.016737651602709316,0.014107563940449562
03_135,"Pigeon pea, brown, soaked, boiled in different water* (without salt), with cooking liquid",0.005620574981655749,0.009586064727891563,0.001848769539863018,0.035712862575795576,0.01764250423161654,0.008652499105550356,0.020760562644016642,0.015567975541927069,0.04074352729120007,0.015737793889554028,0.0001422796389103095,5.136056377387162e-05,0.0,0.0,0.0,0.013354509257480838,0.010231859561205177
03_054,"Pigeon pea, cream, dry, raw",0.022316988897750765,0.027912364942978374,0.005963772709235542,0.11043515965746017,0.09096916244427278,0.02711116386405778,0.0604919842558416,0.051435370172837475,0.12302663658088832,0.04455006270273755,0.000284559277820619,0.00013696150339699098,0.0,0.0013977991366845189,0.0,0.051637435795592566,0.03503636758836925
03_128,"Pigeon pea, cream, not soaked, boiled* (without salt), drained",0.008265551443611395,0.008458292406963143,0.002564422264971283,0.04834972164107709,0.019847817260568605,0.010382998926660426,0.022550266320224974,0.02014679187778797,0.040164578413172364,0.01936959247945111,0.0001422796389103095,6.848075169849549e-05,0.0,0.0,0.0,0.020120793947937792,0.015192761166637992
03_129,"Pigeon pea, cream, not soaked, boiled* (without salt), with cooking liquid",0.006943063212633572,0.008740235487195248,0.001848769539863018,0.034614005265771096,0.017091175974378522,0.008652499105550356,0.018970858967808313,0.01602585717551316,0.038500100388842697,0.014042954547602054,0.0001422796389103095,5.136056377387162e-05,0.0,0.0,0.0,0.016203471232410085,0.010851972261884281
03_130,"Pigeon pea, cream, soaked, boiled in different water* (without salt), drained",0.008265551443611395,0.008458292406963143,0.002564422264971283,0.04834972164107709,0.019847817260568605,0.010382998926660426,0.022550266320224974,0.02014679187778797,0.040164578413172364,0.01936959247945111,0.0001422796389103095,6.848075169849549e-05,0.0,0.0,0.0,0.020120793947937792,0.015192761166637992
03_131,"Pigeon pea, cream, soaked, boiled in different water* (without salt), with cooking liquid",0.006943063212633572,0.008740235487195248,0.001848769539863018,0.034614005265771096,0.017091175974378522,0.008652499105550356,0.018970858967808313,0.01602585717551316,0.038500100388842697,0.014042954547602054,0.0001422796389103095,5.136056377387162e-05,0.0,0.0,0.0,0.016203471232410085,0.010851972261884281
03_053,"Pigeon pea, white, dry, raw",0.0059511970394002045,0.030731795745299426,0.010854066330808687,0.11318230293252136,0.09096916244427278,0.025380664042947712,0.06693491749019159,0.04823019873773484,0.11796083389814586,0.040191904394861054,0.00042683891673092844,0.00013696150339699098,0.0,0.0013977991366845189,0.0,0.01798407246674086,0.03379614218701104
03_124,"Pigeon pea, white, not soaked, boiled* (without salt), drained",0.002149043375338963,0.00930412164765946,0.0047113804402960785,0.04889915029608933,0.020123481389187615,0.009229332379253713,0.02469791073167497,0.0187731469770297,0.038500100388842697,0.017432633231505998,0.0001422796389103095,6.848075169849549e-05,0.0,0.0,0.0,0.006944344813890036,0.014727676641128663
03_125,"Pigeon pea, white, not soaked, boiled* (without salt), with cooking liquid",0.0018184213175945069,0.009586064727891563,0.0033993504442642584,0.03516343392078334,0.01736684010299753,0.008075665831846999,0.02111850337925831,0.015110093908340979,0.036907990974266495,0.01259023511164322,0.0001422796389103095,5.136056377387162e-05,0.0,0.0,0.0,0.005519863826425412,0.010541915911544728
03_126,"Pigeon pea, white, soaked, boiled in different water* (without salt), drained",0.002149043375338963,0.00930412164765946,0.0047113804402960785,0.04889915029608933,0.020123481389187615,0.009229332379253713,0.02469791073167497,0.0187731469770297,0.038500100388842697,0.017432633231505998,0.0001422796389103095,6.848075169849549e-05,0.0,0.0,0.0,0.006944344813890036,0.014727676641128663
03_127,"Pigeon pea, white, soaked, boiled in different water* (without salt), with cooking liquid",0.0018184213175945069,0.009586064727891563,0.0033993504442642584,0.03516343392078334,0.01736684010299753,0.008075665831846999,0.02111850337925831,0.015110093908340979,0.036907990974266495,0.01259023511164322,0.0001422796389103095,5.136056377387162e-05,0.0,0.0,0.0,0.005519863826425412,0.010541915911544728
03_142,"Porridge of cowpeas, yam and potash (Burkina Faso)*",0.010910527905567041,0.008176349326731037,0.001550580904401241,0.023625432165526303,0.0195721531319496,0.03980149588553163,0.025771732937399972,0.018925774188225063,0.031552713852510184,0.015737793889554028,0.056058177730661934,1.7120187924623873e-05,0.0,0.0055911965467380755,0.0,0.02047691419480395,0.02480450802716407
03_145,Soumma (Burkina Faso)*: bambara groundnuts boiled with potash,0.0064471301260168885,0.011559666289516296,0.005784859527958475,0.0791177263217625,0.008269923858570253,0.01557449838999064,0.03400436984795829,0.0204520463001787,0.042552742535036665,0.023485630881334468,0.03400483369956397,0.0,0.0,0.0,0.0,0.021723335058835495,0.00434078890475371
03_051,"Sweet dattock, whole, raw",0.04959330866166837,0.032987340387156255,0.056775116191922353,0.10768801638239897,0.07442931472713227,0.04326249552775178,0.07373579145978325,0.023504590524085968,0.10565817024005703,0.02566471003527272,0.017073556669237138,0.0,0.0,0.0,0.0,0.06481388492964034,0.022169029049277877
03_105,"Sweet dattock, not soaked, boiled* (without salt), drained",0.016200480829478333,0.008740235487195248,0.021767770388709726,0.04120714912591797,0.014334534688188438,0.014420831842583925,0.02398202926119164,0.008089242193354261,0.030467184706208225,0.009926916145718693,0.004979787361860832,0.0,0.0,0.0,0.0,0.022435575552567807,0.008526549634337648
03_106,"Sweet dattock, not soaked, boiled* (without salt), with cooking liquid",0.012067705107672636,0.007894406246498935,0.013776314958334103,0.025823146785575263,0.010750901016141328,0.010382998926660426,0.017897036762083315,0.005647206814228447,0.02569085646247962,0.00629511755582161,0.004126109528398975,0.0,0.0,0.0,0.0,0.01566929086211085,0.005425986130942138
03_107,"Sweet dattock, soaked, boiled in different water* (without salt), drained",0.016200480829478333,0.008740235487195248,0.021767770388709726,0.04120714912591797,0.014334534688188438,0.014420831842583925,0.02398202926119164,0.008089242193354261,0.030467184706208225,0.009926916145718693,0.004979787361860832,0.0,0.0,0.0,0.0,0.022435575552567807,0.008526549634337648
03_108,"Sweet dattock, soaked, boiled in different water* (without salt), with cooking liquid",0.012067705107672636,0.007894406246498935,0.013776314958334103,0.025823146785575263,0.010750901016141328,0.010382998926660426,0.017897036762083315,0.005647206814228447,0.02569085646247962,0.00629511755582161,0.004126109528398975,0.0,0.0,0.0,0.0,0.01566929086211085,0.005425986130942138
04_023,"Amaranth, leaves, fresh, raw",0.06083445862497987,0.008176349326731037,0.0012523922689394638,0.020878288890465106,0.02095047377504464,0.041531995706641706,0.057270517638666606,0.010531277572480076,0.03944089231563772,0.009926916145718693,0.0009959574723721663,0.003852042283040371,0.0,0.09365254215786277,0.0,0.011751968146583138,-0.0012402254013582031
04_086,"Amaranth, leaves, fresh, boiled* (as part of a recipe)",0.0646366122890411,0.008740235487195248,0.0013120299960318192,0.022526574855501823,0.01571285533128348,0.04441616207515849,0.06120786572632493,0.011294413628456894,0.041973793657008956,0.010653275863698112,0.0009959574723721663,0.003697960591718756,0.0,0.060105362877434315,0.0,0.012464208640315447,-0.0013952535765279779
04_024,"Amaranth, leaves, fresh, boiled* (without salt), drained",0.05901603730738536,0.007894406246498935,0.0012523922689394638,0.021427717545477346,0.010750901016141328,0.03172583005368464,0.035078192053683295,0.00976814151650326,0.02011847351146291,0.010169036051711832,0.0007113981945515474,0.0035438789003971417,0.0,0.03774057669048201,0.0,0.00908106629508697,-0.0012402254013582031
04_001,"Baobab, leaves, fresh, raw",0.05174235203700733,0.005074975444177886,0.0010138413605700423,0.059338294741321886,0.026739420476043815,0.020189164579617495,0.018612918232566646,0.01297331295160589,0.027210597267302357,0.009442676333732416,0.0059757448342329985,0.0036466000279448845,0.0,0.0656965594241724,0.0,0.016025411108977004,-0.008371521459167874
04_087,"Baobab, leaves, fresh, boiled* (as part of a recipe)",0.05504857261445189,0.005356918524409991,0.0010734790876623975,0.06318429532640756,0.019847817260568605,0.02134283112702421,0.019686740438291644,0.013736449007582708,0.028947443901385487,0.010169036051711832,0.006260304112053618,0.00349251833662327,0.0,0.041933974100535565,0.0,0.016915711726142393,-0.008991634159846974
04_025,"Baobab, leaves, fresh, boiled* (without salt), drained",0.050254552777157284,0.005074975444177886,0.0010734790876623975,0.06043715205134636,0.013507542302331412,0.014997665116287282,0.01145410352773332,0.011904922473238346,0.013894773072665033,0.009684796239725554,0.004552948445129904,0.0033555568332262788,0.0,0.02655818359700586,0.0,0.012286148516882369,-0.008526549634337648
04_003,"Bean, green, raw",0.006777752183761344,0.0031013738825531527,0.0007752904522006205,0.024174860820538546,0.009923908630284303,0.006921999284440284,0.01539145161539165,0.011447040839652256,0.01809215243836593,0.004842398119862777,0.000284559277820619,0.0003252835705678536,0.0,0.015375790503529708,0.0,0.003561202468661557,0.0012402254013582031
04_088,"Bean, green, boiled* (as part of a recipe)",0.0072736852703780275,0.0033833169627852573,0.000834928179292976,0.025823146785575263,0.007442931472713227,0.007498832558143641,0.01646527382111665,0.012362804106824438,0.01946715602368174,0.005084518025855916,0.000284559277820619,0.0003081633826432297,0.0,0.01258019223016067,0.0,0.003917322715527713,0.0013952535765279779
04_026,"Bean, green, boiled* (without salt), drained",0.0071083742415057995,0.0031013738825531527,0.000834928179292976,0.0263725754405875,0.005513282572380168,0.00576833273703357,0.010022340586766655,0.011294413628456894,0.009914499536224529,0.005326637931849056,0.000284559277820619,0.0003252835705678536,0.0,0.011182393093476151,0.0,0.0028489619749292455,0.0015502817516977543
04_006,"Carrot, raw",0.0059511970394002045,0.001973601561624734,0.0005367395438311988,0.01758171696039167,0.004686290186523143,0.004614666189626857,0.005011170293383328,0.007326106137377444,0.016282937194529338,0.0021790791539382497,0.004979787361860832,0.010905559707985407,0.0,0.009784593956791633,0.0,0.004451503085826946,0.0035656480289048345
04_091,"Carrot, boiled* (as part of a recipe)",0.0062818190971446605,0.0022555446418568385,0.0005367395438311988,0.018680574270416146,0.003307969543428101,0.005191499463330213,0.005369111028624994,0.007631360559768171,0.01693425468231051,0.0024211990599313886,0.005122067000771142,0.010220752191000451,0.0,0.008386794820107114,0.0,0.004629563209260024,0.00372067620407461
04_007,"Carrot, boiled* (without salt), drained",0.0061165080682724325,0.001973601561624734,0.0005963772709235542,0.018680574270416146,0.0024809771575710756,0.3760952944545888,0.0032214666171749965,0.007020851714986717,0.007815809853374081,0.0024211990599313886,0.0028455927782061897,0.010443314634020562,0.0,0.004193397410053557,0.0,0.003561202468661557,0.003875704379244386
04_008,"Cassava, leaves, fresh, raw",0.04926268660392392,0.004511089283713677,0.003101161808802482,0.04340486374596693,0.03307969543428101,0.03172583005368464,0.026129673672641636,0.022130945623327698,0.0514540815347127,0.018401112855478553,0.0008536778334618569,0.004913493934367051,0.0,0.04612737151058913,0.0,0.02296975592286704,0.001860338102037304
04_092,"Cassava, leaves, fresh, boiled* (as part of a recipe)",0.05240359615249625,0.0047930323639457815,0.003339712717171904,0.04615200702102813,0.023707115061234723,0.034033163148498066,0.0275614366136083,0.023504590524085968,0.05478303758337203,0.01936959247945111,0.0008536778334618569,0.004708051679271565,0.0,0.029353781870374896,0.0,0.024572297033764737,0.0020153662772070787
04_028,"Cassava, leaves, fresh, boiled* (without salt), drained",0.04777488734407386,0.004511089283713677,0.0031607995358948373,0.04450372105599141,0.016264183588521497,0.024226997495540997,0.015749392350633315,0.020299419088983334,0.026269805340507327,0.018643232761471694,0.000569118555641238,0.004519729612100702,0.0,0.018171388776898747,0.0,0.017627952219874704,0.0018603381020373068
04_009,"Cocoyam, leaves, fresh, raw",0.012233016136544865,0.007894406246498935,0.001968044994047729,0.024724289475550783,0.035836336720471096,0.012113498747770499,0.015033510880149982,0.007936614982158897,0.032059294120784426,0.00847419670975986,0.000284559277820619,0.005101816001537914,0.0,0.04053617496385105,0.0,0.011039727652850825,-0.0032555916785652838
04_097,"Cocoyam, leaves, fresh, boiled* (as part of a recipe)",0.013059571280906004,0.008458292406963143,0.0020873204482324396,0.025823146785575263,0.02591242809018679,0.01326716529517721,0.015749392350633315,0.008547123826940351,0.03408561519388141,0.008958436521746138,0.000284559277820619,0.004879253558517803,0.0,0.02655818359700586,0.0,0.011751968146583138,-0.0034106198537350594
04_029,"Cocoyam, leaves, fresh, boiled* (without salt), drained",0.011902394078800409,0.00761246316626683,0.001968044994047729,0.024724289475550783,0.01764250423161654,0.009229332379253713,0.008948518381041657,0.007326106137377444,0.0163553058042828,0.008716316615752999,0.000284559277820619,0.004673811303422317,0.0,0.016773589640214227,0.0,0.008368825801354658,-0.0032555916785652838
04_031,"Cowpea, leaves, dried",0.17506437957568935,0.053005299083635694,0.004532467259019012,0.1873551713591737,0.17642504231616538,0.20189164579617497,0.13601747939183317,0.05555630487511229,0.23881641218643027,0.05907725706232588,0.04126109528398975,0.005136056377387161,0.0,0.05591196546738076,0.0,0.06962150826233343,-0.022014000874108118
04_010,"Cowpea, leaves, fresh, raw",0.0426502454490348,0.00761246316626683,0.000715652725108265,0.026922004095599743,0.03307969543428101,0.028264830411464496,0.019686740438291644,0.010073395938893986,0.03437508963289527,0.010653275863698112,0.004552948445129904,0.00349251833662327,0.0,0.07967455079101758,0.0,0.00997136691225236,-0.0049609016054328135
04_098,"Cowpea, leaves, fresh, boiled* (as part of a recipe)",0.045295221910990446,0.008176349326731037,0.0007752904522006205,0.028570290060636463,0.024258443318472742,0.029995330232574564,0.020760562644016642,0.01068390478367544,0.03654614792549918,0.011137515675684388,0.004837507722950523,0.003338436645301655,0.0,0.05032076892064268,0.0,0.010683607405984669,-0.005270957955772365
04_030,"Cowpea, leaves, fresh, boiled* (without salt), drained",0.041327757218056975,0.007330520086034725,0.000715652725108265,0.02747143275061198,0.016539847717140507,0.02134283112702421,0.011812044262974986,0.00931025988291717,0.01751320356033822,0.010895395769691249,0.0034147113338474275,0.003201475141904664,0.0,0.03214938014374394,0.0,0.0076565853076223465,-0.0049609016054328135
04_032,"Cucumber, unpeeled, raw",0.002149043375338963,0.0011277723209284192,0.00023855090836942167,0.011538001755257033,0.0016539847717140506,0.003460999642220142,0.007158814704833326,0.00442618912466554,0.009697393706964139,0.001694839341951972,0.0014227963891030948,3.4240375849247745e-05,0.0,0.019569187913583266,0.0,0.0030270220983623234,-0.0018603381020373053
04_012,"Eggplant, fruit, raw",0.002314354404211191,0.006202747765106305,0.0008945659063853312,0.021977146200489586,0.007994259729951244,0.008075665831846999,0.00286352588193333,0.003968307491079449,0.021348739877271795,0.002663318965924528,0.000569118555641238,6.848075169849549e-05,0.0,0.01258019223016067,0.0,0.00498568345612618,0.0
04_102,"Eggplant, fruit, boiled* (as part of a recipe)",0.0029755985197001023,0.007894406246498935,0.001133116814754753,0.02747143275061198,0.00689160321547521,0.009806165652957069,0.003579407352416663,0.005036697969446993,0.02670401699902811,0.003389678683903944,0.0007113981945515474,6.848075169849549e-05,0.0,0.01258019223016067,0.0,0.006054044196724647,-0.0001550281751697748
04_034,"Eggplant, fruit, boiled* (without salt), drained",0.002314354404211191,0.006202747765106305,0.0010138413605700423,0.023625432165526303,0.004410626057904135,0.006345166010736928,0.0017897036762083314,0.0038156802798840856,0.011506608950800731,0.0029054388719176663,0.00042683891673092844,6.848075169849549e-05,0.0,0.008386794820107114,0.0,0.003917322715527713,0.0
04_013,"Eggplant, leaves, fresh, raw",0.054883261585579664,0.005920804684874201,0.002146958175324795,0.023076003510514066,0.01902082487471158,0.02480383076924435,0.028993199554574967,0.00671559729259599,0.032059294120784426,0.010653275863698112,0.0036992706116680467,0.00508469581361329,0.0,0.11042613179807699,0.0,0.012998389010614682,-0.0007751408758488772
04_105,"Eggplant, leaves, fresh, boiled* (as part of a recipe)",0.05835479319189645,0.006484690845338411,0.0023258713566018615,0.024174860820538546,0.014334534688188438,0.02653433059035442,0.0307829032307833,0.007020851714986717,0.03408561519388141,0.011379635581677526,0.003983829889488665,0.00486213337059318,0.0,0.06988995683422594,0.0,0.013888689627780072,-0.0007751408758488778
04_035,"Eggplant, leaves, fresh, boiled* (without salt), drained",0.05306484026798516,0.005920804684874201,0.0022065959024171506,0.023625432165526303,0.009648244501665295,0.01903549803221078,0.017897036762083315,0.006105088447814537,0.0163553058042828,0.010895395769691249,0.0028455927782061897,0.004656691115497693,0.0,0.044729572373904604,0.0,0.00997136691225236,-0.000930169051018652
04_014,"False sesame, leaves, dried",0.21672275885149078,0.06174553457083095,0.009840224970238643,0.13461002047799872,0.07718595601332236,0.0819103248658767,0.17897036762083313,0.043346127979483215,0.1302634975562347,0.04285522336078558,0.02205334403109797,0.004434128672477583,0.0,0.016773589640214227,0.0,0.07531943221219194,0.007131296057809672
04_036,"False sesame, leaves, fresh, raw",0.07306747476152474,0.007894406246498935,0.0020873204482324396,0.03021857602567318,0.02232879441813968,0.018458664758507427,0.03829965867085829,0.009615514305307896,0.04226326809602281,0.01283235501763636,0.004979787361860832,0.0049819746860655465,0.0,0.03913837582716653,0.0,0.016025411108977004,-0.0001550281751697748
04_106,"False sesame, leaves, fresh, boiled* (as part of a recipe)",0.07769618356994712,0.008458292406963143,0.0022065959024171506,0.03241629064572214,0.016539847717140507,0.019612331305914138,0.040805243817549956,0.01022602315008935,0.04494090665690097,0.013558714735615776,0.005264346639681451,0.00477653243097006,0.0,0.02516038446032134,0.0,0.01709377184957547,-0.0001550281751697762
04_037,"False sesame, leaves, fresh, boiled* (without salt), drained",0.07075312035731354,0.00761246316626683,0.002146958175324795,0.030768004680685416,0.011302229273379346,0.013843998568880567,0.023624088525949972,0.00885237824933108,0.021565845706532187,0.0130744749236295,0.0038415502505783562,0.0045710901758745735,0.0,0.015375790503529708,0.0,0.012286148516882369,-0.0001550281751697748
04_015,"Garlic, flesh, raw",0.005455263952783521,0.0042291462034815715,0.000834928179292976,0.0291197187156487,0.0008269923858570253,0.009806165652957069,0.009306459116283323,0.029762306183095867,0.03198692551103096,0.015737793889554028,0.0014227963891030948,0.0,0.0,0.01397799136684519,0.0,0.015135110491811616,0.025269592552673394
04_082,"Ginger, root, raw",0.0031409095485723302,0.0036652600430173623,0.002266233629509506,0.029669147370660943,0.003032305414809093,0.010959832200363782,0.019686740438291644,0.00671559729259599,0.029454024169659733,0.005326637931849056,0.0014227963891030948,0.00011984131547236711,0.0,0.006988995683422595,0.0,0.006944344813890036,0.005581014306111915
04_131,"Green leafy vegetable, average, fresh, raw",0.035211249149784546,0.005638861604642096,0.0017891318127706624,0.021427717545477346,0.01571285533128348,0.02249649767443092,0.027203495878366638,0.008394496615744988,0.029888235828180516,0.007989956897773582,0.003556990972757737,0.0049819746860655465,0.0,0.06988995683422594,0.0,0.011395847899716982,0.0003100563503395504
04_133,"Green leafy vegetable, average, fresh, boiled* (as part of a recipe)",0.037525603553995736,0.005920804684874201,0.0019084072669553734,0.022526574855501823,0.011577893401998354,0.024226997495540997,0.028993199554574967,0.00885237824933108,0.03176981968177057,0.008716316615752999,0.0036992706116680467,0.00477653243097006,0.0,0.044729572373904604,0.0,0.012108088393449293,0.000310056350339551
04_132,"Green leafy vegetable, average, fresh, boiled* (without salt), drained",0.03421938297655117,0.005356918524409991,0.0017891318127706624,0.021977146200489586,0.007994259729951244,0.017304998211100712,0.01646527382111665,0.007631360559768171,0.015269776657980844,0.008232076803766721,0.00270331313929588,0.0045710901758745735,0.0,0.02795598273369038,0.0,0.008724946048220814,0.000310056350339551
04_073,"Hibiscus cannabinus, leaves, fresh, raw",0.023970099186473047,0.006484690845338411,0.001968044994047729,0.02527371813056302,0.02067480964642563,0.04441616207515849,0.0297090810250583,0.006410342870205264,0.018815838535900565,0.006779357367807888,0.0017073556669237138,0.007550002874759127,0.0,0.041933974100535565,0.0,0.011573908023150059,0.0009301690510186534
04_100,"Hibiscus cannabinus, leaves, fresh, boiled* (as part of a recipe)",0.025457898446323096,0.0067666339255705145,0.0020873204482324396,0.026922004095599743,0.015437191202664471,0.046723495169971915,0.03149878470126663,0.006868224503791354,0.02004610490170945,0.007263597179794166,0.0018496353058340233,0.007224719304191274,0.0,0.02655818359700586,0.0,0.012286148516882369,0.000930169051018652
04_099,"Hibiscus cannabinus, leaves, fresh, boiled* (without salt), drained",0.023308855070984135,0.006202747765106305,0.001968044994047729,0.025823146785575263,0.01047523688752232,0.034033163148498066,0.01825497749732498,0.005952461236619173,0.009625025097210674,0.007021477273801027,0.0012805167501927855,0.0069336761094726685,0.0,0.016773589640214227,0.0,0.008903006171653892,0.000930169051018652
04_016,"Hibiscus, leaves, fresh, raw",0.035045938120912314,0.005638861604642096,0.000834928179292976,0.023076003510514066,0.02260445854675869,0.02884166368516785,0.028277318084091636,0.009920768727698622,0.015269776657980844,0.00653723746181475,0.0018496353058340233,0.003732200967568004,0.0,0.04612737151058913,0.0,0.011751968146583138,0.000465084525509326
04_117,"Hibiscus, leaves, fresh, boiled* (as part of a recipe)",0.037360292525123504,0.005920804684874201,0.000834928179292976,0.024724289475550783,0.016815511845759513,0.030572163506277922,0.030067021760299965,0.010531277572480076,0.01621056858477587,0.007021477273801027,0.0019919149447443327,0.0035609990883217653,0.0,0.029353781870374896,0.0,0.012642268763748526,0.000465084525509326
04_056,"Hibiscus, leaves, fresh, boiled* (without salt), drained",0.03405407194767895,0.005356918524409991,0.000834928179292976,0.023625432165526303,0.011577893401998354,0.021919664400727564,0.017539096026841648,0.009005005460526442,0.007743441243620618,0.006779357367807888,0.0014227963891030948,0.0034240375849247744,0.0,0.019569187913583266,0.0,0.00908106629508697,0.000465084525509326
04_075,"Jute mallow (bush-okra), leaves, dried",0.2340804168830747,0.029604023424371004,0.008110730884560338,0.19175060059927163,0.12680549916474387,0.2457309745976301,0.14353423483190816,0.05082486132805602,0.10059236755731457,0.054234858942463104,0.008963617251349497,0.016520981347262036,0.0,0.05311636719401172,0.0,0.051459375672159496,-0.022014000874108108
04_038,"Jute mallow (bush-okra), leaves, fresh, raw",0.04661771014196827,0.012969381690676822,0.0010734790876623975,0.04560257836601589,0.03307969543428101,0.041531995706641706,0.0275614366136083,0.01694162044268534,0.019756630462695594,0.010169036051711832,0.0017073556669237138,0.004708051679271565,0.0,0.1034371361146544,0.0,0.013532569380913914,-0.007906436933658547
04_107,"Jute mallow (bush-okra), leaves, fresh, boiled* (as part of a recipe)",0.04959330866166837,0.013815210931373135,0.0011927545418471085,0.04834972164107709,0.023982779189853733,0.04441616207515849,0.029351140289816634,0.018010010921052883,0.020986896828504478,0.011137515675684388,0.0017073556669237138,0.004502609424176078,0.0,0.0656965594241724,0.0,0.014422869998079305,-0.008371521459167874
04_039,"Jute mallow (bush-okra), leaves, fresh, boiled* (without salt), drained",0.04512991088211822,0.012687438610444716,0.001133116814754753,0.04615200702102813,0.016264183588521497,0.03172583005368464,0.016823214556358313,0.015567975541927069,0.010059236755731456,0.010653275863698112,0.0012805167501927855,0.004314287357005215,0.0,0.041933974100535565,0.0,0.010327487159118513,-0.008061465108828322
04_040,"Lettuce, raw",0.00479401983729461,0.0016916584813926286,0.000715652725108265,0.009889715790220313,0.014885862945426454,0.005191499463330213,0.00286352588193333,0.004731443547056266,0.016644780243296655,0.0024211990599313886,0.0017073556669237138,0.0016435380407638918,0.0,0.004193397410053557,0.0,0.004451503085826946,-0.00015502817516977542
04_076,"Maize, seeds, fresh, raw",0.004132775721805698,0.019172129455783126,0.008170368611652693,0.08845801345697059,0.021501802032282656,0.008652499105550356,0.013959688674424984,0.02136780956735088,0.01809215243836593,0.014042954547602054,0.000284559277820619,0.00010272112754774324,0.0,0.0055911965467380755,0.0,0.011039727652850825,0.011937169488072706
04_109,"Maize, seeds, fresh, boiled* (as part of a recipe)",0.004298086750677926,0.02001795869647944,0.008528194974206824,0.09230401404205626,0.017918168360235548,0.009229332379253713,0.014317629409666651,0.02228357283452306,0.018815838535900565,0.014527194359588332,0.000284559277820619,8.560093962311936e-05,0.0,0.004193397410053557,0.0,0.011573908023150059,0.012402254013582035
04_108,"Maize, seeds, fresh, boiled* (without salt), drained",0.004298086750677926,0.02001795869647944,0.008528194974206824,0.09230401404205626,0.01571285533128348,0.009229332379253713,0.014317629409666651,0.021215182356155517,0.015052670828720452,0.014527194359588332,0.000284559277820619,8.560093962311936e-05,0.0,0.004193397410053557,0.0,0.010861667529417748,0.012402254013582035
04_085,"Mint, leaves, raw",0.03388876091880672,0.010431893968587878,0.0025047845378789275,0.03241629064572214,0.02756641286190084,0.0496076615384887,0.03937348087658329,0.009920768727698622,0.039006680657116946,0.011379635581677526,0.0024187538614752614,0.006574152163055567,0.0,0.02376258532363682,0.0,0.013354509257480838,-0.005581014306111916
04_011,"Moringa (drumstick), leaves, fresh, raw",0.0983600621789756,0.005920804684874201,0.003458988171356614,0.045053149711003646,0.011026565144760336,0.05941382719144578,0.024339969996433307,0.013889076218778072,0.029309286950152804,0.020338072103423664,0.0012805167501927855,0.02807710819638315,0.0,0.30891360920727867,0.0,0.021367214811969338,-0.005736042481281689
04_101,"Moringa (drumstick), leaves, fresh, boiled* (as part of a recipe)",0.10464188127612026,0.006202747765106305,0.003697539079726036,0.04780029298606484,0.008269923858570253,0.06287482683366592,0.026129673672641636,0.015720602753122433,0.03097376497448247,0.02154867163338936,0.0014227963891030948,0.02687869504165948,0.0,0.19708967827251717,0.0,0.022791695799433964,-0.006046098831621241
04_033,"Moringa (drumstick), leaves, fresh, boiled* (without salt), drained",0.0953844636592755,0.005638861604642096,0.0035186258984489694,0.04615200702102813,0.005513282572380168,0.04556982862256521,0.015033510880149982,0.013583821796387344,0.014835564999460062,0.020580192009416805,0.0009959574723721663,0.025851483766182046,0.0,0.1258019223016067,0.0,0.016381531355843162,-0.005891070656451467
04_074,"Native eggplant, fruit, raw",0.001983732346466735,0.0036652600430173623,0.0011927545418471085,0.021977146200489586,0.009096916244427277,0.006345166010736928,0.00859057764579999,0.00442618912466554,0.017296097731077827,0.003147558777910805,0.000569118555641238,0.00018832206717086259,0.0,0.0027955982733690377,0.0,0.0040953828389607904,-0.00015502817516977542
04_104,"Native eggplant, fruit, boiled* (as part of a recipe)",0.0024796654330834188,0.004511089283713677,0.0014909431773088855,0.02747143275061198,0.007994259729951244,0.008075665831846999,0.010738222057249988,0.005494579603033083,0.02163821431628565,0.004116038401883361,0.000569118555641238,0.00020544225509548647,0.0,0.0027955982733690377,0.0,0.005163743579559257,-0.000310056350339551
04_103,"Native eggplant, fruit, boiled* (without salt), drained",0.001983732346466735,0.0036652600430173623,0.0013120299960318192,0.023625432165526303,0.004961954315142151,0.005191499463330213,0.00572705176386666,0.004273561913470176,0.009263182048443355,0.003389678683903944,0.00042683891673092844,0.00018832206717086259,0.0,0.0013977991366845189,0.0,0.0033831423452284786,-0.0001550281751697748
04_004,"Okra, leaves, fresh, raw",0.05008924174828505,0.0002819430802321048,0.001550580904401241,0.026922004095599743,0.01571285533128348,0.003460999642220142,0.02111850337925831,0.01068390478367544,0.021493477096778724,0.0060529976498284715,0.0008536778334618569,0.0011470525909497995,0.0,0.08945914474780921,0.0,0.008190765677921581,0.00031005635033954976
04_110,"Okra, leaves, fresh, boiled* (as part of a recipe)",0.05323015129685738,0.0002819430802321048,0.001669856358585952,0.028570290060636463,0.011577893401998354,0.004037832915923499,0.022192325584983307,0.011294413628456894,0.022868480682094534,0.00629511755582161,0.0008536778334618569,0.0010956920271759278,0.0,0.057309764604065276,0.0,0.008724946048220814,0.000310056350339551
04_041,"Okra, leaves, fresh, boiled* (without salt), drained",0.04843613145956278,0.0002819430802321048,0.001550580904401241,0.02747143275061198,0.007994259729951244,0.002884166368516785,0.012885866468699986,0.00976814151650326,0.01092766007277302,0.0060529976498284715,0.000569118555641238,0.0010443314634020562,0.0,0.036342777553797494,0.0,0.006232104320157724,0.000310056350339551
04_077,"Okra, fruit, dried",0.12910791354921,0.025374877220889432,0.004890293621573144,0.24889118072054453,0.1571285533128348,0.03691732951701485,0.19615152291243312,0.06639283686998308,0.18309258267626322,0.030991347967121777,0.010955532196093831,0.0004280046981155968,0.0,0.022364786186952302,0.0,0.0826198972729481,-0.036431621164897225
04_017,"Okra, fruit, fresh, raw",0.014382059511883828,0.002537487722088943,0.0006560149980159096,0.022526574855501823,0.024258443318472742,0.004614666189626857,0.0275614366136083,0.008241869404549625,0.02764480892582314,0.004116038401883361,0.0015650760280134044,0.0007361680807588265,0.0,0.03913837582716653,0.0,0.009793306788819282,0.0001550281751697762
04_111,"Okra, fruit, fresh, boiled* (as part of a recipe)",0.014382059511883828,0.002537487722088943,0.0006560149980159096,0.022526574855501823,0.017091175974378522,0.004614666189626857,0.0275614366136083,0.008241869404549625,0.02764480892582314,0.004116038401883361,0.0015650760280134044,0.000667687329060331,0.0,0.030751581007059416,0.0,0.009793306788819282,0.0001550281751697762
04_042,"Okra, fruit, fresh, boiled* (without salt), drained",0.012398327165417092,0.0022555446418568385,0.0005963772709235542,0.020328860235452866,0.011026565144760336,0.002884166368516785,0.015033510880149982,0.00671559729259599,0.012592138097102686,0.003631798589897083,0.001138237111282476,0.0005992065773618356,0.0,0.022364786186952302,0.0,0.006766284690456957,0.0001550281751697748
04_044,"Onion, dried",0.03950933590046247,0.011841609369748402,0.00286261090043306,0.058788866086309635,0.030323054148090927,0.012113498747770499,0.02290820705546664,0.043040873557092484,0.10927660072773021,0.02324351097534133,0.0029878724171164993,1.7120187924623873e-05,0.0,0.07548115338096402,0.0,0.03205082221795401,0.09363701780254434
04_018,"Onion, fresh, raw",0.004132775721805698,0.003947203123249468,0.0002981886354617771,0.009889715790220313,0.004686290186523143,0.004037832915923499,0.004295288822899995,0.00671559729259599,0.011723714780061121,0.002663318965924528,0.0014227963891030948,0.0,0.0,0.015375790503529708,0.0,0.00498568345612618,0.008216493283998098
04_112,"Onion, fresh, boiled* (as part of a recipe)",0.0049593308661668375,0.0047930323639457815,0.0003578263625541325,0.012087430410269273,0.003859297800666118,0.004614666189626857,0.005369111028624994,0.008089242193354261,0.014256616121432352,0.003389678683903944,0.0017073556669237138,0.0,0.0,0.016773589640214227,0.0,0.006232104320157724,0.010076831386035401
04_043,"Onion, fresh, boiled* (without salt), drained",0.004628708808422382,0.004511089283713677,0.0003578263625541325,0.012087430410269273,0.002756641286190084,0.36282812915941154,0.0032214666171749965,0.007326106137377444,0.006440806268058271,0.003389678683903944,0.0008536778334618569,0.0,0.0,0.008386794820107114,0.0,0.004629563209260024,0.010076831386035401
04_045,"Parsley, fresh, raw",0.035872493265273454,0.004511089283713677,0.0007752904522006205,0.0263725754405875,0.02756641286190084,0.01153666547406714,0.006084992499108327,0.007173478926182081,0.06867781065603706,0.00847419670975986,0.007540820862246403,0.0053586188204072715,0.0,0.22784125927957657,0.0,0.01887437308390625,-0.0013952535765279787
04_049,"Pepper, sweet, green, fresh, raw",0.004628708808422382,0.0047930323639457815,0.0012523922689394638,0.01318628772029375,0.006615939086856202,0.005191499463330213,0.003579407352416663,0.0035104258574933586,0.012809243926363078,0.0021790791539382497,0.0014227963891030948,0.0010443314634020562,0.0,0.19569187913583266,0.0,0.004273442962393867,0.0049609016054328135
04_114,"Pepper, sweet, green, fresh, boiled* (as part of a recipe)",0.005289952923911293,0.005638861604642096,0.00143130545021653,0.014834573685330471,0.00523761844376116,0.00576833273703357,0.003937348087658329,0.003968307491079449,0.014690827779953135,0.0024211990599313886,0.0015650760280134044,0.0010785718392513038,0.0,0.18031608863230295,0.0,0.00498568345612618,0.005736042481281691
04_050,"Pepper, sweet, green, fresh, boiled* (without salt), drained",0.0049593308661668375,0.005356918524409991,0.00143130545021653,0.014834573685330471,0.003859297800666118,0.004614666189626857,0.002505585146691664,0.003663053068688722,0.007381598194853299,0.0024211990599313886,0.0012805167501927855,0.0010785718392513038,0.0,0.14676890935187448,0.0,0.0037392625920946343,0.005736042481281691
04_047,"Pepper, sweet, red, fresh, raw",0.0036368426351890137,0.001973601561624734,0.002385509083694217,0.01373571637530599,0.006615939086856202,0.012690332021473856,0.007158814704833326,0.007631360559768171,0.012809243926363078,0.004842398119862777,0.0014227963891030948,0.0017804995441608826,0.0,0.2655818359700586,0.0,0.0021367214811969337,0.007131296057809669
04_113,"Pepper, sweet, red, fresh, boiled* (as part of a recipe)",0.004132775721805698,0.0022555446418568385,0.002683697719155994,0.01593343099535495,0.00523761844376116,0.014420831842583925,0.007874696175316657,0.00885237824933108,0.014690827779953135,0.005568757837842194,0.0015650760280134044,0.0018318601079347543,0.0,0.24461484891979082,0.0,0.00249284172806309,0.008061465108828322
04_048,"Pepper, sweet, red, fresh, boiled* (without salt), drained",0.00396746469293347,0.0022555446418568385,0.002683697719155994,0.01593343099535495,0.003859297800666118,0.010959832200363782,0.004653229558141661,0.007936614982158897,0.007381598194853299,0.005568757837842194,0.0012805167501927855,0.0018318601079347543,0.0,0.1984874774092017,0.0,0.0017806012343307785,0.008061465108828322
04_046,"Pepper, chilli, fresh, raw",0.0026449764619556463,0.006202747765106305,0.0010138413605700423,0.019230002925428386,0.004134961929285127,0.007498832558143641,0.010022340586766655,0.005952461236619173,0.02496717036494498,0.0043581583078764995,0.000284559277820619,0.0007875286445326981,0.0,0.1845094860423565,0.0,0.0053418037029923345,0.006201127006791017
04_055,"Pumpkin, leaves, dried",0.2020100772818625,0.028758194183674687,0.006679425434343808,0.09724887193716641,0.060646108296181854,0.09979215635068077,0.4001777420001829,0.15613763705285677,0.28513232242864706,0.09273192399537218,0.012378328585196925,0.0030302732626584254,0.0,0.01258019223016067,0.0,0.1260665673906191,0.0009301690510186547
04_053,"Pumpkin, leaves, fresh, raw",0.06331412405806329,0.0036652600430173623,0.000417464089646488,0.01263685906528151,0.009923908630284303,0.012690332021473856,0.05082758440431661,0.019841537455397244,0.03618430487673186,0.009926916145718693,0.0015650760280134044,0.0019174610475578737,0.0,0.015375790503529708,0.0,0.016025411108977004,0.00015502817516977542
04_116,"Pumpkin, leaves, fresh, boiled* (as part of a recipe)",0.06728158875099675,0.003947203123249468,0.00047710181673884334,0.01318628772029375,0.007442931472713227,0.01326716529517721,0.05404905102149161,0.02106255514496015,0.038500100388842697,0.010411155957704971,0.0017073556669237138,0.001848980295859378,0.0,0.009784593956791633,0.0,0.01709377184957547,0.00015502817516977542
04_054,"Pumpkin, leaves, fresh, boiled* (without salt), drained",0.059511970394002044,0.0033833169627852573,0.000417464089646488,0.012087430410269273,0.004961954315142151,0.009229332379253713,0.030067021760299965,0.01770475649866216,0.017947415218859,0.009684796239725554,0.001138237111282476,0.0017120187924623872,0.0,0.0055911965467380755,0.0,0.011930028270016215,0.0003100563503395504
04_051,"Pumpkin, squash, light orange flesh, raw",0.0031409095485723302,0.001973601561624734,0.0002981886354617771,0.01318628772029375,0.0022053130289520673,0.00576833273703357,0.005369111028624994,0.005036697969446993,0.02026321073096984,0.0024211990599313886,0.0,0.001215533342648295,0.0,0.011182393093476151,0.0,0.005163743579559257,0.005581014306111915
04_115,"Pumpkin, squash, light orange flesh, boiled* (as part of a recipe)",0.0028102874908278743,0.0016916584813926286,0.00023855090836942167,0.011538001755257033,0.001378320643095042,0.005191499463330213,0.005011170293383328,0.00442618912466554,0.017947415218859,0.0021790791539382497,0.0,0.0009587305237789369,0.0,0.008386794820107114,0.0,0.004629563209260024,0.0049609016054328135
04_052,"Pumpkin, squash, light orange flesh, boiled* (without salt), drained",0.0033062205774445582,0.001973601561624734,0.0002981886354617771,0.014285145030318231,0.0011026565144760336,0.004614666189626857,0.003579407352416663,0.00488407075825163,0.011000028682526485,0.002663318965924528,0.0,0.001181292966799047,0.0,0.008386794820107114,0.0,0.004273442962393867,0.006201127006791017
04_071,"Sicklepod, leaves, dried",0.06414067920242443,0.010149950888355772,0.002385509083694217,0.11483058889755807,0.08269923858570252,0.0928701570662405,0.04008936234706662,0.05479316881913547,0.20190842121216376,0.05181365988253171,0.023618420059111373,0.0042629267932313445,0.0,0.020966987050267782,0.0,0.03810486641467866,0.026199761603692043
04_084,"Sicklepod, leaves, fresh, raw",0.02215167786887854,0.004511089283713677,0.000417464089646488,0.03955886316088125,0.035836336720471096,0.034609996422201424,0.013959688674424984,0.018925774188225063,0.06969097119258556,0.014285074453595194,0.008109939417887641,0.0049819746860655465,0.0,0.06988995683422594,0.0,0.013176449134047759,0.010386887736374953
04_094,"Sicklepod, leaves, fresh, boiled* (as part of a recipe)",0.023474166099856364,0.0047930323639457815,0.00047710181673884334,0.04230600643594245,0.027290748733281835,0.03691732951701485,0.014675570144908317,0.02014679187778797,0.07381598194853299,0.015253554077567748,0.00867905797352888,0.00477653243097006,0.0,0.044729572373904604,0.0,0.014066749751213149,0.011007000437054056
04_093,"Sicklepod, leaves, fresh, boiled* (without salt), drained",0.021490433753389628,0.004511089283713677,0.000417464089646488,0.04010829181589349,0.018745160746092573,0.02653433059035442,0.00859057764579999,0.01739950207627143,0.035532987388950686,0.01476931426558147,0.006260304112053618,0.0045710901758745735,0.0,0.02795598273369038,0.0,0.00997136691225236,0.010696944086714505
04_072,"Spider plant, leaves, fresh, raw",0.04430335573775708,0.011841609369748402,0.002981886354617771,0.023625432165526303,0.09648244501665294,0.03980149588553163,0.0329305476422333,0.007020851714986717,0.03459219546215565,0.011621755487670665,0.00270331313929588,0.004536849800025326,0.0,0.08945914474780921,0.0,0.013354509257480838,-0.00372067620407461
04_096,"Spider plant, leaves, fresh, boiled* (as part of a recipe)",0.04711364322858495,0.012687438610444716,0.0031607995358948373,0.02527371813056302,0.07167267344094219,0.04268566225404842,0.035078192053683295,0.007478733348572807,0.03683562236451303,0.012348115205650082,0.0029878724171164993,0.004348527732854463,0.0,0.057309764604065276,0.0,0.014244809874646228,-0.004030732554414161
04_095,"Spider plant, leaves, fresh, boiled* (without salt), drained",0.042815556477907024,0.011559666289516296,0.0030415240817101264,0.024174860820538546,0.049619543151421516,0.030572163506277922,0.020402621908774978,0.006410342870205264,0.017657940779845147,0.011863875393663806,0.0021341945836546423,0.004177325853608225,0.0,0.036342777553797494,0.0,0.010327487159118513,-0.0037206762040746105
04_057,"Spinach, leaves, fresh, raw",0.016365791858350562,0.0036652600430173623,0.0010734790876623975,0.014834573685330471,0.0523761844376116,0.01557449838999064,0.028277318084091636,0.007478733348572807,0.040381684242432755,0.007021477273801027,0.01124009147391445,0.0027221098800151956,0.0,0.03913837582716653,0.0,0.009437186541953125,-0.0031005635033955086
04_118,"Spinach, leaves, fresh, boiled* (as part of a recipe)",0.019506701406922893,0.0042291462034815715,0.0013120299960318192,0.01758171696039167,0.044106260579041344,0.018458664758507427,0.033646429112716626,0.00885237824933108,0.04805275687629991,0.008232076803766721,0.013374286057569091,0.002927552135110682,0.0,0.02795598273369038,0.0,0.011217787776283903,-0.003565648028904835
04_058,"Spinach, leaves, fresh, boiled* (without salt), drained",0.016365791858350562,0.0036652600430173623,0.001133116814754753,0.015384002340342708,0.02756641286190084,0.012113498747770499,0.017897036762083315,0.007020851714986717,0.021276371267518333,0.007263597179794166,0.008821337612439188,0.0025851483766182047,0.0,0.016773589640214227,0.0,0.007478525184189269,-0.0031005635033955086
04_059,"Sweet potato, leaves, fresh, raw",0.012894260252033777,0.0011277723209284192,0.0005963772709235542,0.0291197187156487,0.022053130289520672,0.020765997853320853,0.025055851466916638,0.012820685740410528,0.041177738949720856,0.011137515675684388,0.0008536778334618569,0.00243106668529659,0.0,0.015375790503529708,0.0,0.005163743579559257,-0.0006201127006791008
04_121,"Sweet potato, leaves, fresh, boiled* (as part of a recipe)",0.013720815396394916,0.0011277723209284192,0.0006560149980159096,0.030768004680685416,0.016539847717140507,0.021919664400727564,0.026487614407883303,0.013583821796387344,0.04378300890084555,0.011863875393663806,0.0008536778334618569,0.0023283455577488466,0.0,0.009784593956791633,0.0,0.005519863826425412,-0.0006201127006791008
04_060,"Sweet potato, leaves, fresh, boiled* (without salt), drained",0.012728949223161548,0.0011277723209284192,0.0006560149980159096,0.03021857602567318,0.011577893401998354,0.016151331663693997,0.015749392350633315,0.01205754968443371,0.02142110848702526,0.011621755487670665,0.0007113981945515474,0.002294105181899599,0.0,0.006988995683422595,0.0,0.0040953828389607904,-0.0006201127006791021
04_062,"Tamarind, leaves, dried",0.037525603553995736,0.007330520086034725,0.009482398607684512,0.25658318189071594,0.11026565144760336,0.07152732593921628,0.0658610952844666,0.057845713043042736,0.07888178463127545,0.03389678683903944,0.0019919149447443327,0.00020544225509548647,0.0,0.004193397410053557,0.0,0.04807623332693102,-0.03147071955946442
04_019,"Tamarind, leaves, fresh, raw",0.008596173501355851,0.01578881249299787,0.0022065959024171506,0.058788866086309635,0.03307969543428101,0.016151331663693997,0.015033510880149982,0.013278567373996618,0.03365140353536063,0.007505717085787305,0.0018496353058340233,0.00023968263094473422,0.0,0.008386794820107114,0.0,0.017806012343307785,-0.007596380583318996
04_122,"Tamarind, leaves, fresh, boiled* (as part of a recipe)",0.009092106587972534,0.016916584813926286,0.002385509083694217,0.06263486667139533,0.023982779189853733,0.017304998211100712,0.016107333085874982,0.014041703429973434,0.03582246182796454,0.007989956897773582,0.0019919149447443327,0.00022256244302011033,0.0,0.0055911965467380755,0.0,0.01887437308390625,-0.008061465108828322
04_061,"Tamarind, leaves, fresh, boiled* (without salt), drained",0.008265551443611395,0.01522492633253366,0.002266233629509506,0.05988772339633412,0.016539847717140507,0.012690332021473856,0.009306459116283323,0.012210176895629074,0.0171513605115709,0.007747836991780444,0.0014227963891030948,0.00022256244302011033,0.0,0.0027955982733690377,0.0,0.013710629504346993,-0.007751408758488771
04_020,"Taro, leaves, fresh, raw",0.0314090954857233,0.0031013738825531527,0.002266233629509506,0.030768004680685416,0.035836336720471096,0.008652499105550356,0.02111850337925831,0.007478733348572807,0.04320406002281784,0.0060529976498284715,0.0017073556669237138,0.0025680281886935807,0.0,0.0964481404312318,0.0,0.006944344813890036,-0.004495817079923486
04_123,"Taro, leaves, fresh, boiled* (as part of a recipe)",0.03339282783219004,0.0033833169627852573,0.002445146810786572,0.03296571930073438,0.02591242809018679,0.009229332379253713,0.022550266320224974,0.007936614982158897,0.04595406719344946,0.00653723746181475,0.0018496353058340233,0.0024653070611458374,0.0,0.06150316201411883,0.0,0.007478525184189269,-0.0049609016054328135
04_063,"Taro, leaves, fresh, boiled* (without salt), drained",0.030417229312489934,0.0031013738825531527,0.0023258713566018615,0.03131743333569766,0.01764250423161654,0.006921999284440284,0.012885866468699986,0.006868224503791354,0.02200005736505297,0.00629511755582161,0.0012805167501927855,0.002362585933598094,0.0,0.03913837582716653,0.0,0.0053418037029923345,-0.004650845255093262
04_065,"Tomato, canned, packed in juice",0.004132775721805698,0.0022555446418568385,0.0005963772709235542,0.010439144445232553,0.004686290186523143,0.003460999642220142,0.003937348087658329,0.0027472898015165415,0.015197408048227381,0.0024211990599313886,0.01408568425212064,0.0004280046981155968,0.0,0.016773589640214227,0.0,0.0030270220983623234,0.00015502817516977542
04_066,"Tomato, paste, concentrated, without salt",0.005124641895039065,0.01522492633253366,0.0012523922689394638,0.022526574855501823,0.005788946700999177,0.004614666189626857,0.016823214556358313,0.01114178641726153,0.062381741607485726,0.007747836991780444,0.004410668806219594,0.0029960328868091778,0.0,0.019569187913583266,0.0,0.013176449134047759,0.014727676641128664
04_067,"Tomato, powder",0.027441630792789832,0.034960941948780994,0.0012523922689394638,0.09065572807701953,0.03307969543428101,0.02653433059035442,0.0637134508730166,0.04502502730263221,0.13967141682418496,0.031233467873114915,0.01906547161398147,0.014757601991025777,0.0,0.16354249899208873,0.0,0.03044828110705631,0.06464674904579636
04_021,"Tomato, red, ripe, raw",0.002314354404211191,0.0016916584813926286,0.00047710181673884334,0.007692001170171354,0.0063402749582371935,0.004037832915923499,0.004653229558141661,0.005036697969446993,0.017006623292063972,0.002663318965924528,0.0018496353058340233,0.0007532882686834503,0.0,0.03913837582716653,0.0,0.003917322715527713,0.0031005635033955086
04_124,"Tomato, red, ripe, boiled* (as part of a recipe)",0.0028102874908278743,0.0022555446418568385,0.0005963772709235542,0.009889715790220313,0.005513282572380168,0.005191499463330213,0.006084992499108327,0.006410342870205264,0.02178295153579258,0.003389678683903944,0.002276474222564952,0.0008731295841558175,0.0,0.04053617496385105,0.0,0.005163743579559257,0.004030732554414162
04_064,"Tomato, red, ripe, boiled* (without salt), drained",0.0028102874908278743,0.001973601561624734,0.0005963772709235542,0.009889715790220313,0.004134961929285127,0.003460999642220142,0.003579407352416663,0.00579983402542381,0.010855291463019558,0.003389678683903944,0.0017073556669237138,0.0008731295841558175,0.0,0.033547179280428455,0.0,0.0037392625920946343,0.004030732554414162
04_068,"Turnip, raw",0.006777752183761344,0.002819430802321048,0.000715652725108265,0.01373571637530599,0.006615939086856202,0.001730499821110071,0.005369111028624994,0.00534195239183772,0.018960575755407494,0.0024211990599313886,0.006260304112053618,6.848075169849549e-05,0.0,0.033547179280428455,0.0,0.003917322715527713,0.0029455353282257335
04_125,"Turnip, boiled* (as part of a recipe)",0.0074389962992502555,0.0031013738825531527,0.0007752904522006205,0.015384002340342708,0.00523761844376116,0.001730499821110071,0.00572705176386666,0.005952461236619173,0.02105926543825794,0.002663318965924528,0.006971702306605165,6.848075169849549e-05,0.0,0.030751581007059416,0.0,0.004273442962393867,0.0031005635033955086
04_069,"Turnip, boiled* (without salt), drained",0.0071083742415057995,0.002819430802321048,0.0007752904522006205,0.015384002340342708,0.0035836336720471095,0.11998132093029826,0.003579407352416663,0.00534195239183772,0.009480287877703747,0.002663318965924528,0.0038415502505783562,6.848075169849549e-05,0.0,0.015375790503529708,0.0,0.0032050822217954008,0.0031005635033955086
04_022,"Vernonia, leaves, bitter, fresh, raw",0.028102874908278744,0.02114573101740786,0.002445146810786572,0.02802086140562422,0.01571285533128348,0.012113498747770499,0.03400436984795829,0.011447040839652256,0.04298695419355745,0.012105995299656943,0.0015650760280134044,0.004143085477758977,0.0,0.04053617496385105,0.0,0.03347530320541863,0.002480450802716407
04_126,"Vernonia, leaves, bitter, fresh, boiled* (as part of a recipe)",0.02992129622587325,0.022555446418568385,0.0026240599920636385,0.029669147370660943,0.011577893401998354,0.012690332021473856,0.03615201425940829,0.012210176895629074,0.04573696136418907,0.01283235501763636,0.0017073556669237138,0.003971883598512738,0.0,0.02516038446032134,0.0,0.03561202468661557,0.002635478977886181
04_070,"Vernonia, leaves, bitter, fresh, boiled* (without salt), drained",0.027276319763917603,0.02058184485694365,0.0025047845378789275,0.028570290060636463,0.007994259729951244,0.009229332379253713,0.020760562644016642,0.010531277572480076,0.021927688755299508,0.012348115205650082,0.0012805167501927855,0.0038006817192664994,0.0,0.016773589640214227,0.0,0.025640657774363206,0.0024804508027164063
04_079,"Vernonia, leaves, sweet, fresh, raw",0.02215167786887854,0.0067666339255705145,0.0010138413605700423,0.018131145615403906,0.01929648900333059,0.007498832558143641,0.033288488377474966,0.01022602315008935,0.03683562236451303,0.0060529976498284715,0.0042683891673092845,0.0049819746860655465,0.0,0.020966987050267782,0.0,0.013888689627780072,0.008681577809507424
04_128,"Vernonia, leaves, sweet, fresh, boiled* (as part of a recipe)",0.02363947712872859,0.007330520086034725,0.0010734790876623975,0.019230002925428386,0.014334534688188438,0.008075665831846999,0.03543613278892496,0.010989159206066166,0.03915141787662387,0.00629511755582161,0.004552948445129904,0.00477653243097006,0.0,0.01397799136684519,0.0,0.014778990244945459,0.009301690510186525
04_127,"Vernonia, leaves, sweet, fresh, boiled* (without salt), drained",0.021490433753389628,0.0067666339255705145,0.0010734790876623975,0.018680574270416146,0.009923908630284303,0.00576833273703357,0.020402621908774978,0.009462887094112532,0.018743469926147102,0.0060529976498284715,0.0032724316949371184,0.0045710901758745735,0.0,0.008386794820107114,0.0,0.010683607405984669,0.008836605984677198
04_078,"Waterleaf, leaves, fresh, raw",0.01653110288722279,0.001409715401160524,0.0017891318127706624,0.021427717545477346,0.006615939086856202,0.006345166010736928,0.0583443398443916,0.004120934702274813,0.029888235828180516,0.005568757837842194,0.00540662627859176,0.004742292055120813,0.0,0.04752517064727364,0.0,0.014957050368378537,0.0006201127006791016
04_120,"Waterleaf, leaves, fresh, boiled* (as part of a recipe)",0.017688280089328386,0.001409715401160524,0.001848769539863018,0.022526574855501823,0.004961954315142151,0.006345166010736928,0.061923747196808265,0.00442618912466554,0.03176981968177057,0.0060529976498284715,0.005691185556412379,0.004536849800025326,0.0,0.030751581007059416,0.0,0.016025411108977004,0.0007751408758488772
04_119,"Waterleaf, leaves, fresh, boiled* (without salt), drained",0.016035169800606108,0.001409715401160524,0.0017891318127706624,0.021977146200489586,0.003307969543428101,0.004614666189626857,0.03579407352416663,0.0038156802798840856,0.015269776657980844,0.005810877743835333,0.004126109528398975,0.004365647920779087,0.0,0.019569187913583266,0.0,0.011573908023150059,0.0006201127006791021
04_080,"Wild spinach, leaves, fresh, raw",0.0385174697272291,0.006202747765106305,0.0017891318127706624,0.023625432165526303,0.017091175974378522,0.02480383076924435,0.0297090810250583,0.009157632671721806,0.0327106116085656,0.012348115205650082,0.0038415502505783562,0.0012840140943467904,0.0,0.06150316201411883,0.0,0.012464208640315447,-0.0027905071530559575
04_130,"Wild spinach, leaves, fresh, boiled* (as part of a recipe)",0.04099713516031252,0.006484690845338411,0.001848769539863018,0.024724289475550783,0.012680549916474387,0.02653433059035442,0.03149878470126663,0.00976814151650326,0.034736932681662586,0.0130744749236295,0.004126109528398975,0.0012326535305729187,0.0,0.03913837582716653,0.0,0.013176449134047759,-0.002945535328225733
04_129,"Wild spinach, leaves, fresh, boiled* (without salt), drained",0.037360292525123504,0.005920804684874201,0.0017891318127706624,0.023625432165526303,0.00882125211580827,0.01903549803221078,0.01825497749732498,0.008394496615744988,0.016644780243296655,0.01259023511164322,0.0029878724171164993,0.001181292966799047,0.0,0.02516038446032134,0.0,0.009437186541953125,-0.0027905071530559575
05_046,"Apple, green, with skin, raw",0.0006612441154889116,0.001973601561624734,0.0013716677231241747,0.014285145030318231,0.0002756641286190084,0.0023073330948134283,0.0007158814704833325,0.0012210176895629074,0.005934225999784025,0.00048423981198627777,0.0007113981945515474,1.7120187924623873e-05,0.0,0.008386794820107114,0.0,0.001246420864031545,0.014727676641128664
05_047,"Apple, red, with skin, raw",0.0009918661732333674,0.002537487722088943,0.001550580904401241,0.01263685906528151,0.0002756641286190084,0.001730499821110071,0.001431762940966665,0.0012210176895629074,0.00933555065819682,0.00048423981198627777,0.0001422796389103095,1.7120187924623873e-05,0.0,0.006988995683422595,0.0,0.0017806012343307785,0.016122930217656643
05_026,"Apple, with skin, raw",0.0008265551443611396,0.001973601561624734,0.001133116814754753,0.01263685906528151,0.0002756641286190084,0.001730499821110071,0.0010738222057249988,0.0013736449007582707,0.007164492365592908,0.0007263597179794166,0.000569118555641238,1.7120187924623873e-05,0.0,0.0055911965467380755,0.0,0.0016025411108977004,0.015347789341807767
05_027,"Apple, without skin, raw",0.0006612441154889116,0.0008458292406963143,0.0005963772709235542,0.009340287135208073,0.0,0.0005768332737033571,0.0010738222057249988,0.001068390478367544,0.0081776529021414,0.00048423981198627777,0.0,3.4240375849247745e-05,0.0003398862516885722,0.0055911965467380755,0.0,0.0007122404937323114,0.017828240144524173
05_002,"Avocado, fruit, raw",0.002314354404211191,0.008458292406963143,0.008647470428391535,0.021977146200489586,0.006064610829618186,0.007498832558143641,0.008948518381041657,0.007173478926182081,0.02996060443793398,0.003873918495890222,0.000569118555641238,3.4240375849247745e-05,0.0,0.02516038446032134,0.0,0.0064101644435908016,-0.002945535328225733
05_048,"Banana, sweet, flesh, unripe (green), raw",0.0003306220577444558,0.0022555446418568385,0.0013716677231241747,0.019779431580440626,0.00523761844376116,0.0023073330948134283,0.012527925733458319,0.00442618912466554,0.024243484267410347,0.0024211990599313886,0.0,0.0004622450739648445,0.0,0.02516038446032134,0.0,0.0028489619749292455,0.03302100131116217
05_003,"Banana, white flesh, ripe, raw",0.0013224882309778232,0.0016916584813926286,0.00047710181673884334,0.010439144445232553,0.004686290186523143,0.005191499463330213,0.011096162792491654,0.0035104258574933586,0.023809272608889563,0.003147558777910805,0.000284559277820619,5.136056377387162e-05,0.0,0.01397799136684519,0.0,0.0037392625920946343,0.03999726919380206
05_028,"Banana, yellow flesh, ripe, raw",0.0014877992598500511,0.0008458292406963143,0.000417464089646488,0.014834573685330471,0.00523761844376116,0.001730499821110071,0.00572705176386666,0.00442618912466554,0.02120400265776487,0.003147558777910805,0.000284559277820619,0.002037302363030241,0.0,0.01397799136684519,0.0,0.00498568345612618,0.025579648903012946
05_005,"Breadfruit, fruit, raw",0.00479401983729461,0.0031013738825531527,0.0005367395438311988,0.04560257836601589,0.003859297800666118,0.014420831842583925,0.012885866468699986,0.005189325180642356,0.02040794795047677,0.003389678683903944,0.000284559277820619,1.7120187924623873e-05,0.0,0.04333177323722009,0.0,0.0026709018514961672,0.014882704816298437
05_050,"Carambola (star fruit), raw",0.0008265551443611396,0.001973601561624734,0.0012523922689394638,0.015384002340342708,0.003307969543428101,0.002884166368516785,0.004295288822899995,0.001831526534344361,0.011506608950800731,0.001936959247945111,0.000284559277820619,0.0,0.0,0.04752517064727364,0.0,0.004273442962393867,0.0027905071530559575
05_029,"Clementine, raw",0.0049593308661668375,0.0011277723209284192,0.0002981886354617771,0.009340287135208073,0.006615939086856202,0.0005768332737033571,0.003579407352416663,0.003205171435102632,0.012809243926363078,0.0021790791539382497,0.0001422796389103095,0.00010272112754774324,0.0,0.06849215769754143,0.0,0.0010683607405984669,0.013332423064600689
05_031,"Date, dried, raw",0.01024928379007813,0.007330520086034725,0.0003578263625541325,0.04285543509095469,0.0035836336720471095,0.019612331305914138,0.01718115529159998,0.007936614982158897,0.036907990974266495,0.005326637931849056,0.001138237111282476,1.7120187924623873e-05,0.0,0.0055911965467380755,0.0,0.00498568345612618,0.08728086262058356
05_008,"Dattock, fruit, dried",0.01818421317594507,0.00761246316626683,0.002683697719155994,0.03900943450586901,0.003859297800666118,0.008075665831846999,0.018970858967808313,0.01907840139942043,0.06491464294885696,0.008232076803766721,0.0007113981945515474,0.00011984131547236711,0.0,0.004193397410053557,0.0,0.004629563209260024,0.09937306028382606
05_033,"Fig, dried",0.023804788157600818,0.008740235487195248,0.0030415240817101264,0.05109686491613829,0.0022053130289520673,0.012690332021473856,0.02111850337925831,0.010378650361284712,0.05152645014446617,0.007505717085787305,0.0015650760280134044,8.560093962311936e-05,0.0,0.0013977991366845189,0.0,0.00908106629508697,0.07239815780428513
05_032,"Fig, raw",0.008596173501355851,0.001973601561624734,0.001133116814754753,0.02527371813056302,0.005513282572380168,0.003460999642220142,0.008948518381041657,0.003357798646297995,0.017006623292063972,0.0024211990599313886,0.000569118555641238,0.00018832206717086259,0.0,0.0013977991366845189,0.0,0.004629563209260024,0.014417620290789116
05_009,"Fig, sycomorus, raw",0.014877992598500511,0.002819430802321048,0.001729494085678307,0.01263685906528151,0.001929648900333059,0.013843998568880567,0.011096162792491654,0.0062577156590099,0.02511190758445191,0.003389678683903944,0.0008536778334618569,0.0002910431947186058,0.0,0.016773589640214227,0.0,0.006588224567023879,0.015657845692147315
05_034,"Fruit cocktail, canned in syrup, undrained",0.0009918661732333674,0.001973601561624734,0.0002981886354617771,0.0054942865501223966,0.0008269923858570253,0.001730499821110071,0.0017897036762083314,0.0016788993231489976,0.006368437658304807,0.0009684796239725555,0.0008536778334618569,8.560093962311936e-05,0.0,0.004193397410053557,0.0,0.0014244809874646228,0.025114564377503618
05_035,"Grapefruit, white, raw",0.0038021536640612417,0.0011277723209284192,0.00023855090836942167,0.008790858480195835,0.003307969543428101,0.002884166368516785,0.0032214666171749965,0.002899917012711905,0.012809243926363078,0.001694839341951972,0.000569118555641238,1.7120187924623873e-05,0.0,0.0517185680573272,0.0,0.0008903006171653892,0.007131296057809669
05_051,"Grapes, raw",0.0016531102887222791,0.0022555446418568385,0.000715652725108265,0.007142572515159116,0.0011026565144760336,0.001730499821110071,0.002505585146691664,0.003357798646297995,0.015559251096994698,0.0014527194359588332,0.000284559277820619,3.4240375849247745e-05,0.0,0.004193397410053557,0.0,0.0010683607405984669,0.022789141749956984
05_010,"Guava, fruit, raw",0.00396746469293347,0.0005638861604642096,0.0013120299960318192,0.03131743333569766,0.001929648900333059,0.007498832558143641,0.005369111028624994,0.005036697969446993,0.020986896828504478,0.0024211990599313886,0.00042683891673092844,0.00037664413434172517,0.0,0.3746101686314511,0.0,0.003917322715527713,0.010231859561205179
05_012,"Jujube, raw",0.005289952923911293,0.0005638861604642096,5.963772709235542e-05,0.020328860235452866,0.0016539847717140506,0.004614666189626857,0.001431762940966665,0.0022894081679304514,0.01852636409688671,0.001694839341951972,0.0008536778334618569,0.0,0.0,0.09225474302117825,0.0,0.0005341803702992334,0.0013952535765279779
05_014,"Lemon, raw",0.003471531606316786,0.0033833169627852573,0.0016102186314935964,0.01373571637530599,0.004686290186523143,0.003460999642220142,0.004295288822899995,0.0030525442239072685,0.011361871731293804,0.001694839341951972,0.000569118555641238,1.7120187924623873e-05,0.0,0.060105362877434315,0.0,0.0017806012343307785,0.005115929780602589
05_036,"Mango, deep orange flesh, raw",0.001983732346466735,0.002537487722088943,0.00017891318127706625,0.008790858480195835,0.011026565144760336,0.0005768332737033571,0.0032214666171749965,0.002136780956735088,0.011361871731293804,0.0009684796239725555,0.000284559277820619,0.006231748404563089,0.0,0.09225474302117825,0.0,0.0016025411108977004,0.024959536202333838
05_015,"Mango, orange flesh, ripe, raw",0.0028102874908278743,0.0016916584813926286,0.0002981886354617771,0.009889715790220313,0.011026565144760336,0.004037832915923499,0.0032214666171749965,0.0027472898015165415,0.014039510292171962,0.0014527194359588332,0.00042683891673092844,0.003458277960774022,0.0,0.048922969783958166,0.0,0.0017806012343307785,0.020928803647919682
05_039,"Melon, cantaloupe, orange flesh, raw",0.0018184213175945069,0.002819430802321048,0.0002981886354617771,0.0054942865501223966,0.006064610829618186,0.0023073330948134283,0.004653229558141661,0.002136780956735088,0.027210597267302357,0.001936959247945111,0.0024187538614752614,0.0010956920271759278,0.0,0.05451416633069624,0.0,0.0017806012343307785,0.01085197226188428
05_038,"Melon, honeydew, pale green flesh, raw",0.0011571772021055954,0.0016916584813926286,0.0005367395438311988,0.0060437152051346366,0.004410626057904135,0.001730499821110071,0.0032214666171749965,0.003205171435102632,0.019539524633435203,0.001694839341951972,0.0015650760280134044,5.136056377387162e-05,0.0,0.03774057669048201,0.0,0.0016025411108977004,0.012247225838412258
05_016,"Orange, raw",0.00479401983729461,0.001409715401160524,0.0007752904522006205,0.009340287135208073,0.010199572758903312,0.0011536665474067142,0.003937348087658329,0.002899917012711905,0.011723714780061121,0.001694839341951972,0.000284559277820619,0.00013696150339699098,0.0,0.06429876028748788,0.0,0.0014244809874646228,0.010851972261884278
05_017,"Papaya, fruit, ripe, raw",0.003471531606316786,0.0002819430802321048,0.00023855090836942167,0.011538001755257033,0.010199572758903312,0.004614666189626857,0.00286352588193333,0.002442035379125815,0.015921094145762017,0.0009684796239725555,0.000569118555641238,0.0010785718392513038,0.0,0.07268555510759499,0.0,0.0026709018514961672,0.01689807109350552
05_018,"Pineapple, fruit, raw",0.0036368426351890137,0.00930412164765946,0.0003578263625541325,0.009889715790220313,0.004961954315142151,0.003460999642220142,0.004653229558141661,0.0019841537455397244,0.016861886072557047,0.0009684796239725555,0.000284559277820619,0.00010272112754774324,0.0,0.04752517064727364,0.0,0.004273442962393867,0.01488270481629844
05_041,"Pomegranate, fruit, raw",0.002149043375338963,0.0033833169627852573,0.00047710181673884334,0.021977146200489586,0.006615939086856202,0.004614666189626857,0.0021476444114499975,0.004731443547056266,0.017802677999352073,0.003147558777910805,0.000569118555641238,5.136056377387162e-05,0.0,0.02795598273369038,0.0,0.007122404937323114,0.01689807109350552
05_054,"Soursop, fruit, raw",0.0033062205774445582,0.003947203123249468,0.0016102186314935964,0.02747143275061198,0.0016539847717140506,0.0023073330948134283,0.006442933234349993,0.0062577156590099,0.019105312974914423,0.0029054388719176663,0.0009959574723721663,0.0,0.0,0.08386794820107113,0.0,0.0030270220983623234,0.013797507590110013
05_045,"Sweet apple, fruit, raw",0.0038021536640612417,0.0042291462034815715,0.0003578263625541325,0.02802086140562422,0.003307969543428101,0.004614666189626857,0.011096162792491654,0.005494579603033083,0.019105312974914423,0.003631798589897083,0.0012805167501927855,0.0,0.0,0.05032076892064268,0.0,0.003561202468661557,0.02123885999825923
05_056,Sweet baobab paste (Burkina Faso)*,0.008926795559100307,0.0033833169627852573,0.0,0.008241429825183595,0.0022053130289520673,0.008075665831846999,0.010738222057249988,0.0022894081679304514,0.029454024169659733,0.0009684796239725555,0.0009959574723721663,1.7120187924623873e-05,0.0,0.0656965594241724,0.0,0.005519863826425412,0.03240088861048306
05_020,"Tamarind, immature fruit, raw",0.009918661732333675,0.0036652600430173623,0.00023855090836942167,0.04615200702102813,0.0005513282572380168,0.004037832915923499,0.006800873969591659,0.014804839485950252,0.022289531804066825,0.004842398119862777,0.00042683891673092844,1.7120187924623873e-05,0.0,0.01258019223016067,0.0,0.0026709018514961672,-0.0003100563503395524
05_021,"Tamarind, fruit, ripe, raw",0.027441630792789832,0.012969381690676822,0.0010138413605700423,0.026922004095599743,0.0024809771575710756,0.01788183148480407,0.028635258819333303,0.02060467351137406,0.053046190949288904,0.008958436521746138,0.0008536778334618569,6.848075169849549e-05,0.0,0.01397799136684519,0.0,0.009615246665386204,0.08743589079575334
05_022,"Watermelon, fruit, raw",0.0011571772021055954,0.002537487722088943,0.00023855090836942167,0.0049448578951101566,0.0022053130289520673,0.001730499821110071,0.0032214666171749965,0.0013736449007582707,0.007888178463127546,0.0012105995299656943,0.000569118555641238,0.0004280046981155968,0.0,0.008386794820107114,0.0,0.0017806012343307785,0.0063561551819607915
06_031,"African breadfruit, seed without hull, dried",0.005455263952783521,0.03101373882553153,0.0035186258984489694,0.01318628772029375,0.02756641286190084,0.025957497316651066,0.015749392350633315,0.04105671981155276,0.039079049266870405,0.03220194749708747,0.000569118555641238,0.00018832206717086259,0.0,0.03494497841711297,0.0,0.07603167270592423,0.10619429999129616
06_039,"Benniseed, dried, raw",0.11456054300845393,0.04567477899760098,0.11086653466468872,0.07472229708166458,0.02756641286190084,0.24400047477652,0.09485429483904156,0.06150876611173146,0.02011847351146291,0.04212886364280616,0.032439757671550565,1.7120187924623873e-05,0.0,0.0,0.0,0.048432353573797174,0.005425986130942142
06_033,"Bitter cola, seeds, dried, raw",0.009753350703461446,0.08401903790916723,0.007454715886544427,0.021427717545477346,0.017091175974378522,0.028264830411464496,0.04939582146334994,0.06822436340432746,0.041756687827748565,0.01259023511164322,0.0012805167501927855,0.0,0.0,0.018171388776898747,0.0,0.05929402110321492,0.11224039882291739
06_032,"Bitter cola, seeds, fresh, raw",0.00479401983729461,0.0411636897138873,0.0036379013526336803,0.010439144445232553,0.008269923858570253,0.013843998568880567,0.02398202926119164,0.033272732040589226,0.02040794795047677,0.00629511755582161,0.000569118555641238,0.0,0.0,0.008386794820107114,0.0,0.029023800119591686,0.054879974010100495
06_001,"Cashew nut, raw",0.00793492938586694,0.06287330689175936,0.04478793304635892,0.019230002925428386,0.018745160746092573,0.04268566225404842,0.05798639910914993,0.06685071850356918,0.03538825016944376,0.03898130486489536,0.013516565696479401,0.0,0.0,0.0,0.0,0.09508410591326356,0.037671846566255426
06_005,"Coconut, kernel, dried, raw",0.0066124411548891164,0.025374877220889432,0.005605946346681409,0.0873591561469461,0.0024809771575710756,0.01788183148480407,0.03472025131844163,0.022894081679304512,0.04711196494950488,0.017674753137499135,0.004979787361860832,0.0,0.0,0.0,0.0,0.025106477404063972,-0.0026354789778861836
06_004,"Coconut, immature kernel, fresh, raw",0.0031409095485723302,0.005074975444177886,0.0013716677231241747,0.018131145615403906,0.0002756641286190084,0.012690332021473856,0.006442933234349993,0.01694162044268534,0.015776356926255092,0.003631798589897083,0.001138237111282476,0.0,0.0,0.009784593956791633,0.0,0.003917322715527713,0.004340788904753711
06_002,"Coconut, mature kernel, fresh, raw",0.0026449764619556463,0.011841609369748402,0.010436602241162198,0.05219572222616276,0.007167267344094219,0.014997665116287282,0.012885866468699986,0.018010010921052883,0.02959876138916666,0.007989956897773582,0.0028455927782061897,0.0,0.0,0.004193397410053557,0.0,0.016025411108977004,-0.006976267882639894
06_019,"Cola nut, dried, raw",0.012067705107672636,0.01522492633253366,0.0036379013526336803,0.19614602983936957,0.03859297800666118,0.030572163506277922,0.06478727307874159,0.022436200045718422,0.0955265648745721,0.01694839341951972,0.0007113981945515474,1.7120187924623873e-05,0.0,0.0,0.0,0.04433697073483638,0.008061465108828315
06_018,"Cola nut, fresh, raw",0.0071083742415057995,0.007330520086034725,0.001729494085678307,0.09340287135208074,0.024258443318472742,0.012113498747770499,0.0307829032307833,0.02365721773528133,0.045519855534928676,0.006779357367807888,0.00042683891673092844,3.4240375849247745e-05,0.0,0.0,0.0,0.021011094565103184,0.0049609016054328135
06_028,"Groundnut flour, partially defatted",0.009918661732333675,0.054133071404564116,0.018785884034091958,0.08680972749193386,0.0523761844376116,0.019612331305914138,0.07480961366550824,0.0967656518978604,0.0955265648745721,0.10290096004708402,0.012947447140838163,0.0,0.0,0.0,0.0,0.0988233685053582,0.01054191591154473
06_027,"Groundnut flour, with fat",0.01024928379007813,0.022555446418568385,0.07955672794120212,0.05439343684621172,0.030323054148090927,0.020189164579617495,0.06693491749019159,0.06944538109389035,0.06455279990008964,0.06270905565222296,0.002561033500385571,3.4240375849247745e-05,0.0,0.0013977991366845189,0.0,0.04985683456126179,-0.00046508452550932735
06_026,"Groundnut paste, from groundnuts only",0.010579905847822585,0.02227350333833628,0.08558013837753002,0.04560257836601589,0.030323054148090927,0.018458664758507427,0.07158814704833326,0.05540367766391692,0.04479616943739404,0.057866657532360186,0.0008536778334618569,0.0,0.0,0.0013977991366845189,0.0,0.04647369221603331,0.004185760729583937
06_023,"Groundnut, Chinese, shelled, dried, raw (Ghana), n=1",0.00793492938586694,0.02227350333833628,0.07055143115025646,0.04560257836601589,0.030323054148090927,0.018458664758507427,0.07158814704833326,0.060440375633363914,0.04479616943739404,0.04963458072859347,0.0008536778334618569,3.4240375849247745e-05,0.0,0.0013977991366845189,0.0,0.04647369221603331,0.02309919810029654
06_025,"Groundnut, combined varieties, shelled, dried, raw (Ghana)",0.008430862472483622,0.02227350333833628,0.07627665295112257,0.047250864331052606,0.030323054148090927,0.03576366296960814,0.07158814704833326,0.06013512121097319,0.04479616943739404,0.054234858942463104,0.0008536778334618569,3.4240375849247745e-05,0.0,0.0013977991366845189,0.0,0.04647369221603331,0.0094567186853563
06_021,"Groundnut, F-mix variety, shelled, dried, raw (Ghana), n=1",0.008100240414739166,0.02227350333833628,0.0815844106623422,0.04560257836601589,0.030323054148090927,0.030572163506277922,0.07158814704833326,0.06105088447814537,0.04479616943739404,0.05399273903646997,0.0008536778334618569,3.4240375849247745e-05,0.0,0.0013977991366845189,0.0,0.04647369221603331,0.0032555916785652838
06_022,"Groundnut, JL 24 variety, shelled, dried, raw (Ghana), n=1",0.008265551443611395,0.02227350333833628,0.06536294889322154,0.04560257836601589,0.030323054148090927,0.03864782933812492,0.07158814704833326,0.06272978380129436,0.04479616943739404,0.06101421631027099,0.0008536778334618569,3.4240375849247745e-05,0.0,0.0013977991366845189,0.0,0.04647369221603331,0.014417620290789116
06_024,"Groundnut, Manipintar variety, shelled, dried, raw (Ghana), n=1",0.008761484530228078,0.02227350333833628,0.08009346748503332,0.04560257836601589,0.030323054148090927,0.04730032844367527,0.07158814704833326,0.05296164228479111,0.04479616943739404,0.056413938096401356,0.0008536778334618569,3.4240375849247745e-05,0.0,0.0013977991366845189,0.0,0.04647369221603331,0.005270957955772362
06_012,"Groundnut, red, shelled, dried, raw (Benin)",0.0072736852703780275,0.0293220803441389,0.07729049431169263,0.051646293571150526,0.030323054148090927,0.01326716529517721,0.0690825619016416,0.05113011575044674,0.0572435703149898,0.052540019600511134,0.0008536778334618569,3.4240375849247745e-05,0.0,0.0013977991366845189,0.0,0.050569075054994105,0.011007000437054054
06_011,"Groundnut, rose, shelled, dried, raw (Benin)",0.005620574981655749,0.03157762498599574,0.07418933250289014,0.04230600643594245,0.030323054148090927,0.02134283112702421,0.06979844337212492,0.05128274296164211,0.0514540815347127,0.04939246082260033,0.0008536778334618569,3.4240375849247745e-05,0.0,0.0013977991366845189,0.0,0.0649919450530734,0.019533550071391702
06_010,"Groundnut, shelled, dried, raw",0.0074389962992502555,0.02227350333833628,0.07585918886147609,0.04560257836601589,0.030323054148090927,0.020189164579617495,0.07158814704833326,0.06791910898193672,0.04479616943739404,0.054234858942463104,0.0008536778334618569,3.4240375849247745e-05,0.0,0.0013977991366845189,0.0,0.04647369221603331,0.01410756394044956
06_020,"Groundnut, Sinkarzie variety, shelled, dried, raw (Ghana), n=1",0.009257417616844763,0.02227350333833628,0.08367173111057465,0.04560257836601589,0.030323054148090927,0.04268566225404842,0.07158814704833326,0.06334029264607582,0.04479616943739404,0.04987670063458661,0.0008536778334618569,3.4240375849247745e-05,0.0,0.0013977991366845189,0.0,0.04647369221603331,0.005270957955772362
06_035,"Melon seed (citrullus spp.), kernel only, dried, raw",0.0061165080682724325,0.04398312051620835,0.1424745300236371,0.03296571930073438,0.015988519459902487,0.05018449481219205,0.16250509379971648,0.06624020965878773,0.0350987757304299,0.047213381668662076,0.03315115586610211,0.0,0.0,0.0,0.0,0.08778364085250737,0.020153662772070806
06_013,"Melon seed, kernel only, dried, raw",0.019506701406922893,0.04257340511504782,0.14468112592605425,0.03296571930073438,0.015988519459902487,0.03634049624331149,0.13709130159755817,0.1275963485593238,0.044144851949612866,0.06682509405410633,0.005264346639681451,0.0,0.0,0.0,0.0,0.08083929603861734,0.008681577809507422
06_036,"Melon seed, small, elongated, kernel only, dried, raw",0.00958803967458922,0.04398312051620835,0.13460235004744617,0.03296571930073438,0.015988519459902487,0.05191499463330213,0.16250509379971648,0.10378650361284712,0.0350987757304299,0.036560105804963966,0.03315115586610211,0.0,0.0,0.0,0.0,0.08778364085250737,0.035656480289048345
06_037,"Melon seed, small, flat, kernel only, dried, raw",0.013224882309778233,0.04398312051620835,0.1539846113524617,0.03296571930073438,0.015988519459902487,0.035186829695904774,0.16250509379971648,0.1323277921063801,0.046894859120244485,0.056413938096401356,0.01408568425212064,0.0,0.0,0.0,0.0,0.08778364085250737,0.010231859561205177
06_029,"Oil palm, nut (kernel), shelled, raw",0.01339019333865046,0.042009518954583616,0.004413191804834301,0.021977146200489586,0.01571285533128348,0.04614666189626856,0.08304225057606657,0.03647790347569186,0.019539524633435203,0.01501143417157461,0.009675015445901046,0.0,0.0,0.0013977991366845189,0.0,0.042200249253639445,0.03736179021591588
06_038,"Pumpkin seed, kernel only, dried, raw",0.01024928379007813,0.13194936154862502,0.11832125055123315,0.03296571930073438,0.015988519459902487,0.04787716171737864,0.1911403526190498,0.22649878141391933,0.04190142504725549,0.06706721396009946,0.0007113981945515474,3.4240375849247745e-05,0.0,0.0027955982733690377,0.0,0.1582954497320062,0.004650845255093262
06_015,"Sesame seed, whole, dried, raw",0.12844666943372107,0.04652060823829729,0.14819975182450323,0.07856829766675028,0.02756641286190084,0.06460532665477599,0.12420543512885819,0.09630777026427433,0.033144823267086385,0.040191904394861054,0.006402583750963927,1.7120187924623873e-05,0.0,0.0,0.0,0.037392625920946346,-0.01457264846595889
06_016,"Shea nut, kernel, dried, raw",0.01653110288722279,0.04849420979992202,0.013478126322872323,0.03241629064572214,0.017091175974378522,0.019612331305914138,0.10272899101435821,0.0125154313180198,0.048197494095806835,0.016464153607533442,0.003983829889488665,0.0,0.0,0.0013977991366845189,0.0,0.05715729962201798,0.04371794539787667
07_019,"Beef kidney, raw",0.0009918661732333674,0.013251324770908924,0.0047113804402960785,0.0,0.022053130289520672,0.023650164221837636,0.006084992499108327,0.03205171435102632,0.018598732706640177,0.03970766458287477,0.025468055364945397,0.0022427446181257273,0.08342662541446771,0.01258019223016067,0.007572403236449567,0.04665175233946639,0.0
07_090,"Beef kidney, boiled* (without salt), drained",0.0013224882309778232,0.016916584813926286,0.007454715886544427,0.0,0.022880122675377697,0.03576366296960814,0.007874696175316657,0.03556214020851968,0.01773030938959861,0.06295117555821611,0.02418753861475261,0.002841951195487563,0.08651650042981837,0.01397799136684519,0.012115845178319307,0.06285522357187646,0.00015502817516977542
07_091,"Beef kidney, grilled* (without salt or fat)",0.0014877992598500511,0.01663464173369418,0.007335440432359716,0.0,0.02756641286190084,0.035186829695904774,0.008232636910558325,0.04014095654438058,0.02178295153579258,0.061982695934243555,0.03386255406065366,0.0031501145781307922,0.098876000491221,0.015375790503529708,0.012115845178319307,0.06196492295471109,0.00015502817516977542
07_020,"Beef kidney, stewed* (as part of a recipe)",0.0016531102887222791,0.02114573101740786,0.007454715886544427,0.0,0.02453410744709175,0.037494162790718204,0.00966439985152499,0.05082486132805602,0.029526392779413196,0.06295117555821611,0.040407417450527894,0.0031843549539800403,0.11123550055262363,0.015375790503529708,0.012115845178319307,0.07407301134816038,0.00015502817516977542
07_001,"Beef liver, raw",0.005455263952783521,0.094168988797523,0.006440874525974386,0.0,0.07442931472713227,0.05652966082292899,0.006084992499108327,0.05540367766391692,0.011506608950800731,0.0467291418566758,0.010670972918273212,0.3338436645301655,0.33988625168857217,0.030751581007059416,0.016659287120189048,0.06338940394217571,0.005270957955772364
07_018,"Beef liver, boiled* (without salt), drained",0.0066124411548891164,0.11418694749400243,0.009720949516053932,0.0,0.07167267344094219,0.08133349159217333,0.007158814704833326,0.058761476310214916,0.010493448414252239,0.07069901254999654,0.009675015445901046,0.40403643502112335,0.33988625168857217,0.03214938014374394,0.0227172097093487,0.08172959665578272,0.008061465108828322
07_088,"Beef liver, grilled* (without salt or fat)",0.006777752183761344,0.09304121647659458,0.007931817703283271,0.0,0.07718595601332236,0.06633582647588605,0.006084992499108327,0.05464054160794011,0.010638185633759166,0.05762453762636705,0.01124009147391445,0.37150807796433805,0.3089875015350656,0.02795598273369038,0.019688248414768874,0.06659448616397111,0.0065111833571305676
07_089,"Beef liver, stewed* (as part of a recipe)",0.0072736852703780275,0.12546467070328662,0.008528194974206824,0.0,0.0689160321547521,0.07556515885513977,0.007874696175316657,0.0738715702185559,0.015342145267734308,0.06222481584023669,0.014227963891030948,0.4006123974361986,0.4016837519955853,0.033547179280428455,0.021202729062058785,0.08457855863071197,0.006976267882639894
07_014,"Beef meat, fatty, ca. 30% fat, raw",0.0049593308661668375,0.003947203123249468,0.006977614069805583,0.0,0.002756641286190084,0.006345166010736928,0.005369111028624994,0.02106255514496015,0.01678951746280358,0.0423709835487993,0.012947447140838163,0.00047936526188946843,0.00494380002456105,0.0,0.01363032582560922,0.05502057814082105,0.0
07_015,"Beef meat, fatty, ca. 30% fat, boiled* (without salt), drained",0.0066124411548891164,0.006202747765106305,0.009482398607684512,0.0,0.003032305414809093,0.010382998926660426,0.005369111028624994,0.02274145446810915,0.014039510292171962,0.07045689264400341,0.009817295084811354,0.0005992065773618356,0.00494380002456105,0.0013977991366845189,0.016659287120189048,0.09170096356803509,0.0
07_016,"Beef meat, fatty, ca. 30% fat, grilled* (without salt or fat)",0.0061165080682724325,0.005356918524409991,0.008408919520022113,0.0,0.003307969543428101,0.008075665831846999,0.006084992499108327,0.02625188032560251,0.019828999072449057,0.05883513715633275,0.015366201002313425,0.0005136056377387162,0.005561775027631182,0.0013977991366845189,0.010601364531029393,0.07638779295279038,0.0
07_087,"Beef meat, fatty, ca. 30% fat, stewed* (as part of a recipe)",0.006943063212633572,0.005356918524409991,0.009840224970238643,0.0,0.003307969543428101,0.008652499105550356,0.007516755440074991,0.029609678971900505,0.023664535389382634,0.05956149687431216,0.018354073419429923,0.0005478460135879639,0.00494380002456105,0.0013977991366845189,0.015144806472899133,0.07745615369338885,0.0
07_023,"Beef meat, ground, ca. 10% fat, raw",0.0018184213175945069,0.00761246316626683,0.0013716677231241747,0.0,0.0035836336720471095,0.006921999284440284,0.006442933234349993,0.0267097619591886,0.022651374852834142,0.049150340916607194,0.013516565696479401,0.0,0.005561775027631182,0.0,0.0015144806472899134,0.0610746223375457,0.0
07_024,"Beef meat, ground, ca. 10% fat, grilled* (without salt or fat)",0.002314354404211191,0.010431893968587878,0.001550580904401241,0.0,0.004134961929285127,0.009229332379253713,0.007516755440074991,0.03342535925178459,0.02670401699902811,0.06803569358407202,0.01593531955795466,0.0,0.0061797500307013125,0.0,0.0015144806472899134,0.08475661875414504,0.0
07_134,"Beef meat, ground, ca. 10% fat, stewed* (as part of a recipe)",0.0024796654330834188,0.010431893968587878,0.0019084072669553734,0.0,0.003859297800666118,0.009806165652957069,0.008948518381041657,0.03708841232047331,0.03148034524275672,0.06803569358407202,0.018638632697250544,0.0,0.005561775027631182,0.0,0.0015144806472899134,0.08475661875414504,0.0
07_009,"Beef meat, lean, ca. 5% fat, raw",0.0029755985197001023,0.0033833169627852573,0.0013716677231241747,0.0,0.001929648900333059,0.013843998568880567,0.007516755440074991,0.02854128849353296,0.02200005736505297,0.054476978848456245,0.01408568425212064,0.00010272112754774324,0.007415700036841575,0.0,0.007572403236449567,0.06303328369530956,0.0
07_010,"Beef meat, lean, ca. 5% fat, boiled* (without salt), drained",0.00396746469293347,0.005074975444177886,0.002266233629509506,0.0,0.0022053130289520673,0.02249649767443092,0.007516755440074991,0.030830696661463413,0.01830925826762632,0.09079496474742707,0.010670972918273212,0.00013696150339699098,0.007415700036841575,0.0,0.00908688388373948,0.10523353294894901,0.0
07_011,"Beef meat, lean, ca. 5% fat, grilled* (without salt or fat)",0.0038021536640612417,0.004511089283713677,0.0019084072669553734,0.0,0.0024809771575710756,0.01788183148480407,0.008948518381041657,0.03556214020851968,0.025980330901493473,0.07578353057585246,0.01664671775250621,0.00011984131547236711,0.008342662541446772,0.0,0.006057922589159654,0.08760558072907429,0.0
07_085,"Beef meat, lean, ca. 5% fat, stewed* (as part of a recipe)",0.004298086750677926,0.004511089283713677,0.0019084072669553734,0.0,0.0022053130289520673,0.01903549803221078,0.010380281322008321,0.04014095654438058,0.03097376497448247,0.07675201019982501,0.01991914944744333,0.00011984131547236711,0.007415700036841575,0.0,0.00908688388373948,0.08885200159310584,0.0
07_017,"Beef meat, lean, cured, dried",0.0013224882309778232,0.001973601561624734,0.000417464089646488,0.0,0.002756641286190084,0.013843998568880567,0.006800873969591659,0.02762552522636078,0.017006623292063972,0.07529929076386618,0.39696019255976345,0.0,0.00494380002456105,0.0,0.0,0.08778364085250737,0.0
07_002,"Beef meat, moderately fat, ca. 20% fat, raw",0.0024796654330834188,0.0067666339255705145,0.002981886354617771,0.0,0.002756641286190084,0.006921999284440284,0.007158814704833326,0.0250308626360396,0.020986896828504478,0.04503430251472383,0.012947447140838163,0.00027392300679398196,0.003398862516885722,0.0,0.007572403236449567,0.060540441967246464,0.0
07_012,"Beef meat, moderately fat, ca. 20% fat, boiled* (without salt), drained",0.0031409095485723302,0.010431893968587878,0.003578263625541325,0.0,0.003032305414809093,0.012113498747770499,0.007158814704833326,0.027015016381579326,0.017440834950584756,0.07505717085787304,0.009675015445901046,0.0003595239464171013,0.003398862516885722,0.0,0.00908688388373948,0.10078202986312206,0.0
07_013,"Beef meat, moderately fat, ca. 20% fat, grilled* (without salt or fat)",0.0029755985197001023,0.00930412164765946,0.003339712717171904,0.0,0.003307969543428101,0.009229332379253713,0.008232636910558325,0.0312885782950495,0.024750064535684593,0.06270905565222296,0.015223921363403115,0.0003081633826432297,0.004016837519955853,0.0,0.006057922589159654,0.08404437826041274,0.0
07_086,"Beef meat, moderately fat, ca. 20% fat, stewed* (as part of a recipe)",0.0033062205774445582,0.00930412164765946,0.004234278623557235,0.0,0.003032305414809093,0.010382998926660426,0.010022340586766655,0.03525688578612895,0.029526392779413196,0.06343541537020238,0.018211793780519615,0.0003252835705678536,0.003398862516885722,0.0,0.00908688388373948,0.08511273900101121,0.0
07_021,"Beef tripe, raw",0.0071083742415057995,0.002537487722088943,0.00047710181673884334,0.0,0.001378320643095042,0.001730499821110071,0.005011170293383328,0.005647206814228447,0.019539524633435203,0.029054388719176663,0.006544863389874237,6.848075169849549e-05,0.004325825021490919,0.0,0.003028961294579827,0.019586613577638565,0.0
07_022,"Beef tripe, boiled* (without salt), drained",0.00793492938586694,0.002819430802321048,0.0006560149980159096,0.0,0.001378320643095042,0.001730499821110071,0.00572705176386666,0.005647206814228447,0.016500043023789726,0.04067614420684733,0.00554890591750207,8.560093962311936e-05,0.004016837519955853,0.0,0.00454344194186974,0.023503936293166276,0.0
07_133,"Beef tripe, grilled* (without salt or fat)",0.009918661732333675,0.002819430802321048,0.0006560149980159096,0.0,0.0016539847717140506,0.001730499821110071,0.006084992499108327,0.006410342870205264,0.020625053779737158,0.04067614420684733,0.007825380140067022,8.560093962311936e-05,0.004634812523025984,0.0,0.00454344194186974,0.023503936293166276,0.0
07_092,"Beef tripe, stewed* (as part of a recipe)",0.009918661732333675,0.0036652600430173623,0.0006560149980159096,0.0,0.001378320643095042,0.0023073330948134283,0.007158814704833326,0.007936614982158897,0.02750007170631621,0.04067614420684733,0.009248176529170116,8.560093962311936e-05,0.0052527875260961155,0.0,0.00454344194186974,0.027599319132127063,0.0
07_064,"Camel meat, raw",0.0016531102887222791,0.004511089283713677,0.004115003169372524,0.0,0.0022053130289520673,0.018458664758507427,0.006800873969591659,0.02854128849353296,0.017585572170091684,0.04818186129263463,0.009959574723721665,1.7120187924623873e-05,0.0052527875260961155,0.0,0.006057922589159654,0.06321134381874263,0.0
07_093,"Camel meat, boiled* (without salt), drained",0.002149043375338963,0.00704857700580262,0.004353554077741946,0.0,0.0022053130289520673,0.030572163506277922,0.007516755440074991,0.03800417558764549,0.01613819997502241,0.08014168888372897,0.009959574723721665,1.7120187924623873e-05,0.0052527875260961155,0.0,0.007572403236449567,0.10541159307238207,0.0
07_094,"Camel meat, grilled* (without salt or fat)",0.002314354404211191,0.005638861604642096,0.004234278623557235,0.0,0.0022053130289520673,0.024226997495540997,0.008232636910558325,0.03357798646297995,0.020769790999244087,0.06682509405410633,0.011809210029555687,1.7120187924623873e-05,0.005870762529166246,0.0,0.006057922589159654,0.08778364085250737,0.0
07_095,"Camel meat, stewed* (as part of a recipe)",0.002314354404211191,0.006484690845338411,0.005784859527958475,0.0,0.0022053130289520673,0.025957497316651066,0.00966439985152499,0.04014095654438058,0.024822433145438055,0.06779357367807888,0.01408568425212064,1.7120187924623873e-05,0.0052527875260961155,0.0,0.007572403236449567,0.08903006171653892,0.0
07_039,"Chicken giblets, raw",0.0016531102887222791,0.007894406246498935,0.011510081328824596,0.0,0.11026565144760336,0.035186829695904774,0.006084992499108327,0.027015016381579326,0.017296097731077827,0.042613103454792446,0.011382371112824759,0.06985036673246539,0.03707850018420787,0.018171388776898747,0.03180409359308818,0.05519863826425413,0.0015502817516977543
07_106,"Chicken giblets, boiled* (without salt), drained",0.001983732346466735,0.00930412164765946,0.011211892693362818,0.0,0.10750901016141329,0.049030828264785345,0.007158814704833326,0.027778152437556144,0.015197408048227381,0.06270905565222296,0.009959574723721665,0.08217690203819458,0.03398862516885722,0.018171388776898747,0.04240545812411757,0.06890926776860112,0.002325422627546631
07_107,"Chicken giblets, grilled* (without salt or fat)",0.0024796654330834188,0.009022178567427354,0.011211892693362818,0.0,0.1378320643095042,0.04787716171737864,0.007516755440074991,0.0312885782950495,0.018743469926147102,0.06174057602825041,0.01394340461321033,0.091079399758999,0.04016837519955853,0.019569187913583266,0.043919938771407485,0.06784090702800265,0.0021703944523768556
07_040,"Chicken giblets, stewed* (as part of a recipe)",0.0024796654330834188,0.011277723209284192,0.016698563585859517,0.0,0.11302229273379345,0.050761328085895424,0.008948518381041657,0.0392251932772084,0.025039538974698447,0.06174057602825041,0.01636215847468559,0.091079399758999,0.043258250214909186,0.020966987050267782,0.043919938771407485,0.07994899542145195,0.0021703944523768556
07_041,"Chicken liver, raw",0.0009918661732333674,0.012123552449980505,0.005367395438311988,0.0,0.2756641286190084,0.05479916100181892,0.006442933234349993,0.04273561913470176,0.017368466340831293,0.044307942796744416,0.009817295084811354,0.12018371923085958,0.0710671253530651,0.029353781870374896,0.019688248414768874,0.056266999004852596,0.0020153662772070804
07_108,"Chicken liver, boiled* (without salt), drained",0.0011571772021055954,0.01466104017206945,0.008110730884560338,0.0,0.2756641286190084,0.07844932522365655,0.007874696175316657,0.04533028172502294,0.015776356926255092,0.06706721396009946,0.008821337612439188,0.14569279923854914,0.06797725033771444,0.03214938014374394,0.02726065165121844,0.07229241011382959,0.0031005635033955086
07_109,"Chicken liver, grilled* (without salt or fat)",0.0011571772021055954,0.011841609369748402,0.006619787707251452,0.0,0.3032305414809093,0.06402849338107262,0.006800873969591659,0.042277737501115666,0.016065831365268946,0.054719098754449386,0.010244134001542284,0.13353746581206621,0.06488737532236379,0.02795598273369038,0.0227172097093487,0.058937900856348764,0.0024804508027164067
07_042,"Chicken liver, stewed* (as part of a recipe)",0.0013224882309778232,0.016070755573229973,0.007096889523990294,0.0,0.2591242809018679,0.07268099248662298,0.00859057764579999,0.05708257698706592,0.023157955121108388,0.05907725706232588,0.013089726779748474,0.144151982325333,0.08033675039911706,0.03214938014374394,0.025746171003928526,0.07496331196532577,0.002635478977886182
07_030,"Chicken, dark meat with skin, raw",0.0018184213175945069,0.001409715401160524,0.024272554926588658,0.0,0.001929648900333059,0.00576833273703357,0.006800873969591659,0.020757300722569424,0.012881612536116542,0.04043402430085419,0.010386413640452593,0.0008388892083065697,0.0008960637544516903,0.0,0.016659287120189048,0.028133499502426298,0.0
07_031,"Chicken, dark meat with skin, boiled* (without salt), drained",0.001983732346466735,0.0011277723209284192,0.02647915082900581,0.0,0.001378320643095042,0.00576833273703357,0.006442933234349993,0.01907840139942043,0.006802649316825589,0.05326637931849055,0.00540662627859176,0.0006163267652864594,0.0005870762529166247,0.0,0.012115845178319307,0.03703650567408019,0.0
07_032,"Chicken, dark meat with skin, grilled* (without salt or fat)",0.002149043375338963,0.001973601561624734,0.026240599920636386,0.0,0.001378320643095042,0.006345166010736928,0.006442933234349993,0.021215182356155517,0.01324345558488386,0.05181365988253171,0.010670972918273212,0.000804648832457322,0.0007415700036841575,0.0,0.015144806472899133,0.03614620505691479,0.0
07_103,"Chicken, dark meat with skin, stewed* (as part of a recipe)",0.0026449764619556463,0.0022555446418568385,0.03464951944065849,0.0,0.001929648900333059,0.008075665831846999,0.00966439985152499,0.029609678971900505,0.018381626877379785,0.05762453762636705,0.014797082446672187,0.0009587305237789369,0.0008960637544516903,0.0,0.01817376776747896,0.040241587895875584,0.0
07_003,"Chicken, dark meat without skin, raw",0.0018184213175945069,0.001973601561624734,0.011867907691378727,0.0,0.0005513282572380168,0.007498832558143641,0.008232636910558325,0.030067560605486595,0.021276371267518333,0.046971261762668935,0.012093769307376306,0.00041088451019097294,0.0011432537556797428,0.004193397410053557,0.0015144806472899134,0.02937992036645784,0.0
07_028,"Chicken, dark meat without skin, boiled* (without salt), drained",0.001983732346466735,0.001409715401160524,0.012166096326840506,0.0,0.0002756641286190084,0.008075665831846999,0.007516755440074991,0.02762552522636078,0.011217134511786877,0.06174057602825041,0.006402583750963927,0.0002910431947186058,0.0007415700036841575,0.0055911965467380755,0.0015144806472899134,0.038639046784977885,0.0
07_029,"Chicken, dark meat without skin, grilled* (without salt or fat)",0.002149043375338963,0.002537487722088943,0.01210645859974815,0.0,0.0002756641286190084,0.008652499105550356,0.007874696175316657,0.030830696661463413,0.02185532014554604,0.06004573668629844,0.012378328585196925,0.00039376432226634903,0.0009269625046051969,0.004193397410053557,0.0015144806472899134,0.0377487461678125,0.0
07_102,"Chicken, dark meat without skin, stewed* (as part of a recipe)",0.0024796654330834188,0.002819430802321048,0.01693711449422894,0.0,0.0005513282572380168,0.010959832200363782,0.011812044262974986,0.04288824634589712,0.030394816096454762,0.06706721396009946,0.017215836308147447,0.0004622450739648445,0.0011432537556797428,0.004193397410053557,0.0015144806472899134,0.04202218913020637,0.0
07_036,"Chicken, light meat with skin, raw",0.001983732346466735,0.0011277723209284192,0.00781254224909856,0.0,0.0,0.0023073330948134283,0.00859057764579999,0.033120104829393864,0.018815838535900565,0.04866610110462091,0.00554890591750207,0.00037664413434172517,0.0021629125107454593,0.0,0.012115845178319307,0.011930028270016215,0.0
07_037,"Chicken, light meat with skin, boiled* (without salt), drained",0.002149043375338963,0.0008458292406963143,0.00846855724711447,0.0,0.0,0.002884166368516785,0.007874696175316657,0.030525442239072685,0.009914499536224529,0.06391965518218866,0.0029878724171164993,0.00027392300679398196,0.001421342507061302,0.0,0.00908688388373948,0.01566929086211085,0.0
07_038,"Chicken, light meat with skin, grilled* (without salt or fat)",0.0024796654330834188,0.001409715401160524,0.008349281792929758,0.0,0.0,0.002884166368516785,0.008232636910558325,0.034035868096566044,0.01932241880417481,0.06246693574622983,0.005691185556412379,0.0003595239464171013,0.0017921275089033805,0.0,0.012115845178319307,0.015313170615244693,0.0
07_104,"Chicken, light meat with skin, stewed* (as part of a recipe)",0.0028102874908278743,0.0016916584813926286,0.011152254966270463,0.0,0.0,0.003460999642220142,0.012169984998216653,0.04731443547056266,0.02684875421853504,0.06948841302003085,0.00796765977897733,0.0004280046981155968,0.0021629125107454593,0.0,0.01363032582560922,0.01709377184957547,0.0
07_033,"Chicken, light meat without skin, raw",0.002314354404211191,0.0016916584813926286,0.004174640896464879,0.0,0.0002756641286190084,0.006345166010736928,0.010022340586766655,0.034188495307761406,0.022361900413820288,0.05568757837842194,0.006118024473143308,0.00013696150339699098,0.000710671253530651,0.0013977991366845189,0.003028961294579827,0.013176449134047759,0.0
07_034,"Chicken, light meat without skin, boiled* (without salt), drained",0.0026449764619556463,0.0011277723209284192,0.005486670892496699,0.0,0.0002756641286190084,0.006921999284440284,0.009306459116283323,0.031441205506244865,0.011796083389814586,0.07336233151592107,0.0032724316949371184,0.00010272112754774324,0.0004634812523025984,0.0013977991366845189,0.0015144806472899134,0.01727183197300855,0.0
07_035,"Chicken, light meat without skin, grilled* (without salt or fat)",0.0028102874908278743,0.001973601561624734,0.005367395438311988,0.0,0.0002756641286190084,0.007498832558143641,0.00966439985152499,0.035104258574933586,0.022940849291847996,0.07142537226797596,0.006260304112053618,0.00013696150339699098,0.0005870762529166247,0.0013977991366845189,0.003028961294579827,0.016915711726142393,0.0
07_105,"Chicken, light meat without skin, stewed* (as part of a recipe)",0.0033062205774445582,0.002537487722088943,0.005963772709235542,0.0,0.0002756641286190084,0.009229332379253713,0.014317629409666651,0.048840707582516296,0.0319145569012775,0.07965744907174269,0.00867905797352888,0.00015408169132161484,0.000710671253530651,0.0013977991366845189,0.003028961294579827,0.01887437308390625,0.0
07_136,Fried mopane worms with vegetables (Burkina Faso)*,0.0064471301260168885,0.0033833169627852573,0.030951980360932465,0.014285145030318231,0.001378320643095042,0.025957497316651066,0.012885866468699986,0.014804839485950252,0.022651374852834142,0.022275031351368775,0.1350233773258837,0.00041088451019097294,0.0,0.011182393093476151,0.0,0.03668038542721403,0.0032555916785652838
07_027,"Game meat, dried, salted",0.0024796654330834188,0.02058184485694365,0.00858783270129918,0.0,0.003307969543428101,0.05710649409663235,0.02398202926119164,0.08943954576048296,0.06679622680244701,0.16149397729742362,0.31443800199178396,0.0,0.011432537556797429,0.0,0.0,0.10790443480044516,0.0
07_069,"Goat meat, lean, raw",0.0074389962992502555,0.007330520086034725,0.001729494085678307,0.0,0.0005513282572380168,0.03172583005368464,0.010380281322008321,0.0421251102899203,0.017585572170091684,0.04648702195068266,0.02219562367000828,0.00011984131547236711,0.009578612547587035,0.0,0.006057922589159654,0.06517000517650649,0.0
07_113,"Goat meat, lean, boiled* (without salt), drained",0.008761484530228078,0.010431893968587878,0.002564422264971283,0.0,0.0005513282572380168,0.046723495169971915,0.010022340586766655,0.05036697969446993,0.014401353340939279,0.06924629311403772,0.019776869808533017,0.00015408169132161484,0.008651650042981837,0.0013977991366845189,0.007572403236449567,0.0972208273944605,0.0
07_114,"Goat meat, lean, grilled* (without salt or fat)",0.010745216876694814,0.009586064727891563,0.0025047845378789275,0.0,0.0005513282572380168,0.04326249552775178,0.012885866468699986,0.05189325180642356,0.02163821431628565,0.0673093338660926,0.02731769067077942,0.00013696150339699098,0.011123550055262364,0.0013977991366845189,0.007572403236449567,0.09437186541953124,0.0
07_115,"Goat meat, lean, stewed* (as part of a recipe)",0.012894260252033777,0.012969381690676822,0.0030415240817101264,0.0,0.0005513282572380168,0.05537599427552227,0.01825497749732498,0.07402419742975126,0.030829027754975542,0.08135228841369466,0.03884234142251449,0.00017120187924623873,0.011741525058332493,0.0013977991366845189,0.00908688388373948,0.1141365391206029,0.0
07_046,"Goat meat, moderately fat, ca. 10% fat, raw",0.004463397779550154,0.004511089283713677,0.003578263625541325,0.0,0.0008269923858570253,0.012690332021473856,0.00859057764579999,0.029609678971900505,0.02105926543825794,0.042613103454792446,0.014370243529941259,0.00015408169132161484,0.0052527875260961155,0.0,0.007572403236449567,0.06036238184381339,0.0
07_047,"Goat meat, moderately fat, ca. 10% fat, boiled* (without salt), drained",0.005289952923911293,0.006484690845338411,0.004115003169372524,0.0,0.0008269923858570253,0.01903549803221078,0.00859057764579999,0.03525688578612895,0.017296097731077827,0.06367753527619552,0.012947447140838163,0.00018832206717086259,0.00494380002456105,0.0013977991366845189,0.00908688388373948,0.0899203623337043,0.0
07_048,"Goat meat, moderately fat, ca. 10% fat, grilled* (without salt or fat)",0.0064471301260168885,0.005920804684874201,0.004055365442280169,0.0,0.0008269923858570253,0.01788183148480407,0.010738222057249988,0.03647790347569186,0.025980330901493473,0.061982695934243555,0.017784954863788685,0.00017120187924623873,0.0061797500307013125,0.0,0.00908688388373948,0.08742752060564121,0.0
07_112,"Goat meat, moderately fat, ca. 10% fat, stewed* (as part of a recipe)",0.00793492938586694,0.007894406246498935,0.006261961344697319,0.0,0.0011026565144760336,0.02249649767443092,0.01539145161539165,0.05189325180642356,0.03698035958401996,0.07505717085787304,0.025325775726035088,0.00022256244302011033,0.006488737532236379,0.0013977991366845189,0.012115845178319307,0.10576771331924824,0.0
07_070,"Guinea fowl meat, raw",0.00396746469293347,0.001409715401160524,0.0047113804402960785,0.0,0.0016539847717140506,0.006921999284440284,0.00859057764579999,0.018010010921052883,0.009263182048443355,0.05205577978852485,0.0024187538614752614,0.00020544225509548647,0.0011432537556797428,0.0027955982733690377,0.015144806472899133,0.024572297033764737,0.0
07_116,"Guinea fowl meat, boiled* (without salt), drained",0.004463397779550154,0.0008458292406963143,0.006202323617604964,0.0,0.0011026565144760336,0.006921999284440284,0.007874696175316657,0.016636366020294613,0.005210539902249387,0.0685199333960583,0.0012805167501927855,0.00015408169132161484,0.0007415700036841575,0.0027955982733690377,0.010601364531029393,0.03240694246482017,0.0
07_117,"Guinea fowl meat, grilled* (without salt or fat)",0.004628708808422382,0.0016916584813926286,0.006023410436327897,0.0,0.001378320643095042,0.006345166010736928,0.008948518381041657,0.018467892554638973,0.009480287877703747,0.06682509405410633,0.003130152056026809,0.00020544225509548647,0.0009578612547587035,0.0027955982733690377,0.015144806472899133,0.03151664184765478,0.0
07_118,"Guinea fowl meat, stewed* (as part of a recipe)",0.0057858860105279766,0.001973601561624734,0.006739063161436161,0.0,0.001378320643095042,0.009806165652957069,0.012169984998216653,0.02579399869201642,0.013171086975130397,0.07433081113989363,0.003556990972757737,0.00023968263094473422,0.0011432537556797428,0.0027955982733690377,0.01817376776747896,0.03507784431631633,0.0
07_135,Kédjénou (Burkina Faso)*: chicken stew with vegetables,0.001983732346466735,0.0011277723209284192,0.001848769539863018,0.0032965719300734374,0.0011026565144760336,0.0023073330948134283,0.004295288822899995,0.009462887094112532,0.0089737076094295,0.011863875393663806,0.06971702306605165,0.00017120187924623873,0.0003398862516885722,0.008386794820107114,0.0015144806472899134,0.004273442962393867,0.0021703944523768556
07_051,"Lamb brain, raw",0.0016531102887222791,0.007894406246498935,0.0051884822570349215,0.0,0.0005513282572380168,0.010959832200363782,0.005011170293383328,0.041361974233943485,0.02257900624308068,0.03171770768510119,0.01735811594705776,3.4240375849247745e-05,0.03398862516885722,0.01397799136684519,0.016659287120189048,0.01976467370107164,0.00015502817516977542
07_129,"Lamb brain, boiled* (without salt), drained",0.0016531102887222791,0.007894406246498935,0.005248119984127277,0.0,0.0005513282572380168,0.01326716529517721,0.005011170293383328,0.03617264905330113,0.01693425468231051,0.03946554467688164,0.013089726779748474,3.4240375849247745e-05,0.028426850141226034,0.01258019223016067,0.01817376776747896,0.021011094565103184,0.00015502817516977542
07_130,"Lamb brain, grilled* (without salt or fat)",0.002149043375338963,0.007894406246498935,0.005248119984127277,0.0,0.0005513282572380168,0.01326716529517721,0.005369111028624994,0.041361974233943485,0.02120400265776487,0.03946554467688164,0.018496353058340232,3.4240375849247745e-05,0.03398862516885722,0.01258019223016067,0.019688248414768874,0.021011094565103184,0.00015502817516977542
07_052,"Lamb brain, stewed* (as part of a recipe)",0.002149043375338963,0.009868007808123667,0.006440874525974386,0.0,0.0005513282572380168,0.013843998568880567,0.006442933234349993,0.0517406245952282,0.02822375780385085,0.03946554467688164,0.021768784753277353,3.4240375849247745e-05,0.03707850018420787,0.01397799136684519,0.019688248414768874,0.024750357157197818,0.00015502817516977542
07_053,"Lamb liver, raw",0.0011571772021055954,0.39753974312726775,0.008230006338745047,0.0,0.057889467009991764,0.05826016064403906,0.00859057764579999,0.04639867220339048,0.023302692340615317,0.047213381668662076,0.009248176529170116,0.2413946497371966,0.2780887513815591,0.02795598273369038,0.00454344194186974,0.0626771634484434,0.01085197226188428
07_054,"Lamb liver, boiled* (without salt), drained",0.0014877992598500511,0.47930323639457817,0.007991455430375627,0.0,0.05513282572380168,0.08421765796069013,0.010380281322008321,0.04914596200490702,0.02120400265776487,0.07142537226797596,0.00839449869570826,0.2927552135110682,0.2749988763662084,0.029353781870374896,0.006057922589159654,0.08066123591518426,0.016432986567996195
07_131,"Lamb liver, grilled* (without salt or fat)",0.0014877992598500511,0.39190088152262564,0.008110730884560338,0.0,0.060646108296181854,0.06864315957069948,0.008948518381041657,0.045788163358609024,0.021565845706532187,0.058108777438353326,0.009675015445901046,0.2687869504165948,0.25645962627410446,0.02655818359700586,0.006057922589159654,0.06570418554680572,0.013332423064600685
07_132,"Lamb liver, stewed* (as part of a recipe)",0.0016531102887222791,0.527233560034036,0.010973341784993398,0.0,0.0523761844376116,0.0778724919499532,0.01145410352773332,0.06181402053412219,0.031046133584235934,0.06295117555821611,0.012378328585196925,0.28933117592614344,0.3089875015350656,0.029353781870374896,0.006057922589159654,0.0835101978901135,0.014417620290789116
07_072,"Lamb/mutton meat, lean, ca. 10% fat, raw",0.0011571772021055954,0.002537487722088943,0.0016102186314935964,0.0,0.0005513282572380168,0.00576833273703357,0.007516755440074991,0.028846542915923687,0.020480316560230232,0.0467291418566758,0.011809210029555687,0.00011984131547236711,0.009269625046051968,0.0,0.019688248414768874,0.040063527772442514,0.0
07_126,"Lamb/mutton meat, lean, ca. 10% fat, boiled* (without salt), drained",0.0014877992598500511,0.0033833169627852573,0.0016102186314935964,0.0,0.0005513282572380168,0.008075665831846999,0.007516755440074991,0.03449374973015213,0.016861886072557047,0.06948841302003085,0.010670972918273212,0.00013696150339699098,0.008033675039911706,0.0,0.024231690356638615,0.05982820147351415,0.0
07_127,"Lamb/mutton meat, lean, ca. 10% fat, grilled* (without salt or fat)",0.0018184213175945069,0.0031013738825531527,0.0016102186314935964,0.0,0.0005513282572380168,0.007498832558143641,0.009306459116283323,0.03556214020851968,0.02525664480395884,0.06755145377208574,0.014512523168851568,0.00011984131547236711,0.010505575052192231,0.0,0.0227172097093487,0.05804760023918337,0.0
07_128,"Lamb/mutton meat, lean, ca. 10% fat, stewed* (as part of a recipe)",0.001983732346466735,0.003947203123249468,0.002564422264971283,0.0,0.0005513282572380168,0.008652499105550356,0.012169984998216653,0.045788163358609024,0.032565874389058676,0.0740886912339005,0.018780912336160853,0.00015408169132161484,0.010196587550657166,0.0,0.025746171003928526,0.06356746406560879,0.0
07_004,"Lamb/mutton meat, moderately fat, ca. 20% fat, raw",0.0016531102887222791,0.002537487722088943,0.007573991340729138,0.0,0.003307969543428101,0.012113498747770499,0.007516755440074991,0.02274145446810915,0.01809215243836593,0.03946554467688164,0.00867905797352888,0.0002910431947186058,0.008960637544516903,0.0,0.0015144806472899134,0.0409538283896079,0.0
07_049,"Lamb/mutton meat, moderately fat, ca. 20% fat, boiled* (without salt), drained",0.001983732346466735,0.0036652600430173623,0.009005296790945668,0.0,0.002756641286190084,0.018458664758507427,0.007158814704833326,0.02716764359277469,0.014835564999460062,0.05883513715633275,0.007825380140067022,0.00034240375849247745,0.008033675039911706,0.0,0.0015144806472899134,0.0610746223375457,0.0
07_050,"Lamb/mutton meat, moderately fat, ca. 20% fat, grilled* (without salt or fat)",0.0024796654330834188,0.0033833169627852573,0.008886021336760957,0.0,0.003307969543428101,0.016728164937397354,0.008948518381041657,0.02808340685994687,0.022289531804066825,0.05714029781438078,0.010670972918273212,0.0003252835705678536,0.010505575052192231,0.0,0.0015144806472899134,0.05929402110321492,0.0
07_125,"Lamb/mutton meat, moderately fat, ca. 20% fat, stewed* (as part of a recipe)",0.0026449764619556463,0.0042291462034815715,0.011987183145563438,0.0,0.0035836336720471095,0.019612331305914138,0.011812044262974986,0.03617264905330113,0.028730338072125095,0.06270905565222296,0.01380112497430002,0.00037664413434172517,0.0098876000491221,0.0,0.0015144806472899134,0.0649919450530734,0.0
07_005,"Pork meat, fatty, ca. 40% fat, raw",0.0018184213175945069,0.0016916584813926286,0.02552494719552812,0.0,0.0011026565144760336,0.010959832200363782,0.004653229558141661,0.023351963312890602,0.01830925826762632,0.03026498824914236,0.0059757448342329985,3.4240375849247745e-05,0.0018848237593639002,0.0,0.025746171003928526,0.028311559625859378,0.0
07_059,"Pork meat, fatty, ca. 40% fat, boiled* (without salt), drained",0.002149043375338963,0.0022555446418568385,0.03453024398647379,0.0,0.0011026565144760336,0.016728164937397354,0.004295288822899995,0.021520436778546242,0.014111878901925425,0.04648702195068266,0.004126109528398975,3.4240375849247745e-05,0.0017303300085963677,0.0,0.030289612945798267,0.034899784192883254,0.0
07_060,"Pork meat, fatty, ca. 40% fat, grilled* (without salt or fat)",0.0018184213175945069,0.001973601561624734,0.03268147444661077,0.0,0.001378320643095042,0.012690332021473856,0.006442933234349993,0.02991493339429123,0.022217163194313362,0.043339463172771854,0.0076831005011567125,3.4240375849247745e-05,0.002410102511973512,0.0,0.028775132298508352,0.04041964801930867,0.0
07_123,"Pork meat, fatty, ca. 40% fat, stewed* (as part of a recipe)",0.0026449764619556463,0.0022555446418568385,0.039241624426769865,0.0,0.001378320643095042,0.016728164937397354,0.007158814704833326,0.035867394630910404,0.028151389194097386,0.04648702195068266,0.009248176529170116,3.4240375849247745e-05,0.002317406261512992,0.0,0.03180409359308818,0.043624730241104075,0.0
07_071,"Pork meat, lean, ca. 10% fat, raw",0.005124641895039065,0.006202747765106305,0.0093631231534998,0.0,0.0022053130289520673,0.0005768332737033571,0.007516755440074991,0.02548874426962569,0.022868480682094534,0.04503430251472383,0.011809210029555687,3.4240375849247745e-05,0.0009269625046051969,0.0,0.007572403236449567,0.0040953828389607904,0.0
07_119,"Pork meat, lean, ca. 10% fat, boiled* (without salt), drained",0.0064471301260168885,0.009022178567427354,0.010317326786977487,0.0,0.0024809771575710756,0.0011536665474067142,0.007158814704833326,0.023504590524085968,0.017585572170091684,0.06900417320804457,0.00825221905679795,3.4240375849247745e-05,0.0008651650042981839,0.0,0.00908688388373948,0.00498568345612618,0.0
07_120,"Pork meat, lean, ca. 10% fat, grilled* (without salt or fat)",0.005620574981655749,0.008458292406963143,0.010138413605700421,0.0,0.002756641286190084,0.0005768332737033571,0.010380281322008321,0.03281485040700314,0.027789546145330066,0.0641617750881818,0.015223921363403115,3.4240375849247745e-05,0.001205051255986756,0.0,0.00908688388373948,0.005875984073291569,0.0
07_121,"Pork meat, lean, ca. 10% fat, stewed* (as part of a recipe)",0.006943063212633572,0.008176349326731037,0.012523922689394638,0.0,0.0024809771575710756,0.0005768332737033571,0.010022340586766655,0.034035868096566044,0.030539553315961688,0.059803616780305296,0.015793039919044353,3.4240375849247745e-05,0.00098876000491221,0.0,0.007572403236449567,0.005519863826425412,0.0
07_006,"Pork meat, moderately fat, ca. 20% fat, raw",0.0016531102887222791,0.006484690845338411,0.016579288131674804,0.0,0.001929648900333059,0.01153666547406714,0.005369111028624994,0.023962472157672058,0.01693425468231051,0.03946554467688164,0.007825380140067022,8.560093962311936e-05,0.0012359500061402625,0.0,0.025746171003928526,0.03703650567408019,0.0
07_057,"Pork meat, moderately fat, ca. 20% fat, boiled* (without salt), drained",0.001983732346466735,0.009586064727891563,0.02057501584686262,0.0,0.0022053130289520673,0.01788183148480407,0.005011170293383328,0.022130945623327698,0.01302634975562347,0.06052997649828472,0.00540662627859176,0.00010272112754774324,0.0011432537556797428,0.0,0.030289612945798267,0.04558339159886793,0.0
07_058,"Pork meat, moderately fat, ca. 20% fat, grilled* (without salt or fat)",0.0018184213175945069,0.008740235487195248,0.019799725394661998,0.0,0.0024809771575710756,0.01326716529517721,0.007158814704833326,0.030830696661463413,0.020552685169983695,0.056171818190408215,0.010101854362631973,8.560093962311936e-05,0.0015758362578288346,0.0,0.028775132298508352,0.05288385665962412,0.0
07_122,"Pork meat, moderately fat, ca. 20% fat, stewed* (as part of a recipe)",0.0024796654330834188,0.009868007808123667,0.02552494719552812,0.0,0.0024809771575710756,0.01788183148480407,0.008232636910558325,0.03693578510927795,0.02605269951124694,0.06052997649828472,0.012093769307376306,0.00010272112754774324,0.0015140387575218216,0.0,0.03180409359308818,0.05697923949858491,0.0
07_007,"Rabbit meat, raw",0.005124641895039065,0.008458292406963143,0.008349281792929758,0.0,0.0005513282572380168,0.010382998926660426,0.010380281322008321,0.03708841232047331,0.027138228657548894,0.05157153997653858,0.007398541223336093,0.00010272112754774324,0.016376337581358476,0.0,0.00908688388373948,0.02884573999615861,0.0
07_124,"Rabbit meat, boiled* (without salt), drained",0.0064471301260168885,0.006202747765106305,0.007931817703283271,0.0,0.0002756641286190084,0.012113498747770499,0.010380281322008321,0.0375462939540594,0.015703988316501626,0.0748150509518799,0.0042683891673092845,8.560093962311936e-05,0.011741525058332493,0.0,0.007572403236449567,0.04184412900677329,0.0
07_062,"Rabbit meat, grilled* (without salt or fat)",0.0071083742415057995,0.011559666289516296,0.007931817703283271,0.0,0.0005513282572380168,0.01326716529517721,0.011096162792491654,0.04288824634589712,0.03140797663300325,0.0748150509518799,0.008536778334618569,0.00011984131547236711,0.01544937507675328,0.0,0.00908688388373948,0.04184412900677329,0.0
07_061,"Rabbit meat, stewed* (as part of a recipe)",0.007604307328122483,0.01240549553021261,0.01210645859974815,0.0,0.0005513282572380168,0.014997665116287282,0.015033510880149982,0.05372477834076792,0.0392961550961308,0.0748150509518799,0.010670972918273212,0.00011984131547236711,0.016685325082893544,0.0,0.010601364531029393,0.04184412900677329,0.0
07_063,"Sausage, wiener (beef, pork, chicken) canned",0.0016531102887222791,0.0008458292406963143,0.008110730884560338,0.0,0.0011026565144760336,0.005191499463330213,0.002505585146691664,0.007478733348572807,0.007309229585099835,0.03002286834314922,0.12506380260216204,0.00013696150339699098,0.0030898750153506562,0.0,0.00908688388373948,0.028489619749292455,0.001860338102037305
07_083,"Snail, raw",0.032400961658956666,0.07894406246498933,0.0031607995358948373,0.0,0.0024809771575710756,0.019612331305914138,0.02111850337925831,0.015567975541927069,0.00253290134137123,0.03534950627499827,0.01963459016962271,0.0005136056377387162,0.002842685014122604,0.020966987050267782,0.0,0.020833034441670104,0.005581014306111915
07_084,"Snail, cooked",0.01735765803158393,0.042009518954583616,0.001133116814754753,0.0,0.003307969543428101,0.016728164937397354,0.03650995499464996,0.027015016381579326,0.001809215243836593,0.06101421631027099,0.007825380140067022,0.000804648832457322,0.004325825021490919,0.029353781870374896,0.0,0.05092519530186026,0.01286733853909136
08_005,"Egg, chicken, local breed, raw",0.011902394078800409,0.0016916584813926286,0.00924384769931509,0.0,0.012956214045093395,0.012113498747770499,0.003937348087658329,0.04014095654438058,0.01128950312154034,0.030749228061128633,0.023476140420201064,0.0015065765373669007,0.0037078500184207874,0.0,0.06815162912804609,0.028489619749292455,0.0012402254013582034
08_010,"Egg, chicken, local breed, boiled* (without salt)",0.011406460992183726,0.0016916584813926286,0.00924384769931509,0.0,0.01047523688752232,0.01153666547406714,0.003579407352416663,0.03815680279884086,0.01071055424351263,0.030749228061128633,0.022337903308918588,0.0014209755977437814,0.0030898750153506562,0.0,0.06512266783346626,0.02706513876182783,0.0012402254013582034
08_001,"Egg, chicken, raw",0.00942272864571699,0.0033833169627852573,0.013358850868687615,0.0,0.022880122675377697,0.012690332021473856,0.005011170293383328,0.03556214020851968,0.010855291463019558,0.032686187309073744,0.023476140420201064,0.0020886629268041124,0.004325825021490919,0.0,0.030289612945798267,0.026887078638394752,0.00031005635033955084
08_002,"Egg, chicken, boiled* (without salt)",0.008926795559100307,0.0031013738825531527,0.013358850868687615,0.0,0.018193832488854554,0.012113498747770499,0.004653229558141661,0.03373061367417532,0.010348711194745312,0.032686187309073744,0.022337903308918588,0.001985941799256369,0.003398862516885722,0.0,0.028775132298508352,0.02546259765093013,0.00031005635033955084
08_003,"Egg, chicken, fried in oil",0.008430862472483622,0.0022555446418568385,0.015803997679474185,0.0,0.02453410744709175,0.012113498747770499,0.004653229558141661,0.029609678971900505,0.01092766007277302,0.032928307215066885,0.02304930150347014,0.00243106668529659,0.004016837519955853,0.0,0.033318574240378096,0.021723335058835495,0.0031005635033955086
08_009,"Egg, duck, raw",0.008596173501355851,0.0031013738825531527,0.010138413605700421,0.0,0.022053130289520672,0.014420831842583925,0.004295288822899995,0.037698921165254765,0.016500043023789726,0.02857014890719039,0.016077599196864974,0.0031501145781307922,0.016685325082893544,0.0,0.04089097747682766,0.026530958391528598,0.00372067620407461
08_014,"Egg, duck, boiled* (without salt)",0.008265551443611395,0.002819430802321048,0.010138413605700421,0.0,0.01764250423161654,0.01326716529517721,0.003937348087658329,0.035867394630910404,0.015703988316501626,0.02857014890719039,0.015223921363403115,0.0029960328868091778,0.013286462566007821,0.0,0.03786201618224783,0.025284537527497052,0.00372067620407461
08_008,"Egg, guinea fowl, raw",0.017027035973839474,0.002537487722088943,0.017414216310967782,0.0,0.018193832488854554,0.041531995706641706,0.003937348087658329,0.05891410352141028,0.027355334486809286,0.031233467873114915,0.03556990972757737,0.0040403643502112336,0.025336975125875377,0.0,0.08632539689552506,0.04985683456126179,0.0034106198537350594
08_013,"Egg, guinea fowl, boiled* (without salt)",0.016200480829478333,0.002537487722088943,0.017414216310967782,0.0,0.014610198816807446,0.039224662611828276,0.003579407352416663,0.056014186508698376,0.025980330901493473,0.031233467873114915,0.03386255406065366,0.0038349220951157475,0.02039317510131433,0.0,0.08178195495365533,0.047363992833198705,0.0034106198537350594
08_006,"Egg, quail, raw",0.01339019333865046,0.002537487722088943,0.015028707227273565,0.0,0.018193832488854554,0.030572163506277922,0.003937348087658329,0.048688080371320934,0.012519769487349224,0.03777070533492966,0.025468055364945397,0.0007190478928342026,0.0061797500307013125,0.0,0.08632539689552506,0.03917322715527713,0.004185760729583937
08_011,"Egg, quail, boiled* (without salt)",0.012563638194289321,0.002537487722088943,0.015028707227273565,0.0,0.014610198816807446,0.02884166368516785,0.003579407352416663,0.04624604499219512,0.01186845199956805,0.03777070533492966,0.02418753861475261,0.0006848075169849549,0.00494380002456105,0.0,0.08178195495365533,0.03721456579751326,0.004185760729583937
08_004,"Omelette, from chicken egg",0.00793492938586694,0.0016916584813926286,0.014372692229257657,0.0,0.010750901016141328,0.008652499105550356,0.003937348087658329,0.02548874426962569,0.008467127341155255,0.02566471003527272,0.02205334403109797,0.002944672323035306,0.002471900012280525,0.0,0.025746171003928526,0.019408553454205484,0.0009301690510186525
09_012,"Anchovy, canned in oil, drained",0.03835215869835688,0.009586064727891563,0.015982910860751254,0.0,0.0035836336720471095,0.02653433059035442,0.02469791073167497,0.03846205722123158,0.01302634975562347,0.06997265283201713,0.5218817155230152,0.00020544225509548647,0.0027190900135085775,0.0,0.025746171003928526,0.04344667011767099,0.0
09_001,"Anchovy, fillet, raw",0.014712681569628284,0.004511089283713677,0.011211892693362818,0.0,0.0024809771575710756,0.009229332379253713,0.016823214556358313,0.033272732040589226,0.023664535389382634,0.04576066223270324,0.0224801829478289,0.00023968263094473422,0.001915722509517407,0.0,0.04240545812411757,0.02617483814466244,0.0
09_062,"Anchovy, fillet, boiled* (as part of a recipe)",0.017688280089328386,0.005356918524409991,0.01353776404996468,0.0,0.0024809771575710756,0.01153666547406714,0.020402621908774978,0.03998832933318522,0.02844086363311124,0.05520333856643566,0.027033131392958803,0.0002568028188693581,0.0020702162602849396,0.0,0.0454344194186974,0.03151664184765478,0.0
09_011,"Anchovy, fillet, grilled* (without salt or fat)",0.02115981169564517,0.006202747765106305,0.016221461769120676,0.0,0.002756641286190084,0.01153666547406714,0.021834384849741643,0.043346127979483215,0.029092181120892412,0.06634085424212005,0.02774452958751035,0.0003081633826432297,0.002502798762434032,0.0,0.05452130330243688,0.03792680629124558,0.0
09_010,"Anchovy, fillet, steamed* (without salt)",0.017688280089328386,0.0047930323639457815,0.01353776404996468,0.0,0.0022053130289520673,0.009229332379253713,0.01718115529159998,0.034035868096566044,0.021348739877271795,0.05520333856643566,0.02304930150347014,0.0002568028188693581,0.0018539250092103937,0.0,0.0454344194186974,0.03151664184765478,0.0
09_048,"Atlantic cod (Northeast Atlantic), fillet, raw",0.0016531102887222791,0.0005638861604642096,0.001550580904401241,0.0,0.003307969543428101,0.0011536665474067142,0.00859057764579999,0.03037281502787732,0.02706586004779543,0.04503430251472383,0.011382371112824759,1.7120187924623873e-05,0.003398862516885722,0.0,0.019688248414768874,0.006588224567023879,0.0
09_068,"Atlantic cod (Northeast Atlantic), fillet, boiled* (as part of a recipe)",0.001983732346466735,0.0005638861604642096,0.0019084072669553734,0.0,0.003307969543428101,0.0011536665474067142,0.010738222057249988,0.03693578510927795,0.03300008604757945,0.05496121866044252,0.01394340461321033,1.7120187924623873e-05,0.0037078500184207874,0.0,0.021202729062058785,0.008012705554488502,0.0
09_067,"Atlantic cod (Northeast Atlantic), fillet, grilled* (without salt or fat)",0.002314354404211191,0.0008458292406963143,0.0020276827211400845,0.0,0.003307969543428101,0.0011536665474067142,0.010380281322008321,0.03647790347569186,0.03061192192571515,0.06004573668629844,0.012947447140838163,1.7120187924623873e-05,0.004325825021490919,0.0,0.0227172097093487,0.008903006171653892,0.0
09_066,"Atlantic cod (Northeast Atlantic), fillet, steamed* (without salt)",0.001983732346466735,0.0005638861604642096,0.0019084072669553734,0.0,0.002756641286190084,0.0011536665474067142,0.008948518381041657,0.031441205506244865,0.024750064535684593,0.05496121866044252,0.011809210029555687,1.7120187924623873e-05,0.003398862516885722,0.0,0.021202729062058785,0.008012705554488502,0.0
09_049,"Atlantic horse mackerel, wild, fillet without skin, raw",0.0066124411548891164,0.002819430802321048,0.010496239968254554,0.0,0.0005513282572380168,0.006345166010736928,0.010380281322008321,0.03357798646297995,0.02742770309656275,0.04503430251472383,0.009248176529170116,6.848075169849549e-05,0.021011150104384462,0.0,0.4089097747682766,0.007300465060756191,0.0
09_072,"Atlantic horse mackerel, wild, fillet without skin, boiled* (as part of a recipe)",0.00942272864571699,0.003947203123249468,0.014969069500181209,0.0,0.0005513282572380168,0.008652499105550356,0.015033510880149982,0.047924944315344116,0.03915141787662387,0.06440389499417494,0.013089726779748474,0.00010272112754774324,0.027190900135085776,0.0,0.5300682265514697,0.010505547282551592,0.0
09_071,"Atlantic horse mackerel, wild, fillet without skin, grilled* (without salt or fat)",0.008100240414739166,0.0033833169627852573,0.009720949516053932,0.0,0.0005513282572380168,0.006921999284440284,0.011812044262974986,0.037698921165254765,0.029092181120892412,0.056413938096401356,0.009817295084811354,6.848075169849549e-05,0.023792037618200052,0.0,0.4089097747682766,0.009259126418520048,0.0
09_070,"Atlantic horse mackerel, wild, fillet without skin, steamed* (without salt)",0.00942272864571699,0.0036652600430173623,0.009124572245130379,0.0,0.0005513282572380168,0.006921999284440284,0.012527925733458319,0.04075146538916204,0.02938165555990627,0.06440389499417494,0.01109781183500414,6.848075169849549e-05,0.02410102511973512,0.0,0.4089097747682766,0.010505547282551592,0.0
09_002,"Barracuda, fillet, raw",0.003471531606316786,0.0011277723209284192,0.001133116814754753,0.0,0.0022053130289520673,0.004614666189626857,0.010738222057249988,0.0267097619591886,0.03278298021831906,0.04600278213869639,0.00554890591750207,0.0004280046981155968,0.009269625046051968,0.0,0.02726065165121844,0.007478525184189269,0.0
09_063,"Barracuda, fillet, boiled* (as part of a recipe)",0.004132775721805698,0.001409715401160524,0.0013716677231241747,0.0,0.0022053130289520673,0.005191499463330213,0.012885866468699986,0.03220434156222168,0.03951326092539119,0.055445458472428794,0.0066871430287845455,0.0004622450739648445,0.010196587550657166,0.0,0.030289612945798267,0.00908106629508697,0.0
09_014,"Barracuda, fillet, grilled* (without salt or fat)",0.005124641895039065,0.0016916584813926286,0.0016102186314935964,0.0,0.0024809771575710756,0.00576833273703357,0.013959688674424984,0.03479900415254286,0.040381684242432755,0.06658297414811319,0.006829422667694855,0.0005649662015125877,0.01205051255986756,0.0,0.034833054887668004,0.010861667529417748,0.0
09_013,"Barracuda, fillet, steamed* (without salt)",0.004132775721805698,0.0011277723209284192,0.0013716677231241747,0.0,0.001929648900333059,0.004037832915923499,0.011096162792491654,0.027320270803970054,0.02959876138916666,0.055445458472428794,0.005691185556412379,0.0004622450739648445,0.008960637544516903,0.0,0.030289612945798267,0.00908106629508697,0.0
09_015,"Bayad, fillet, raw",0.010083972761205902,0.001973601561624734,0.0027433354462483494,0.0,0.003859297800666118,0.006921999284440284,0.008948518381041657,0.030067560605486595,0.020914528218751016,0.04140250392482675,0.007256261584425784,0.00010272112754774324,0.010814562553727296,0.0,0.01363032582560922,0.014244809874646228,0.0
09_064,"Bayad, fillet, boiled* (as part of a recipe)",0.012067705107672636,0.0022555446418568385,0.0032800749900795483,0.0,0.003859297800666118,0.008075665831846999,0.010738222057249988,0.03617264905330113,0.025184276194205373,0.04987670063458661,0.00867905797352888,0.00011984131547236711,0.011741525058332493,0.0,0.015144806472899133,0.01709377184957547,0.0
09_017,"Bayad, fillet, grilled* (without salt or fat)",0.014547370540756055,0.002537487722088943,0.003936089988095458,0.0,0.004410626057904135,0.008652499105550356,0.011812044262974986,0.0392251932772084,0.025763225072233085,0.06004573668629844,0.008963617251349497,0.00013696150339699098,0.014213425070613017,0.0,0.01817376776747896,0.020654974318237027,0.0
09_016,"Bayad, fillet, steamed* (without salt)",0.012067705107672636,0.001973601561624734,0.0032800749900795483,0.0,0.003307969543428101,0.006921999284440284,0.009306459116283323,0.030830696661463413,0.01888820714565403,0.04987670063458661,0.007398541223336093,0.00011984131547236711,0.010505575052192231,0.0,0.015144806472899133,0.01709377184957547,0.0
09_021,"Carp, fillet, raw",0.006777752183761344,0.0016916584813926286,0.004651742713203723,0.0,0.004134961929285127,0.006921999284440284,0.010380281322008321,0.06334029264607582,0.014039510292171962,0.042613103454792446,0.0034147113338474275,0.00015408169132161484,0.004634812523025984,0.0,0.012115845178319307,0.018340192713607015,0.0
09_065,"Carp, fillet, boiled* (as part of a recipe)",0.008100240414739166,0.001973601561624734,0.005605946346681409,0.0,0.004134961929285127,0.008652499105550356,0.012527925733458319,0.07631360559768172,0.01693425468231051,0.05132942007054544,0.004126109528398975,0.00017120187924623873,0.0052527875260961155,0.0,0.01363032582560922,0.02207945530570165,0.0
09_023,"Carp, fillet, grilled* (without salt or fat)",0.009753350703461446,0.0022555446418568385,0.003936089988095458,0.0,0.004686290186523143,0.008652499105550356,0.013601747939183319,0.08257132125669162,0.017296097731077827,0.06174057602825041,0.004126109528398975,0.00017120187924623873,0.0061797500307013125,0.0,0.015144806472899133,0.026709018514961675,0.0
09_022,"Carp, fillet, steamed* (without salt)",0.008100240414739166,0.0016916584813926286,0.00429391635064959,0.0,0.0035836336720471095,0.006921999284440284,0.010738222057249988,0.06486656475802946,0.012736875316609613,0.05132942007054544,0.0034147113338474275,0.00013696150339699098,0.004634812523025984,0.0,0.010601364531029393,0.02207945530570165,0.0
09_018,"Catfish, fillet, raw",0.012894260252033777,0.001973601561624734,0.007216164978175005,0.0,0.003859297800666118,0.009229332379253713,0.008948518381041657,0.030830696661463413,0.020914528218751016,0.039949784488867914,0.006829422667694855,8.560093962311936e-05,0.010814562553727296,0.0,0.01363032582560922,0.012464208640315447,0.0
09_108,"Catfish, fillet, boiled* (as part of a recipe)",0.015539236713989423,0.0022555446418568385,0.008707108155483891,0.0,0.003859297800666118,0.010959832200363782,0.010738222057249988,0.03708841232047331,0.025184276194205373,0.04818186129263463,0.00825221905679795,8.560093962311936e-05,0.011741525058332493,0.0,0.015144806472899133,0.014957050368378537,0.0
09_020,"Catfish, fillet, grilled* (without salt or fat)",0.018680146262561752,0.002537487722088943,0.010436602241162198,0.0,0.004410626057904135,0.010959832200363782,0.011812044262974986,0.04014095654438058,0.025763225072233085,0.058108777438353326,0.00839449869570826,0.00010272112754774324,0.014213425070613017,0.0,0.016659287120189048,0.01798407246674086,0.0
09_019,"Catfish, fillet, steamed* (without salt)",0.015539236713989423,0.001973601561624734,0.008707108155483891,0.0,0.003032305414809093,0.008652499105550356,0.009306459116283323,0.031441205506244865,0.01888820714565403,0.04818186129263463,0.006971702306605165,6.848075169849549e-05,0.010505575052192231,0.0,0.012115845178319307,0.014957050368378537,0.0
09_055,"Crab, flesh (body and claw), raw",0.010414594818950358,0.02058184485694365,0.00286261090043306,0.0,0.012129221659236371,0.009229332379253713,0.00859057764579999,0.03663053068688722,0.018743469926147102,0.03873918495890222,0.04168793420072068,0.003971883598512738,0.027808875138155907,0.0013977991366845189,0.00908688388373948,0.07603167270592423,0.006821239707470119
09_098,"Crab, flesh (body and claw), boiled* (as part of a recipe)",0.011902394078800409,0.023401275659264698,0.0032800749900795483,0.0,0.011853557530617361,0.010959832200363782,0.010022340586766655,0.0421251102899203,0.021493477096778724,0.044307942796744416,0.0479482383127743,0.0013696150339699098,0.028735837642761105,0.0013977991366845189,0.010601364531029393,0.08742752060564121,0.007751408758488771
09_097,"Crab, flesh (body and claw), grilled* (without salt or fat)",0.012067705107672636,0.022555446418568385,0.003339712717171904,0.0,0.011302229273379346,0.009229332379253713,0.008948518381041657,0.03830943001003622,0.018453995487133248,0.04503430251472383,0.04126109528398975,0.001335374658120662,0.02904482514429617,0.0013977991366845189,0.00908688388373948,0.08849588134623967,0.007906436933658546
09_096,"Crab, flesh (body and claw), steamed* (without salt)",0.011902394078800409,0.02114573101740786,0.0032800749900795483,0.0,0.009648244501665295,0.008652499105550356,0.008232636910558325,0.035867394630910404,0.01613819997502241,0.044307942796744416,0.04069197672834851,0.0012668939064221665,0.025645962627410448,0.0013977991366845189,0.00908688388373948,0.08742752060564121,0.007751408758488771
09_053,"Fish, whole, dried",0.3205380849832499,0.005638861604642096,0.015982910860751254,0.0,0.012680549916474387,0.04268566225404842,0.02684555514312497,0.23275649707292922,0.051164607095698846,0.14624042321985586,0.020915106919815494,0.002413946497371966,0.18539250092103937,0.0,0.1817376776747896,0.1365721146731707,0.0
09_003,"Mackerel, fillet, raw",0.005620574981655749,0.0022555446418568385,0.007275802705267361,0.0,0.004134961929285127,0.009229332379253713,0.013243807203941652,0.03373061367417532,0.02605269951124694,0.04745550157465522,0.018496353058340232,0.0014038554098191574,0.03089875015350656,0.0,0.024231690356638615,0.013176449134047759,0.0
09_069,"Mackerel, fillet, boiled* (as part of a recipe)",0.008100240414739166,0.0031013738825531527,0.010436602241162198,0.0,0.00523761844376116,0.01326716529517721,0.018970858967808313,0.04823019873773484,0.03719746541328035,0.06779357367807888,0.026464012837317565,0.0017976197320855064,0.04016837519955853,0.0,0.030289612945798267,0.01887437308390625,0.0
09_025,"Mackerel, fillet, grilled* (without salt or fat)",0.0071083742415057995,0.002819430802321048,0.009124572245130379,0.0,0.004134961929285127,0.009806165652957069,0.015033510880149982,0.03800417558764549,0.027717177535576603,0.05931937696831902,0.01963459016962271,0.0015750572890653961,0.03398862516885722,0.0,0.02726065165121844,0.01655959147927624,0.0
09_024,"Mackerel, fillet, steamed* (without salt)",0.008100240414739166,0.002819430802321048,0.010436602241162198,0.0,0.004134961929285127,0.010382998926660426,0.016107333085874982,0.04105671981155276,0.027934283364836995,0.06779357367807888,0.0224801829478289,0.0017976197320855064,0.03398862516885722,0.0,0.030289612945798267,0.01887437308390625,0.0
09_050,"Mahi mahi, fillet, raw",0.0014877992598500511,0.001409715401160524,0.0027433354462483494,0.0,0.003859297800666118,0.002884166368516785,0.01145410352773332,0.03937782048840376,0.03176981968177057,0.05350849922448369,0.005122067000771142,6.848075169849549e-05,0.0018539250092103937,0.0,0.006057922589159654,0.0064101644435908016,0.0
09_075,"Mahi mahi, fillet, boiled* (as part of a recipe)",0.0018184213175945069,0.0016916584813926286,0.0032800749900795483,0.0,0.003859297800666118,0.003460999642220142,0.013959688674424984,0.04746706268175802,0.038282994559582305,0.06440389499417494,0.006260304112053618,6.848075169849549e-05,0.0020084187599779266,0.0,0.007572403236449567,0.0076565853076223465,0.0
09_074,"Mahi mahi, fillet, grilled* (without salt or fat)",0.002314354404211191,0.001973601561624734,0.003936089988095458,0.0,0.004410626057904135,0.003460999642220142,0.015033510880149982,0.051435370172837475,0.03915141787662387,0.07747836991780443,0.006402583750963927,8.560093962311936e-05,0.002410102511973512,0.0,0.00908688388373948,0.009259126418520048,0.0
09_073,"Mahi mahi, fillet, steamed* (without salt)",0.0018184213175945069,0.001409715401160524,0.0032800749900795483,0.0,0.003307969543428101,0.002884166368516785,0.011812044262974986,0.04029358375557594,0.028730338072125095,0.06440389499417494,0.005264346639681451,6.848075169849549e-05,0.0017921275089033805,0.0,0.007572403236449567,0.0076565853076223465,0.0
09_051,"Mola carplet, small whole fish, viscera, fins and scales removed, raw",0.18630552953900084,0.001409715401160524,0.008826383609668602,0.0,0.0011026565144760336,0.03287949660109135,0.015033510880149982,0.1068390478367544,0.007598704024113691,0.03873918495890222,0.004979787361860832,0.005683902390975126,0.021629125107454593,0.0,0.08178195495365533,0.0658822456702388,0.0
09_078,"Mola carplet, small whole fish, viscera, fins and scales removed, boiled* (as part of a recipe)",0.22432706617961326,0.0016916584813926286,0.010615515422439265,0.0,0.0011026565144760336,0.03980149588553163,0.01825497749732498,0.12866473903769138,0.009190813438689893,0.0467291418566758,0.0059757448342329985,0.0061461474649399704,0.02317406261512992,0.0,0.08935435819010489,0.0794148150511527,0.0
09_077,"Mola carplet, small whole fish, viscera, fins and scales removed, grilled* (without salt or fat)",0.26995291014834816,0.0016916584813926286,0.01276247359776406,0.0,0.001378320643095042,0.04037832915923499,0.019686740438291644,0.1393486438213668,0.00933555065819682,0.056171818190408215,0.006118024473143308,0.007395921183437512,0.027808875138155907,0.0,0.10752812595758383,0.09544022616012972,0.0
09_076,"Mola carplet, small whole fish, viscera, fins and scales removed, steamed* (without salt)",0.22432706617961326,0.001409715401160524,0.010615515422439265,0.0,0.0011026565144760336,0.03172583005368464,0.01539145161539165,0.10943371042707557,0.006875017926579053,0.0467291418566758,0.005122067000771142,0.0061461474649399704,0.0207021626028494,0.0,0.08935435819010489,0.0794148150511527,0.0
09_026,"Mormyrid, fillet, raw",0.020333256551284033,0.002537487722088943,0.0023258713566018615,0.0,0.003032305414809093,0.006921999284440284,0.010738222057249988,0.0409040926003574,0.025546119242972693,0.04406582289075127,0.005833465195322689,0.0002910431947186058,0.008342662541446772,0.0,0.03937649682953775,0.010327487159118513,0.0
09_079,"Mormyrid, fillet, boiled* (as part of a recipe)",0.02446603227308973,0.0031013738825531527,0.0028029731733407045,0.0,0.003307969543428101,0.008075665831846999,0.012885866468699986,0.04929858921610238,0.03075665914522208,0.05302425941249741,0.006971702306605165,0.0003252835705678536,0.009269625046051968,0.0,0.043919938771407485,0.012464208640315447,0.0
09_028,"Mormyrid, fillet, grilled* (without salt or fat)",0.029425363139256568,0.0036652600430173623,0.003339712717171904,0.0,0.0035836336720471095,0.008075665831846999,0.013959688674424984,0.0534195239183772,0.03148034524275672,0.06367753527619552,0.007113981945515474,0.00039376432226634903,0.011123550055262364,0.0,0.05149234200785705,0.014957050368378537,0.0
09_027,"Mormyrid, fillet, steamed* (without salt)",0.02446603227308973,0.002819430802321048,0.0028029731733407045,0.0,0.002756641286190084,0.006345166010736928,0.011096162792491654,0.04181985586752958,0.023085586511354925,0.05302425941249741,0.005833465195322689,0.0003252835705678536,0.008033675039911706,0.0,0.043919938771407485,0.012464208640315447,0.0
09_052,"Mullet, fillet, raw",0.005620574981655749,0.0005638861604642096,0.0019084072669553734,0.0,0.003307969543428101,0.007498832558143641,0.005369111028624994,0.03388324088537068,0.02395400982839649,0.04963458072859347,0.009390456168080426,0.0003081633826432297,0.0006797725033771444,0.0,0.00454344194186974,0.008012705554488502,0.0
09_085,"Mullet, fillet, boiled* (as part of a recipe)",0.006777752183761344,0.0005638861604642096,0.0023258713566018615,0.0,0.003307969543428101,0.009229332379253713,0.006442933234349993,0.04075146538916204,0.028875075291632024,0.059803616780305296,0.011382371112824759,0.00034240375849247745,0.0007415700036841575,0.0,0.00454344194186974,0.009615246665386204,0.0
09_084,"Mullet, fillet, grilled* (without salt or fat)",0.008100240414739166,0.0005638861604642096,0.0028029731733407045,0.0,0.003859297800666118,0.009229332379253713,0.007158814704833326,0.044261891246655395,0.029526392779413196,0.07190961207996224,0.01152465075173507,0.00041088451019097294,0.0008960637544516903,0.0,0.006057922589159654,0.011573908023150059,0.0
09_083,"Mullet, fillet, steamed* (without salt)",0.006777752183761344,0.0005638861604642096,0.0023258713566018615,0.0,0.002756641286190084,0.007498832558143641,0.005369111028624994,0.0346463769413475,0.02163821431628565,0.059803616780305296,0.009675015445901046,0.00034240375849247745,0.0006488737532236378,0.0,0.00454344194186974,0.009615246665386204,0.0
09_060,"North African catfish, fillet, raw",0.0038021536640612417,0.0011277723209284192,0.006917976342713228,0.0,0.003859297800666118,0.002884166368516785,0.00859057764579999,0.027472898015165417,0.02178295153579258,0.04309734326677872,0.005833465195322689,0.00015408169132161484,0.010814562553727296,0.0,0.015144806472899133,0.01905243320733933,0.0
09_082,"North African catfish, fillet, boiled* (as part of a recipe)",0.004628708808422382,0.001409715401160524,0.008289644065837402,0.0,0.003859297800666118,0.003460999642220142,0.010380281322008321,0.033120104829393864,0.026269805340507327,0.05205577978852485,0.006971702306605165,0.00017120187924623873,0.011741525058332493,0.0,0.016659287120189048,0.02296975592286704,0.0
09_081,"North African catfish, fillet, grilled* (without salt or fat)",0.005455263952783521,0.0016916584813926286,0.009959500424423354,0.0,0.004410626057904135,0.003460999642220142,0.011096162792491654,0.035867394630910404,0.02684875421853504,0.06246693574622983,0.007256261584425784,0.00020544225509548647,0.014213425070613017,0.0,0.019688248414768874,0.027599319132127063,0.0
09_080,"North African catfish, fillet, steamed* (without salt)",0.004628708808422382,0.0011277723209284192,0.008289644065837402,0.0,0.003307969543428101,0.002884166368516785,0.008948518381041657,0.02808340685994687,0.01968426185294213,0.05205577978852485,0.0059757448342329985,0.00017120187924623873,0.010505575052192231,0.0,0.016659287120189048,0.02296975592286704,0.0
09_037,"Sardine, canned in oil, drained, with bones",0.06959594315520795,0.0042291462034815715,0.036498288980521515,0.0,0.0016539847717140506,0.013843998568880567,0.01718115529159998,0.07173478926182081,0.0253290134137123,0.06004573668629844,0.06231848184271555,0.0008388892083065697,0.027808875138155907,0.0,0.06360818718617636,0.03151664184765478,0.0
09_004,"Sardine, fillet, raw",0.008265551443611395,0.001409715401160524,0.0036379013526336803,0.0,0.0063402749582371935,0.009806165652957069,0.015749392350633315,0.05540367766391692,0.016500043023789726,0.0479397413866415,0.0076831005011567125,0.00022256244302011033,0.025645962627410448,0.0,0.053006822655146967,0.02724319888526091,0.0
09_087,"Sardine, fillet, boiled* (as part of a recipe)",0.009918661732333675,0.001973601561624734,0.004413191804834301,0.0,0.0063402749582371935,0.012113498747770499,0.018970858967808313,0.06685071850356918,0.019901367682202523,0.05762453762636705,0.009248176529170116,0.00023968263094473422,0.027808875138155907,0.0,0.057550264597016704,0.0329411228351194,0.0
09_036,"Sardine, fillet, grilled* (without salt or fat)",0.011902394078800409,0.001973601561624734,0.005307757711219632,0.0,0.007167267344094219,0.012113498747770499,0.020402621908774978,0.07234529810660226,0.020335579340723303,0.06948841302003085,0.009390456168080426,0.0002910431947186058,0.03398862516885722,0.0,0.06966610977533601,0.03952934740214328,0.0
09_035,"Sardine, fillet, steamed* (without salt)",0.009918661732333675,0.0016916584813926286,0.004413191804834301,0.0,0.00523761844376116,0.009806165652957069,0.016107333085874982,0.056777322564675194,0.014907933609213525,0.05762453762636705,0.007825380140067022,0.00023968263094473422,0.02471900012280525,0.0,0.057550264597016704,0.0329411228351194,0.0
09_056,"Sea snail/whelk, flesh, raw",0.00942272864571699,0.029040137263906793,0.0002981886354617771,0.0,0.0016539847717140506,0.02884166368516785,0.0307829032307833,0.021520436778546242,0.02511190758445191,0.05762453762636705,0.029309605615523756,0.00044512488604022066,0.027808875138155907,0.0055911965467380755,0.0,0.029023800119591686,0.012092197663242482
09_101,"Sea snail/whelk, boiled* (as part of a recipe)",0.011406460992183726,0.034960941948780994,0.0002981886354617771,0.0,0.0016539847717140506,0.035186829695904774,0.03722583646513329,0.02594662590321178,0.030250078876947833,0.06948841302003085,0.03528535044975675,0.00047936526188946843,0.030280775150436434,0.0055911965467380755,0.0,0.034899784192883254,0.014417620290789116
09_100,"Sea snail/whelk, grilled* (without salt or fat)",0.013720815396394916,0.04003591739295888,0.0003578263625541325,0.0,0.001929648900333059,0.03576366296960814,0.04008936234706662,0.02808340685994687,0.03090139636472901,0.08377348747362605,0.03613902828321861,0.0005649662015125877,0.03707850018420787,0.006988995683422595,0.0,0.04202218913020637,0.017363155619014844
09_099,"Sea snail/whelk, steamed* (without salt)",0.011406460992183726,0.03157762498599574,0.0002981886354617771,0.0,0.001378320643095042,0.027687997137761135,0.03149878470126663,0.021978318412132332,0.022723743462587608,0.06948841302003085,0.030021003810075303,0.00044512488604022066,0.026881912633550706,0.0055911965467380755,0.0,0.034899784192883254,0.014417620290789116
09_038,"Shiny-nose, fillet, raw",0.017192347002711703,0.0005638861604642096,0.001729494085678307,0.0,0.001929648900333059,0.0011536665474067142,0.010738222057249988,0.017094247653880703,0.027138228657548894,0.051087300164552304,0.007398541223336093,3.4240375849247745e-05,0.008342662541446772,0.0,0.01817376776747896,0.017806012343307785,0.0
09_088,"Shiny-nose, fillet, boiled* (as part of a recipe)",0.020663878609028487,0.0005638861604642096,0.0020873204482324396,0.0,0.001929648900333059,0.0011536665474067142,0.013243807203941652,0.0204520463001787,0.0327106116085656,0.06174057602825041,0.008963617251349497,3.4240375849247745e-05,0.009269625046051968,0.0,0.019688248414768874,0.021367214811969338,0.0
09_040,"Shiny-nose, fillet, grilled* (without salt or fat)",0.024796654330834184,0.0008458292406963143,0.0025047845378789275,0.0,0.0022053130289520673,0.0011536665474067142,0.014317629409666651,0.022130945623327698,0.033434297706100236,0.07433081113989363,0.009105896890259807,3.4240375849247745e-05,0.010814562553727296,0.0,0.0227172097093487,0.025818717897796283,0.0
09_039,"Shiny-nose, fillet, steamed* (without salt)",0.020663878609028487,0.0005638861604642096,0.0020873204482324396,0.0,0.0016539847717140506,0.0011536665474067142,0.011096162792491654,0.01739950207627143,0.0245329587064242,0.06174057602825041,0.0076831005011567125,3.4240375849247745e-05,0.008033675039911706,0.0,0.019688248414768874,0.021367214811969338,0.0
09_057,"Shrimp (crayfish), whole, dried",0.41691441481575875,0.05638861604642096,0.006261961344697319,0.0,0.03859297800666118,0.14593881824694932,0.2398202926119164,0.20329944531222408,0.08011205099708434,0.15277766068167062,0.18467897130558172,0.00015408169132161484,0.018230262590568872,0.0517185680573272,0.0,0.12161506430479216,0.012247225838412258
09_058,"Shrimp, palaemonid, flesh, raw",0.0072736852703780275,0.028758194183674687,0.003101161808802482,0.0,0.0035836336720471095,0.01557449838999064,0.018970858967808313,0.03693578510927795,0.019539524633435203,0.05375061913047682,0.0224801829478289,0.00010272112754774324,0.021629125107454593,0.0013977991366845189,0.0,0.040597708142741745,0.00046508452550932626
09_104,"Shrimp, palaemonid, flesh, boiled* (as part of a recipe)",0.008761484530228078,0.03439705578831678,0.0037571768068183913,0.0,0.0035836336720471095,0.01903549803221078,0.022550266320224974,0.04456714566904612,0.02351979816987571,0.06464601490016808,0.02717541103186911,6.848075169849549e-05,0.023483050116664985,0.0013977991366845189,0.0,0.048966533944096405,0.00046508452550932626
09_103,"Shrimp, palaemonid, flesh, grilled* (without salt or fat)",0.008430862472483622,0.03157762498599574,0.0036379013526336803,0.0,0.003307969543428101,0.01557449838999064,0.019686740438291644,0.038614684432426945,0.01932241880417481,0.06246693574622983,0.02219562367000828,5.136056377387162e-05,0.02255608761205979,0.0,0.0,0.04718593270976562,0.00046508452550932626
09_102,"Shrimp, palaemonid, flesh, steamed* (without salt)",0.008761484530228078,0.03101373882553153,0.0037571768068183913,0.0,0.003032305414809093,0.014997665116287282,0.01932879970304998,0.03785154837645013,0.017657940779845147,0.06464601490016808,0.02304930150347014,5.136056377387162e-05,0.021011150104384462,0.0,0.0,0.048966533944096405,0.00046508452550932626
09_059,"Shrimp, penaeid, flesh, raw",0.010910527905567041,0.012123552449980505,0.001550580904401241,0.0,0.003859297800666118,0.009229332379253713,0.013243807203941652,0.04075146538916204,0.014184247511678889,0.052297899694518,0.017927234502698994,0.0009587305237789369,0.006488737532236379,0.0,0.028775132298508352,0.023147816046300118,0.0015502817516977543
09_107,"Shrimp, penaeid, flesh, boiled* (as part of a recipe)",0.013059571280906004,0.01466104017206945,0.0019084072669553734,0.0,0.003859297800666118,0.010959832200363782,0.015749392350633315,0.04914596200490702,0.01707899190181744,0.06295117555821611,0.02162650511436704,0.0002910431947186058,0.007106712535306509,0.0,0.030289612945798267,0.027777379255560144,0.0020153662772070804
09_106,"Shrimp, penaeid, flesh, grilled* (without salt or fat)",0.012563638194289321,0.013533267851141029,0.001848769539863018,0.0,0.0035836336720471095,0.009229332379253713,0.013959688674424984,0.0425829919235064,0.014039510292171962,0.06077209640427786,0.017784954863788685,0.00027392300679398196,0.006797725033771444,0.0,0.028775132298508352,0.026887078638394752,0.001860338102037305
09_105,"Shrimp, penaeid, flesh, steamed* (without salt)",0.013059571280906004,0.013251324770908924,0.0019084072669553734,0.0,0.003032305414809093,0.008652499105550356,0.013601747939183319,0.04166722865633422,0.012809243926363078,0.06295117555821611,0.018354073419429923,0.00027392300679398196,0.006488737532236379,0.0,0.028775132298508352,0.027777379255560144,0.0020153662772070804
09_041,"Tilapia, fillet, raw",0.01801890214707284,0.001409715401160524,0.0017891318127706624,0.0,0.001378320643095042,0.009806165652957069,0.011096162792491654,0.038919938854817676,0.019250050194421348,0.04503430251472383,0.009105896890259807,0.00017120187924623873,0.004634812523025984,0.0,0.030289612945798267,0.016203471232410085,0.0
09_089,"Tilapia, fillet, boiled* (as part of a recipe)",0.020663878609028487,0.001409715401160524,0.0020276827211400845,0.0,0.001378320643095042,0.01153666547406714,0.012527925733458319,0.04471977288024148,0.022072425974806433,0.05181365988253171,0.010528693279362901,0.00017120187924623873,0.00494380002456105,0.0,0.030289612945798267,0.018696312960473173,0.0
09_043,"Tilapia, fillet, grilled* (without salt or fat)",0.022812921984367452,0.0016916584813926286,0.002266233629509506,0.0,0.001378320643095042,0.010959832200363782,0.012527925733458319,0.044261891246655395,0.020697422389490624,0.05714029781438078,0.009817295084811354,0.00018832206717086259,0.0052527875260961155,0.0,0.034833054887668004,0.02047691419480395,0.0
09_042,"Tilapia, fillet, steamed* (without salt)",0.020663878609028487,0.001409715401160524,0.0020276827211400845,0.0,0.0011026565144760336,0.009229332379253713,0.010738222057249988,0.03800417558764549,0.016572411633543192,0.05181365988253171,0.008963617251349497,0.00017120187924623873,0.004325825021490919,0.0,0.030289612945798267,0.018696312960473173,0.0
09_110,"Tuna, canned in water, drained",0.0018184213175945069,0.001409715401160524,0.00143130545021653,0.0,0.0024809771575710756,0.007498832558143641,0.010022340586766655,0.02808340685994687,0.016572411633543192,0.06028785659229157,0.042968450950913464,0.0002568028188693581,0.006797725033771444,0.0,0.024231690356638615,0.013532569380913914,0.0
09_111,"Tuna, canned in oil, drained",0.0011571772021055954,0.002537487722088943,0.0017891318127706624,0.0,0.0008269923858570253,0.005191499463330213,0.011812044262974986,0.034188495307761406,0.021131634048011404,0.06149845612225727,0.05719641484194441,0.0002910431947186058,0.007106712535306509,0.0,0.016659287120189048,0.012820328887181603,0.0
09_005,"Tuna, fillet, raw",0.0018184213175945069,0.0016916584813926286,0.005427033165404343,0.0,0.0016539847717140506,0.00576833273703357,0.014317629409666651,0.03907256606601304,0.025401382023465764,0.05714029781438078,0.007113981945515474,0.00023968263094473422,0.014213425070613017,0.0,0.05149234200785705,0.006944344813890036,0.0
09_092,"Tuna, fillet, boiled* (as part of a recipe)",0.002314354404211191,0.001973601561624734,0.006798700888528517,0.0,0.0016539847717140506,0.006921999284440284,0.017897036762083315,0.048840707582516296,0.03176981968177057,0.07142537226797596,0.008821337612439188,0.00027392300679398196,0.016067350079823413,0.0,0.05906474524430662,0.008724946048220814,0.0
09_091,"Tuna, fillet, grilled* (without salt or fat)",0.0024796654330834188,0.001973601561624734,0.007335440432359716,0.0,0.0016539847717140506,0.006345166010736928,0.01718115529159998,0.047619689892953385,0.02923691834039934,0.0772362500118113,0.008109939417887641,0.0002910431947186058,0.017303300085963674,0.0,0.06360818718617636,0.009437186541953125,0.0
09_090,"Tuna, fillet, steamed* (without salt)",0.002314354404211191,0.0016916584813926286,0.006798700888528517,0.0,0.001378320643095042,0.00576833273703357,0.015033510880149982,0.04151460144513885,0.023809272608889563,0.07142537226797596,0.007540820862246403,0.00027392300679398196,0.014213425070613017,0.0,0.05906474524430662,0.008724946048220814,0.0
09_054,"Venus clams, flesh, raw",0.030251918283617705,0.0042291462034815715,0.0020276827211400845,0.0,0.013507542302331412,0.03807099606442156,0.028635258819333303,0.020299419088983334,0.01461845917019967,0.022275031351368775,0.07256261584425784,0.0013696150339699098,0.11741525058332494,0.0013977991366845189,0.03180409359308818,0.020833034441670104,0.00542598613094214
09_095,"Venus clams, flesh, boiled* (as part of a recipe)",0.047940198372946094,0.006484690845338411,0.003458988171356614,0.0,0.018193832488854554,0.060567493738852486,0.045458473375691616,0.03220434156222168,0.023230323730861854,0.03534950627499827,0.11510422787844038,0.001968821611331745,0.16685325082893543,0.0013977991366845189,0.0454344194186974,0.0329411228351194,0.008526549634337648
09_094,"Venus clams, flesh, steamed* (without salt)",0.047940198372946094,0.005920804684874201,0.003458988171356614,0.0,0.014885862945426454,0.048453994991081994,0.03865759940609996,0.027320270803970054,0.017440834950584756,0.03534950627499827,0.09788839157029293,0.0018147399200101305,0.14831400073683149,0.0013977991366845189,0.04089097747682766,0.0329411228351194,0.008526549634337648
09_006,"White grouper, fillet, raw",0.005455263952783521,0.001409715401160524,0.003101161808802482,0.0,0.003032305414809093,0.007498832558143641,0.012527925733458319,0.028693915704728325,0.02590796229174001,0.046971261762668935,0.007256261584425784,3.4240375849247745e-05,0.0018539250092103937,0.0,0.01363032582560922,0.023147816046300118,0.0
09_093,"White grouper, fillet, boiled* (as part of a recipe)",0.0064471301260168885,0.001409715401160524,0.003697539079726036,0.0,0.003307969543428101,0.009229332379253713,0.015033510880149982,0.0346463769413475,0.031263239413496326,0.056413938096401356,0.00867905797352888,3.4240375849247745e-05,0.0020084187599779266,0.0,0.015144806472899133,0.02795543937899322,0.0
09_047,"White grouper, fillet, grilled* (without salt or fat)",0.007769618356994711,0.0016916584813926286,0.004472829531926657,0.0,0.0035836336720471095,0.009229332379253713,0.01646527382111665,0.03739366674286404,0.03198692551103096,0.06779357367807888,0.008963617251349497,5.136056377387162e-05,0.002410102511973512,0.0,0.01817376776747896,0.03347530320541863,0.0
09_046,"White grouper, fillet, steamed* (without salt)",0.0064471301260168885,0.001409715401160524,0.003697539079726036,0.0,0.002756641286190084,0.007498832558143641,0.012885866468699986,0.02945705176070514,0.023447429560122243,0.056413938096401356,0.007398541223336093,3.4240375849247745e-05,0.0017921275089033805,0.0,0.015144806472899133,0.02795543937899322,0.0
10_004,"Breastmilk, mature",0.004298086750677926,0.001409715401160524,0.002445146810786572,0.0,0.001378320643095042,0.0011536665474067142,0.0010738222057249988,0.002442035379125815,0.004342116585207823,0.002663318965924528,0.0008536778334618569,0.0010443314634020562,0.00015449375076753282,0.0055911965467380755,0.0015144806472899134,0.003561202468661557,0.013022366714261135
10_006,"Cheese, cheddar, from cow’s milk",0.1302650907513156,0.001973601561624734,0.005009569075757855,0.0,0.004961954315142151,0.004037832915923499,0.010738222057249988,0.08119767635593333,0.005934225999784025,0.059803616780305296,0.06929018414932071,0.004502609424176078,0.005561775027631182,0.0,0.007572403236449567,0.06997762850919959,0.0027905071530559575
10_028,"Cheese, fresh curd, from cow’s milk",0.10414594818950358,0.002819430802321048,0.003220437262987193,0.0,0.009096916244427277,0.006345166010736928,0.011096162792491654,0.067613854559546,0.011072397292279948,0.03752858542893652,0.004410668806219594,0.0019517014234071213,0.001823026259056887,0.0,0.0015144806472899134,0.010861667529417748,0.005891070656451466
10_008,"Cheese, Gouda, from cow’s milk",0.13324068927101568,0.0016916584813926286,0.0048306558944807895,0.0,0.005788946700999177,0.004614666189626857,0.011096162792491654,0.08623437432538034,0.005138171292495924,0.057866657532360186,0.07270489548316815,0.003595239464171013,0.0052527875260961155,0.0,0.006057922589159654,0.06659448616397111,0.00046508452550932626
10_007,"Cheese, hard type, from goat’s milk",0.14795337084064397,0.002537487722088943,0.0050692068028502105,0.0,0.0011026565144760336,0.010959832200363782,0.01932879970304998,0.11126523696141993,0.00839475873140179,0.07384657132790735,0.060184287259060915,0.008320411331367203,0.00037078500184207873,0.0,0.010601364531029393,0.028311559625859378,0.001860338102037305
10_027,"Cheese, processed, spreadable, shelf-stable (e.g. Laughing Cow)",0.08662297912904743,0.005356918524409991,0.0037571768068183913,0.0,0.003032305414809093,0.001730499821110071,0.009306459116283323,0.1277489757705192,0.015921094145762017,0.03583374608698455,0.14227963891030948,0.003338436645301655,0.001915722509517407,0.0,0.003028961294579827,0.04148800875990714,0.01085197226188428
10_009,"Cream, from cow’s milk, ca. 38% fat",0.012067705107672636,0.0008458292406963143,0.005546308619589054,0.0,0.00689160321547521,0.001730499821110071,0.002505585146691664,0.00885237824933108,0.010059236755731456,0.005084518025855916,0.00554890591750207,0.007139118364568155,0.00030898750153506564,0.0013977991366845189,0.015144806472899133,0.009437186541953125,0.00542598613094214
10_010,"Cream, from cow’s milk, reduced fat, ca. 18% fat",0.013720815396394916,0.0002819430802321048,0.004055365442280169,0.0,0.006615939086856202,0.0005768332737033571,0.0032214666171749965,0.011752295262042984,0.0081776529021414,0.00653723746181475,0.006971702306605165,0.003304196269452407,0.0006488737532236378,0.0013977991366845189,0.016659287120189048,0.004807623332693102,0.006201127006791017
10_001,"Milk, cow, whole, pasteurized or UHT, 3.5% fat",0.01967201243579512,0.0002819430802321048,0.000715652725108265,0.0,0.0022053130289520673,0.0005768332737033571,0.004295288822899995,0.01694162044268534,0.010638185633759166,0.007989956897773582,0.006402583750963927,0.0007190478928342026,0.001823026259056887,0.0,0.0015144806472899134,0.011217787776283903,0.007906436933658546
10_029,"Milk, cow, whole, raw, 4.5% fat",0.03157440651459553,0.0002819430802321048,0.0010138413605700423,0.0,0.0016539847717140506,0.0005768332737033571,0.004653229558141661,0.013736449007582708,0.011506608950800731,0.007505717085787305,0.006402583750963927,0.0004964854498140923,0.0012359500061402625,0.0013977991366845189,0.0015144806472899134,0.005697923949858491,0.007751408758488771
10_003,"Milk, goat, fresh",0.026284453590684237,0.0005638861604642096,0.0019084072669553734,0.0,0.0002756641286190084,0.0005768332737033571,0.007158814704833326,0.01770475649866216,0.013388192804390787,0.009442676333732416,0.007825380140067022,0.0006334469532110833,0.00030898750153506564,0.0013977991366845189,0.0015144806472899134,0.006766284690456957,0.007596380583318996
10_024,"Milk, sheep or goat, fermented",0.023970099186473047,0.0005638861604642096,0.0016102186314935964,0.0,0.0002756641286190084,0.0005768332737033571,0.004653229558141661,0.01968891024420188,0.012013189219074977,0.011621755487670665,0.006829422667694855,0.0007019277049095787,0.0009269625046051969,0.0013977991366845189,0.0015144806472899134,0.008546885924787735,0.009921803210865627
10_023,"Milk, sheep, fresh",0.027111008735045378,0.0005638861604642096,0.001968044994047729,0.0,0.001378320643095042,0.0005768332737033571,0.005369111028624994,0.021520436778546242,0.010565817024005702,0.014285074453595194,0.005691185556412379,0.0007704084566080743,0.0015449375076753281,0.004193397410053557,0.003028961294579827,0.011039727652850825,0.007286324232979445
10_026,"Yoghurt, from reduced fat/skimmed cow’s milk, sweetened/with fruit",0.0243007212442175,0.0002819430802321048,0.000417464089646488,0.0010988573100244794,0.002756641286190084,0.0005768332737033571,0.006084992499108327,0.015567975541927069,0.013171086975130397,0.00847419670975986,0.009105896890259807,0.0003081633826432297,0.0007724687538376641,0.0,0.0,0.007478525184189269,0.02139388817342901
10_025,"Yoghurt, plain, from reduced fat/skimmed cow’s milk",0.02463134330196196,0.0002819430802321048,0.00023855090836942167,0.0,0.002756641286190084,0.0005768332737033571,0.005369111028624994,0.016788993231489975,0.014039510292171962,0.009200556427739277,0.009390456168080426,0.0003595239464171013,0.0015449375076753281,0.0013977991366845189,0.0015144806472899134,0.014422869998079305,0.011627113137733156
10_005,"Yoghurt, plain, from whole cow’s milk",0.020333256551284033,0.0002819430802321048,0.000834928179292976,0.0,0.001929648900333059,0.0005768332737033571,0.004653229558141661,0.01159966805084762,0.009769762316717601,0.007021477273801027,0.004126109528398975,0.00044512488604022066,0.0012359500061402625,0.0013977991366845189,0.0015144806472899134,0.006232104320157724,0.011007000437054054
11_002,"Coconut oil, unfortified",0.0,0.0,0.007037251796897939,0.0,0.0,0.0,0.0,0.00030525442239072686,7.236860975346371e-05,0.0,0.0001422796389103095,0.0,0.0,0.0,0.0,0.00017806012343307785,0.0
11_018,"Coconut oil, fortified with vitamin A, 600–1000 mcg/100g (Ghana, Nigeria, Sierra Leone)",0.0,0.0,0.007037251796897939,0.0,0.0,0.0,0.0,0.00030525442239072686,7.236860975346371e-05,0.0,0.0001422796389103095,0.013696150339699098,0.0,0.0,0.0,0.00017806012343307785,0.0
11_017,"Coconut oil, fortified with vitamin A, 1100–2400 mcg/100g (Benin, Burkina Faso, Côte d’Ivoire, Guinea, Guinea-Bissau, Liberia, Mali, Niger, Senegal, Togo)",0.0,0.0,0.007037251796897939,0.0,0.0,0.0,0.0,0.00030525442239072686,7.236860975346371e-05,0.0,0.0001422796389103095,0.029960328868091777,0.0,0.0,0.0,0.00017806012343307785,0.0
11_005,"Cottonseed oil, yellow brown, unfortified",0.0,0.0,0.30594153998378326,0.0,0.0,0.0,0.0,0.0,0.0,0.0,0.0,0.0,0.0,0.0,0.0,0.0,0.0
11_020,"Cottonseed oil, fortified with vitamin A, 600–1000 mcg/100g (Ghana, Nigeria, Sierra Leone)",0.0,0.0,0.30594153998378326,0.0,0.0,0.0,0.0,0.0,0.0,0.0,0.0,0.013696150339699098,0.0,0.0,0.0,0.0,0.0
11_019,"Cottonseed oil, fortified with vitamin A, 1100–2400 mcg/100g (Benin, Burkina Faso, Côte d’Ivoire, Guinea, Guinea-Bissau, Liberia, Mali, Niger, Senegal, Togo)",0.0,0.0,0.30594153998378326,0.0,0.0,0.0,0.0,0.0,0.0,0.0,0.0,0.029960328868091777,0.0,0.0,0.0,0.0,0.0
11_003,"Groundnut oil, unfortified",0.0,0.0,0.18010593581891335,0.0,0.0,0.0005768332737033571,0.0003579407352416663,0.00030525442239072686,0.0,0.0,0.0,0.0,0.0,0.0,0.0,0.0010683607405984669,0.0
11_021,"Groundnut oil, fortified with vitamin A, 1100–2400 mcg/100g (Benin, Burkina Faso, Côte d’Ivoire, Guinea, Guinea-Bissau, Liberia, Mali, Niger, Senegal, Togo)",0.0,0.0,0.18010593581891335,0.0,0.0,0.0005768332737033571,0.0003579407352416663,0.00030525442239072686,0.0,0.0,0.0,0.029960328868091777,0.0,0.0,0.0,0.0010683607405984669,0.0
11_022,"Groundnut oil, fortified with vitamin A, 600–1000 mcg/100g (Ghana, Nigeria, Sierra Leone)",0.0,0.0,0.18010593581891335,0.0,0.0,0.0005768332737033571,0.0003579407352416663,0.00030525442239072686,0.0,0.0,0.0,0.013696150339699098,0.0,0.0,0.0,0.0010683607405984669,0.0
11_012,"Palm kernel oil, unfortified",0.0016531102887222791,0.0,0.009661311788961579,0.0,0.0,0.0576833273703357,0.001431762940966665,0.00045788163358609027,0.0028947443901385485,0.0,0.005264346639681451,0.0,0.0,0.0,0.0,0.050212954808127944,0.0
11_026,"Palm kernel oil, fortified with vitamin A, 600–1000 mcg/100g (Ghana, Nigeria, Sierra Leone)",0.0016531102887222791,0.0,0.009661311788961579,0.0,0.0,0.0576833273703357,0.001431762940966665,0.00045788163358609027,0.0028947443901385485,0.0,0.005264346639681451,0.013696150339699098,0.0,0.0,0.0,0.050212954808127944,0.0
11_025,"Palm kernel oil, fortified with vitamin A, 1100–2400 mcg/100g (Benin, Burkina Faso, Côte d’Ivoire, Guinea, Guinea-Bissau, Liberia, Mali, Niger, Senegal, Togo)",0.0016531102887222791,0.0,0.009661311788961579,0.0,0.0,0.0576833273703357,0.001431762940966665,0.00045788163358609027,0.0028947443901385485,0.0,0.005264346639681451,0.029960328868091777,0.0,0.0,0.0,0.050212954808127944,0.0
11_004,"Palm oil, red",0.0003306220577444558,0.0,0.05868352345887773,0.0,0.0,0.0011536665474067142,0.0,0.00030525442239072686,0.0,0.0,0.0,0.09792747492884855,0.0,0.0,0.0,0.0,0.0
11_007,"Palm oil, refined and decoloured, unfortified",0.0,0.0,0.058862436640154794,0.0,0.0,0.0011536665474067142,0.0,0.0,0.0,0.0,0.0,0.0,0.0,0.0,0.0,0.0,0.0
11_024,"Palm oil, refined and decoloured, fortified with vitamin A, 600–1000 mcg/100g (Ghana, Nigeria, Sierra Leone)",0.0,0.0,0.058862436640154794,0.0,0.0,0.0011536665474067142,0.0,0.0,0.0,0.0,0.0,0.013696150339699098,0.0,0.0,0.0,0.0,0.0
11_023,"Palm oil, refined and decoloured, fortified with vitamin A, 1100–2400 mcg/100g (Benin, Burkina Faso, Côte d’Ivoire, Guinea, Guinea-Bissau, Liberia, Mali, Niger, Senegal, Togo)",0.0,0.0,0.058862436640154794,0.0,0.0,0.0011536665474067142,0.0,0.0,0.0,0.0,0.0,0.029960328868091777,0.0,0.0,0.0,0.0,0.0
11_009,"Soya oil, unfortified",0.0,0.0002819430802321048,0.32979663082072547,0.0,0.0,0.0005768332737033571,0.0,0.0,0.0,0.0,0.0,0.0,0.0,0.0,0.0,0.00017806012343307785,0.0
11_027,"Soya oil, fortified with vitamin A, 1100–2400 mcg/100g (Benin, Burkina Faso, Côte d’Ivoire, Guinea, Guinea-Bissau, Liberia, Mali, Niger, Senegal, Togo)",0.0,0.0002819430802321048,0.32979663082072547,0.0,0.0,0.0005768332737033571,0.0,0.0,0.0,0.0,0.0,0.029960328868091777,0.0,0.0,0.0,0.00017806012343307785,0.0
11_028,"Soya oil, fortified with vitamin A, 600–1000 mcg/100g (Ghana, Nigeria, Sierra Leone)",0.0,0.0002819430802321048,0.32979663082072547,0.0,0.0,0.0005768332737033571,0.0,0.0,0.0,0.0,0.0,0.013696150339699098,0.0,0.0,0.0,0.00017806012343307785,0.0
11_014,Olive oil,0.0001653110288722279,0.0002819430802321048,0.05427033165404343,0.0,0.0,0.001730499821110071,0.0,0.00015262721119536343,7.236860975346371e-05,0.0,0.0001422796389103095,0.0,0.0,0.0,0.0,0.00017806012343307785,0.0
12_023,Coconut water,0.00396746469293347,0.0011277723209284192,5.963772709235542e-05,0.0,0.0024809771575710756,0.0011536665474067142,0.008232636910558325,0.003357798646297995,0.014835564999460062,0.00048423981198627777,0.005833465195322689,0.0,0.0,0.0027955982733690377,0.0,0.0017806012343307785,0.0065111833571305676
12_005,"Coffee, instant, powder",0.023970099186473047,0.012969381690676822,0.0011927545418471085,0.02747143275061198,0.001929648900333059,0.023650164221837636,0.12062602777644153,0.047619689892953385,0.26559279779521183,0.0423709835487993,0.008536778334618569,0.0,0.0,0.0013977991366845189,0.0,0.012820328887181603,0.0927068487515257
12_009,"Coffee, liquid",0.0004959330866166837,0.0002819430802321048,0.0,0.0005494286550122397,0.0,0.0005768332737033571,0.001431762940966665,0.00045788163358609027,0.0026776385608781577,0.00024211990599313889,0.000569118555641238,0.0,0.0,0.0,0.0,0.00017806012343307785,0.00046508452550932626
12_012,"Juice, canned or bottled, sweetened (e.g. apple)",0.0014877992598500511,0.0002819430802321048,0.0,0.0010988573100244794,0.0,0.001730499821110071,0.0017897036762083314,0.0009157632671721805,0.005789488780277097,0.00024211990599313889,0.0014227963891030948,0.0,0.0,0.0013977991366845189,0.0,0.0007122404937323114,0.017518183794184624
12_013,"Juice, canned or bottled, unsweetened (e.g. grapefruit)",0.0014877992598500511,0.0011277723209284192,0.0,0.0,0.0005513282572380168,0.0005768332737033571,0.00286352588193333,0.001831526534344361,0.008105284292387936,0.0007263597179794166,0.0019919149447443327,0.0,0.0,0.03913837582716653,0.0,0.0010683607405984669,0.012247225838412258
12_010,"Juice, lemon, fresh, unsweetened",0.0011571772021055954,0.0011277723209284192,0.0,0.0005494286550122397,0.004410626057904135,0.0005768332737033571,0.0021476444114499975,0.001068390478367544,0.008901338999676036,0.0009684796239725555,0.0001422796389103095,0.0,0.0,0.0517185680573272,0.0,0.0008903006171653892,0.012712310363921587
12_011,"Juice, orange, fresh, unsweetened",0.0028102874908278743,0.0016916584813926286,0.0,0.0005494286550122397,0.010199572758903312,0.0023073330948134283,0.003937348087658329,0.002442035379125815,0.013171086975130397,0.001694839341951972,0.0001422796389103095,0.00015408169132161484,0.0,0.06150316201411883,0.0,0.0007122404937323114,0.014262592115619338
12_006,Palm wine (ca. 3.8% v/v alcohol),0.0003306220577444558,0.0002819430802321048,0.0,0.0,0.0002756641286190084,0.002884166368516785,0.0032214666171749965,0.0007631360559768171,0.006078963219290952,0.0009684796239725555,0.000284559277820619,0.0,0.0,0.0055911965467380755,0.0,0.00017806012343307785,0.0038757043792443857
12_007,"Sap, palm, fresh (0.3% v/v alcohol)",0.0003306220577444558,0.0005638861604642096,0.0,0.0,0.0002756641286190084,0.0023073330948134283,0.0032214666171749965,0.0009157632671721805,0.006078963219290952,0.0007263597179794166,0.000284559277820619,0.0,0.0,0.019569187913583266,0.0,0.00017806012343307785,0.016743042918335747
12_025,"Soybean milk, fluid, from soybeans only, unfortified",0.001983732346466735,0.001973601561624734,0.006023410436327897,0.0032965719300734374,0.003859297800666118,0.002884166368516785,0.005369111028624994,0.007631360559768171,0.008684233170415646,0.007263597179794166,0.0034147113338474275,0.0,0.0,0.0,0.0,0.003561202468661557,0.005115929780602589
12_021,"Water with fresh lemon juice, unsweetened*",0.0001653110288722279,0.0002819430802321048,0.0,0.0,0.0005513282572380168,0.0,0.0007158814704833325,0.00015262721119536343,0.0013026349755623468,0.00024211990599313889,0.000284559277820619,0.0,0.0,0.006988995683422595,0.0,0.00017806012343307785,0.0020153662772070804
12_022,"Water with fresh lemon juice, sweetened*",0.0001653110288722279,0.0002819430802321048,0.0,0.0,0.0005513282572380168,0.0,0.0007158814704833325,0.00015262721119536343,0.0011578977560554194,0.00024211990599313889,0.000284559277820619,0.0,0.0,0.006988995683422595,0.0,0.00017806012343307785,0.017208127443845072
14_021,"Babenda-1 (Burkina Faso)*: sauce from green leaves (amaranth, tchénébdo and hibiscus), groundnut powder, rice and onion",0.016861724944967245,0.0042291462034815715,0.0051884822570349215,0.011538001755257033,0.0063402749582371935,0.01326716529517721,0.01932879970304998,0.00931025988291717,0.014039510292171962,0.007747836991780444,0.03727726539450109,0.0010956920271759278,0.0,0.01397799136684519,0.0,0.008368825801354658,0.0066662115323003444
14_030,"Babenda-2 (Burkina Faso)*: sauce from green leaves (amaranth, hibiscus and spider plant), rice and groundnut powder",0.014712681569628284,0.004511089283713677,0.004771018167388434,0.010439144445232553,0.009923908630284303,0.014420831842583925,0.017539096026841648,0.007936614982158897,0.013605298633651178,0.007263597179794166,0.0009959574723721663,0.0013867352218945336,0.0,0.01397799136684519,0.0,0.007834645431055425,0.007441352408149221
14_025,"Banakou vand zéédo (Burkina Faso)*: cassava leaf sauce with fish, vegetables and red palm oil",0.021821055811134082,0.002537487722088943,0.015684722225289473,0.019230002925428386,0.009923908630284303,0.014997665116287282,0.013601747939183319,0.015415348330731707,0.026631648389274648,0.015495673983560889,0.0614648040092537,0.013045583198563391,0.004325825021490919,0.01397799136684519,0.003028961294579827,0.012108088393449293,0.001705309926867529
14_029,"Bengedo (Burkina Faso)*: cowpea leaf sauce with fish, vegetables, groundnut paste and fermented African locust beans",0.008430862472483622,0.005074975444177886,0.028566471277238246,0.010988573100244793,0.006064610829618186,0.008652499105550356,0.015749392350633315,0.015567975541927069,0.01932241880417481,0.018158992949485416,0.0525011867579042,0.0007190478928342026,0.005870762529166246,0.006988995683422595,0.00454344194186974,0.010505547282551592,0.0013952535765279787
14_014,"Bite zindo (Burkina Faso)*: hibiscus leaf sauce with fish, fermented African locust beans and tomatoes",0.014547370540756055,0.003947203123249468,0.022662336295095058,0.012087430410269273,0.00689160321547521,0.01326716529517721,0.012885866468699986,0.009005005460526442,0.012230295048335367,0.00847419670975986,0.047236840118222746,0.0012668939064221665,0.001915722509517407,0.019569187913583266,0.0015144806472899134,0.008190765677921581,0.0021703944523768556
14_015,"Blouvank koèég zéédo (Burkina Faso)*: jute mallow leaf sauce with lamb, vegetables, fermented African locust beans and red palm oil",0.008596173501355851,0.0022555446418568385,0.013120299960318193,0.0054942865501223966,0.002756641286190084,0.01557449838999064,0.007158814704833326,0.006562970081400627,0.008250021511894863,0.008232076803766721,0.07455453078900218,0.0005136056377387162,0.0008033675039911707,0.008386794820107114,0.0,0.008903006171653892,0.0009301690510186526
14_016,"Blouvank zéédo (Burkina Faso)*: jute mallow leaf sauce with fish, vegetables and red palm oil",0.012894260252033777,0.0011277723209284192,0.004115003169372524,0.007692001170171354,0.0035836336720471095,0.006345166010736928,0.008232636910558325,0.007783987770963534,0.011723714780061121,0.007505717085787305,0.05961516870341967,0.004434128672477583,0.0030898750153506562,0.019569187913583266,0.003028961294579827,0.004451503085826946,0.0017053099268675297
14_012,"Clear sauce with fish, red palm oil and vegetables (Burkina Faso)*",0.0036368426351890137,0.002537487722088943,0.0045921049861113675,0.007142572515159116,0.003307969543428101,0.005191499463330213,0.007158814704833326,0.010531277572480076,0.014184247511678889,0.0130744749236295,0.08750197792984034,0.0036808404037941326,0.006488737532236379,0.004193397410053557,0.00454344194186974,0.005519863826425412,0.0012402254013582034
14_027,Curry sauce with beef meat and vegetables (Burkina Faso)*,0.0026449764619556463,0.0011277723209284192,0.01508834495436592,0.0060437152051346366,0.003032305414809093,0.004037832915923499,0.004295288822899995,0.007020851714986717,0.008684233170415646,0.010169036051711832,0.05050927181315987,0.00013696150339699098,0.00043258250214909193,0.0055911965467380755,0.0015144806472899134,0.013354509257480838,0.004185760729583937
14_003,"Éindo tomate ne ziim zéindo (Burkina Faso)*: sauce with fish, tomato and fermented African locust beans",0.0064471301260168885,0.0042291462034815715,0.044310831229620075,0.008241429825183595,0.0035836336720471095,0.006921999284440284,0.008948518381041657,0.024725608213648876,0.017585572170091684,0.017432633231505998,0.07583504753919496,0.0004622450739648445,0.001266848756293769,0.01258019223016067,0.003028961294579827,0.011217787776283903,0.004185760729583937
14_004,Epinard zéédo (Burkina Faso)*: spinach sauce with fish and vegetables,0.011406460992183726,0.004511089283713677,0.03870488488293867,0.012087430410269273,0.020123481389187615,0.01153666547406714,0.02004468117353331,0.014652212274754889,0.034013246584127944,0.016222033701540305,0.11581562607299192,0.0017120187924623872,0.006488737532236379,0.020966987050267782,0.00454344194186974,0.010149427035685436,0.0020153662772070804
14_001,Fish and vegetable soup for children (Burkina Faso)*,0.0029755985197001023,0.001973601561624734,0.0023258713566018615,0.0049448578951101566,0.0024809771575710756,0.005191499463330213,0.007874696175316657,0.013583821796387344,0.020552685169983695,0.015737793889554028,0.03841550250578356,0.0012840140943467904,0.008342662541446772,0.008386794820107114,0.006057922589159654,0.006766284690456957,0.007596380583318996
14_008,Groundnut sauce with fish and vegetables (Burkina Faso)*,0.004298086750677926,0.005638861604642096,0.028327920368868824,0.014285145030318231,0.004961954315142151,0.007498832558143641,0.014675570144908317,0.01739950207627143,0.021565845706532187,0.015979913795547165,0.04225705275636192,0.0003252835705678536,0.0037078500184207874,0.01258019223016067,0.003028961294579827,0.010861667529417748,0.004185760729583937
14_026,Intro sauce with fish and vegetables (Burkina Faso)*,0.010579905847822585,0.003947203123249468,0.0036379013526336803,0.01758171696039167,0.007718595601332236,0.008075665831846999,0.011812044262974986,0.008089242193354261,0.015269776657980844,0.006779357367807888,0.0718512176497063,0.0039034028468142427,0.002255608761205979,0.009784593956791633,0.0015144806472899134,0.0064101644435908016,-0.0012402254013582038
14_031,"Katre nagouri vând koèng zéindo (Burkina Faso)*: dried sicklepod leaf sauce with vegetables, shea butter, groundnut paste and fermented African locust beans",0.008100240414739166,0.005638861604642096,0.03500734580321263,0.014285145030318231,0.006064610829618186,0.01326716529517721,0.012885866468699986,0.011447040839652256,0.01867110131639364,0.011137515675684388,0.07213577692752692,0.0003081633826432297,0.0,0.015375790503529708,0.0,0.00997136691225236,0.003565648028904835
14_032,"Katre nagouri vând maasse zéindo (Burkina Faso)*: fresh sicklepod leaf sauce with vegetables, shea butter, groundnut paste and fermented African locust beans",0.009753350703461446,0.004511089283713677,0.020515378119770264,0.018131145615403906,0.010199572758903312,0.01557449838999064,0.01145410352773332,0.01159966805084762,0.02844086363311124,0.009926916145718693,0.03784638395014232,0.0014894563494422769,0.0,0.019569187913583266,0.0,0.00908106629508697,0.0049609016054328135
14_013,Koum péèleg zindo (Burkina Faso)*: white eggplant sauce with lamb and vegetables,0.0024796654330834188,0.0036652600430173623,0.02200632129707915,0.010439144445232553,0.003307969543428101,0.006345166010736928,0.005011170293383328,0.007936614982158897,0.017296097731077827,0.009684796239725554,0.04069197672834851,0.0003252835705678536,0.0011741525058332493,0.018171388776898747,0.0,0.011395847899716982,0.0027905071530559583
14_011,Koum vând zéédo (Burkina Faso)*: wild eggplant leaf sauce with fish and vegetables,0.021655744782261857,0.004511089283713677,0.05403178074567401,0.01318628772029375,0.00689160321547521,0.014420831842583925,0.018612918232566646,0.009920768727698622,0.022361900413820288,0.009684796239725554,0.06089568545361246,0.0015408169132161485,0.0024410012621270184,0.03214938014374394,0.0015144806472899134,0.008012705554488502,0.00372067620407461
14_007,Koum zindo (Burkina Faso)*: eggplant sauce with fish and vegetables,0.0049593308661668375,0.0042291462034815715,0.03834705852038453,0.01373571637530599,0.004410626057904135,0.006921999284440284,0.006442933234349993,0.01022602315008935,0.022506637633327217,0.009926916145718693,0.048801916146236156,0.0010100910875528084,0.004016837519955853,0.02516038446032134,0.003028961294579827,0.0064101644435908016,0.0035656480289048345
14_018,"Maân koèg zéindo-1 (Burkina Faso)*: djoumblé (dried okra) sauce with beef, vegetables and red palm oil",0.00793492938586694,0.001973601561624734,0.0050692068028502105,0.014285145030318231,0.00689160321547521,0.004614666189626857,0.012885866468699986,0.011447040839652256,0.01809215243836593,0.014527194359588332,0.0495133143407877,0.005718142766824373,0.0006488737532236378,0.008386794820107114,0.0015144806472899134,0.021367214811969338,-0.000310056350339551
14_017,"Maân koèg zéindo-2 (Burkina Faso)*: dried okra sauce with lamb, vegetables and fermented African locust beans",0.00942272864571699,0.0022555446418568385,0.026240599920636386,0.01593343099535495,0.007167267344094219,0.008652499105550356,0.014317629409666651,0.009920768727698622,0.017006623292063972,0.011379635581677526,0.05904605014777844,0.00017120187924623873,0.0011432537556797428,0.0055911965467380755,0.0,0.013888689627780072,-0.0010851972261884276
14_019,"Maân mâass zéindo (Burkina Faso)*: fresh okra sauce with fish, vegetables, red palm oil and fermented African locust beans",0.010414594818950358,0.0016916584813926286,0.004115003169372524,0.008790858480195835,0.004961954315142151,0.008075665831846999,0.010738222057249988,0.008394496615744988,0.01324345558488386,0.008232076803766721,0.07227805656643722,0.003989003786437362,0.0030898750153506562,0.01397799136684519,0.003028961294579827,0.005697923949858491,0.0015502817516977543
14_009,"Nayoungn vand zindo (Burkina Faso)*: sweet potato leaf sauce, fish, red palm oil and vegetables",0.006943063212633572,0.001973601561624734,0.008349281792929758,0.014834573685330471,0.007718595601332236,0.010382998926660426,0.013243807203941652,0.012362804106824438,0.025618487852726156,0.012105995299656943,0.05876149086995782,0.0068994357336234205,0.0037078500184207874,0.016773589640214227,0.003028961294579827,0.005875984073291569,0.0024804508027164063
14_002,"Pésgo né tomate zéindo (Burkina Faso)*: sauce with lamb, tomato and vegetables",0.003471531606316786,0.0022555446418568385,0.030534516271285974,0.008241429825183595,0.002756641286190084,0.007498832558143641,0.006800873969591659,0.011294413628456894,0.019901367682202523,0.014285074453595194,0.07313173439989908,0.000667687329060331,0.0018539250092103937,0.01258019223016067,0.0,0.016203471232410085,0.004495817079923488
14_006,"Siikam zéédo (Burkina Faso)*: groundnut sauce with vegetables, fish and fermented African locust beans",0.00793492938586694,0.005074975444177886,0.013239575414502904,0.01263685906528151,0.009096916244427277,0.008652499105550356,0.016823214556358313,0.01297331295160589,0.02040794795047677,0.013800834641608915,0.029594164893344373,0.002910431947186058,0.002595495012894551,0.011182393093476151,0.0015144806472899134,0.010505547282551592,0.0015502817516977543
14_028,Siné zindo (Burkina Faso)*: sesame sauce with fish and vegetables,0.025953831532939783,0.010713837048819981,0.049141487124100866,0.01758171696039167,0.004410626057904135,0.014420831842583925,0.02791937734884997,0.024420353791258148,0.015921094145762017,0.015253554077567748,0.04965559397969801,0.00037664413434172517,0.004016837519955853,0.006988995683422595,0.003028961294579827,0.010505547282551592,-0.00015502817516977542
14_033,"Soup from chicken, beer yeast, vegetables and fermented African locust beans (Burkina Faso)*",0.002314354404211191,0.0011277723209284192,0.011629356783009307,0.006593143860146875,0.01571285533128348,0.002884166368516785,0.004653229558141661,0.011294413628456894,0.00933555065819682,0.0130744749236295,0.06800966739912793,0.00011984131547236711,0.00027808875138155903,0.006988995683422595,0.0015144806472899134,0.010683607405984669,0.001395253576527979
14_034,Soup with cabbage and vegetables (Burkina Faso)*,0.004132775721805698,0.001973601561624734,0.00023855090836942167,0.007692001170171354,0.0022053130289520673,0.004037832915923499,0.003937348087658329,0.00442618912466554,0.014763196389706598,0.002663318965924528,0.07583504753919496,0.00022256244302011033,0.0,0.02376258532363682,0.0,0.0028489619749292455,0.0027905071530559583
14_005,Téi kam zéédo (Burkina Faso)*: red palm oil sauce with fish and vegetables,0.004132775721805698,0.0047930323639457815,0.012583560416486993,0.011538001755257033,0.004134961929285127,0.006345166010736928,0.012169984998216653,0.01297331295160589,0.017296097731077827,0.013800834641608915,0.06971702306605165,0.0018147399200101305,0.0030898750153506562,0.008386794820107114,0.003028961294579827,0.008903006171653892,0.0026354789778861814
14_024,"Téi né maane zéindo (Burkina Faso)*: oil palm fruit sauce with okra powder, fish and vegetables",0.004628708808422382,0.0047930323639457815,0.004771018167388434,0.007692001170171354,0.0024809771575710756,0.00576833273703357,0.00859057764579999,0.006410342870205264,0.009263182048443355,0.00653723746181475,0.04439124734001656,0.009792747492884855,0.002935381264583123,0.004193397410053557,0.003028961294579827,0.0040953828389607904,0.0021703944523768556
14_023,Téi zéindo (Burkina Faso)*: simple oil palm fruit sauce with fish and vegetables,0.004298086750677926,0.009586064727891563,0.010078775878608065,0.007692001170171354,0.0002756641286190084,0.010382998926660426,0.009306459116283323,0.005189325180642356,0.0081776529021414,0.004116038401883361,0.04339528986764439,0.02413946497371966,0.0012977475064472755,0.0055911965467380755,0.0015144806472899134,0.003561202468661557,0.005736042481281691
14_020,"Toeg koing zéédo (Burkina Faso)*: dried baobab leaf sauce with fish, vegetables and fermented African locust beans",0.010579905847822585,0.001973601561624734,0.006500512253066741,0.009889715790220313,0.003032305414809093,0.010959832200363782,0.006800873969591659,0.006410342870205264,0.009407919267950282,0.006779357367807888,0.05534677953611039,0.00037664413434172517,0.0024410012621270184,0.006988995683422595,0.0015144806472899134,0.00498568345612618,-0.00015502817516977542
14_022,"Toeg maas zéédo (Burkina Faso)*: fresh baobab leaf sauce with fish, vegetables and fermented African locust beans",0.010910527905567041,0.001973601561624734,0.011152254966270463,0.010439144445232553,0.003859297800666118,0.008652499105550356,0.006800873969591659,0.007020851714986717,0.010421079804498775,0.007505717085787305,0.05918832978668875,0.0008217690203819459,0.002842685014122604,0.01258019223016067,0.0015144806472899134,0.0053418037029923345,0.0
14_010,"Yassa sauce with lamb, onion and mustard (Burkina Faso)*",0.005124641895039065,0.002819430802321048,0.05045351712013269,0.010439144445232553,0.0024809771575710756,0.006345166010736928,0.007158814704833326,0.011294413628456894,0.01266450670685615,0.010411155957704971,0.1079902459329249,6.848075169849549e-05,0.0010196587550657167,0.008386794820107114,0.0,0.011930028270016215,0.0049609016054328135
