Code,Food name in English,"Calcium
(mg)","Copper
(mg)","Fatty acids, total polyunsaturated
(g)","Fibre, total dietary or [fibre, crude]
(g)","Folate, total or [folate, sum of vitamers] (vitamin B9)
(mcg)","Iron
(mg)","Magnesium
(mg)","Phosphorus
(mg)","Potassium
(mg)","Protein, total
(g)","Sodium
(mg)","Vitamin A (expressed in retinol activity equivalents)
(mcg)","Vitamin B12
(mcg)","Vitamin C
(mg)","Vitamin D 
(mcg)","Zinc
(mg)","net_carbs
(g)"
01_172,"Baling béinré (northern Burkina Faso)*: sorghum porridge with monkey bread, tamarind, water, milk and sugar",61.0,0.03,0.05,0.6,4.0,0.5,12.0,54,119.0,2.5,23.0,0.0,0.12,2.0,0.0,0.34,15.500000000000002
01_173,"Baling ni zièm béinré (Burkina Faso)*: porridge of degermed sorghum with potash, water and sugar",10.0,0.02,0.04,0.5,2.0,0.9,7.0,11,35.0,0.9,49.0,0.0,0.0,0.0,0.0,0.16,14.3
01_168,Beenkida (Burkina Faso)*: maize porridge with maize granules,5.0,0.03,0.13,1.1,1.0,0.2,13.0,14,25.0,2.1,3.0,0.0,0.0,0.0,0.0,0.18,20.6
01_188,"Biscuit, sweet, plain, unfortified",67.0,0.1,2.38,2.0,12.0,1.3,16.0,109,119.0,6.2,390.0,106.0,0.06,1.0,0.1,0.54,62.900000000000006
01_177,Boalboal (Burkina Faso)*: millet balls with fried fish and vegetables,16.0,0.17,8.08,2.8,37.0,4.3,35.0,143,201.0,5.4,227.0,21.0,1.2,6.0,0.2,0.84,15.2
01_047,"Bread, wheat, white for toasting, unfortified",26.0,0.12,0.72,2.7,20.0,1.5,24.0,97,128.0,8.8,451.0,0.0,0.03,0.0,0.0,0.79,43.7
01_046,"Bread, wheat, white, unfortified",34.0,0.14,0.2,2.9,21.0,2.5,29.0,90,139.0,7.5,676.0,0.0,0.03,0.0,0.0,0.99,47.6
01_048,"Bread, wheat, wholemeal, unfortified",92.0,0.23,0.95,6.4,31.0,2.2,68.0,195,235.0,11.1,438.0,0.0,0.03,0.0,0.0,1.56,31.200000000000003
01_045,"Bread/rolls, white, unfortified",26.0,0.13,0.75,2.5,29.0,1.0,24.0,106,139.0,9.5,456.0,0.0,0.04,0.0,0.0,0.87,48.5
01_160,Cantonese rice with fish and noodles (Burkina Faso)*,16.0,0.17,5.74,1.6,9.0,0.8,22.0,103,189.0,5.5,273.0,44.0,0.77,5.0,0.1,0.64,30.1
01_189,"Croissant, plain, unfortified",69.0,0.16,1.43,3.0,60.0,1.4,22.0,105,132.0,8.3,392.0,77.0,0.1,0.0,0.1,0.78,36.7
01_002,"Fonio, black, whole grains, raw",51.0,0.44,1.04,16.4,120.0,10.0,430.0,234,340.0,8.3,8.0,2.0,0.0,0.0,0.0,3.8,43.4
01_124,"Fonio, black, whole grains, boiled* (as part of a recipe)",21.0,0.18,0.43,6.9,41.0,4.2,179.0,98,142.0,3.5,3.0,1.0,0.0,0.0,0.0,1.58,18.0
01_049,"Fonio, black, whole grains, boiled* (without salt), drained",21.0,0.18,0.43,6.9,36.0,4.2,179.0,93,113.0,3.5,3.0,1.0,0.0,0.0,0.0,1.5,18.0
01_050,"Fonio, decorticated grains (bran removed), dry, raw",24.0,0.94,0.56,2.2,62.0,2.1,41.0,113,178.0,7.1,5.0,0.0,0.0,0.0,0.0,1.71,74.7
01_126,"Fonio, decorticated grains (bran removed), boiled* (as part of a recipe)",10.0,0.39,0.23,0.9,21.0,0.9,17.0,47,74.0,3.0,2.0,0.0,0.0,0.0,0.0,0.71,31.1
01_051,"Fonio, decorticated grains (bran removed), boiled* (without salt), drained",10.0,0.37,0.23,0.9,18.0,0.8,17.0,45,41.0,3.0,1.0,0.0,0.0,0.0,0.0,0.68,31.1
01_078,"Fonio, decorticated grains (bran removed), washed (mid wet), raw",16.0,0.64,0.38,1.0,83.0,0.8,28.0,76,120.0,4.4,4.0,0.0,0.0,0.0,0.0,1.31,51.8
01_128,"Fonio, decorticated grains (bran removed), washed (mid wet), boiled* (as part of a recipe)",10.0,0.4,0.24,0.6,41.0,0.5,17.0,48,75.0,2.7,2.0,0.0,0.0,0.0,0.0,0.82,32.4
01_127,"Fonio, decorticated grains (bran removed), washed (mid wet), boiled* (without salt), drained",10.0,0.38,0.24,0.6,36.0,0.5,17.0,45,41.0,2.7,1.0,0.0,0.0,0.0,0.0,0.78,32.4
01_001,"Fonio, white, whole grains, raw",40.0,0.44,1.3,16.4,120.0,29.4,430.0,191,340.0,7.1,8.0,0.0,0.0,0.0,0.0,2.79,43.3
01_125,"Fonio, white, whole grains, boiled* (as part of a recipe)",17.0,0.18,0.54,6.9,41.0,12.3,179.0,80,142.0,2.9,3.0,0.0,0.0,0.0,0.0,1.16,18.0
01_003,"Fonio, white, whole grains, boiled* (without salt), drained",17.0,0.18,0.54,6.9,36.0,12.3,179.0,76,113.0,2.9,3.0,0.0,0.0,0.0,0.0,1.1,18.0
01_176,"Fura saamdin (Burkina Faso)*: fermented pearl millet porridge with milk, water and sugar",41.0,0.06,0.36,1.3,9.0,1.9,18.0,88,82.0,2.6,17.0,13.0,0.18,0.0,0.0,0.7,18.1
01_174,Gappal (Burkina Faso)*: pearl millet porridge with milk and sugar,83.0,0.07,0.37,1.2,24.0,2.1,21.0,127,142.0,3.4,363.0,27.0,0.38,0.0,0.1,0.77,20.2
01_180,"Gnon (Burkina Faso)*: steamed balls of cowpea leaves with groundnut flour, potash and pearl millet",136.0,0.32,6.18,4.3,49.0,6.8,77.0,170,390.0,6.6,654.0,72.0,0.0,13.0,0.0,1.25,20.3
01_077,"Instant noodles (Indomie), made from wheat flour, previously fried and dried, without flavouring, unprepared",28.0,0.13,2.02,2.9,16.0,1.0,28.0,128,85.0,12.7,494.0,0.0,1.0,0.0,0.0,0.51,54.8
01_103,"Instant noodles (Indomie), made from wheat flour, previously fried and dried, without flavouring, boiled and drained*",12.0,0.05,0.89,1.3,5.0,0.3,10.0,53,22.0,5.6,108.0,0.0,0.44,0.0,0.0,0.22,24.0
01_164,Jollof fonio (Burkina Faso)*: fonio with fish and vegetables,14.0,0.25,2.8,1.0,15.0,0.8,16.0,51,122.0,3.3,308.0,39.0,0.59,5.0,0.1,0.5,17.6
01_156,Jollof macaroni (Burkina Faso)*: macaroni in tomato sauce with mutton,17.0,0.13,4.44,1.6,9.0,0.7,18.0,71,156.0,5.1,297.0,19.0,0.17,12.0,0.0,0.58,18.9
01_157,Jollof spaghetti (Burkina Faso)*: spaghetti in vegetable sauce,18.0,0.14,5.1,1.8,9.0,0.6,18.0,67,139.0,4.3,388.0,17.0,0.0,14.0,0.0,0.44,22.0
01_165,Kaman péêlég sagabo (Burkina Faso)*: stiff porridge from white degermed maize flour,4.0,0.02,0.11,0.9,1.0,0.1,11.0,12,20.0,1.8,3.0,0.0,0.0,0.0,0.0,0.15,13.9
01_167,Ki béinré (northern Burkina Faso)*: pearl millet porridge with water and sugar,2.0,0.06,0.23,0.7,5.0,0.8,15.0,50,41.0,1.2,4.0,0.0,0.0,0.0,0.0,0.35,11.9
01_171,Ki saagbo né zièm (Burkina Faso)*: tô (porridge) from pearl millet and potash,14.0,0.06,0.17,0.7,5.0,2.3,18.0,48,56.0,1.1,120.0,0.0,0.0,0.0,0.0,0.37,10.7
01_181,"Kiou gonré (Burkina Faso)*: steamed balls of fonio, cowpea leaves, groundnut flour and potash",126.0,0.43,0.23,2.6,47.0,4.9,41.0,64,257.0,4.0,604.0,68.0,0.0,13.0,0.0,0.79,23.8
01_170,Kiou saagbo né zièm (Burkina Faso)*: tô (porridge) from fonio with potash and maize flour,24.0,0.11,0.11,0.7,5.0,2.6,15.0,19,50.0,1.6,192.0,0.0,0.0,0.0,0.0,0.24,14.4
01_178,Kôrôkôrô-dôrô (Burkina Faso)*: tô (porridge) from white sorghum and maize flour,5.0,0.04,0.16,2.0,7.0,0.7,20.0,46,45.0,2.2,3.0,0.0,0.0,0.0,0.0,0.35,13.7
01_052,"Macaroni, dry, unfortified",21.0,0.3,0.6,3.2,18.0,1.3,43.0,180,199.0,12.3,4.0,0.0,0.0,0.0,0.0,1.07,69.0
01_053,"Macaroni, boiled* (without salt), drained",7.0,0.09,0.21,1.1,4.0,0.3,13.0,59,41.0,4.3,1.0,0.0,0.0,0.0,0.0,0.37,23.8
01_099,"Maize dough, fermented (kenkey), from whole white maize with salt added, cooked",3.0,0.07,0.92,2.6,14.0,2.9,30.0,78,74.0,3.7,270.0,0.0,0.0,0.0,0.0,0.78,22.6
01_098,"Maize dough, fermented (tô), from decorticated white maize only, cooked",2.0,0.04,0.46,2.6,9.0,1.2,18.0,83,63.0,2.1,1.0,0.0,0.0,0.0,0.0,0.36,10.8
01_100,"Maize porridge, fermented (ogi), from decorticated white maize only, cooked",9.0,0.39,0.46,1.4,6.0,4.2,9.0,59,14.0,1.1,15.0,0.0,0.0,0.0,0.0,0.66,7.4
01_060,"Maize, white, grit, degermed, raw",6.0,0.06,0.27,6.2,9.0,1.3,19.0,58,73.0,8.1,4.0,0.0,0.0,0.0,0.0,0.42,67.5
01_080,"Maize, white, meal, sifted, unfortified",15.0,0.17,1.37,7.0,29.0,3.2,90.0,153,197.0,8.7,4.0,0.0,0.0,0.0,0.0,2.01,61.6
01_091,"Maize, white, meal, sifted, fortified with vitamin A (Nigeria)",15.0,0.17,1.37,7.0,29.0,3.2,90.0,153,197.0,8.7,4.0,900.0,0.0,0.0,0.0,2.01,61.6
01_057,"Maize, white, meal, whole grains",23.0,0.34,1.59,11.5,71.0,3.3,89.0,267,316.0,9.7,15.0,0.0,0.0,2.0,0.0,2.2,51.1
01_058,"Maize, white, refined flour (special), unfortified",20.0,0.18,1.06,5.1,42.0,1.2,50.0,170,172.0,6.2,8.0,0.0,0.0,0.0,0.0,1.53,67.10000000000001
01_092,"Maize, white, refined flour (special), fortified with vitamin A (Nigeria)",20.0,0.18,1.06,5.1,42.0,1.2,50.0,170,172.0,6.2,8.0,900.0,0.0,0.0,0.0,1.53,67.10000000000001
01_081,"Maize, white, refined flour (super), unfortified",20.0,0.1,0.54,4.5,8.0,0.7,50.0,60,103.0,9.0,3.0,0.0,0.0,0.0,0.0,0.74,70.4
01_093,"Maize, white, refined flour (super), fortified with vitamin A (Nigeria)",20.0,0.1,0.54,4.5,8.0,0.7,50.0,60,103.0,9.0,3.0,900.0,0.0,0.0,0.0,0.74,70.4
01_004,"Maize, white, whole kernel, dry, raw",23.0,0.34,1.59,11.5,71.0,3.3,89.0,267,316.0,9.7,15.0,0.0,0.0,2.0,0.0,2.2,51.1
01_104,"Maize, white, whole kernel, boiled* (as part of a recipe)",7.0,0.11,0.51,3.7,18.0,1.1,29.0,86,102.0,3.1,5.0,0.0,0.0,1.0,0.0,0.71,16.5
01_005,"Maize, white, whole kernel, boiled* (without salt), drained",7.0,0.11,0.51,3.7,16.0,1.1,29.0,82,82.0,3.1,4.0,0.0,0.0,1.0,0.0,0.68,16.5
01_094,"Maize, white, whole kernel, dry, decorticated, raw",6.0,0.03,0.31,5.2,25.0,0.4,7.0,116,69.0,8.1,0.0,0.0,0.0,0.0,0.0,0.44,67.7
01_119,"Maize, white, whole kernel, decorticated, boiled* (as part of a recipe)",2.0,0.01,0.1,1.7,7.0,0.1,2.0,37,22.0,2.6,0.0,0.0,0.0,0.0,0.0,0.14,21.8
01_118,"Maize, white, whole kernel, decorticated, boiled* (without salt), drained",2.0,0.01,0.1,1.7,6.0,0.1,2.0,35,12.0,2.6,0.0,0.0,0.0,0.0,0.0,0.14,21.8
01_055,"Maize, yellow, grit, degermed, raw",7.0,0.06,0.29,6.2,9.0,1.3,19.0,58,73.0,7.8,4.0,13.0,0.0,0.0,0.0,0.42,67.8
01_054,"Maize, yellow, meal, whole grains, unfortified",21.0,0.37,1.43,9.4,71.0,3.4,89.0,248,319.0,9.4,23.0,13.0,0.0,3.0,0.0,1.99,55.8
01_006,"Maize, yellow, whole kernel, dry, raw",21.0,0.37,1.43,9.4,71.0,3.4,89.0,248,319.0,9.4,23.0,13.0,0.0,3.0,0.0,1.99,55.8
01_120,"Maize, yellow, whole kernel, boiled* (as part of a recipe)",7.0,0.12,0.46,3.0,18.0,1.1,29.0,80,103.0,3.0,7.0,4.0,0.0,1.0,0.0,0.64,18.0
01_007,"Maize, yellow, whole kernel, boiled* (without salt), drained",7.0,0.12,0.46,3.0,16.0,1.1,29.0,76,82.0,3.0,6.0,4.0,0.0,1.0,0.0,0.61,18.0
01_097,"Millet dough (tchobal/fura), from decorticated millet only, cooked",7.0,0.13,0.8,3.2,18.0,4.7,34.0,131,85.0,3.8,2.0,0.0,0.0,0.0,0.0,1.24,30.000000000000004
01_153,"Millet dough (tô), from whole millet only, cooked",4.0,0.13,0.56,2.7,16.0,4.7,24.0,97,86.0,1.8,1.0,0.0,0.0,0.0,0.0,1.03,14.0
01_102,"Millet porridge, fermented (hausa koko/ben saalga), from whole millet grains only, cooked",2.0,0.04,0.33,1.2,7.0,1.9,4.0,39,17.0,0.9,0.0,0.0,0.0,0.0,0.0,0.18,7.7
01_161,"Moui béinré (Burkina Faso)*: rice porridge with water, milk and sugar",8.0,0.05,0.04,0.3,2.0,0.2,5.0,32,22.0,1.2,6.0,2.0,0.03,0.0,0.0,0.22,16.599999999999998
01_158,Moui naagdme (Burkina Faso)*: rice with fish and vegetables,18.0,0.14,2.64,1.4,8.0,0.9,15.0,77,132.0,3.9,220.0,9.0,0.58,4.0,0.1,0.51,20.6
01_159,"Moui nin kalogo (Burkina Faso)*: rice with fish, onion and fermented African locust beans",16.0,0.12,3.21,0.9,5.0,0.8,14.0,78,72.0,4.1,260.0,5.0,0.66,1.0,0.1,0.51,21.9
01_101,"Oats, rolled, raw",54.0,0.36,3.15,10.2,33.0,4.4,153.0,491,362.0,11.9,12.0,0.0,0.0,0.0,0.0,3.18,49.5
01_133,"Oats, porridge* (without salt)",9.0,0.06,0.54,1.8,4.0,0.8,27.0,81,50.0,2.1,2.0,0.0,0.0,0.0,0.0,0.52,8.5
01_018,"Pearl millet, IKMV 8201 variety, whole grains, raw (Burkina Faso), n=1",23.0,0.45,2.5,8.8,160.0,15.2,96.0,402,332.0,9.5,12.0,0.0,0.0,0.0,0.0,2.58,56.0
01_019,"Pearl millet, IKMP 1 variety, whole grains, raw (Burkina Faso), n=1",23.0,0.45,2.3,7.3,160.0,15.2,96.0,402,332.0,8.6,12.0,0.0,0.0,0.0,0.0,2.58,58.400000000000006
01_020,"Pearl millet, IKMP 2 variety, whole grains, raw (Burkina Faso), n=1",23.0,0.45,2.38,8.3,160.0,15.2,96.0,402,332.0,8.2,12.0,0.0,0.0,0.0,0.0,2.58,57.400000000000006
01_021,"Pearl millet, IKMP 3 variety, whole grains, raw (Burkina Faso), n=1",23.0,0.45,3.11,10.5,160.0,15.2,96.0,402,332.0,13.5,12.0,0.0,0.0,0.0,0.0,2.58,47.3
01_022,"Pearl millet, IKMP 4 variety, whole grains, raw (Burkina Faso), n=1",23.0,0.45,3.03,8.8,160.0,15.2,96.0,402,332.0,12.2,12.0,0.0,0.0,0.0,0.0,2.58,49.8
01_023,"Pearl millet, IKMP 5 variety, whole grains, raw (Burkina Faso), n=1",23.0,0.45,3.55,11.7,160.0,15.2,96.0,402,332.0,13.3,12.0,0.0,0.0,0.0,0.0,2.58,45.2
01_024,"Pearl millet, IKMP 6 variety, whole grains, raw (Burkina Faso), n=1",23.0,0.45,2.33,7.6,160.0,15.2,96.0,402,332.0,14.5,12.0,0.0,0.0,0.0,0.0,2.58,52.5
01_025,"Pearl millet, IKMP 7 variety, whole grains, raw (Burkina Faso), n=1",23.0,0.45,2.36,8.6,160.0,15.2,96.0,402,332.0,10.9,12.0,0.0,0.0,0.0,0.0,2.58,55.9
01_026,"Pearl millet, IKMP 8 variety, whole grains, raw (Burkina Faso), n=1",23.0,0.45,2.51,8.3,160.0,15.2,96.0,402,332.0,7.9,12.0,0.0,0.0,0.0,0.0,2.58,60.0
01_027,"Pearl millet, IKMP 9 variety, whole grains, raw (Burkina Faso), n=1",23.0,0.45,2.91,9.5,160.0,15.2,96.0,402,332.0,9.9,12.0,0.0,0.0,0.0,0.0,2.58,54.5
01_028,"Pearl millet, IKMP 10 variety, whole grains, raw (Burkina Faso), n=1",23.0,0.45,2.59,9.1,160.0,15.2,96.0,402,332.0,7.8,12.0,0.0,0.0,0.0,0.0,2.58,54.5
01_029,"Pearl millet, IKMP 11 variety, whole grains, raw (Burkina Faso), n=1",23.0,0.45,2.59,8.7,160.0,15.2,96.0,402,332.0,7.4,12.0,0.0,0.0,0.0,0.0,2.58,56.0
01_030,"Pearl millet, IKMP 12 variety, whole grains, raw (Burkina Faso), n=1",23.0,0.45,2.56,9.0,160.0,15.2,96.0,402,332.0,9.8,12.0,0.0,0.0,0.0,0.0,2.58,56.7
01_031,"Pearl millet, IKMP 13 variety, whole grains, raw (Burkina Faso), n=1",23.0,0.45,2.63,8.5,160.0,15.2,96.0,402,332.0,9.5,12.0,0.0,0.0,0.0,0.0,2.58,57.7
01_032,"Pearl millet, combined varieties, whole grains, raw (Burkina Faso)",23.0,0.45,2.67,8.9,160.0,15.2,96.0,402,332.0,10.2,12.0,0.0,0.0,0.0,0.0,2.58,54.4
01_132,"Pearl millet, combined varieties, whole grains (Burkina Faso), boiled* (as part of a recipe)",10.0,0.19,1.11,3.7,54.0,6.3,40.0,168,138.0,4.3,5.0,0.0,0.0,0.0,0.0,1.08,22.7
01_064,"Pearl millet, combined varieties, whole grains (Burkina Faso), boiled* (without salt), drained",10.0,0.18,1.11,3.7,47.0,6.0,40.0,159,76.0,4.3,3.0,0.0,0.0,0.0,0.0,1.02,22.7
01_095,"Pearl millet, decorticated, raw",13.0,0.38,1.71,5.2,47.0,5.4,94.0,358,279.0,8.3,12.0,0.0,0.0,0.0,0.0,2.42,65.6
01_131,"Pearl millet, decorticated, boiled* (as part of a recipe)",5.0,0.16,0.71,2.2,16.0,2.3,39.0,149,116.0,3.5,5.0,0.0,0.0,0.0,0.0,1.01,27.3
01_130,"Pearl millet, decorticated, boiled* (without salt), drained",5.0,0.15,0.71,2.2,14.0,2.2,39.0,142,64.0,3.5,3.0,0.0,0.0,0.0,0.0,0.96,27.3
01_063,"Pearl millet, flour (bran removed)",8.0,0.38,1.14,4.6,47.0,5.4,94.0,312,279.0,7.3,12.0,0.0,0.0,0.0,0.0,2.42,70.4
01_017,"Pearl millet, whole grains (with bran), raw",23.0,0.45,2.19,9.0,160.0,15.2,96.0,402,332.0,9.3,12.0,0.0,0.0,0.0,0.0,2.58,55.2
01_129,"Pearl millet, whole grains, boiled* (as part of a recipe)",10.0,0.19,0.91,3.8,54.0,6.3,40.0,168,138.0,3.9,5.0,0.0,0.0,0.0,0.0,1.08,23.0
01_033,"Pearl millet, whole grains, boiled* (without salt), drained",10.0,0.19,0.91,3.8,47.0,6.3,40.0,159,111.0,3.9,4.0,0.0,0.0,0.0,0.0,1.02,23.0
01_175,Pigri (Burkina Faso)*: steamed pearl millet balls,25.0,0.24,1.14,4.7,67.0,9.3,55.0,210,187.0,4.8,126.0,0.0,0.0,0.0,0.0,1.35,28.7
01_061,"Porridge, soft, from degermed white maize grit* (without salt)",1.0,0.01,0.04,0.8,1.0,0.2,3.0,8,10.0,1.1,1.0,0.0,0.0,0.0,0.0,0.06,9.3
01_056,"Porridge, soft, from degermed yellow maize grit* (without salt)",1.0,0.01,0.04,0.8,1.0,0.2,3.0,8,10.0,1.1,1.0,2.0,0.0,0.0,0.0,0.06,9.3
01_154,"Porridge, soft, from refined (special) white maize flour fortified with vitamin A (Nigeria)* (without salt)",3.0,0.02,0.15,0.7,5.0,0.2,7.0,23,24.0,0.9,1.0,117.0,0.0,0.0,0.0,0.21,9.2
01_112,"Porridge, soft, from refined (special) white maize flour, unfortified* (without salt)",3.0,0.02,0.15,0.7,5.0,0.2,7.0,23,24.0,0.9,1.0,0.0,0.0,0.0,0.0,0.21,9.2
01_117,"Porridge, soft, from refined (super) white maize flour fortified with vitamin A (Nigeria)* (without salt)",3.0,0.01,0.07,0.6,1.0,0.1,7.0,8,14.0,1.2,0.0,117.0,0.0,0.0,0.0,0.1,9.7
01_115,"Porridge, soft, from refined (super) white maize flour, unfortified* (without salt)",3.0,0.01,0.07,0.6,1.0,0.1,7.0,8,14.0,1.2,0.0,0.0,0.0,0.0,0.0,0.1,9.7
01_110,"Porridge, soft, from sifted white maize meal fortified with vitamin A (Nigeria)* (without salt)",2.0,0.02,0.19,1.0,3.0,0.4,12.0,21,27.0,1.2,0.0,117.0,0.0,0.0,0.0,0.28,8.4
01_108,"Porridge, soft, from sifted white maize meal, unfortified* (without salt)",2.0,0.02,0.19,1.0,3.0,0.4,12.0,21,27.0,1.2,0.0,0.0,0.0,0.0,0.0,0.28,8.4
01_106,"Porridge, soft, from wholegrain white maize meal* (without salt)",3.0,0.05,0.22,1.6,8.0,0.5,12.0,37,43.0,1.3,2.0,0.0,0.0,0.0,0.0,0.3,7.0
01_122,"Porridge, soft, from wholegrain yellow maize meal* (without salt)",3.0,0.05,0.2,1.3,8.0,0.5,12.0,34,44.0,1.3,3.0,2.0,0.0,0.0,0.0,0.27,7.6
01_076,"Porridge, stiff, from degermed white maize grit* (without salt)",2.0,0.02,0.1,2.3,3.0,0.5,7.0,21,27.0,3.0,1.0,0.0,0.0,0.0,0.0,0.16,25.0
01_075,"Porridge, stiff, from degermed yellow maize grit* (without salt)",3.0,0.02,0.11,2.3,3.0,0.5,7.0,21,27.0,2.9,1.0,5.0,0.0,0.0,0.0,0.16,25.1
01_113,"Porridge, stiff, from refined (special) white maize flour fortified with vitamin A (Nigeria)* (without salt)",7.0,0.07,0.39,1.9,12.0,0.4,19.0,63,64.0,2.3,3.0,317.0,0.0,0.0,0.0,0.57,24.9
01_111,"Porridge, stiff, from refined (special) white maize flour, unfortified* (without salt)",7.0,0.07,0.39,1.9,12.0,0.4,19.0,63,64.0,2.3,3.0,0.0,0.0,0.0,0.0,0.57,24.9
01_116,"Porridge, stiff, from refined (super) white maize flour fortified with vitamin A (Nigeria)* (without salt)",7.0,0.04,0.2,1.7,2.0,0.3,19.0,22,38.0,3.3,1.0,317.0,0.0,0.0,0.0,0.27,26.0
01_114,"Porridge, stiff, from refined (super) white maize flour, unfortified* (without salt)",7.0,0.04,0.2,1.7,2.0,0.3,19.0,22,38.0,3.3,1.0,0.0,0.0,0.0,0.0,0.27,26.0
01_109,"Porridge, stiff, from sifted white maize meal fortified with vitamin A (Nigeria)* (without salt)",6.0,0.06,0.51,2.6,9.0,1.2,33.0,57,73.0,3.2,1.0,317.0,0.0,0.0,0.0,0.74,22.8
01_107,"Porridge, stiff, from sifted white maize meal, unfortified* (without salt)",6.0,0.06,0.51,2.6,9.0,1.2,33.0,57,73.0,3.2,1.0,0.0,0.0,0.0,0.0,0.74,22.8
01_105,"Porridge, stiff, from wholegrain white maize meal* (without salt)",8.0,0.13,0.59,4.3,21.0,1.2,33.0,99,117.0,3.6,6.0,0.0,0.0,1.0,0.0,0.82,18.9
01_121,"Porridge, stiff, from wholegrain yellow maize meal* (without salt)",8.0,0.14,0.53,3.5,21.0,1.3,33.0,92,118.0,3.5,8.0,5.0,0.0,1.0,0.0,0.74,20.7
01_150,"Porridge, tô, from degermed white maize grit* (without salt)",1.0,0.01,0.05,1.2,1.0,0.3,4.0,12,15.0,1.6,1.0,0.0,0.0,0.0,0.0,0.08,13.5
01_155,"Porridge, tô, from degermed yellow maize grit* (without salt)",1.0,0.01,0.06,1.2,1.0,0.3,4.0,12,15.0,1.6,1.0,3.0,0.0,0.0,0.0,0.08,13.6
01_166,"Porridge, tô, from maize and cassava flour (Burkina Faso)*",10.0,0.03,0.09,1.1,8.0,0.3,14.0,19,36.0,1.6,4.0,0.0,0.0,0.0,0.0,0.14,18.5
01_147,"Porridge, tô, from refined (special) white maize flour fortified with vitamin A (Nigeria)* (without salt)",4.0,0.04,0.21,1.0,7.0,0.2,10.0,34,34.0,1.2,2.0,171.0,0.0,0.0,0.0,0.31,13.4
01_146,"Porridge, tô, from refined (special) white maize flour, unfortified* (without salt)",4.0,0.04,0.21,1.0,7.0,0.2,10.0,34,34.0,1.2,2.0,0.0,0.0,0.0,0.0,0.31,13.4
01_149,"Porridge, tô, from refined (super) white maize flour fortified with vitamin A (Nigeria)* (without salt)",4.0,0.02,0.11,0.9,1.0,0.1,10.0,12,21.0,1.8,1.0,171.0,0.0,0.0,0.0,0.15,14.1
01_148,"Porridge, tô, from refined (super) white maize flour, unfortified* (without salt)",4.0,0.02,0.11,0.9,1.0,0.1,10.0,12,21.0,1.8,1.0,0.0,0.0,0.0,0.0,0.15,14.1
01_144,"Porridge, tô, from sifted white maize meal fortified with vitamin A (Nigeria)* (without salt)",3.0,0.03,0.28,1.4,5.0,0.6,18.0,31,39.0,1.7,1.0,0.0,0.0,0.0,0.0,0.4,12.3
01_145,"Porridge, tô, from sifted white maize meal, unfortified* (without salt)",3.0,0.03,0.28,1.4,5.0,0.6,18.0,31,39.0,1.7,1.0,171.0,0.0,0.0,0.0,0.4,12.3
01_143,"Porridge, tô, from wholegrain white maize meal* (without salt)",5.0,0.07,0.32,2.3,11.0,0.7,18.0,53,63.0,2.0,3.0,0.0,0.0,0.0,0.0,0.44,10.2
01_151,"Porridge, tô, from wholegrain yellow maize meal* (without salt)",4.0,0.07,0.29,1.9,11.0,0.7,18.0,50,64.0,1.9,5.0,3.0,0.0,0.0,0.0,0.4,11.1
01_163,"Rice cakes, fried in unfortified vegetable oil*",6.0,0.08,3.61,1.3,2.0,0.2,19.0,52,41.0,3.2,1.0,0.0,0.0,0.0,0.0,0.43,53.5
01_079,"Rice flour, white",10.0,0.13,0.38,2.4,4.0,0.4,35.0,98,76.0,6.0,0.0,0.0,0.0,0.0,0.0,0.8,75.3
01_162,Rice with fish and vegetable curry (Burkina Faso)*,17.0,0.12,2.92,1.4,6.0,0.7,17.0,81,100.0,3.8,318.0,31.0,0.67,2.0,0.1,0.51,23.4
01_034,"Rice, brown, raw",51.0,0.37,0.71,4.4,22.0,2.0,67.0,162,275.0,7.7,4.0,0.0,0.0,0.0,0.0,1.68,68.5
01_152,"Rice, brown, boiled* (as part of a recipe)",20.0,0.15,0.28,1.8,7.0,0.8,27.0,65,110.0,3.1,1.0,0.0,0.0,0.0,0.0,0.67,27.3
01_035,"Rice, brown, boiled* (without salt), drained",20.0,0.15,0.28,1.8,6.0,0.8,27.0,61,88.0,3.1,1.0,0.0,0.0,0.0,0.0,0.64,27.3
01_036,"Rice, white, polished, raw",9.0,0.26,0.22,1.9,10.0,1.1,25.0,179,87.0,6.8,6.0,0.0,0.0,0.0,0.0,1.26,76.69999999999999
01_134,"Rice, white, polished, boiled* (as part of a recipe)",3.0,0.09,0.07,0.6,3.0,0.4,8.0,60,29.0,2.3,2.0,0.0,0.0,0.0,0.0,0.42,25.8
01_069,"Rice, white, polished, boiled* (without salt), drained",3.0,0.08,0.07,0.6,2.0,0.3,8.0,57,16.0,2.3,1.0,0.0,0.0,0.0,0.0,0.4,25.8
01_037,"Rice, white, raw",14.0,0.3,0.22,3.6,16.0,1.9,46.0,168,181.0,7.0,3.0,0.0,0.0,0.0,0.0,1.45,72.30000000000001
01_135,"Rice, white, boiled* (as part of a recipe)",5.0,0.1,0.07,1.2,4.0,0.6,15.0,56,61.0,2.3,1.0,0.0,0.0,0.0,0.0,0.49,24.3
01_038,"Rice, white, boiled* (without salt), drained",5.0,0.1,0.07,1.2,4.0,0.6,15.0,54,33.0,2.3,1.0,0.0,0.0,0.0,0.0,0.46,24.3
01_072,"Sorghum, flour, degermed",11.0,0.01,0.46,4.7,32.0,3.5,31.0,87,145.0,10.4,1.0,0.0,0.0,0.0,0.0,1.78,66.5
01_039,"Sorghum, whole grains, raw",26.0,0.3,0.86,11.9,64.0,6.8,193.0,371,305.0,11.5,9.0,1.0,0.0,0.0,0.0,1.88,49.2
01_138,"Sorghum, whole grains, boiled* (as part of a recipe)",11.0,0.12,0.36,4.9,21.0,2.8,81.0,155,127.0,4.8,4.0,0.0,0.0,0.0,0.0,0.79,20.6
01_042,"Sorghum, whole grains, boiled* (without salt), drained",11.0,0.12,0.36,4.9,19.0,2.8,81.0,147,102.0,4.8,3.0,0.0,0.0,0.0,0.0,0.75,20.6
01_041,"Sorghum, whole grains, red, raw",24.0,0.26,0.89,11.9,64.0,9.5,193.0,307,387.0,10.1,9.0,1.0,0.0,0.0,0.0,1.97,50.0
01_139,"Sorghum, whole grains, red, boiled* (as part of a recipe)",10.0,0.11,0.37,4.9,21.0,4.0,81.0,128,161.0,4.2,4.0,0.0,0.0,0.0,0.0,0.82,20.9
01_070,"Sorghum, whole grains, red, boiled* (without salt), drained",10.0,0.11,0.37,4.9,19.0,4.0,81.0,122,129.0,4.2,3.0,0.0,0.0,0.0,0.0,0.78,20.9
01_040,"Sorghum, whole grains, white, raw",21.0,0.18,0.84,11.9,64.0,5.2,109.0,308,265.0,10.1,6.0,0.0,0.0,0.0,0.0,2.08,50.5
01_140,"Sorghum, whole grains, white, boiled* (as part of a recipe)",9.0,0.08,0.35,4.9,21.0,2.2,45.0,128,111.0,4.2,3.0,0.0,0.0,0.0,0.0,0.87,21.1
01_071,"Sorghum, whole grains, white, boiled* (without salt), drained",9.0,0.08,0.35,4.9,19.0,2.2,45.0,122,89.0,4.2,2.0,0.0,0.0,0.0,0.0,0.82,21.1
01_169,Wèsln né souma (Burkina Faso)*: couscous from yellow maize with bambara groundnuts,14.0,0.18,0.45,6.9,14.0,0.9,42.0,64,253.0,5.2,100.0,2.0,0.0,0.0,0.0,0.57,10.499999999999998
01_043,"Wheat flour, white, unfortified",17.0,0.1,0.76,2.8,240.0,2.0,20.0,100,111.0,10.4,4.0,0.0,0.0,0.0,0.0,0.5,69.4
01_083,"Wheat flour, white, fortified with iron, zinc, folic acid and vitamins B1, B2, B3, B6, B12 (Benin)",17.0,0.1,0.76,2.8,500.0,4.0,20.0,100,111.0,10.4,4.0,0.0,1.5,0.0,0.0,4.9,69.4
01_084,"Wheat flour, white, fortified with iron, zinc, folic acid and vitamin B12 (Burkina Faso, Togo)",17.0,0.1,0.76,2.8,500.0,4.0,20.0,100,111.0,10.4,4.0,0.0,1.5,0.0,0.0,4.9,69.4
01_085,"Wheat flour, white, fortified with iron and folic acid (Cabo Verde)",17.0,0.1,0.76,2.8,500.0,8.0,20.0,100,111.0,10.4,4.0,0.0,0.0,0.0,0.0,0.5,69.4
01_087,"Wheat flour, white, fortified with iron, zinc, folic acid and vitamins A, B1, B2, B3, B12 (Ghana, Sierra Leone)",17.0,0.1,0.76,2.8,450.0,7.8,20.0,100,111.0,10.4,4.0,200.0,1.0,0.0,0.0,3.33,69.4
01_090,"Wheat flour, white, fortified with iron, zinc, folic acid and vitamins B1, B2, B3, B12 (Guinea)",17.0,0.1,0.76,2.8,500.0,8.0,20.0,100,111.0,10.4,4.0,0.0,2.0,0.0,0.0,6.0,69.4
01_086,"Wheat flour, white, fortified with iron, zinc, folic acid and vitamins B1, B2, B3, B12 (Côte d’Ivoire, Mali, Niger, Senegal)",17.0,0.1,0.76,2.8,500.0,8.0,20.0,100,111.0,10.4,4.0,0.0,1.5,0.0,0.0,4.9,69.4
01_088,"Wheat flour, white, fortified with iron, zinc, folic acid and vitamins B1, B2, B3, B12 (Liberia)",17.0,0.1,0.76,2.8,500.0,8.0,20.0,100,111.0,10.4,4.0,0.0,4.0,0.0,0.0,10.0,69.4
01_089,"Wheat flour, white, fortified with iron and vitamins A, B1, B2, B3 (Nigeria)",17.0,0.1,0.76,2.8,240.0,6.1,20.0,100,111.0,10.4,4.0,900.0,0.0,0.0,0.0,0.5,69.4
01_082,"Wheat flour, wholemeal, unfortified",45.0,0.27,0.97,12.2,40.0,4.9,68.0,244,356.0,12.0,5.0,0.0,0.0,0.0,0.0,2.0,53.1
01_073,"Wheat, bran, raw",71.0,1.02,2.37,42.0,85.0,10.1,483.0,1030,1220.0,15.1,4.0,0.0,0.0,0.0,0.0,6.69,-18.7
01_074,"Wheat, whole grains, raw",39.0,0.27,0.97,12.2,40.0,5.8,68.0,284,356.0,12.0,5.0,0.0,0.0,0.0,0.0,2.0,46.900000000000006
01_142,"Wheat, whole grains, boiled* (as part of a recipe)",22.0,0.15,0.55,6.9,18.0,3.2,38.0,160,200.0,6.7,3.0,0.0,0.0,0.0,0.0,1.12,26.300000000000004
01_141,"Wheat, whole grains, boiled* (without salt), drained",22.0,0.15,0.55,6.9,16.0,3.2,38.0,152,160.0,6.7,2.0,0.0,0.0,0.0,0.0,1.07,26.300000000000004
02_093,Banakou né barâand kanss saagbo (Burkina Faso)*: foutou of cassava and unripe plantain,21.0,0.08,0.22,3.7,13.0,0.9,18.0,32,286.0,1.2,13.0,1.0,0.0,18.0,0.0,1.15,21.3
02_091,Banakou né barâand moomd saagbo (Burkina Faso)*: foutou of cassava and ripe plantain,26.0,0.05,0.09,2.8,14.0,1.1,15.0,37,186.0,1.1,4.0,11.0,0.0,19.0,0.0,1.37,23.1
02_092,Banakou né kou saagbo (Burkina Faso)*: foutou of yam and cassava,23.0,0.07,0.12,3.9,15.0,1.2,14.0,40,244.0,1.5,6.0,2.0,0.0,12.0,0.0,0.86,17.6
02_021,"Cassava, sweet, tuber, white flesh, dried",121.0,0.15,0.22,9.1,46.0,3.7,31.0,118,410.0,1.3,5.0,1.0,0.0,7.0,0.0,0.9,70.9
02_041,"Cassava, fermented paste from white cassava flour (wet fufu)",20.0,0.07,0.07,1.7,69.0,0.9,19.0,28,208.0,1.0,4.0,0.0,0.6,27.0,0.0,0.56,37.0
02_038,"Cassava, flour, from fermented white cassava (alibo/elubo/lafun)",68.0,0.14,0.13,3.9,140.0,3.4,41.0,137,488.0,1.5,1.0,0.0,1.0,4.0,0.0,0.47,77.3
02_040,"Cassava, flour, from fermented white cassava (dry fufu)",52.0,0.14,0.15,3.6,140.0,1.8,30.0,127,434.0,2.1,7.0,0.0,1.0,4.0,0.0,1.17,77.30000000000001
02_004,"Cassava, flour, from white cassava",66.0,0.08,0.08,4.3,100.0,2.0,51.0,104,209.0,1.6,3.0,0.0,0.0,1.0,0.0,0.17,75.60000000000001
02_039,"Cassava, grated, from fermented white cassava, toasted without oil (white gari)",42.0,0.1,0.14,5.0,49.0,1.6,23.0,104,309.0,1.2,2.0,0.0,1.0,2.0,0.0,0.67,77.9
02_001,"Cassava, tuber, white flesh, raw",37.0,0.04,0.13,3.7,24.0,1.5,13.0,50,167.0,1.3,2.0,2.0,0.0,30.0,0.0,2.05,27.9
02_051,"Cassava, tuber, white flesh, boiled* (as part of a recipe)",32.0,0.04,0.11,3.2,16.0,1.3,11.0,43,142.0,1.1,2.0,2.0,0.0,23.0,0.0,1.75,23.8
02_003,"Cassava, tuber, white flesh, boiled* (without salt), drained",30.0,0.03,0.11,3.2,13.0,1.2,10.0,40,114.0,1.1,1.0,2.0,0.0,18.0,0.0,1.58,23.8
02_002,"Cassava, tuber, white flesh, dried",67.0,0.26,0.43,5.6,44.0,1.4,67.0,60,394.0,1.7,5.0,1.0,0.0,7.0,0.0,0.44,73.7
02_037,"Cassava, tuber, yellow flesh, raw",21.0,0.02,0.08,2.9,14.0,0.7,7.0,28,94.0,0.7,1.0,38.0,0.0,17.0,0.0,0.9,13.7
02_053,"Cassava, tuber, yellow flesh, boiled* (as part of a recipe)",18.0,0.02,0.06,2.5,9.0,0.6,6.0,24,81.0,0.6,1.0,32.0,0.0,13.0,0.0,0.76,11.7
02_052,"Cassava, tuber, yellow flesh, boiled* (without salt), drained",17.0,0.02,0.06,2.5,7.0,0.6,5.0,22,64.0,0.6,1.0,31.0,0.0,10.0,0.0,0.69,11.7
02_005,"Cocoyam, tuber, white, raw",15.0,0.15,0.14,2.0,23.0,0.7,13.0,59,531.0,3.3,9.0,0.0,0.0,8.0,0.0,0.34,26.9
02_054,"Cocoyam, tuber, white, boiled* (as part of a recipe)",16.0,0.16,0.15,2.1,19.0,0.8,14.0,62,559.0,3.4,10.0,0.0,0.0,8.0,0.0,0.36,28.3
02_006,"Cocoyam, tuber, white, boiled* (without salt), drained",15.0,0.15,0.15,2.1,15.0,0.7,12.0,58,447.0,3.4,8.0,0.0,0.0,6.0,0.0,0.32,28.3
02_043,"Cocoyam, tuber, yellow, raw",15.0,0.15,0.1,2.0,23.0,0.7,13.0,59,531.0,3.3,9.0,46.0,0.0,8.0,0.0,0.34,21.2
02_056,"Cocoyam, tuber, yellow, boiled* (as part of a recipe)",16.0,0.16,0.1,2.1,19.0,0.8,14.0,62,559.0,3.4,10.0,49.0,0.0,8.0,0.0,0.36,22.3
02_055,"Cocoyam, tuber, yellow, boiled* (without salt), drained",15.0,0.15,0.1,2.1,15.0,0.7,12.0,58,447.0,3.4,8.0,46.0,0.0,6.0,0.0,0.32,22.3
02_086,Cou nin zindo (Burkina Faso)*: yam and vegetable stew,23.0,0.11,3.75,3.8,15.0,1.1,16.0,42,290.0,1.8,308.0,42.0,0.0,12.0,0.0,0.45,12.7
02_081,"French fries, deep fried in unfortified vegetable oil*",11.0,0.18,5.73,2.9,13.0,1.7,45.0,89,818.0,2.6,182.0,0.0,0.0,2.0,0.0,0.64,27.4
02_089,Fufu of ripe and unripe plantain with red palm oil (Burkina Faso)*,15.0,0.11,2.44,3.5,12.0,1.6,32.0,23,487.0,1.3,278.0,1310.0,0.0,14.0,0.0,0.22,22.5
02_088,Fufu of ripe plantain with red palm oil (Burkina Faso)*,9.0,0.08,0.66,2.0,15.0,0.9,34.0,24,434.0,1.2,494.0,415.0,0.0,16.0,0.0,0.13,26.7
02_096,Fufu of unripe plantain with red palm oil (Burkina Faso)*,10.0,0.15,1.08,5.1,10.0,0.4,31.0,21,557.0,1.5,540.0,378.0,0.0,14.0,0.0,0.33,20.1
02_099,Fufu of unripe plantain with shea butter (Burkina Faso)*,11.0,0.17,0.82,4.6,9.0,0.4,29.0,19,498.0,1.3,467.0,0.0,0.0,13.0,0.0,0.31,18.0
02_094,Kou né barâand kanss saagbo (Burkina Faso)*: foutou of yam and unripe plantain,16.0,0.1,0.21,4.4,14.0,0.9,19.0,34,359.0,1.6,13.0,2.0,0.0,10.0,0.0,0.43,16.200000000000003
02_098,Kou né barâand moomd saagbo (Burkina Faso)*: foutou of yam with ripe plantain,21.0,0.1,0.13,4.6,18.0,1.3,20.0,43,358.0,1.9,7.0,11.0,0.0,11.0,0.0,0.5,19.3
02_090,Kou né kamoag fufu (Burkina Faso)*: fufu of yam with shea butter,20.0,0.11,0.48,4.0,15.0,1.1,14.0,37,269.0,1.6,169.0,2.0,0.0,8.0,0.0,0.46,14.0
02_087,Kou né téhi kaam fufu (Burkina Faso)*: fufu of yam and red palm oil,23.0,0.1,0.99,4.8,18.0,1.3,16.0,45,326.0,2.0,132.0,499.0,0.0,10.0,0.0,0.54,17.0
02_097,Kou saagbo (Burkina Faso)*: foutou of yam,21.0,0.09,0.13,4.3,16.0,1.2,16.0,40,293.0,1.8,156.0,2.0,0.0,9.0,0.0,0.49,15.3
02_084,"Plantain, deep fried in unfortified vegetable oil*",12.0,0.13,8.3,3.7,27.0,1.7,59.0,42,785.0,2.1,325.0,20.0,0.0,29.0,0.0,0.22,48.0
02_042,"Plantain, ripe, ivory flesh, raw",6.0,0.08,0.04,2.3,22.0,1.1,37.0,27,499.0,1.4,4.0,63.0,0.0,20.0,0.0,0.14,30.6
02_058,"Plantain, ripe, ivory flesh, boiled* (as part of a recipe)",6.0,0.08,0.04,2.2,16.0,1.0,35.0,26,475.0,1.3,4.0,60.0,0.0,17.0,0.0,0.13,29.1
02_057,"Plantain, ripe, ivory flesh, boiled* (without salt), drained",6.0,0.08,0.05,2.5,15.0,1.0,35.0,26,420.0,1.4,3.0,63.0,0.0,15.0,0.0,0.13,32.1
02_044,"Plantain, ripe, orange flesh, raw",8.0,0.08,0.07,2.3,22.0,1.3,37.0,38,499.0,1.2,4.0,86.0,0.0,20.0,0.0,0.14,28.1
02_060,"Plantain, ripe, orange flesh, boiled* (as part of a recipe)",8.0,0.08,0.06,2.2,16.0,1.2,35.0,36,475.0,1.1,4.0,82.0,0.0,17.0,0.0,0.13,26.7
02_059,"Plantain, ripe, orange flesh, boiled* (without salt), drained",7.0,0.07,0.06,2.2,13.0,1.2,32.0,34,380.0,1.1,3.0,77.0,0.0,13.0,0.0,0.12,26.7
02_046,"Plantain, unripe, ivory flesh, raw",8.0,0.18,0.54,6.5,16.0,0.5,38.0,26,705.0,1.9,34.0,71.0,0.0,20.0,0.0,0.42,25.4
02_065,"Plantain, unripe, ivory flesh, boiled* (as part of a recipe)",8.0,0.17,0.51,6.2,12.0,0.5,36.0,25,671.0,1.8,32.0,68.0,0.0,17.0,0.0,0.4,24.1
02_064,"Plantain, unripe, ivory flesh, boiled* (without salt), drained",8.0,0.15,0.51,6.2,10.0,0.5,32.0,23,537.0,1.8,26.0,65.0,0.0,13.0,0.0,0.36,24.1
02_047,"Plantain, unripe, orange flesh, raw",8.0,0.18,0.54,6.5,16.0,0.5,38.0,26,705.0,1.9,34.0,128.0,0.0,20.0,0.0,0.42,25.4
02_067,"Plantain, unripe, orange flesh, boiled* (as part of a recipe)",8.0,0.17,0.51,6.2,12.0,0.5,36.0,25,671.0,1.8,32.0,122.0,0.0,17.0,0.0,0.4,24.1
02_066,"Plantain, unripe, orange flesh, boiled* (without salt), drained",8.0,0.15,0.51,6.2,10.0,0.5,32.0,23,537.0,1.8,26.0,115.0,0.0,13.0,0.0,0.36,24.1
02_045,"Plantain, unripe, pale flesh, raw",8.0,0.18,0.54,6.5,16.0,0.5,38.0,26,705.0,1.9,34.0,0.0,0.0,20.0,0.0,0.42,25.4
02_063,"Plantain, unripe, pale flesh, boiled* (as part of a recipe)",8.0,0.17,0.51,6.2,12.0,0.5,36.0,25,671.0,1.8,32.0,0.0,0.0,17.0,0.0,0.4,24.1
02_062,"Plantain, unripe, pale flesh, boiled* (without salt), drained",8.0,0.15,0.51,6.2,10.0,0.5,32.0,23,537.0,1.8,26.0,0.0,0.0,13.0,0.0,0.36,24.1
02_048,"Plantain, unripe, pale flesh, flour",22.0,0.26,1.41,13.1,25.0,1.6,78.0,102,966.0,4.2,68.0,0.0,0.0,4.0,0.0,0.84,51.6
02_095,"Porridge, tô, from gari and tomato paste (Burkina Faso)*",19.0,0.08,0.07,2.1,15.0,0.6,13.0,43,173.0,0.7,240.0,11.0,0.33,1.0,0.0,0.3,29.2
02_085,Potato nin zindo (Burkina Faso)*: potato and vegetable stew,11.0,0.12,6.75,1.6,7.0,0.8,23.0,46,385.0,1.5,347.0,9.0,0.0,10.0,0.0,0.33,11.9
02_009,"Potato, raw",6.0,0.1,0.02,1.7,10.0,1.0,26.0,51,469.0,1.5,8.0,0.0,0.0,14.0,0.0,0.37,15.7
02_068,"Potato, boiled* (as part of a recipe)",6.0,0.1,0.02,1.7,8.0,1.0,26.0,51,469.0,1.5,8.0,0.0,0.0,12.0,0.0,0.37,15.7
02_010,"Potato, boiled* (without salt), drained",5.0,0.09,0.02,1.7,6.0,0.9,23.0,47,375.0,1.5,6.0,0.0,0.0,10.0,0.0,0.33,15.7
02_011,"Sweet potato, deep yellow flesh, raw",33.0,0.45,0.1,3.0,26.0,2.0,18.0,38,283.0,1.6,31.0,200.0,0.0,37.0,0.0,0.54,22.5
02_070,"Sweet potato, deep yellow flesh, boiled* (as part of a recipe)",33.0,0.45,0.1,3.0,20.0,2.0,18.0,38,283.0,1.6,31.0,200.0,0.0,33.0,0.0,0.54,22.5
02_012,"Sweet potato, deep yellow flesh, boiled* (without salt), drained",31.0,0.41,0.1,3.0,17.0,1.9,16.0,35,226.0,1.6,25.0,190.0,0.0,26.0,0.0,0.49,22.5
02_049,"Sweet potato, orange flesh, raw",54.0,0.09,0.1,3.0,11.0,0.9,28.0,44,288.0,1.0,20.0,791.0,0.0,31.0,0.0,0.62,16.8
02_073,"Sweet potato, orange flesh, boiled* (as part of a recipe)",54.0,0.09,0.1,3.0,9.0,0.9,28.0,44,288.0,1.0,20.0,791.0,0.0,28.0,0.0,0.62,16.8
02_072,"Sweet potato, orange flesh, boiled* (without salt), drained",52.0,0.09,0.1,3.0,7.0,0.9,25.0,41,230.0,1.0,16.0,751.0,0.0,22.0,0.0,0.56,16.8
02_022,"Sweet potato, pale flesh (white/cream/pale yellow), raw",34.0,0.45,0.12,3.0,26.0,1.3,18.0,39,283.0,1.5,31.0,5.0,0.0,22.0,0.0,0.54,17.5
02_069,"Sweet potato, pale flesh (white/cream/pale yellow), boiled* (as part of a recipe)",34.0,0.45,0.12,3.0,20.0,1.3,18.0,39,283.0,1.5,31.0,5.0,0.0,20.0,0.0,0.54,17.5
02_023,"Sweet potato, pale flesh (white/cream/pale yellow), boiled* (without salt), drained",32.0,0.41,0.12,3.0,17.0,1.2,16.0,37,226.0,1.5,25.0,5.0,0.0,16.0,0.0,0.49,17.5
02_013,"Sweet potato, yellow flesh, raw",40.0,0.26,0.1,3.0,52.0,1.9,18.0,38,283.0,1.5,20.0,127.0,0.0,31.0,0.0,0.54,22.5
02_071,"Sweet potato, yellow flesh, boiled* (as part of a recipe)",40.0,0.26,0.1,3.0,41.0,1.9,18.0,38,283.0,1.5,20.0,127.0,0.0,27.0,0.0,0.54,22.5
02_014,"Sweet potato, yellow flesh, boiled* (without salt), drained",38.0,0.23,0.1,3.0,33.0,1.8,16.0,35,226.0,1.5,16.0,121.0,0.0,21.0,0.0,0.49,22.5
02_083,"Sweet potato, deep fried in unfortified vegetable oil*",83.0,0.54,4.91,6.2,84.0,3.9,37.0,79,584.0,3.1,295.0,53.0,0.0,59.0,0.0,1.11,46.4
02_015,"Taro, tuber, white, raw",26.0,0.84,0.34,4.1,22.0,1.6,30.0,88,350.0,2.7,17.0,2.0,0.0,8.0,0.0,0.61,21.1
02_074,"Taro, tuber, white, boiled* (as part of a recipe)",26.0,0.84,0.34,4.1,17.0,1.6,30.0,87,346.0,2.6,16.0,2.0,0.0,7.0,0.0,0.6,20.8
02_016,"Taro, tuber, white, boiled* (without salt), drained",25.0,0.75,0.34,4.1,14.0,1.5,27.0,81,277.0,2.6,13.0,2.0,0.0,6.0,0.0,0.54,20.8
02_026,"Tiger nut, tuber, dried",41.0,0.63,3.22,11.7,160.0,6.4,102.0,227,563.0,4.8,26.0,0.0,0.0,14.0,0.0,2.6,36.8
02_024,"Tiger nut, tuber, raw",15.0,0.15,2.54,8.4,120.0,3.8,76.0,190,297.0,4.4,11.0,0.0,0.0,9.0,0.0,0.92,23.700000000000003
02_075,"Tiger nut, tuber, boiled* (as part of a recipe)",15.0,0.16,2.67,8.9,94.0,4.0,80.0,199,313.0,4.6,12.0,0.0,0.0,8.0,0.0,0.97,24.9
02_025,"Tiger nut, tuber, boiled* (without salt), drained",15.0,0.14,2.67,8.9,76.0,3.7,72.0,186,250.0,4.6,9.0,0.0,0.0,6.0,0.0,0.88,24.9
02_017,"Water yam, tuber, raw",15.0,0.21,0.06,9.7,26.0,0.8,8.0,65,281.0,2.4,6.0,3.0,0.0,15.0,0.0,0.43,11.900000000000002
02_076,"Water yam, tuber, boiled* (as part of a recipe)",16.0,0.22,0.06,10.2,21.0,0.9,8.0,68,296.0,2.5,6.0,3.0,0.0,14.0,0.0,0.46,12.5
02_018,"Water yam, tuber, boiled* (without salt), drained",15.0,0.2,0.06,10.2,17.0,0.8,7.0,63,237.0,2.5,5.0,3.0,0.0,11.0,0.0,0.41,12.5
02_082,"Yam, tuber, deep fried in unfortified vegetable oil*",43.0,0.18,3.93,8.8,34.0,2.5,31.0,85,621.0,3.6,162.0,1.0,0.0,19.0,0.0,1.03,30.8
02_019,"Yam, tuber, pale, raw",26.0,0.11,0.16,5.6,27.0,1.6,19.0,53,383.0,2.3,7.0,3.0,0.0,13.0,0.0,0.64,19.9
02_077,"Yam, tuber, pale, boiled* (as part of a recipe)",27.0,0.12,0.17,5.9,22.0,1.6,20.0,55,403.0,2.4,8.0,3.0,0.0,12.0,0.0,0.67,20.9
02_020,"Yam, tuber, pale, boiled* (without salt), drained",26.0,0.11,0.17,5.9,18.0,1.5,18.0,52,322.0,2.4,6.0,3.0,0.0,9.0,0.0,0.6,20.9
02_050,"Yam, tuber, three-leaved, pale, raw",14.0,0.22,0.07,5.1,23.0,0.3,15.0,66,241.0,1.8,5.0,5.0,0.0,13.0,0.0,0.6,18.700000000000003
02_080,"Yam, tuber, three-leaved, pale, boiled* (as part of a recipe)",15.0,0.23,0.08,5.4,19.0,0.3,16.0,70,254.0,1.9,5.0,5.0,0.0,12.0,0.0,0.63,19.700000000000003
02_079,"Yam, tuber, three-leaved, pale, boiled* (without salt, drained)",14.0,0.21,0.08,5.4,15.0,0.3,15.0,65,203.0,1.9,4.0,5.0,0.0,9.0,0.0,0.57,19.700000000000003
03_009,"African locust bean, dry, raw",330.0,1.26,6.38,7.2,380.0,14.0,168.0,319,505.0,29.0,49.0,0.0,0.0,6.0,0.0,5.15,30.6
03_063,"African locust bean, not soaked, boiled* (without salt), drained",107.0,0.34,2.44,2.8,72.0,4.6,55.0,110,145.0,11.1,14.0,0.0,0.0,1.0,0.0,1.78,11.7
03_064,"African locust bean, not soaked, boiled* (without salt), with cooking liquid",80.0,0.3,1.54,1.7,55.0,3.4,41.0,77,122.0,7.0,12.0,0.0,0.0,1.0,0.0,1.25,7.499999999999999
03_065,"African locust bean, soaked, boiled in different water* (without salt), drained",122.0,0.38,2.77,3.1,82.0,5.2,62.0,125,165.0,12.6,16.0,0.0,0.0,2.0,0.0,2.01,13.3
03_066,"African locust bean, soaked, boiled in different water* (without salt), with cooking liquid",103.0,0.39,1.99,2.2,71.0,4.4,52.0,100,158.0,9.1,15.0,0.0,0.0,1.0,0.0,1.61,9.6
03_010,"African yam bean, dry, raw",40.0,0.95,0.66,16.7,480.0,4.1,186.0,253,1290.0,20.5,2.0,1.0,0.0,2.0,0.0,2.0,30.000000000000004
03_011,"African yam bean, not soaked, boiled* (without salt), drained",13.0,0.25,0.25,6.4,92.0,1.3,61.0,87,370.0,7.9,1.0,0.0,0.0,0.0,0.0,0.69,11.4
03_060,"African yam bean, not soaked, boiled* (without salt), with cooking liquid",10.0,0.23,0.16,4.0,70.0,1.0,45.0,61,311.0,5.0,1.0,0.0,0.0,0.0,0.0,0.48,7.300000000000001
03_061,"African yam bean, soaked, boiled in different water* (without salt), drained",15.0,0.29,0.29,7.3,100.0,1.5,69.0,99,419.0,9.0,1.0,1.0,0.0,1.0,0.0,0.78,12.9
03_062,"African yam bean, soaked, boiled in different water* (without salt), with cooking liquid",13.0,0.3,0.21,5.2,90.0,1.3,58.0,79,402.0,6.5,1.0,0.0,0.0,0.0,0.0,0.62,9.3
03_022,"Bean, white, dry, raw",127.0,0.9,1.14,18.6,410.0,8.8,197.0,399,1700.0,21.3,33.0,0.0,0.0,0.0,0.0,3.19,25.6
03_023,"Bean, white, not soaked, boiled* (without salt), drained",41.0,0.24,0.44,7.1,78.0,2.9,64.0,138,491.0,8.2,9.0,0.0,0.0,0.0,0.0,1.11,9.9
03_079,"Bean, white, not soaked, boiled* (without salt), with cooking liquid",29.0,0.21,0.26,4.3,56.0,2.0,45.0,92,393.0,4.9,8.0,0.0,0.0,0.0,0.0,0.74,5.9
03_081,"Bean, white, soaked, boiled in different water* (without salt), drained",41.0,0.24,0.44,7.1,78.0,2.9,64.0,138,491.0,8.2,9.0,0.0,0.0,0.0,0.0,1.11,9.9
03_082,"Bean, white, soaked, boiled in different water* (without salt), with cooking liquid",29.0,0.21,0.26,4.3,56.0,2.0,45.0,92,393.0,4.9,8.0,0.0,0.0,0.0,0.0,0.74,5.9
03_144,"Beng rougougdga (Burkina Faso)*: cowpeas and vegetables, boiled",38.0,0.28,4.1,4.2,91.0,2.8,83.0,137,399.0,7.2,182.0,5.0,0.0,2.0,0.0,1.16,12.5
03_148,Beng rougougdga né ki wesla (Burkina Faso)*: cowpeas with pearl millet couscous,30.0,0.28,1.5,4.1,80.0,3.4,86.0,170,346.0,7.2,236.0,0.0,0.0,0.0,0.0,1.4,23.9
03_149,"Beng rougougdga né kmaan (Burkina Faso)*: cowpeas and degermed white maize, boiled",24.0,0.19,0.24,3.9,65.0,2.0,61.0,102,261.0,6.5,167.0,0.0,0.0,0.0,0.0,0.86,21.3
03_150,"Beng rougougdga né kui wesla (Burkina Faso)*: cowpeas and fonio, boiled",46.0,0.42,2.82,4.2,98.0,3.9,91.0,149,390.0,8.2,505.0,0.0,0.0,0.0,0.0,1.4,24.4
03_151,Beng saagbo (Burkina Faso)*: tô (porridge) from cowpeas with maize flour and potash,37.0,0.22,3.1,3.7,80.0,3.1,76.0,118,324.0,6.7,217.0,0.0,0.0,0.0,0.0,1.02,14.6
03_154,Boussan touba (Burkina Faso)*: fried cowpea pancakes,67.0,0.54,4.39,5.8,140.0,6.5,126.0,229,632.0,12.6,699.0,0.0,0.0,0.0,0.0,2.07,21.9
03_024,"Broad bean, dry, raw",107.0,0.85,0.87,21.6,260.0,5.0,135.0,302,1200.0,25.2,26.0,2.0,0.0,1.0,0.0,1.83,19.1
03_025,"Broad bean, not soaked, boiled* (without salt), drained",33.0,0.21,0.31,7.7,46.0,1.5,41.0,97,322.0,9.0,7.0,1.0,0.0,0.0,0.0,0.59,6.8
03_083,"Broad bean, not soaked, boiled* (without salt), with cooking liquid",23.0,0.19,0.19,4.7,34.0,1.1,29.0,66,261.0,5.5,6.0,1.0,0.0,0.0,0.0,0.4,4.1000000000000005
03_084,"Broad bean, soaked, boiled in different water* (without salt), drained",33.0,0.21,0.31,7.7,46.0,1.5,41.0,97,322.0,9.0,7.0,1.0,0.0,0.0,0.0,0.59,6.8
03_085,"Broad bean, soaked, boiled in different water* (without salt), with cooking liquid",23.0,0.19,0.19,4.7,34.0,1.1,29.0,66,261.0,5.5,6.0,1.0,0.0,0.0,0.0,0.4,4.1000000000000005
03_004,"Cowpea, dry, raw",82.0,0.75,0.7,12.6,420.0,6.2,249.0,416,1120.0,22.6,22.0,1.0,0.0,1.0,0.0,3.55,36.4
03_007,"Cowpea, not soaked, boiled* (without salt), drained",26.0,0.2,0.26,4.7,78.0,2.0,79.0,140,314.0,8.5,6.0,1.0,0.0,0.0,0.0,1.2,13.6
03_089,"Cowpea, not soaked, boiled* (without salt), with cooking liquid",19.0,0.17,0.16,2.8,57.0,1.4,56.0,94,253.0,5.1,5.0,0.0,0.0,0.0,0.0,0.8,8.3
03_090,"Cowpea, soaked, boiled in different water* (without salt), drained",26.0,0.2,0.26,4.7,78.0,2.0,79.0,140,314.0,8.5,6.0,1.0,0.0,0.0,0.0,1.2,13.6
03_091,"Cowpea, soaked, boiled in different water* (without salt), with cooking liquid",19.0,0.17,0.16,2.8,57.0,1.4,56.0,94,253.0,5.1,5.0,0.0,0.0,0.0,0.0,0.8,8.3
03_005,"Cowpea, black, dry, raw",80.0,0.6,0.74,21.0,410.0,5.8,202.0,402,1380.0,20.5,22.0,2.0,0.0,1.0,0.0,3.88,19.8
03_026,"Cowpea, black, not soaked, boiled* (without salt), drained",24.0,0.16,0.28,7.9,77.0,1.7,64.0,137,387.0,8.2,6.0,1.0,0.0,0.0,0.0,1.3,6.9
03_092,"Cowpea, black, not soaked, boiled* (without salt), with cooking liquid",17.0,0.14,0.17,4.7,56.0,1.2,46.0,92,312.0,4.9,5.0,0.0,0.0,0.0,0.0,0.87,4.2
03_093,"Cowpea, black, soaked, boiled in different water* (without salt), drained",24.0,0.16,0.28,7.9,77.0,1.7,64.0,137,387.0,8.2,6.0,1.0,0.0,0.0,0.0,1.3,6.9
03_094,"Cowpea, black, soaked, boiled in different water* (without salt), with cooking liquid",17.0,0.14,0.17,4.7,56.0,1.2,46.0,92,312.0,4.9,5.0,0.0,0.0,0.0,0.0,0.87,4.2
03_027,"Cowpea, brown, dry, raw",78.0,0.84,0.91,12.8,420.0,6.8,310.0,450,1090.0,23.6,23.0,1.0,0.0,0.0,0.0,3.96,34.3
03_028,"Cowpea, brown, not soaked, boiled* (without salt), drained",25.0,0.22,0.34,4.8,78.0,2.2,99.0,152,306.0,8.9,7.0,0.0,0.0,0.0,0.0,1.33,12.8
03_095,"Cowpea, brown, not soaked, boiled* (without salt), with cooking liquid",18.0,0.19,0.21,2.9,57.0,1.5,70.0,102,246.0,5.3,5.0,0.0,0.0,0.0,0.0,0.9,7.799999999999999
03_096,"Cowpea, brown, soaked, boiled in different water* (without salt), drained",25.0,0.22,0.34,4.8,78.0,2.2,99.0,152,306.0,8.9,7.0,0.0,0.0,0.0,0.0,1.33,12.8
03_097,"Cowpea, brown, soaked, boiled in different water* (without salt), with cooking liquid",18.0,0.19,0.21,2.9,57.0,1.5,70.0,102,246.0,5.3,5.0,0.0,0.0,0.0,0.0,0.9,7.799999999999999
03_006,"Cowpea, white, dry, raw",75.0,0.96,0.85,10.6,420.0,6.7,218.0,414,1100.0,23.0,24.0,1.0,0.0,0.0,0.0,3.77,39.7
03_029,"Cowpea, white, not soaked, boiled* (without salt), drained",24.0,0.25,0.32,4.0,78.0,2.1,69.0,139,310.0,8.6,7.0,0.0,0.0,0.0,0.0,1.27,14.8
03_098,"Cowpea, white, not soaked, boiled* (without salt), with cooking liquid",17.0,0.22,0.19,2.4,57.0,1.5,49.0,94,250.0,5.2,5.0,0.0,0.0,0.0,0.0,0.85,9.0
03_099,"Cowpea, white, soaked, boiled in different water* (without salt), drained",24.0,0.25,0.32,4.0,78.0,2.1,69.0,139,310.0,8.6,7.0,0.0,0.0,0.0,0.0,1.27,14.8
03_100,"Cowpea, white, soaked, boiled in different water* (without salt), with cooking liquid",17.0,0.22,0.19,2.4,57.0,1.5,49.0,94,250.0,5.2,5.0,0.0,0.0,0.0,0.0,0.85,9.0
03_045,"Cowpea, dehulled, raw",119.0,0.97,0.73,13.1,430.0,3.9,155.0,416,1270.0,23.1,10.0,1.0,0.0,0.0,0.0,2.49,37.5
03_101,"Cowpea, dehulled, not soaked, boiled* (without salt), drained",38.0,0.25,0.28,4.9,80.0,1.3,49.0,140,356.0,8.6,3.0,1.0,0.0,0.0,0.0,0.84,14.1
03_102,"Cowpea, dehulled, not soaked, boiled* (without salt), with cooking liquid",27.0,0.22,0.17,3.0,58.0,0.9,35.0,94,287.0,5.2,2.0,0.0,0.0,0.0,0.0,0.56,8.5
03_103,"Cowpea, dehulled, soaked, boiled in different water* (without salt), drained",38.0,0.25,0.28,4.9,80.0,1.3,49.0,140,356.0,8.6,3.0,1.0,0.0,0.0,0.0,0.84,14.1
03_104,"Cowpea, dehulled, soaked, boiled in different water* (without salt), with cooking liquid",27.0,0.22,0.17,3.0,58.0,0.9,35.0,94,287.0,5.2,2.0,0.0,0.0,0.0,0.0,0.56,8.5
03_143,"Cowpeas and rice, boiled (Burkina Faso)*",26.0,0.22,0.23,3.2,60.0,2.1,64.0,123,278.0,6.2,166.0,0.0,0.0,0.0,0.0,1.01,19.3
03_146,"Faro with eggs, cowpea, potash and vegetables (Burkina Faso)*",64.0,0.25,2.31,4.1,86.0,3.2,84.0,157,400.0,8.7,252.0,45.0,0.17,6.0,0.3,1.29,10.1
03_147,Haricot bambara (Burkina Faso)*: fried paste of cowpea and okra powder with egg and onion,80.0,0.34,3.3,4.5,110.0,4.3,62.0,186,437.0,10.1,616.0,26.0,0.28,0.0,0.4,1.14,11.6
03_152,Gonré-1 (Burkina Faso)*: steamed paste of dehulled cowpea and potash,64.0,0.43,0.32,5.7,110.0,3.0,71.0,183,566.0,10.1,114.0,1.0,0.0,0.0,0.0,1.09,16.5
03_153,Gonré-2 (Burkina Faso)*: steamed paste of non-dehulled cowpea and potash,85.0,0.34,0.28,3.9,88.0,6.3,83.0,139,435.0,7.7,310.0,22.0,0.0,4.0,0.0,1.25,12.1
03_057,"Ground bean, dry, raw",60.0,0.52,1.02,17.9,480.0,10.0,186.0,367,264.0,23.8,9.0,1.0,0.0,2.0,0.0,1.12,25.300000000000004
03_113,"Ground bean, not soaked, boiled* (without salt), drained",20.0,0.14,0.39,6.9,92.0,3.3,61.0,127,76.0,9.1,3.0,0.0,0.0,0.0,0.0,0.39,9.6
03_114,"Ground bean, not soaked, boiled* (without salt), with cooking liquid",15.0,0.13,0.25,4.3,70.0,2.4,45.0,89,64.0,5.8,2.0,0.0,0.0,0.0,0.0,0.27,6.2
03_115,"Ground bean, soaked, boiled in different water* (without salt), drained",20.0,0.14,0.39,6.9,92.0,3.3,61.0,127,76.0,9.1,3.0,0.0,0.0,0.0,0.0,0.39,9.6
03_116,"Ground bean, soaked, boiled in different water* (without salt), with cooking liquid",15.0,0.13,0.25,4.3,70.0,2.4,45.0,89,64.0,5.8,2.0,0.0,0.0,0.0,0.0,0.27,6.2
03_052,"Jack bean, whole, dry, raw",119.0,0.7,0.81,15.6,480.0,4.4,126.0,305,889.0,24.1,6.0,1.0,0.0,2.0,0.0,2.42,26.8
03_109,"Jack bean, not soaked, boiled* (without salt), drained",39.0,0.19,0.31,6.0,92.0,1.4,41.0,105,255.0,9.2,2.0,0.0,0.0,0.0,0.0,0.84,10.3
03_110,"Jack bean, not soaked, boiled* (without salt), with cooking liquid",29.0,0.17,0.2,3.8,70.0,1.1,30.0,74,215.0,5.8,2.0,0.0,0.0,0.0,0.0,0.59,6.500000000000001
03_111,"Jack bean, soaked, boiled in different water* (without salt), drained",39.0,0.19,0.31,6.0,92.0,1.4,41.0,105,255.0,9.2,2.0,0.0,0.0,0.0,0.0,0.84,10.3
03_112,"Jack bean, soaked, boiled in different water* (without salt), with cooking liquid",29.0,0.17,0.2,3.8,70.0,1.1,30.0,74,215.0,5.8,2.0,0.0,0.0,0.0,0.0,0.59,6.500000000000001
03_030,"Lentil, dry, raw",74.0,0.91,0.77,17.0,150.0,6.7,118.0,392,691.0,23.6,50.0,2.0,0.0,7.0,0.0,3.89,29.3
03_031,"Lentil, not soaked, boiled* (without salt), drained",24.0,0.24,0.29,6.4,28.0,2.1,38.0,133,196.0,8.9,14.0,1.0,0.0,2.0,0.0,1.32,11.1
03_086,"Lentil, not soaked, boiled* (without salt), with cooking liquid",17.0,0.22,0.18,4.0,21.0,1.6,28.0,92,163.0,5.6,12.0,0.0,0.0,1.0,0.0,0.91,6.9
03_087,"Lentil, soaked, boiled in different water* (without salt), drained",24.0,0.24,0.29,6.4,28.0,2.1,38.0,133,196.0,8.9,14.0,1.0,0.0,2.0,0.0,1.32,11.1
03_088,"Lentil, soaked, boiled in different water* (without salt), with cooking liquid",17.0,0.22,0.18,4.0,21.0,1.6,28.0,92,163.0,5.6,12.0,0.0,0.0,1.0,0.0,0.91,6.9
03_032,"Pigeon pea, dry, raw",121.0,1.11,1.02,21.0,340.0,4.5,191.0,322,1660.0,20.8,3.0,8.0,0.0,1.0,0.0,2.49,20.6
03_033,"Pigeon pea, not soaked, boiled* (without salt), drained",45.0,0.34,0.45,9.1,74.0,1.7,71.0,126,542.0,9.0,1.0,4.0,0.0,0.0,0.0,0.98,9.000000000000002
03_121,"Pigeon pea, not soaked, boiled* (without salt), with cooking liquid",38.0,0.35,0.32,6.6,64.0,1.4,60.0,101,520.0,6.5,1.0,3.0,0.0,0.0,0.0,0.78,6.4
03_122,"Pigeon pea, soaked, boiled in different water* (without salt), drained",45.0,0.34,0.45,9.1,74.0,1.7,71.0,126,542.0,9.0,1.0,4.0,0.0,0.0,0.0,0.98,9.000000000000002
03_123,"Pigeon pea, soaked, boiled in different water* (without salt), with cooking liquid",38.0,0.35,0.32,6.6,64.0,1.4,60.0,101,520.0,6.5,1.0,3.0,0.0,0.0,0.0,0.78,6.4
03_055,"Pigeon pea, brown, dry, raw",109.0,1.09,0.98,20.9,340.0,4.6,187.0,328,1800.0,20.6,2.0,8.0,0.0,1.0,0.0,2.4,20.9
03_132,"Pigeon pea, brown, not soaked, boiled* (without salt), drained",40.0,0.33,0.43,9.1,74.0,1.7,69.0,128,588.0,9.0,1.0,4.0,0.0,0.0,0.0,0.94,9.1
03_133,"Pigeon pea, brown, not soaked, boiled* (without salt), with cooking liquid",34.0,0.34,0.31,6.5,64.0,1.5,58.0,102,563.0,6.5,1.0,3.0,0.0,0.0,0.0,0.75,6.6
03_134,"Pigeon pea, brown, soaked, boiled in different water* (without salt), drained",40.0,0.33,0.43,9.1,74.0,1.7,69.0,128,588.0,9.0,1.0,4.0,0.0,0.0,0.0,0.94,9.1
03_135,"Pigeon pea, brown, soaked, boiled in different water* (without salt), with cooking liquid",34.0,0.34,0.31,6.5,64.0,1.5,58.0,102,563.0,6.5,1.0,3.0,0.0,0.0,0.0,0.75,6.6
03_054,"Pigeon pea, cream, dry, raw",135.0,0.99,1.0,20.1,330.0,4.7,169.0,337,1700.0,18.4,2.0,8.0,0.0,1.0,0.0,2.9,22.6
03_128,"Pigeon pea, cream, not soaked, boiled* (without salt), drained",50.0,0.3,0.43,8.8,72.0,1.8,63.0,132,555.0,8.0,1.0,4.0,0.0,0.0,0.0,1.13,9.8
03_129,"Pigeon pea, cream, not soaked, boiled* (without salt), with cooking liquid",42.0,0.31,0.31,6.3,62.0,1.5,53.0,105,532.0,5.8,1.0,3.0,0.0,0.0,0.0,0.91,7.000000000000001
03_130,"Pigeon pea, cream, soaked, boiled in different water* (without salt), drained",50.0,0.3,0.43,8.8,72.0,1.8,63.0,132,555.0,8.0,1.0,4.0,0.0,0.0,0.0,1.13,9.8
03_131,"Pigeon pea, cream, soaked, boiled in different water* (without salt), with cooking liquid",42.0,0.31,0.31,6.3,62.0,1.5,53.0,105,532.0,5.8,1.0,3.0,0.0,0.0,0.0,0.91,7.000000000000001
03_053,"Pigeon pea, white, dry, raw",36.0,1.09,1.82,20.6,330.0,4.4,187.0,316,1630.0,16.6,3.0,8.0,0.0,1.0,0.0,1.01,21.8
03_124,"Pigeon pea, white, not soaked, boiled* (without salt), drained",13.0,0.33,0.79,8.9,73.0,1.6,69.0,123,532.0,7.2,1.0,4.0,0.0,0.0,0.0,0.39,9.499999999999998
03_125,"Pigeon pea, white, not soaked, boiled* (without salt), with cooking liquid",11.0,0.34,0.57,6.4,63.0,1.4,59.0,99,510.0,5.2,1.0,3.0,0.0,0.0,0.0,0.31,6.799999999999999
03_126,"Pigeon pea, white, soaked, boiled in different water* (without salt), drained",13.0,0.33,0.79,8.9,73.0,1.6,69.0,123,532.0,7.2,1.0,4.0,0.0,0.0,0.0,0.39,9.499999999999998
03_127,"Pigeon pea, white, soaked, boiled in different water* (without salt), with cooking liquid",11.0,0.34,0.57,6.4,63.0,1.4,59.0,99,510.0,5.2,1.0,3.0,0.0,0.0,0.0,0.31,6.799999999999999
03_142,"Porridge of cowpeas, yam and potash (Burkina Faso)*",66.0,0.29,0.26,4.3,71.0,6.9,72.0,124,436.0,6.5,394.0,1.0,0.0,4.0,0.0,1.15,16.0
03_145,Soumma (Burkina Faso)*: bambara groundnuts boiled with potash,39.0,0.41,0.97,14.4,30.0,2.7,95.0,134,588.0,9.7,239.0,0.0,0.0,0.0,0.0,1.22,2.799999999999999
03_051,"Sweet dattock, whole, raw",300.0,1.17,9.52,19.6,270.0,7.5,206.0,154,1460.0,10.6,120.0,0.0,0.0,0.0,0.0,3.64,14.299999999999995
03_105,"Sweet dattock, not soaked, boiled* (without salt), drained",98.0,0.31,3.65,7.5,52.0,2.5,67.0,53,421.0,4.1,35.0,0.0,0.0,0.0,0.0,1.26,5.5
03_106,"Sweet dattock, not soaked, boiled* (without salt), with cooking liquid",73.0,0.28,2.31,4.7,39.0,1.8,50.0,37,355.0,2.6,29.0,0.0,0.0,0.0,0.0,0.88,3.499999999999999
03_107,"Sweet dattock, soaked, boiled in different water* (without salt), drained",98.0,0.31,3.65,7.5,52.0,2.5,67.0,53,421.0,4.1,35.0,0.0,0.0,0.0,0.0,1.26,5.5
03_108,"Sweet dattock, soaked, boiled in different water* (without salt), with cooking liquid",73.0,0.28,2.31,4.7,39.0,1.8,50.0,37,355.0,2.6,29.0,0.0,0.0,0.0,0.0,0.88,3.499999999999999
04_023,"Amaranth, leaves, fresh, raw",368.0,0.29,0.21,3.8,76.0,7.2,160.0,69,545.0,4.1,7.0,225.0,0.0,67.0,0.0,0.66,-0.7999999999999998
04_086,"Amaranth, leaves, fresh, boiled* (as part of a recipe)",391.0,0.31,0.22,4.1,57.0,7.7,171.0,74,580.0,4.4,7.0,216.0,0.0,43.0,0.0,0.7,-0.8999999999999995
04_024,"Amaranth, leaves, fresh, boiled* (without salt), drained",357.0,0.28,0.21,3.9,39.0,5.5,98.0,64,278.0,4.2,5.0,207.0,0.0,27.0,0.0,0.51,-0.7999999999999998
04_001,"Baobab, leaves, fresh, raw",313.0,0.18,0.17,10.8,97.0,3.5,52.0,85,376.0,3.9,42.0,213.0,0.0,47.0,0.0,0.9,-5.4
04_087,"Baobab, leaves, fresh, boiled* (as part of a recipe)",333.0,0.19,0.18,11.5,72.0,3.7,55.0,90,400.0,4.2,44.0,204.0,0.0,30.0,0.0,0.95,-5.8
04_025,"Baobab, leaves, fresh, boiled* (without salt), drained",304.0,0.18,0.18,11.0,49.0,2.6,32.0,78,192.0,4.0,32.0,196.0,0.0,19.0,0.0,0.69,-5.5
04_003,"Bean, green, raw",41.0,0.11,0.13,4.4,36.0,1.2,43.0,75,250.0,2.0,2.0,19.0,0.0,11.0,0.0,0.2,0.7999999999999998
04_088,"Bean, green, boiled* (as part of a recipe)",44.0,0.12,0.14,4.7,27.0,1.3,46.0,81,269.0,2.1,2.0,18.0,0.0,9.0,0.0,0.22,0.8999999999999995
04_026,"Bean, green, boiled* (without salt), drained",43.0,0.11,0.14,4.8,20.0,1.0,28.0,74,137.0,2.2,2.0,19.0,0.0,8.0,0.0,0.16,1.0
04_006,"Carrot, raw",36.0,0.07,0.09,3.2,17.0,0.8,14.0,48,225.0,0.9,35.0,637.0,0.0,7.0,0.0,0.25,2.3
04_091,"Carrot, boiled* (as part of a recipe)",38.0,0.08,0.09,3.4,12.0,0.9,15.0,50,234.0,1.0,36.0,597.0,0.0,6.0,0.0,0.26,2.4
04_007,"Carrot, boiled* (without salt), drained",37.0,0.07,0.1,3.4,9.0,65.2,9.0,46,108.0,1.0,20.0,610.0,0.0,3.0,0.0,0.2,2.5000000000000004
04_008,"Cassava, leaves, fresh, raw",298.0,0.16,0.52,7.9,120.0,5.5,73.0,145,711.0,7.6,6.0,287.0,0.0,33.0,0.0,1.29,1.1999999999999993
04_092,"Cassava, leaves, fresh, boiled* (as part of a recipe)",317.0,0.17,0.56,8.4,86.0,5.9,77.0,154,757.0,8.0,6.0,275.0,0.0,21.0,0.0,1.38,1.299999999999999
04_028,"Cassava, leaves, fresh, boiled* (without salt), drained",289.0,0.16,0.53,8.1,59.0,4.2,44.0,133,363.0,7.7,4.0,264.0,0.0,13.0,0.0,0.99,1.200000000000001
04_009,"Cocoyam, leaves, fresh, raw",74.0,0.28,0.33,4.5,130.0,2.1,42.0,52,443.0,3.5,2.0,298.0,0.0,29.0,0.0,0.62,-2.1
04_097,"Cocoyam, leaves, fresh, boiled* (as part of a recipe)",79.0,0.3,0.35,4.7,94.0,2.3,44.0,56,471.0,3.7,2.0,285.0,0.0,19.0,0.0,0.66,-2.2
04_029,"Cocoyam, leaves, fresh, boiled* (without salt), drained",72.0,0.27,0.33,4.5,64.0,1.6,25.0,48,226.0,3.6,2.0,273.0,0.0,12.0,0.0,0.47,-2.1
04_031,"Cowpea, leaves, dried",1059.0,1.88,0.76,34.1,640.0,35.0,380.0,364,3300.0,24.4,290.0,300.0,0.0,40.0,0.0,3.91,-14.200000000000005
04_010,"Cowpea, leaves, fresh, raw",258.0,0.27,0.12,4.9,120.0,4.9,55.0,66,475.0,4.4,32.0,204.0,0.0,57.0,0.0,0.56,-3.2
04_098,"Cowpea, leaves, fresh, boiled* (as part of a recipe)",274.0,0.29,0.13,5.2,88.0,5.2,58.0,70,505.0,4.6,34.0,195.0,0.0,36.0,0.0,0.6,-3.4000000000000004
04_030,"Cowpea, leaves, fresh, boiled* (without salt), drained",250.0,0.26,0.12,5.0,60.0,3.7,33.0,61,242.0,4.5,24.0,187.0,0.0,23.0,0.0,0.43,-3.2
04_032,"Cucumber, unpeeled, raw",13.0,0.04,0.04,2.1,6.0,0.6,20.0,29,134.0,0.7,10.0,2.0,0.0,14.0,0.0,0.17,-1.2000000000000002
04_012,"Eggplant, fruit, raw",14.0,0.22,0.15,4.0,29.0,1.4,8.0,26,295.0,1.1,4.0,4.0,0.0,9.0,0.0,0.28,0.0
04_102,"Eggplant, fruit, boiled* (as part of a recipe)",18.0,0.28,0.19,5.0,25.0,1.7,10.0,33,369.0,1.4,5.0,4.0,0.0,9.0,0.0,0.34,-0.0999999999999996
04_034,"Eggplant, fruit, boiled* (without salt), drained",14.0,0.22,0.17,4.3,16.0,1.1,5.0,25,159.0,1.2,3.0,4.0,0.0,6.0,0.0,0.22,0.0
04_013,"Eggplant, leaves, fresh, raw",332.0,0.21,0.36,4.2,69.0,4.3,81.0,44,443.0,4.4,26.0,297.0,0.0,79.0,0.0,0.73,-0.5
04_105,"Eggplant, leaves, fresh, boiled* (as part of a recipe)",353.0,0.23,0.39,4.4,52.0,4.6,86.0,46,471.0,4.7,28.0,284.0,0.0,50.0,0.0,0.78,-0.5000000000000004
04_035,"Eggplant, leaves, fresh, boiled* (without salt), drained",321.0,0.21,0.37,4.3,35.0,3.3,50.0,40,226.0,4.5,20.0,272.0,0.0,32.0,0.0,0.56,-0.5999999999999996
04_014,"False sesame, leaves, dried",1311.0,2.19,1.65,24.5,280.0,14.2,500.0,284,1800.0,17.7,155.0,259.0,0.0,12.0,0.0,4.23,4.600000000000001
04_036,"False sesame, leaves, fresh, raw",442.0,0.28,0.35,5.5,81.0,3.2,107.0,63,584.0,5.3,35.0,291.0,0.0,28.0,0.0,0.9,-0.0999999999999996
04_106,"False sesame, leaves, fresh, boiled* (as part of a recipe)",470.0,0.3,0.37,5.9,60.0,3.4,114.0,67,621.0,5.6,37.0,279.0,0.0,18.0,0.0,0.96,-0.1000000000000005
04_037,"False sesame, leaves, fresh, boiled* (without salt), drained",428.0,0.27,0.36,5.6,41.0,2.4,66.0,58,298.0,5.4,27.0,267.0,0.0,11.0,0.0,0.69,-0.0999999999999996
04_015,"Garlic, flesh, raw",33.0,0.15,0.14,5.3,3.0,1.7,26.0,195,442.0,6.5,10.0,0.0,0.0,10.0,0.0,0.85,16.3
04_082,"Ginger, root, raw",19.0,0.13,0.38,5.4,11.0,1.9,55.0,44,407.0,2.2,10.0,7.0,0.0,5.0,0.0,0.39,3.6
04_131,"Green leafy vegetable, average, fresh, raw",213.0,0.2,0.3,3.9,57.0,3.9,76.0,55,413.0,3.3,25.0,291.0,0.0,50.0,0.0,0.64,0.1999999999999997
04_133,"Green leafy vegetable, average, fresh, boiled* (as part of a recipe)",227.0,0.21,0.32,4.1,42.0,4.2,81.0,58,439.0,3.6,26.0,279.0,0.0,32.0,0.0,0.68,0.2000000000000001
04_132,"Green leafy vegetable, average, fresh, boiled* (without salt), drained",207.0,0.19,0.3,4.0,29.0,3.0,46.0,50,211.0,3.4,19.0,267.0,0.0,20.0,0.0,0.49,0.2000000000000001
04_073,"Hibiscus cannabinus, leaves, fresh, raw",145.0,0.23,0.33,4.6,75.0,7.7,83.0,42,260.0,2.8,12.0,441.0,0.0,30.0,0.0,0.65,0.6000000000000005
04_100,"Hibiscus cannabinus, leaves, fresh, boiled* (as part of a recipe)",154.0,0.24,0.35,4.9,56.0,8.1,88.0,45,277.0,3.0,13.0,422.0,0.0,19.0,0.0,0.69,0.5999999999999996
04_099,"Hibiscus cannabinus, leaves, fresh, boiled* (without salt), drained",141.0,0.22,0.33,4.7,38.0,5.9,51.0,39,133.0,2.9,9.0,405.0,0.0,12.0,0.0,0.5,0.5999999999999996
04_016,"Hibiscus, leaves, fresh, raw",212.0,0.2,0.14,4.2,82.0,5.0,79.0,65,211.0,2.7,13.0,218.0,0.0,33.0,0.0,0.66,0.2999999999999998
04_117,"Hibiscus, leaves, fresh, boiled* (as part of a recipe)",226.0,0.21,0.14,4.5,61.0,5.3,84.0,69,224.0,2.9,14.0,208.0,0.0,21.0,0.0,0.71,0.2999999999999998
04_056,"Hibiscus, leaves, fresh, boiled* (without salt), drained",206.0,0.19,0.14,4.3,42.0,3.8,49.0,59,107.0,2.8,10.0,200.0,0.0,14.0,0.0,0.51,0.2999999999999998
04_075,"Jute mallow (bush-okra), leaves, dried",1416.0,1.05,1.36,34.9,460.0,42.6,401.0,333,1390.0,22.4,63.0,965.0,0.0,38.0,0.0,2.89,-14.2
04_038,"Jute mallow (bush-okra), leaves, fresh, raw",282.0,0.46,0.18,8.3,120.0,7.2,77.0,111,273.0,4.2,12.0,275.0,0.0,74.0,0.0,0.76,-5.1000000000000005
04_107,"Jute mallow (bush-okra), leaves, fresh, boiled* (as part of a recipe)",300.0,0.49,0.2,8.8,87.0,7.7,82.0,118,290.0,4.6,12.0,263.0,0.0,47.0,0.0,0.81,-5.4
04_039,"Jute mallow (bush-okra), leaves, fresh, boiled* (without salt), drained",273.0,0.45,0.19,8.4,59.0,5.5,47.0,102,139.0,4.4,9.0,252.0,0.0,30.0,0.0,0.58,-5.2
04_040,"Lettuce, raw",29.0,0.06,0.12,1.8,54.0,0.9,8.0,31,230.0,1.0,12.0,96.0,0.0,3.0,0.0,0.25,-0.1
04_076,"Maize, seeds, fresh, raw",25.0,0.68,1.37,16.1,78.0,1.5,39.0,140,250.0,5.8,2.0,6.0,0.0,4.0,0.0,0.62,7.699999999999999
04_109,"Maize, seeds, fresh, boiled* (as part of a recipe)",26.0,0.71,1.43,16.8,65.0,1.6,40.0,146,260.0,6.0,2.0,5.0,0.0,3.0,0.0,0.65,8.0
04_108,"Maize, seeds, fresh, boiled* (without salt), drained",26.0,0.71,1.43,16.8,57.0,1.6,40.0,139,208.0,6.0,2.0,5.0,0.0,3.0,0.0,0.61,8.0
04_085,"Mint, leaves, raw",205.0,0.37,0.42,5.9,100.0,8.6,110.0,65,539.0,4.7,17.0,384.0,0.0,17.0,0.0,0.75,-3.6000000000000005
04_011,"Moringa (drumstick), leaves, fresh, raw",595.0,0.21,0.58,8.2,40.0,10.3,68.0,91,405.0,8.4,9.0,1640.0,0.0,221.0,0.0,1.2,-3.6999999999999993
04_101,"Moringa (drumstick), leaves, fresh, boiled* (as part of a recipe)",633.0,0.22,0.62,8.7,30.0,10.9,73.0,103,428.0,8.9,10.0,1570.0,0.0,141.0,0.0,1.28,-3.9
04_033,"Moringa (drumstick), leaves, fresh, boiled* (without salt), drained",577.0,0.2,0.59,8.4,20.0,7.9,42.0,89,205.0,8.5,7.0,1510.0,0.0,90.0,0.0,0.92,-3.8000000000000007
04_074,"Native eggplant, fruit, raw",12.0,0.13,0.2,4.0,33.0,1.1,24.0,29,239.0,1.3,4.0,11.0,0.0,2.0,0.0,0.23,-0.1
04_104,"Native eggplant, fruit, boiled* (as part of a recipe)",15.0,0.16,0.25,5.0,29.0,1.4,30.0,36,299.0,1.7,4.0,12.0,0.0,2.0,0.0,0.29,-0.2000000000000001
04_103,"Native eggplant, fruit, boiled* (without salt), drained",12.0,0.13,0.22,4.3,18.0,0.9,16.0,28,128.0,1.4,3.0,11.0,0.0,1.0,0.0,0.19,-0.0999999999999996
04_004,"Okra, leaves, fresh, raw",303.0,0.01,0.26,4.9,57.0,0.6,59.0,70,297.0,2.5,6.0,67.0,0.0,64.0,0.0,0.46,0.1999999999999993
04_110,"Okra, leaves, fresh, boiled* (as part of a recipe)",322.0,0.01,0.28,5.2,42.0,0.7,62.0,74,316.0,2.6,6.0,64.0,0.0,41.0,0.0,0.49,0.2000000000000001
04_041,"Okra, leaves, fresh, boiled* (without salt), drained",293.0,0.01,0.26,5.0,29.0,0.5,36.0,64,151.0,2.5,4.0,61.0,0.0,26.0,0.0,0.35,0.2000000000000001
04_077,"Okra, fruit, dried",781.0,0.9,0.82,45.3,570.0,6.4,548.0,435,2530.0,12.8,77.0,25.0,0.0,16.0,0.0,4.64,-23.5
04_017,"Okra, fruit, fresh, raw",87.0,0.09,0.11,4.1,88.0,0.8,77.0,54,382.0,1.7,11.0,43.0,0.0,28.0,0.0,0.55,0.1000000000000005
04_111,"Okra, fruit, fresh, boiled* (as part of a recipe)",87.0,0.09,0.11,4.1,62.0,0.8,77.0,54,382.0,1.7,11.0,39.0,0.0,22.0,0.0,0.55,0.1000000000000005
04_042,"Okra, fruit, fresh, boiled* (without salt), drained",75.0,0.08,0.1,3.7,40.0,0.5,42.0,44,174.0,1.5,8.0,35.0,0.0,16.0,0.0,0.38,0.0999999999999996
04_044,"Onion, dried",239.0,0.42,0.48,10.7,110.0,2.1,64.0,282,1510.0,9.6,21.0,1.0,0.0,54.0,0.0,1.8,60.39999999999999
04_018,"Onion, fresh, raw",25.0,0.14,0.05,1.8,17.0,0.7,12.0,44,162.0,1.1,10.0,0.0,0.0,11.0,0.0,0.28,5.3
04_112,"Onion, fresh, boiled* (as part of a recipe)",30.0,0.17,0.06,2.2,14.0,0.8,15.0,53,197.0,1.4,12.0,0.0,0.0,12.0,0.0,0.35,6.499999999999999
04_043,"Onion, fresh, boiled* (without salt), drained",28.0,0.16,0.06,2.2,10.0,62.9,9.0,48,89.0,1.4,6.0,0.0,0.0,6.0,0.0,0.26,6.499999999999999
04_045,"Parsley, fresh, raw",217.0,0.16,0.13,4.8,100.0,2.0,17.0,47,949.0,3.5,53.0,313.0,0.0,163.0,0.0,1.06,-0.8999999999999999
04_049,"Pepper, sweet, green, fresh, raw",28.0,0.17,0.21,2.4,24.0,0.9,10.0,23,177.0,0.9,10.0,61.0,0.0,140.0,0.0,0.24,3.2
04_114,"Pepper, sweet, green, fresh, boiled* (as part of a recipe)",32.0,0.2,0.24,2.7,19.0,1.0,11.0,26,203.0,1.0,11.0,63.0,0.0,129.0,0.0,0.28,3.7
04_050,"Pepper, sweet, green, fresh, boiled* (without salt), drained",30.0,0.19,0.24,2.7,14.0,0.8,7.0,24,102.0,1.0,9.0,63.0,0.0,105.0,0.0,0.21,3.7
04_047,"Pepper, sweet, red, fresh, raw",22.0,0.07,0.4,2.5,24.0,2.2,20.0,50,177.0,2.0,10.0,104.0,0.0,190.0,0.0,0.12,4.6
04_113,"Pepper, sweet, red, fresh, boiled* (as part of a recipe)",25.0,0.08,0.45,2.9,19.0,2.5,22.0,58,203.0,2.3,11.0,107.0,0.0,175.0,0.0,0.14,5.199999999999999
04_048,"Pepper, sweet, red, fresh, boiled* (without salt), drained",24.0,0.08,0.45,2.9,14.0,1.9,13.0,52,102.0,2.3,9.0,107.0,0.0,142.0,0.0,0.1,5.199999999999999
04_046,"Pepper, chilli, fresh, raw",16.0,0.22,0.17,3.5,15.0,1.3,28.0,39,345.0,1.8,2.0,46.0,0.0,132.0,0.0,0.3,4.0
04_055,"Pumpkin, leaves, dried",1222.0,1.02,1.12,17.7,220.0,17.3,1118.0,1023,3940.0,38.3,87.0,177.0,0.0,9.0,0.0,7.08,0.6000000000000014
04_053,"Pumpkin, leaves, fresh, raw",383.0,0.13,0.07,2.3,36.0,2.2,142.0,130,500.0,4.1,11.0,112.0,0.0,11.0,0.0,0.9,0.1
04_116,"Pumpkin, leaves, fresh, boiled* (as part of a recipe)",407.0,0.14,0.08,2.4,27.0,2.3,151.0,138,532.0,4.3,12.0,108.0,0.0,7.0,0.0,0.96,0.1
04_054,"Pumpkin, leaves, fresh, boiled* (without salt), drained",360.0,0.12,0.07,2.2,18.0,1.6,84.0,116,248.0,4.0,8.0,100.0,0.0,4.0,0.0,0.67,0.1999999999999997
04_051,"Pumpkin, squash, light orange flesh, raw",19.0,0.07,0.05,2.4,8.0,1.0,15.0,33,280.0,1.0,0.0,71.0,0.0,8.0,0.0,0.29,3.6
04_115,"Pumpkin, squash, light orange flesh, boiled* (as part of a recipe)",17.0,0.06,0.04,2.1,5.0,0.9,14.0,29,248.0,0.9,0.0,56.0,0.0,6.0,0.0,0.26,3.2
04_052,"Pumpkin, squash, light orange flesh, boiled* (without salt), drained",20.0,0.07,0.05,2.6,4.0,0.8,10.0,32,152.0,1.1,0.0,69.0,0.0,6.0,0.0,0.24,4.0
04_071,"Sicklepod, leaves, dried",388.0,0.36,0.4,20.9,300.0,16.1,112.0,359,2790.0,21.4,166.0,249.0,0.0,15.0,0.0,2.14,16.9
04_084,"Sicklepod, leaves, fresh, raw",134.0,0.16,0.07,7.2,130.0,6.0,39.0,124,963.0,5.9,57.0,291.0,0.0,50.0,0.0,0.74,6.7
04_094,"Sicklepod, leaves, fresh, boiled* (as part of a recipe)",142.0,0.17,0.08,7.7,99.0,6.4,41.0,132,1020.0,6.3,61.0,279.0,0.0,32.0,0.0,0.79,7.1000000000000005
04_093,"Sicklepod, leaves, fresh, boiled* (without salt), drained",130.0,0.16,0.07,7.3,68.0,4.6,24.0,114,491.0,6.1,44.0,267.0,0.0,20.0,0.0,0.56,6.9
04_072,"Spider plant, leaves, fresh, raw",268.0,0.42,0.5,4.3,350.0,6.9,92.0,46,478.0,4.8,19.0,265.0,0.0,64.0,0.0,0.75,-2.4
04_096,"Spider plant, leaves, fresh, boiled* (as part of a recipe)",285.0,0.45,0.53,4.6,260.0,7.4,98.0,49,509.0,5.1,21.0,254.0,0.0,41.0,0.0,0.8,-2.6
04_095,"Spider plant, leaves, fresh, boiled* (without salt), drained",259.0,0.41,0.51,4.4,180.0,5.3,57.0,42,244.0,4.9,15.0,244.0,0.0,26.0,0.0,0.58,-2.4000000000000004
04_057,"Spinach, leaves, fresh, raw",99.0,0.13,0.18,2.7,190.0,2.7,79.0,49,558.0,2.9,79.0,159.0,0.0,28.0,0.0,0.53,-2.0
04_118,"Spinach, leaves, fresh, boiled* (as part of a recipe)",118.0,0.15,0.22,3.2,160.0,3.2,94.0,58,664.0,3.4,94.0,171.0,0.0,20.0,0.0,0.63,-2.3000000000000003
04_058,"Spinach, leaves, fresh, boiled* (without salt), drained",99.0,0.13,0.19,2.8,100.0,2.1,50.0,46,294.0,3.0,62.0,151.0,0.0,12.0,0.0,0.42,-2.0
04_059,"Sweet potato, leaves, fresh, raw",78.0,0.04,0.1,5.3,80.0,3.6,70.0,84,569.0,4.6,6.0,142.0,0.0,11.0,0.0,0.29,-0.3999999999999994
04_121,"Sweet potato, leaves, fresh, boiled* (as part of a recipe)",83.0,0.04,0.11,5.6,60.0,3.8,74.0,89,605.0,4.9,6.0,136.0,0.0,7.0,0.0,0.31,-0.3999999999999994
04_060,"Sweet potato, leaves, fresh, boiled* (without salt), drained",77.0,0.04,0.11,5.5,42.0,2.8,44.0,79,296.0,4.8,5.0,134.0,0.0,5.0,0.0,0.23,-0.4000000000000003
04_062,"Tamarind, leaves, dried",227.0,0.26,1.59,46.7,400.0,12.4,184.0,379,1090.0,14.0,14.0,12.0,0.0,3.0,0.0,2.7,-20.300000000000004
04_019,"Tamarind, leaves, fresh, raw",52.0,0.56,0.37,10.7,120.0,2.8,42.0,87,465.0,3.1,13.0,14.0,0.0,6.0,0.0,1.0,-4.9
04_122,"Tamarind, leaves, fresh, boiled* (as part of a recipe)",55.0,0.6,0.4,11.4,87.0,3.0,45.0,92,495.0,3.3,14.0,13.0,0.0,4.0,0.0,1.06,-5.2
04_061,"Tamarind, leaves, fresh, boiled* (without salt), drained",50.0,0.54,0.38,10.9,60.0,2.2,26.0,80,237.0,3.2,10.0,13.0,0.0,2.0,0.0,0.77,-5.0
04_020,"Taro, leaves, fresh, raw",190.0,0.11,0.38,5.6,130.0,1.5,59.0,49,597.0,2.5,12.0,150.0,0.0,69.0,0.0,0.39,-2.8999999999999995
04_123,"Taro, leaves, fresh, boiled* (as part of a recipe)",202.0,0.12,0.41,6.0,94.0,1.6,63.0,52,635.0,2.7,13.0,144.0,0.0,44.0,0.0,0.42,-3.2
04_063,"Taro, leaves, fresh, boiled* (without salt), drained",184.0,0.11,0.39,5.7,64.0,1.2,36.0,45,304.0,2.6,9.0,138.0,0.0,28.0,0.0,0.3,-3.0
04_065,"Tomato, canned, packed in juice",25.0,0.08,0.1,1.9,17.0,0.6,11.0,18,210.0,1.0,99.0,25.0,0.0,12.0,0.0,0.17,0.1
04_066,"Tomato, paste, concentrated, without salt",31.0,0.54,0.21,4.1,21.0,0.8,47.0,73,862.0,3.2,31.0,175.0,0.0,14.0,0.0,0.74,9.5
04_067,"Tomato, powder",166.0,1.24,0.21,16.5,120.0,4.6,178.0,295,1930.0,12.9,134.0,862.0,0.0,117.0,0.0,1.71,41.7
04_021,"Tomato, red, ripe, raw",14.0,0.06,0.08,1.4,23.0,0.7,13.0,33,235.0,1.1,13.0,44.0,0.0,28.0,0.0,0.22,2.0
04_124,"Tomato, red, ripe, boiled* (as part of a recipe)",17.0,0.08,0.1,1.8,20.0,0.9,17.0,42,301.0,1.4,16.0,51.0,0.0,29.0,0.0,0.29,2.6000000000000005
04_064,"Tomato, red, ripe, boiled* (without salt), drained",17.0,0.07,0.1,1.8,15.0,0.6,10.0,38,150.0,1.4,12.0,51.0,0.0,24.0,0.0,0.21,2.6000000000000005
04_068,"Turnip, raw",41.0,0.1,0.12,2.5,24.0,0.3,15.0,35,262.0,1.0,44.0,4.0,0.0,24.0,0.0,0.22,1.9000000000000004
04_125,"Turnip, boiled* (as part of a recipe)",45.0,0.11,0.13,2.8,19.0,0.3,16.0,39,291.0,1.1,49.0,4.0,0.0,22.0,0.0,0.24,2.0
04_069,"Turnip, boiled* (without salt), drained",43.0,0.1,0.13,2.8,13.0,20.8,10.0,35,131.0,1.1,27.0,4.0,0.0,11.0,0.0,0.18,2.0
04_022,"Vernonia, leaves, bitter, fresh, raw",170.0,0.75,0.41,5.1,57.0,2.1,95.0,75,594.0,5.0,11.0,242.0,0.0,29.0,0.0,1.88,1.6000000000000003
04_126,"Vernonia, leaves, bitter, fresh, boiled* (as part of a recipe)",181.0,0.8,0.44,5.4,42.0,2.2,101.0,80,632.0,5.3,12.0,232.0,0.0,18.0,0.0,2.0,1.6999999999999993
04_070,"Vernonia, leaves, bitter, fresh, boiled* (without salt), drained",165.0,0.73,0.42,5.2,29.0,1.6,58.0,69,303.0,5.1,9.0,222.0,0.0,12.0,0.0,1.44,1.5999999999999996
04_079,"Vernonia, leaves, sweet, fresh, raw",134.0,0.24,0.17,3.3,70.0,1.3,93.0,67,509.0,2.5,30.0,291.0,0.0,15.0,0.0,0.78,5.6000000000000005
04_128,"Vernonia, leaves, sweet, fresh, boiled* (as part of a recipe)",143.0,0.26,0.18,3.5,52.0,1.4,99.0,72,541.0,2.6,32.0,279.0,0.0,10.0,0.0,0.83,6.0
04_127,"Vernonia, leaves, sweet, fresh, boiled* (without salt), drained",130.0,0.24,0.18,3.4,36.0,1.0,57.0,62,259.0,2.5,23.0,267.0,0.0,6.0,0.0,0.6,5.699999999999999
04_078,"Waterleaf, leaves, fresh, raw",100.0,0.05,0.3,3.9,24.0,1.1,163.0,27,413.0,2.3,38.0,277.0,0.0,34.0,0.0,0.84,0.3999999999999999
04_120,"Waterleaf, leaves, fresh, boiled* (as part of a recipe)",107.0,0.05,0.31,4.1,18.0,1.1,173.0,29,439.0,2.5,40.0,265.0,0.0,22.0,0.0,0.9,0.5
04_119,"Waterleaf, leaves, fresh, boiled* (without salt), drained",97.0,0.05,0.3,4.0,12.0,0.8,100.0,25,211.0,2.4,29.0,255.0,0.0,14.0,0.0,0.65,0.4000000000000003
04_080,"Wild spinach, leaves, fresh, raw",233.0,0.22,0.3,4.3,62.0,4.3,83.0,60,452.0,5.1,27.0,75.0,0.0,44.0,0.0,0.7,-1.7999999999999998
04_130,"Wild spinach, leaves, fresh, boiled* (as part of a recipe)",248.0,0.23,0.31,4.5,46.0,4.6,88.0,64,480.0,5.4,29.0,72.0,0.0,28.0,0.0,0.74,-1.9
04_129,"Wild spinach, leaves, fresh, boiled* (without salt), drained",226.0,0.21,0.3,4.3,32.0,3.3,51.0,55,230.0,5.2,21.0,69.0,0.0,18.0,0.0,0.53,-1.7999999999999998
05_046,"Apple, green, with skin, raw",4.0,0.07,0.23,2.6,1.0,0.4,2.0,8,82.0,0.2,5.0,1.0,0.0,6.0,0.0,0.07,9.5
05_047,"Apple, red, with skin, raw",6.0,0.09,0.26,2.3,1.0,0.3,4.0,8,129.0,0.2,1.0,1.0,0.0,5.0,0.0,0.1,10.4
05_026,"Apple, with skin, raw",5.0,0.07,0.19,2.3,1.0,0.3,3.0,9,99.0,0.3,4.0,1.0,0.0,4.0,0.0,0.09,9.9
05_027,"Apple, without skin, raw",4.0,0.03,0.1,1.7,0.0,0.1,3.0,7,113.0,0.2,0.0,2.0,0.11,4.0,0.0,0.04,11.5
05_002,"Avocado, fruit, raw",14.0,0.3,1.45,4.0,22.0,1.3,25.0,47,414.0,1.6,4.0,2.0,0.0,18.0,0.0,0.36,-1.9
05_048,"Banana, sweet, flesh, unripe (green), raw",2.0,0.08,0.23,3.6,19.0,0.4,35.0,29,335.0,1.0,0.0,27.0,0.0,18.0,0.0,0.16,21.3
05_003,"Banana, white flesh, ripe, raw",8.0,0.06,0.08,1.9,17.0,0.9,31.0,23,329.0,1.3,2.0,3.0,0.0,10.0,0.0,0.21,25.8
05_028,"Banana, yellow flesh, ripe, raw",9.0,0.03,0.07,2.7,19.0,0.3,16.0,29,293.0,1.3,2.0,119.0,0.0,10.0,0.0,0.28,16.5
05_005,"Breadfruit, fruit, raw",29.0,0.11,0.09,8.3,14.0,2.5,36.0,34,282.0,1.4,2.0,1.0,0.0,31.0,0.0,0.15,9.599999999999998
05_050,"Carambola (star fruit), raw",5.0,0.07,0.21,2.8,12.0,0.5,12.0,12,159.0,0.8,2.0,0.0,0.0,34.0,0.0,0.24,1.7999999999999998
05_029,"Clementine, raw",30.0,0.04,0.05,1.7,24.0,0.1,10.0,21,177.0,0.9,1.0,6.0,0.0,49.0,0.0,0.06,8.600000000000001
05_031,"Date, dried, raw",62.0,0.26,0.06,7.8,13.0,3.4,48.0,52,510.0,2.2,8.0,1.0,0.0,4.0,0.0,0.28,56.3
05_008,"Dattock, fruit, dried",110.0,0.27,0.45,7.1,14.0,1.4,53.0,125,897.0,3.4,5.0,7.0,0.0,3.0,0.0,0.26,64.10000000000001
05_033,"Fig, dried",144.0,0.31,0.51,9.3,8.0,2.2,59.0,68,712.0,3.1,11.0,5.0,0.0,1.0,0.0,0.51,46.7
05_032,"Fig, raw",52.0,0.07,0.19,4.6,20.0,0.6,25.0,22,235.0,1.0,4.0,11.0,0.0,1.0,0.0,0.26,9.3
05_009,"Fig, sycomorus, raw",90.0,0.1,0.29,2.3,7.0,2.4,31.0,41,347.0,1.4,6.0,17.0,0.0,12.0,0.0,0.37,10.1
05_034,"Fruit cocktail, canned in syrup, undrained",6.0,0.07,0.05,1.0,3.0,0.3,5.0,11,88.0,0.4,6.0,5.0,0.0,3.0,0.0,0.08,16.2
05_035,"Grapefruit, white, raw",23.0,0.04,0.04,1.6,12.0,0.5,9.0,19,177.0,0.7,4.0,1.0,0.0,37.0,0.0,0.05,4.6
05_051,"Grapes, raw",10.0,0.08,0.12,1.3,4.0,0.3,7.0,22,215.0,0.6,2.0,2.0,0.0,3.0,0.0,0.06,14.7
05_010,"Guava, fruit, raw",24.0,0.02,0.22,5.7,7.0,1.3,15.0,33,290.0,1.0,3.0,22.0,0.0,268.0,0.0,0.22,6.6000000000000005
05_012,"Jujube, raw",32.0,0.02,0.01,3.7,6.0,0.8,4.0,15,256.0,0.7,6.0,0.0,0.0,66.0,0.0,0.03,0.8999999999999995
05_014,"Lemon, raw",21.0,0.12,0.27,2.5,17.0,0.6,12.0,20,157.0,0.7,4.0,1.0,0.0,43.0,0.0,0.1,3.3
05_036,"Mango, deep orange flesh, raw",12.0,0.09,0.03,1.6,40.0,0.1,9.0,14,157.0,0.4,2.0,364.0,0.0,66.0,0.0,0.09,16.099999999999998
05_015,"Mango, orange flesh, ripe, raw",17.0,0.06,0.05,1.8,40.0,0.7,9.0,18,194.0,0.6,3.0,202.0,0.0,35.0,0.0,0.1,13.5
05_039,"Melon, cantaloupe, orange flesh, raw",11.0,0.1,0.05,1.0,22.0,0.4,13.0,14,376.0,0.8,17.0,64.0,0.0,39.0,0.0,0.1,7.0
05_038,"Melon, honeydew, pale green flesh, raw",7.0,0.06,0.09,1.1,16.0,0.3,9.0,21,270.0,0.7,11.0,3.0,0.0,27.0,0.0,0.09,7.9
05_016,"Orange, raw",29.0,0.05,0.13,1.7,37.0,0.2,11.0,19,162.0,0.7,2.0,8.0,0.0,46.0,0.0,0.08,6.999999999999999
05_017,"Papaya, fruit, ripe, raw",21.0,0.01,0.04,2.1,37.0,0.8,8.0,16,220.0,0.4,4.0,63.0,0.0,52.0,0.0,0.15,10.9
05_018,"Pineapple, fruit, raw",22.0,0.33,0.06,1.8,18.0,0.6,13.0,13,233.0,0.4,2.0,6.0,0.0,34.0,0.0,0.24,9.6
05_041,"Pomegranate, fruit, raw",13.0,0.12,0.08,4.0,24.0,0.8,6.0,31,246.0,1.3,4.0,3.0,0.0,20.0,0.0,0.4,10.9
05_054,"Soursop, fruit, raw",20.0,0.14,0.27,5.0,6.0,0.4,18.0,41,264.0,1.2,7.0,0.0,0.0,60.0,0.0,0.17,8.9
05_045,"Sweet apple, fruit, raw",23.0,0.15,0.06,5.1,12.0,0.8,31.0,36,264.0,1.5,9.0,0.0,0.0,36.0,0.0,0.2,13.7
05_056,Sweet baobab paste (Burkina Faso)*,54.0,0.12,0.0,1.5,8.0,1.4,30.0,15,407.0,0.4,7.0,1.0,0.0,47.0,0.0,0.31,20.9
05_020,"Tamarind, immature fruit, raw",60.0,0.13,0.04,8.4,2.0,0.7,19.0,97,308.0,2.0,3.0,1.0,0.0,9.0,0.0,0.15,-0.200000000000001
05_021,"Tamarind, fruit, ripe, raw",166.0,0.46,0.17,4.9,9.0,3.1,80.0,135,733.0,3.7,6.0,4.0,0.0,10.0,0.0,0.54,56.4
05_022,"Watermelon, fruit, raw",7.0,0.09,0.04,0.9,8.0,0.3,9.0,9,109.0,0.5,4.0,25.0,0.0,6.0,0.0,0.1,4.1
06_031,"African breadfruit, seed without hull, dried",33.0,1.1,0.59,2.4,100.0,4.5,44.0,269,540.0,13.3,4.0,11.0,0.0,25.0,0.0,4.27,68.5
06_039,"Benniseed, dried, raw",693.0,1.62,18.59,13.6,100.0,42.3,265.0,403,278.0,17.4,228.0,1.0,0.0,0.0,0.0,2.72,3.5000000000000018
06_033,"Bitter cola, seeds, dried, raw",59.0,2.98,1.25,3.9,62.0,4.9,138.0,447,577.0,5.2,9.0,0.0,0.0,13.0,0.0,3.33,72.39999999999999
06_032,"Bitter cola, seeds, fresh, raw",29.0,1.46,0.61,1.9,30.0,2.4,67.0,218,282.0,2.6,4.0,0.0,0.0,6.0,0.0,1.63,35.4
06_001,"Cashew nut, raw",48.0,2.23,7.51,3.5,68.0,7.4,162.0,438,489.0,16.1,95.0,0.0,0.0,0.0,0.0,5.34,24.3
06_005,"Coconut, kernel, dried, raw",40.0,0.9,0.94,15.9,9.0,3.1,97.0,150,651.0,7.3,35.0,0.0,0.0,0.0,0.0,1.41,-1.700000000000001
06_004,"Coconut, immature kernel, fresh, raw",19.0,0.18,0.23,3.3,1.0,2.2,18.0,111,218.0,1.5,8.0,0.0,0.0,7.0,0.0,0.22,2.8
06_002,"Coconut, mature kernel, fresh, raw",16.0,0.42,1.75,9.5,26.0,2.6,36.0,118,409.0,3.3,20.0,0.0,0.0,3.0,0.0,0.9,-4.5
06_019,"Cola nut, dried, raw",73.0,0.54,0.61,35.7,140.0,5.3,181.0,147,1320.0,7.0,5.0,1.0,0.0,0.0,0.0,2.49,5.199999999999996
06_018,"Cola nut, fresh, raw",43.0,0.26,0.29,17.0,88.0,2.1,86.0,155,629.0,2.8,3.0,2.0,0.0,0.0,0.0,1.18,3.2
06_028,"Groundnut flour, partially defatted",60.0,1.92,3.15,15.8,190.0,3.4,209.0,634,1320.0,42.5,91.0,0.0,0.0,0.0,0.0,5.55,6.800000000000001
06_027,"Groundnut flour, with fat",62.0,0.8,13.34,9.9,110.0,3.5,187.0,455,892.0,25.9,18.0,2.0,0.0,1.0,0.0,2.8,-0.3000000000000007
06_026,"Groundnut paste, from groundnuts only",64.0,0.79,14.35,8.3,110.0,3.2,200.0,363,619.0,23.9,6.0,0.0,0.0,1.0,0.0,2.61,2.7
06_023,"Groundnut, Chinese, shelled, dried, raw (Ghana), n=1",48.0,0.79,11.83,8.3,110.0,3.2,200.0,396,619.0,20.5,6.0,2.0,0.0,1.0,0.0,2.61,14.9
06_025,"Groundnut, combined varieties, shelled, dried, raw (Ghana)",51.0,0.79,12.79,8.6,110.0,6.2,200.0,394,619.0,22.4,6.0,2.0,0.0,1.0,0.0,2.61,6.1
06_021,"Groundnut, F-mix variety, shelled, dried, raw (Ghana), n=1",49.0,0.79,13.68,8.3,110.0,5.3,200.0,400,619.0,22.3,6.0,2.0,0.0,1.0,0.0,2.61,2.1
06_022,"Groundnut, JL 24 variety, shelled, dried, raw (Ghana), n=1",50.0,0.79,10.96,8.3,110.0,6.7,200.0,411,619.0,25.2,6.0,2.0,0.0,1.0,0.0,2.61,9.3
06_024,"Groundnut, Manipintar variety, shelled, dried, raw (Ghana), n=1",53.0,0.79,13.43,8.3,110.0,8.2,200.0,347,619.0,23.3,6.0,2.0,0.0,1.0,0.0,2.61,3.3999999999999986
06_012,"Groundnut, red, shelled, dried, raw (Benin)",44.0,1.04,12.96,9.4,110.0,2.3,193.0,335,791.0,21.7,6.0,2.0,0.0,1.0,0.0,2.84,7.1
06_011,"Groundnut, rose, shelled, dried, raw (Benin)",34.0,1.12,12.44,7.7,110.0,3.7,195.0,336,711.0,20.4,6.0,2.0,0.0,1.0,0.0,3.65,12.6
06_010,"Groundnut, shelled, dried, raw",45.0,0.79,12.72,8.3,110.0,3.5,200.0,445,619.0,22.4,6.0,2.0,0.0,1.0,0.0,2.61,9.099999999999998
06_020,"Groundnut, Sinkarzie variety, shelled, dried, raw (Ghana), n=1",56.0,0.79,14.03,8.3,110.0,7.4,200.0,415,619.0,20.6,6.0,2.0,0.0,1.0,0.0,2.61,3.3999999999999986
06_035,"Melon seed (citrullus spp.), kernel only, dried, raw",37.0,1.56,23.89,6.0,58.0,8.7,454.0,434,485.0,19.5,233.0,0.0,0.0,0.0,0.0,4.93,13.0
06_013,"Melon seed, kernel only, dried, raw",118.0,1.51,24.26,6.0,58.0,6.3,383.0,836,610.0,27.6,37.0,0.0,0.0,0.0,0.0,4.54,5.6
06_036,"Melon seed, small, elongated, kernel only, dried, raw",58.0,1.56,22.57,6.0,58.0,9.0,454.0,680,485.0,15.1,233.0,0.0,0.0,0.0,0.0,4.93,23.0
06_037,"Melon seed, small, flat, kernel only, dried, raw",80.0,1.56,25.82,6.0,58.0,6.1,454.0,867,648.0,23.3,99.0,0.0,0.0,0.0,0.0,4.93,6.6
06_029,"Oil palm, nut (kernel), shelled, raw",81.0,1.49,0.74,4.0,57.0,8.0,232.0,239,270.0,6.2,68.0,0.0,0.0,1.0,0.0,2.37,24.1
06_038,"Pumpkin seed, kernel only, dried, raw",62.0,4.68,19.84,6.0,58.0,8.3,534.0,1484,579.0,27.7,5.0,2.0,0.0,2.0,0.0,8.89,3.0
06_015,"Sesame seed, whole, dried, raw",777.0,1.65,24.85,14.3,100.0,11.2,347.0,631,458.0,16.6,45.0,1.0,0.0,0.0,0.0,2.1,-9.4
06_016,"Shea nut, kernel, dried, raw",100.0,1.72,2.26,5.9,62.0,3.4,287.0,82,666.0,6.8,28.0,0.0,0.0,1.0,0.0,3.21,28.200000000000003
07_019,"Beef kidney, raw",6.0,0.47,0.79,0.0,80.0,4.1,17.0,210,257.0,16.4,179.0,131.0,27.0,9.0,0.5,2.62,0.0
07_090,"Beef kidney, boiled* (without salt), drained",8.0,0.6,1.25,0.0,83.0,6.2,22.0,233,245.0,26.0,170.0,166.0,28.0,10.0,0.8,3.53,0.1
07_091,"Beef kidney, grilled* (without salt or fat)",9.0,0.59,1.23,0.0,100.0,6.1,23.0,263,301.0,25.6,238.0,184.0,32.0,11.0,0.8,3.48,0.1
07_020,"Beef kidney, stewed* (as part of a recipe)",10.0,0.75,1.25,0.0,89.0,6.5,27.0,333,408.0,26.0,284.0,186.0,36.0,11.0,0.8,4.16,0.1
07_001,"Beef liver, raw",33.0,3.34,1.08,0.0,270.0,9.8,17.0,363,159.0,19.3,75.0,19500.0,110.0,22.0,1.1,3.56,3.4
07_018,"Beef liver, boiled* (without salt), drained",40.0,4.05,1.63,0.0,260.0,14.1,20.0,385,145.0,29.2,68.0,23600.0,110.0,23.0,1.5,4.59,5.2
07_088,"Beef liver, grilled* (without salt or fat)",41.0,3.3,1.33,0.0,280.0,11.5,17.0,358,147.0,23.8,79.0,21700.0,100.0,20.0,1.3,3.74,4.2
07_089,"Beef liver, stewed* (as part of a recipe)",44.0,4.45,1.43,0.0,250.0,13.1,22.0,484,212.0,25.7,100.0,23400.0,130.0,24.0,1.4,4.75,4.5
07_014,"Beef meat, fatty, ca. 30% fat, raw",30.0,0.14,1.17,0.0,10.0,1.1,15.0,138,232.0,17.5,91.0,28.0,1.6,0.0,0.9,3.09,0.0
07_015,"Beef meat, fatty, ca. 30% fat, boiled* (without salt), drained",40.0,0.22,1.59,0.0,11.0,1.8,15.0,149,194.0,29.1,69.0,35.0,1.6,1.0,1.1,5.15,0.0
07_016,"Beef meat, fatty, ca. 30% fat, grilled* (without salt or fat)",37.0,0.19,1.41,0.0,12.0,1.4,17.0,172,274.0,24.3,108.0,30.0,1.8,1.0,0.7,4.29,0.0
07_087,"Beef meat, fatty, ca. 30% fat, stewed* (as part of a recipe)",42.0,0.19,1.65,0.0,12.0,1.5,21.0,194,327.0,24.6,129.0,32.0,1.6,1.0,1.0,4.35,0.0
07_023,"Beef meat, ground, ca. 10% fat, raw",11.0,0.27,0.23,0.0,13.0,1.2,18.0,175,313.0,20.3,95.0,0.0,1.8,0.0,0.1,3.43,0.0
07_024,"Beef meat, ground, ca. 10% fat, grilled* (without salt or fat)",14.0,0.37,0.26,0.0,15.0,1.6,21.0,219,369.0,28.1,112.0,0.0,2.0,0.0,0.1,4.76,0.0
07_134,"Beef meat, ground, ca. 10% fat, stewed* (as part of a recipe)",15.0,0.37,0.32,0.0,14.0,1.7,25.0,243,435.0,28.1,131.0,0.0,1.8,0.0,0.1,4.76,0.0
07_009,"Beef meat, lean, ca. 5% fat, raw",18.0,0.12,0.23,0.0,7.0,2.4,21.0,187,304.0,22.5,99.0,6.0,2.4,0.0,0.5,3.54,0.0
07_010,"Beef meat, lean, ca. 5% fat, boiled* (without salt), drained",24.0,0.18,0.38,0.0,8.0,3.9,21.0,202,253.0,37.5,75.0,8.0,2.4,0.0,0.6,5.91,0.0
07_011,"Beef meat, lean, ca. 5% fat, grilled* (without salt or fat)",23.0,0.16,0.32,0.0,9.0,3.1,25.0,233,359.0,31.3,117.0,7.0,2.7,0.0,0.4,4.92,0.0
07_085,"Beef meat, lean, ca. 5% fat, stewed* (as part of a recipe)",26.0,0.16,0.32,0.0,8.0,3.3,29.0,263,428.0,31.7,140.0,7.0,2.4,0.0,0.6,4.99,0.0
07_017,"Beef meat, lean, cured, dried",8.0,0.07,0.07,0.0,10.0,2.4,19.0,181,235.0,31.1,2790.0,0.0,1.6,0.0,0.0,4.93,0.0
07_002,"Beef meat, moderately fat, ca. 20% fat, raw",15.0,0.24,0.5,0.0,10.0,1.2,20.0,164,290.0,18.6,91.0,16.0,1.1,0.0,0.5,3.4,0.0
07_012,"Beef meat, moderately fat, ca. 20% fat, boiled* (without salt), drained",19.0,0.37,0.6,0.0,11.0,2.1,20.0,177,241.0,31.0,68.0,21.0,1.1,0.0,0.6,5.66,0.0
07_013,"Beef meat, moderately fat, ca. 20% fat, grilled* (without salt or fat)",18.0,0.33,0.56,0.0,12.0,1.6,23.0,205,342.0,25.9,107.0,18.0,1.3,0.0,0.4,4.72,0.0
07_086,"Beef meat, moderately fat, ca. 20% fat, stewed* (as part of a recipe)",20.0,0.33,0.71,0.0,11.0,1.8,28.0,231,408.0,26.2,128.0,19.0,1.1,0.0,0.6,4.78,0.0
07_021,"Beef tripe, raw",43.0,0.09,0.08,0.0,5.0,0.3,14.0,37,270.0,12.0,46.0,4.0,1.4,0.0,0.2,1.1,0.0
07_022,"Beef tripe, boiled* (without salt), drained",48.0,0.1,0.11,0.0,5.0,0.3,16.0,37,228.0,16.8,39.0,5.0,1.3,0.0,0.3,1.32,0.0
07_133,"Beef tripe, grilled* (without salt or fat)",60.0,0.1,0.11,0.0,6.0,0.3,17.0,42,285.0,16.8,55.0,5.0,1.5,0.0,0.3,1.32,0.0
07_092,"Beef tripe, stewed* (as part of a recipe)",60.0,0.13,0.11,0.0,5.0,0.4,20.0,52,380.0,16.8,65.0,5.0,1.7,0.0,0.3,1.55,0.0
07_064,"Camel meat, raw",10.0,0.16,0.69,0.0,8.0,3.2,19.0,187,243.0,19.9,70.0,1.0,1.7,0.0,0.4,3.55,0.0
07_093,"Camel meat, boiled* (without salt), drained",13.0,0.25,0.73,0.0,8.0,5.3,21.0,249,223.0,33.1,70.0,1.0,1.7,0.0,0.5,5.92,0.0
07_094,"Camel meat, grilled* (without salt or fat)",14.0,0.2,0.71,0.0,8.0,4.2,23.0,220,287.0,27.6,83.0,1.0,1.9,0.0,0.4,4.93,0.0
07_095,"Camel meat, stewed* (as part of a recipe)",14.0,0.23,0.97,0.0,8.0,4.5,27.0,263,343.0,28.0,99.0,1.0,1.7,0.0,0.5,5.0,0.0
07_039,"Chicken giblets, raw",10.0,0.28,1.93,0.0,400.0,6.1,17.0,177,239.0,17.6,80.0,4080.0,12.0,13.0,2.1,3.1,1.0
07_106,"Chicken giblets, boiled* (without salt), drained",12.0,0.33,1.88,0.0,390.0,8.5,20.0,182,210.0,25.9,70.0,4800.0,11.0,13.0,2.8,3.87,1.5
07_107,"Chicken giblets, grilled* (without salt or fat)",15.0,0.32,1.88,0.0,500.0,8.3,21.0,205,259.0,25.5,98.0,5320.0,13.0,14.0,2.9,3.81,1.4
07_040,"Chicken giblets, stewed* (as part of a recipe)",15.0,0.4,2.8,0.0,410.0,8.8,25.0,257,346.0,25.5,115.0,5320.0,14.0,15.0,2.9,4.49,1.4
07_041,"Chicken liver, raw",6.0,0.43,0.9,0.0,1000.0,9.5,18.0,280,240.0,18.3,69.0,7020.0,23.0,21.0,1.3,3.16,1.3
07_108,"Chicken liver, boiled* (without salt), drained",7.0,0.52,1.36,0.0,1000.0,13.6,22.0,297,218.0,27.7,62.0,8510.0,22.0,23.0,1.8,4.06,2.0
07_109,"Chicken liver, grilled* (without salt or fat)",7.0,0.42,1.11,0.0,1100.0,11.1,19.0,277,222.0,22.6,72.0,7800.0,21.0,20.0,1.5,3.31,1.6
07_042,"Chicken liver, stewed* (as part of a recipe)",8.0,0.57,1.19,0.0,940.0,12.6,24.0,374,320.0,24.4,92.0,8420.0,26.0,23.0,1.7,4.21,1.7
07_030,"Chicken, dark meat with skin, raw",11.0,0.05,4.07,0.0,7.0,1.0,19.0,136,178.0,16.7,73.0,49.0,0.29,0.0,1.1,1.58,0.0
07_031,"Chicken, dark meat with skin, boiled* (without salt), drained",12.0,0.04,4.44,0.0,5.0,1.0,18.0,125,94.0,22.0,38.0,36.0,0.19,0.0,0.8,2.08,0.0
07_032,"Chicken, dark meat with skin, grilled* (without salt or fat)",13.0,0.07,4.4,0.0,5.0,1.1,18.0,139,183.0,21.4,75.0,47.0,0.24,0.0,1.0,2.03,0.0
07_103,"Chicken, dark meat with skin, stewed* (as part of a recipe)",16.0,0.08,5.81,0.0,7.0,1.4,27.0,194,254.0,23.8,104.0,56.0,0.29,0.0,1.2,2.26,0.0
07_003,"Chicken, dark meat without skin, raw",11.0,0.07,1.99,0.0,2.0,1.3,23.0,197,294.0,19.4,85.0,24.0,0.37,3.0,0.1,1.65,0.0
07_028,"Chicken, dark meat without skin, boiled* (without salt), drained",12.0,0.05,2.04,0.0,1.0,1.4,21.0,181,155.0,25.5,45.0,17.0,0.24,4.0,0.1,2.17,0.0
07_029,"Chicken, dark meat without skin, grilled* (without salt or fat)",13.0,0.09,2.03,0.0,1.0,1.5,22.0,202,302.0,24.8,87.0,23.0,0.3,3.0,0.1,2.12,0.0
07_102,"Chicken, dark meat without skin, stewed* (as part of a recipe)",15.0,0.1,2.84,0.0,2.0,1.9,33.0,281,420.0,27.7,121.0,27.0,0.37,3.0,0.1,2.36,0.0
07_036,"Chicken, light meat with skin, raw",12.0,0.04,1.31,0.0,0.0,0.4,24.0,217,260.0,20.1,39.0,22.0,0.7,0.0,0.8,0.67,0.0
07_037,"Chicken, light meat with skin, boiled* (without salt), drained",13.0,0.03,1.42,0.0,0.0,0.5,22.0,200,137.0,26.4,21.0,16.0,0.46,0.0,0.6,0.88,0.0
07_038,"Chicken, light meat with skin, grilled* (without salt or fat)",15.0,0.05,1.4,0.0,0.0,0.5,23.0,223,267.0,25.8,40.0,21.0,0.58,0.0,0.8,0.86,0.0
07_104,"Chicken, light meat with skin, stewed* (as part of a recipe)",17.0,0.06,1.87,0.0,0.0,0.6,34.0,310,371.0,28.7,56.0,25.0,0.7,0.0,0.9,0.96,0.0
07_033,"Chicken, light meat without skin, raw",14.0,0.06,0.7,0.0,1.0,1.1,28.0,224,309.0,23.0,43.0,8.0,0.23,1.0,0.2,0.74,0.0
07_034,"Chicken, light meat without skin, boiled* (without salt), drained",16.0,0.04,0.92,0.0,1.0,1.2,26.0,206,163.0,30.3,23.0,6.0,0.15,1.0,0.1,0.97,0.0
07_035,"Chicken, light meat without skin, grilled* (without salt or fat)",17.0,0.07,0.9,0.0,1.0,1.3,27.0,230,317.0,29.5,44.0,8.0,0.19,1.0,0.2,0.95,0.0
07_105,"Chicken, light meat without skin, stewed* (as part of a recipe)",20.0,0.09,1.0,0.0,1.0,1.6,40.0,320,441.0,32.9,61.0,9.0,0.23,1.0,0.2,1.06,0.0
07_136,Fried mopane worms with vegetables (Burkina Faso)*,39.0,0.12,5.19,2.6,5.0,4.5,36.0,97,313.0,9.2,949.0,24.0,0.0,8.0,0.0,2.06,2.1
07_027,"Game meat, dried, salted",15.0,0.73,1.44,0.0,12.0,9.9,67.0,586,923.0,66.7,2210.0,0.0,3.7,0.0,0.0,6.06,0.0
07_069,"Goat meat, lean, raw",45.0,0.26,0.29,0.0,2.0,5.5,29.0,276,243.0,19.2,156.0,7.0,3.1,0.0,0.4,3.66,0.0
07_113,"Goat meat, lean, boiled* (without salt), drained",53.0,0.37,0.43,0.0,2.0,8.1,28.0,330,199.0,28.6,139.0,9.0,2.8,1.0,0.5,5.46,0.0
07_114,"Goat meat, lean, grilled* (without salt or fat)",65.0,0.34,0.42,0.0,2.0,7.5,36.0,340,299.0,27.8,192.0,8.0,3.6,1.0,0.5,5.3,0.0
07_115,"Goat meat, lean, stewed* (as part of a recipe)",78.0,0.46,0.51,0.0,2.0,9.6,51.0,485,426.0,33.6,273.0,10.0,3.8,1.0,0.6,6.41,0.0
07_046,"Goat meat, moderately fat, ca. 10% fat, raw",27.0,0.16,0.6,0.0,3.0,2.2,24.0,194,291.0,17.6,101.0,9.0,1.7,0.0,0.5,3.39,0.0
07_047,"Goat meat, moderately fat, ca. 10% fat, boiled* (without salt), drained",32.0,0.23,0.69,0.0,3.0,3.3,24.0,231,239.0,26.3,91.0,11.0,1.6,1.0,0.6,5.05,0.0
07_048,"Goat meat, moderately fat, ca. 10% fat, grilled* (without salt or fat)",39.0,0.21,0.68,0.0,3.0,3.1,30.0,239,359.0,25.6,125.0,10.0,2.0,0.0,0.6,4.91,0.0
07_112,"Goat meat, moderately fat, ca. 10% fat, stewed* (as part of a recipe)",48.0,0.28,1.05,0.0,4.0,3.9,43.0,340,511.0,31.0,178.0,13.0,2.1,1.0,0.8,5.94,0.0
07_070,"Guinea fowl meat, raw",24.0,0.05,0.79,0.0,6.0,1.2,24.0,118,128.0,21.5,17.0,12.0,0.37,2.0,1.0,1.38,0.0
07_116,"Guinea fowl meat, boiled* (without salt), drained",27.0,0.03,1.04,0.0,4.0,1.2,22.0,109,72.0,28.3,9.0,9.0,0.24,2.0,0.7,1.82,0.0
07_117,"Guinea fowl meat, grilled* (without salt or fat)",28.0,0.06,1.01,0.0,5.0,1.1,25.0,121,131.0,27.6,22.0,12.0,0.31,2.0,1.0,1.77,0.0
07_118,"Guinea fowl meat, stewed* (as part of a recipe)",35.0,0.07,1.13,0.0,5.0,1.7,34.0,169,182.0,30.7,25.0,14.0,0.37,2.0,1.2,1.97,0.0
07_135,Kédjénou (Burkina Faso)*: chicken stew with vegetables,12.0,0.04,0.31,0.6,4.0,0.4,12.0,62,124.0,4.9,490.0,10.0,0.11,6.0,0.1,0.24,1.4
07_051,"Lamb brain, raw",10.0,0.28,0.87,0.0,2.0,1.9,14.0,271,312.0,13.1,122.0,2.0,11.0,10.0,1.1,1.11,0.1
07_129,"Lamb brain, boiled* (without salt), drained",10.0,0.28,0.88,0.0,2.0,2.3,14.0,237,234.0,16.3,92.0,2.0,9.2,9.0,1.2,1.18,0.1
07_130,"Lamb brain, grilled* (without salt or fat)",13.0,0.28,0.88,0.0,2.0,2.3,15.0,271,293.0,16.3,130.0,2.0,11.0,9.0,1.3,1.18,0.1
07_052,"Lamb brain, stewed* (as part of a recipe)",13.0,0.35,1.08,0.0,2.0,2.4,18.0,339,390.0,16.3,153.0,2.0,12.0,10.0,1.3,1.39,0.1
07_053,"Lamb liver, raw",7.0,14.1,1.38,0.0,210.0,10.1,24.0,304,322.0,19.5,65.0,14100.0,90.0,20.0,0.3,3.52,7.0
07_054,"Lamb liver, boiled* (without salt), drained",9.0,17.0,1.34,0.0,200.0,14.6,29.0,322,293.0,29.5,59.0,17100.0,89.0,21.0,0.4,4.53,10.6
07_131,"Lamb liver, grilled* (without salt or fat)",9.0,13.9,1.36,0.0,220.0,11.9,25.0,300,298.0,24.0,68.0,15700.0,83.0,19.0,0.4,3.69,8.6
07_132,"Lamb liver, stewed* (as part of a recipe)",10.0,18.7,1.84,0.0,190.0,13.5,32.0,405,429.0,26.0,87.0,16900.0,100.0,21.0,0.4,4.69,9.3
07_072,"Lamb/mutton meat, lean, ca. 10% fat, raw",7.0,0.09,0.27,0.0,2.0,1.0,21.0,189,283.0,19.3,83.0,7.0,3.0,0.0,1.3,2.25,0.0
07_126,"Lamb/mutton meat, lean, ca. 10% fat, boiled* (without salt), drained",9.0,0.12,0.27,0.0,2.0,1.4,21.0,226,233.0,28.7,75.0,8.0,2.6,0.0,1.6,3.36,0.0
07_127,"Lamb/mutton meat, lean, ca. 10% fat, grilled* (without salt or fat)",11.0,0.11,0.27,0.0,2.0,1.3,26.0,233,349.0,27.9,102.0,7.0,3.4,0.0,1.5,3.26,0.0
07_128,"Lamb/mutton meat, lean, ca. 10% fat, stewed* (as part of a recipe)",12.0,0.14,0.43,0.0,2.0,1.5,34.0,300,450.0,30.6,132.0,9.0,3.3,0.0,1.7,3.57,0.0
07_004,"Lamb/mutton meat, moderately fat, ca. 20% fat, raw",10.0,0.09,1.27,0.0,12.0,2.1,21.0,149,250.0,16.3,61.0,17.0,2.9,0.0,0.1,2.3,0.0
07_049,"Lamb/mutton meat, moderately fat, ca. 20% fat, boiled* (without salt), drained",12.0,0.13,1.51,0.0,10.0,3.2,20.0,178,205.0,24.3,55.0,20.0,2.6,0.0,0.1,3.43,0.0
07_050,"Lamb/mutton meat, moderately fat, ca. 20% fat, grilled* (without salt or fat)",15.0,0.12,1.49,0.0,12.0,2.9,25.0,184,308.0,23.6,75.0,19.0,3.4,0.0,0.1,3.33,0.0
07_125,"Lamb/mutton meat, moderately fat, ca. 20% fat, stewed* (as part of a recipe)",16.0,0.15,2.01,0.0,13.0,3.4,33.0,237,397.0,25.9,97.0,22.0,3.2,0.0,0.1,3.65,0.0
07_005,"Pork meat, fatty, ca. 40% fat, raw",11.0,0.06,4.28,0.0,4.0,1.9,13.0,153,253.0,12.5,42.0,2.0,0.61,0.0,1.7,1.59,0.0
07_059,"Pork meat, fatty, ca. 40% fat, boiled* (without salt), drained",13.0,0.08,5.79,0.0,4.0,2.9,12.0,141,195.0,19.2,29.0,2.0,0.56,0.0,2.0,1.96,0.0
07_060,"Pork meat, fatty, ca. 40% fat, grilled* (without salt or fat)",11.0,0.07,5.48,0.0,5.0,2.2,18.0,196,307.0,17.9,54.0,2.0,0.78,0.0,1.9,2.27,0.0
07_123,"Pork meat, fatty, ca. 40% fat, stewed* (as part of a recipe)",16.0,0.08,6.58,0.0,5.0,2.9,20.0,235,389.0,19.2,65.0,2.0,0.75,0.0,2.1,2.45,0.0
07_071,"Pork meat, lean, ca. 10% fat, raw",31.0,0.22,1.57,0.0,8.0,0.1,21.0,167,316.0,18.6,83.0,2.0,0.3,0.0,0.5,0.23,0.0
07_119,"Pork meat, lean, ca. 10% fat, boiled* (without salt), drained",39.0,0.32,1.73,0.0,9.0,0.2,20.0,154,243.0,28.5,58.0,2.0,0.28,0.0,0.6,0.28,0.0
07_120,"Pork meat, lean, ca. 10% fat, grilled* (without salt or fat)",34.0,0.3,1.7,0.0,10.0,0.1,29.0,215,384.0,26.5,107.0,2.0,0.39,0.0,0.6,0.33,0.0
07_121,"Pork meat, lean, ca. 10% fat, stewed* (as part of a recipe)",42.0,0.29,2.1,0.0,9.0,0.1,28.0,223,422.0,24.7,111.0,2.0,0.32,0.0,0.5,0.31,0.0
07_006,"Pork meat, moderately fat, ca. 20% fat, raw",10.0,0.23,2.78,0.0,7.0,2.0,15.0,157,234.0,16.3,55.0,5.0,0.4,0.0,1.7,2.08,0.0
07_057,"Pork meat, moderately fat, ca. 20% fat, boiled* (without salt), drained",12.0,0.34,3.45,0.0,8.0,3.1,14.0,145,180.0,25.0,38.0,6.0,0.37,0.0,2.0,2.56,0.0
07_058,"Pork meat, moderately fat, ca. 20% fat, grilled* (without salt or fat)",11.0,0.31,3.32,0.0,9.0,2.3,20.0,202,284.0,23.2,71.0,5.0,0.51,0.0,1.9,2.97,0.0
07_122,"Pork meat, moderately fat, ca. 20% fat, stewed* (as part of a recipe)",15.0,0.35,4.28,0.0,9.0,3.1,23.0,242,360.0,25.0,85.0,6.0,0.49,0.0,2.1,3.2,0.0
07_007,"Rabbit meat, raw",31.0,0.3,1.4,0.0,2.0,1.8,29.0,243,375.0,21.3,52.0,6.0,5.3,0.0,0.6,1.62,0.0
07_124,"Rabbit meat, boiled* (without salt), drained",39.0,0.22,1.33,0.0,1.0,2.1,29.0,246,217.0,30.9,30.0,5.0,3.8,0.0,0.5,2.35,0.0
07_062,"Rabbit meat, grilled* (without salt or fat)",43.0,0.41,1.33,0.0,2.0,2.3,31.0,281,434.0,30.9,60.0,7.0,5.0,0.0,0.6,2.35,0.0
07_061,"Rabbit meat, stewed* (as part of a recipe)",46.0,0.44,2.03,0.0,2.0,2.6,42.0,352,543.0,30.9,75.0,7.0,5.4,0.0,0.7,2.35,0.0
07_063,"Sausage, wiener (beef, pork, chicken) canned",10.0,0.03,1.36,0.0,4.0,0.9,7.0,49,101.0,12.4,879.0,8.0,1.0,0.0,0.6,1.6,1.2
07_083,"Snail, raw",196.0,2.8,0.53,0.0,9.0,3.4,59.0,102,35.0,14.6,138.0,30.0,0.92,15.0,0.0,1.17,3.6
07_084,"Snail, cooked",105.0,1.49,0.19,0.0,12.0,2.9,102.0,177,25.0,25.2,55.0,47.0,1.4,21.0,0.0,2.86,8.3
08_005,"Egg, chicken, local breed, raw",72.0,0.06,1.55,0.0,47.0,2.1,11.0,263,156.0,12.7,165.0,88.0,1.2,0.0,4.5,1.6,0.8
08_010,"Egg, chicken, local breed, boiled* (without salt)",69.0,0.06,1.55,0.0,38.0,2.0,10.0,250,148.0,12.7,157.0,83.0,1.0,0.0,4.3,1.52,0.8
08_001,"Egg, chicken, raw",57.0,0.12,2.24,0.0,83.0,2.2,14.0,233,150.0,13.5,165.0,122.0,1.4,0.0,2.0,1.51,0.2
08_002,"Egg, chicken, boiled* (without salt)",54.0,0.11,2.24,0.0,66.0,2.1,13.0,221,143.0,13.5,157.0,116.0,1.1,0.0,1.9,1.43,0.2
08_003,"Egg, chicken, fried in oil",51.0,0.08,2.65,0.0,89.0,2.1,13.0,194,151.0,13.6,162.0,142.0,1.3,0.0,2.2,1.22,2.0
08_009,"Egg, duck, raw",52.0,0.11,1.7,0.0,80.0,2.5,12.0,247,228.0,11.8,113.0,184.0,5.4,0.0,2.7,1.49,2.4
08_014,"Egg, duck, boiled* (without salt)",50.0,0.1,1.7,0.0,64.0,2.3,11.0,235,217.0,11.8,107.0,175.0,4.3,0.0,2.5,1.42,2.4
08_008,"Egg, guinea fowl, raw",103.0,0.09,2.92,0.0,66.0,7.2,11.0,386,378.0,12.9,250.0,236.0,8.2,0.0,5.7,2.8,2.2
08_013,"Egg, guinea fowl, boiled* (without salt)",98.0,0.09,2.92,0.0,53.0,6.8,10.0,367,359.0,12.9,238.0,224.0,6.6,0.0,5.4,2.66,2.2
08_006,"Egg, quail, raw",81.0,0.09,2.52,0.0,66.0,5.3,11.0,319,173.0,15.6,179.0,42.0,2.0,0.0,5.7,2.2,2.7
08_011,"Egg, quail, boiled* (without salt)",76.0,0.09,2.52,0.0,53.0,5.0,10.0,303,164.0,15.6,170.0,40.0,1.6,0.0,5.4,2.09,2.7
08_004,"Omelette, from chicken egg",48.0,0.06,2.41,0.0,39.0,1.5,11.0,167,117.0,10.6,155.0,172.0,0.8,0.0,1.7,1.09,0.6
09_012,"Anchovy, canned in oil, drained",232.0,0.34,2.68,0.0,13.0,4.6,69.0,252,180.0,28.9,3668.0,12.0,0.88,0.0,1.7,2.44,0.0
09_001,"Anchovy, fillet, raw",89.0,0.16,1.88,0.0,9.0,1.6,47.0,218,327.0,18.9,158.0,14.0,0.62,0.0,2.8,1.47,0.0
09_062,"Anchovy, fillet, boiled* (as part of a recipe)",107.0,0.19,2.27,0.0,9.0,2.0,57.0,262,393.0,22.8,190.0,15.0,0.67,0.0,3.0,1.77,0.0
09_011,"Anchovy, fillet, grilled* (without salt or fat)",128.0,0.22,2.72,0.0,10.0,2.0,61.0,284,402.0,27.4,195.0,18.0,0.81,0.0,3.6,2.13,0.0
09_010,"Anchovy, fillet, steamed* (without salt)",107.0,0.17,2.27,0.0,8.0,1.6,48.0,223,295.0,22.8,162.0,15.0,0.6,0.0,3.0,1.77,0.0
09_048,"Atlantic cod (Northeast Atlantic), fillet, raw",10.0,0.02,0.26,0.0,12.0,0.2,24.0,199,374.0,18.6,80.0,1.0,1.1,0.0,1.3,0.37,0.0
09_068,"Atlantic cod (Northeast Atlantic), fillet, boiled* (as part of a recipe)",12.0,0.02,0.32,0.0,12.0,0.2,30.0,242,456.0,22.7,98.0,1.0,1.2,0.0,1.4,0.45,0.0
09_067,"Atlantic cod (Northeast Atlantic), fillet, grilled* (without salt or fat)",14.0,0.03,0.34,0.0,12.0,0.2,29.0,239,423.0,24.8,91.0,1.0,1.4,0.0,1.5,0.5,0.0
09_066,"Atlantic cod (Northeast Atlantic), fillet, steamed* (without salt)",12.0,0.02,0.32,0.0,10.0,0.2,25.0,206,342.0,22.7,83.0,1.0,1.1,0.0,1.4,0.45,0.0
09_049,"Atlantic horse mackerel, wild, fillet without skin, raw",40.0,0.1,1.76,0.0,2.0,1.1,29.0,220,379.0,18.6,65.0,4.0,6.8,0.0,27.0,0.41,0.0
09_072,"Atlantic horse mackerel, wild, fillet without skin, boiled* (as part of a recipe)",57.0,0.14,2.51,0.0,2.0,1.5,42.0,314,541.0,26.6,92.0,6.0,8.8,0.0,35.0,0.59,0.0
09_071,"Atlantic horse mackerel, wild, fillet without skin, grilled* (without salt or fat)",49.0,0.12,1.63,0.0,2.0,1.2,33.0,247,402.0,23.3,69.0,4.0,7.7,0.0,27.0,0.52,0.0
09_070,"Atlantic horse mackerel, wild, fillet without skin, steamed* (without salt)",57.0,0.13,1.53,0.0,2.0,1.2,35.0,267,406.0,26.6,78.0,4.0,7.8,0.0,27.0,0.59,0.0
09_002,"Barracuda, fillet, raw",21.0,0.04,0.19,0.0,8.0,0.8,30.0,175,453.0,19.0,39.0,25.0,3.0,0.0,1.8,0.42,0.0
09_063,"Barracuda, fillet, boiled* (as part of a recipe)",25.0,0.05,0.23,0.0,8.0,0.9,36.0,211,546.0,22.9,47.0,27.0,3.3,0.0,2.0,0.51,0.0
09_014,"Barracuda, fillet, grilled* (without salt or fat)",31.0,0.06,0.27,0.0,9.0,1.0,39.0,228,558.0,27.5,48.0,33.0,3.9,0.0,2.3,0.61,0.0
09_013,"Barracuda, fillet, steamed* (without salt)",25.0,0.04,0.23,0.0,7.0,0.7,31.0,179,409.0,22.9,40.0,27.0,2.9,0.0,2.0,0.51,0.0
09_015,"Bayad, fillet, raw",61.0,0.07,0.46,0.0,14.0,1.2,25.0,197,289.0,17.1,51.0,6.0,3.5,0.0,0.9,0.8,0.0
09_064,"Bayad, fillet, boiled* (as part of a recipe)",73.0,0.08,0.55,0.0,14.0,1.4,30.0,237,348.0,20.6,61.0,7.0,3.8,0.0,1.0,0.96,0.0
09_017,"Bayad, fillet, grilled* (without salt or fat)",88.0,0.09,0.66,0.0,16.0,1.5,33.0,257,356.0,24.8,63.0,8.0,4.6,0.0,1.2,1.16,0.0
09_016,"Bayad, fillet, steamed* (without salt)",73.0,0.07,0.55,0.0,12.0,1.2,26.0,202,261.0,20.6,52.0,7.0,3.4,0.0,1.0,0.96,0.0
09_021,"Carp, fillet, raw",41.0,0.06,0.78,0.0,15.0,1.2,29.0,415,194.0,17.6,24.0,9.0,1.5,0.0,0.8,1.03,0.0
09_065,"Carp, fillet, boiled* (as part of a recipe)",49.0,0.07,0.94,0.0,15.0,1.5,35.0,500,234.0,21.2,29.0,10.0,1.7,0.0,0.9,1.24,0.0
09_023,"Carp, fillet, grilled* (without salt or fat)",59.0,0.08,0.66,0.0,17.0,1.5,38.0,541,239.0,25.5,29.0,10.0,2.0,0.0,1.0,1.5,0.0
09_022,"Carp, fillet, steamed* (without salt)",49.0,0.06,0.72,0.0,13.0,1.2,30.0,425,176.0,21.2,24.0,8.0,1.5,0.0,0.7,1.24,0.0
09_018,"Catfish, fillet, raw",78.0,0.07,1.21,0.0,14.0,1.6,25.0,202,289.0,16.5,48.0,5.0,3.5,0.0,0.9,0.7,0.0
09_108,"Catfish, fillet, boiled* (as part of a recipe)",94.0,0.08,1.46,0.0,14.0,1.9,30.0,243,348.0,19.9,58.0,5.0,3.8,0.0,1.0,0.84,0.0
09_020,"Catfish, fillet, grilled* (without salt or fat)",113.0,0.09,1.75,0.0,16.0,1.9,33.0,263,356.0,24.0,59.0,6.0,4.6,0.0,1.1,1.01,0.0
09_019,"Catfish, fillet, steamed* (without salt)",94.0,0.07,1.46,0.0,11.0,1.5,26.0,206,261.0,19.9,49.0,4.0,3.4,0.0,0.8,0.84,0.0
09_055,"Crab, flesh (body and claw), raw",63.0,0.73,0.48,0.0,44.0,1.6,24.0,240,259.0,16.0,293.0,232.0,9.0,1.0,0.6,4.27,4.4
09_098,"Crab, flesh (body and claw), boiled* (as part of a recipe)",72.0,0.83,0.55,0.0,43.0,1.9,28.0,276,297.0,18.3,337.0,80.0,9.3,1.0,0.7,4.91,5.0
09_097,"Crab, flesh (body and claw), grilled* (without salt or fat)",73.0,0.8,0.56,0.0,41.0,1.6,25.0,251,255.0,18.6,290.0,78.0,9.4,1.0,0.6,4.97,5.1
09_096,"Crab, flesh (body and claw), steamed* (without salt)",72.0,0.75,0.55,0.0,35.0,1.5,23.0,235,223.0,18.3,286.0,74.0,8.3,1.0,0.6,4.91,5.0
09_053,"Fish, whole, dried",1939.0,0.2,2.68,0.0,46.0,7.4,75.0,1525,707.0,60.4,147.0,141.0,60.0,0.0,12.0,7.67,0.0
09_003,"Mackerel, fillet, raw",34.0,0.08,1.22,0.0,15.0,1.6,37.0,221,360.0,19.6,130.0,82.0,10.0,0.0,1.6,0.74,0.0
09_069,"Mackerel, fillet, boiled* (as part of a recipe)",49.0,0.11,1.75,0.0,19.0,2.3,53.0,316,514.0,28.0,186.0,105.0,13.0,0.0,2.0,1.06,0.0
09_025,"Mackerel, fillet, grilled* (without salt or fat)",43.0,0.1,1.53,0.0,15.0,1.7,42.0,249,383.0,24.5,138.0,92.0,11.0,0.0,1.8,0.93,0.0
09_024,"Mackerel, fillet, steamed* (without salt)",49.0,0.1,1.75,0.0,15.0,1.8,45.0,269,386.0,28.0,158.0,105.0,11.0,0.0,2.0,1.06,0.0
09_050,"Mahi mahi, fillet, raw",9.0,0.05,0.46,0.0,14.0,0.5,32.0,258,439.0,22.1,36.0,4.0,0.6,0.0,0.4,0.36,0.0
09_075,"Mahi mahi, fillet, boiled* (as part of a recipe)",11.0,0.06,0.55,0.0,14.0,0.6,39.0,311,529.0,26.6,44.0,4.0,0.65,0.0,0.5,0.43,0.0
09_074,"Mahi mahi, fillet, grilled* (without salt or fat)",14.0,0.07,0.66,0.0,16.0,0.6,42.0,337,541.0,32.0,45.0,5.0,0.78,0.0,0.6,0.52,0.0
09_073,"Mahi mahi, fillet, steamed* (without salt)",11.0,0.05,0.55,0.0,12.0,0.5,33.0,264,397.0,26.6,37.0,4.0,0.58,0.0,0.5,0.43,0.0
09_051,"Mola carplet, small whole fish, viscera, fins and scales removed, raw",1127.0,0.05,1.48,0.0,4.0,5.7,42.0,700,105.0,16.0,35.0,332.0,7.0,0.0,5.4,3.7,0.0
09_078,"Mola carplet, small whole fish, viscera, fins and scales removed, boiled* (as part of a recipe)",1357.0,0.06,1.78,0.0,4.0,6.9,51.0,843,127.0,19.3,42.0,359.0,7.5,0.0,5.9,4.46,0.0
09_077,"Mola carplet, small whole fish, viscera, fins and scales removed, grilled* (without salt or fat)",1633.0,0.06,2.14,0.0,5.0,7.0,55.0,913,129.0,23.2,43.0,432.0,9.0,0.0,7.1,5.36,0.0
09_076,"Mola carplet, small whole fish, viscera, fins and scales removed, steamed* (without salt)",1357.0,0.05,1.78,0.0,4.0,5.5,43.0,717,95.0,19.3,36.0,359.0,6.7,0.0,5.9,4.46,0.0
09_026,"Mormyrid, fillet, raw",123.0,0.09,0.39,0.0,11.0,1.2,30.0,268,353.0,18.2,41.0,17.0,2.7,0.0,2.6,0.58,0.0
09_079,"Mormyrid, fillet, boiled* (as part of a recipe)",148.0,0.11,0.47,0.0,12.0,1.4,36.0,323,425.0,21.9,49.0,19.0,3.0,0.0,2.9,0.7,0.0
09_028,"Mormyrid, fillet, grilled* (without salt or fat)",178.0,0.13,0.56,0.0,13.0,1.4,39.0,350,435.0,26.3,50.0,23.0,3.6,0.0,3.4,0.84,0.0
09_027,"Mormyrid, fillet, steamed* (without salt)",148.0,0.1,0.47,0.0,10.0,1.1,31.0,274,319.0,21.9,41.0,19.0,2.6,0.0,2.9,0.7,0.0
09_052,"Mullet, fillet, raw",34.0,0.02,0.32,0.0,12.0,1.3,15.0,222,331.0,20.5,66.0,18.0,0.22,0.0,0.3,0.45,0.0
09_085,"Mullet, fillet, boiled* (as part of a recipe)",41.0,0.02,0.39,0.0,12.0,1.6,18.0,267,399.0,24.7,80.0,20.0,0.24,0.0,0.3,0.54,0.0
09_084,"Mullet, fillet, grilled* (without salt or fat)",49.0,0.02,0.47,0.0,14.0,1.6,20.0,290,408.0,29.7,81.0,24.0,0.29,0.0,0.4,0.65,0.0
09_083,"Mullet, fillet, steamed* (without salt)",41.0,0.02,0.39,0.0,10.0,1.3,15.0,227,299.0,24.7,68.0,20.0,0.21,0.0,0.3,0.54,0.0
09_060,"North African catfish, fillet, raw",23.0,0.04,1.16,0.0,14.0,0.5,24.0,180,301.0,17.8,41.0,9.0,3.5,0.0,1.0,1.07,0.0
09_082,"North African catfish, fillet, boiled* (as part of a recipe)",28.0,0.05,1.39,0.0,14.0,0.6,29.0,217,363.0,21.5,49.0,10.0,3.8,0.0,1.1,1.29,0.0
09_081,"North African catfish, fillet, grilled* (without salt or fat)",33.0,0.06,1.67,0.0,16.0,0.6,31.0,235,371.0,25.8,51.0,12.0,4.6,0.0,1.3,1.55,0.0
09_080,"North African catfish, fillet, steamed* (without salt)",28.0,0.04,1.39,0.0,12.0,0.5,25.0,184,272.0,21.5,42.0,10.0,3.4,0.0,1.1,1.29,0.0
09_037,"Sardine, canned in oil, drained, with bones",421.0,0.15,6.12,0.0,6.0,2.4,48.0,470,350.0,24.8,438.0,49.0,9.0,0.0,4.2,1.77,0.0
09_004,"Sardine, fillet, raw",50.0,0.05,0.61,0.0,23.0,1.7,44.0,363,228.0,19.8,54.0,13.0,8.3,0.0,3.5,1.53,0.0
09_087,"Sardine, fillet, boiled* (as part of a recipe)",60.0,0.07,0.74,0.0,23.0,2.1,53.0,438,275.0,23.8,65.0,14.0,9.0,0.0,3.8,1.85,0.0
09_036,"Sardine, fillet, grilled* (without salt or fat)",72.0,0.07,0.89,0.0,26.0,2.1,57.0,474,281.0,28.7,66.0,17.0,11.0,0.0,4.6,2.22,0.0
09_035,"Sardine, fillet, steamed* (without salt)",60.0,0.06,0.74,0.0,19.0,1.7,45.0,372,206.0,23.8,55.0,14.0,8.0,0.0,3.8,1.85,0.0
09_056,"Sea snail/whelk, flesh, raw",57.0,1.03,0.05,0.0,6.0,5.0,86.0,141,347.0,23.8,206.0,26.0,9.0,4.0,0.0,1.63,7.8
09_101,"Sea snail/whelk, boiled* (as part of a recipe)",69.0,1.24,0.05,0.0,6.0,6.1,104.0,170,418.0,28.7,248.0,28.0,9.8,4.0,0.0,1.96,9.3
09_100,"Sea snail/whelk, grilled* (without salt or fat)",83.0,1.42,0.06,0.0,7.0,6.2,112.0,184,427.0,34.6,254.0,33.0,12.0,5.0,0.0,2.36,11.2
09_099,"Sea snail/whelk, steamed* (without salt)",69.0,1.12,0.05,0.0,5.0,4.8,88.0,144,314.0,28.7,211.0,26.0,8.7,4.0,0.0,1.96,9.3
09_038,"Shiny-nose, fillet, raw",104.0,0.02,0.29,0.0,7.0,0.2,30.0,112,375.0,21.1,52.0,2.0,2.7,0.0,1.2,1.0,0.0
09_088,"Shiny-nose, fillet, boiled* (as part of a recipe)",125.0,0.02,0.35,0.0,7.0,0.2,37.0,134,452.0,25.5,63.0,2.0,3.0,0.0,1.3,1.2,0.0
09_040,"Shiny-nose, fillet, grilled* (without salt or fat)",150.0,0.03,0.42,0.0,8.0,0.2,40.0,145,462.0,30.7,64.0,2.0,3.5,0.0,1.5,1.45,0.0
09_039,"Shiny-nose, fillet, steamed* (without salt)",125.0,0.02,0.35,0.0,6.0,0.2,31.0,114,339.0,25.5,54.0,2.0,2.6,0.0,1.3,1.2,0.0
09_057,"Shrimp (crayfish), whole, dried",2522.0,2.0,1.05,0.0,140.0,25.3,670.0,1332,1107.0,63.1,1298.0,9.0,5.9,37.0,0.0,6.83,7.9
09_058,"Shrimp, palaemonid, flesh, raw",44.0,1.02,0.52,0.0,13.0,2.7,53.0,242,270.0,22.2,158.0,6.0,7.0,1.0,0.0,2.28,0.3
09_104,"Shrimp, palaemonid, flesh, boiled* (as part of a recipe)",53.0,1.22,0.63,0.0,13.0,3.3,63.0,292,325.0,26.7,191.0,4.0,7.6,1.0,0.0,2.75,0.3
09_103,"Shrimp, palaemonid, flesh, grilled* (without salt or fat)",51.0,1.12,0.61,0.0,12.0,2.7,55.0,253,267.0,25.8,156.0,3.0,7.3,0.0,0.0,2.65,0.3
09_102,"Shrimp, palaemonid, flesh, steamed* (without salt)",53.0,1.1,0.63,0.0,11.0,2.6,54.0,248,244.0,26.7,162.0,3.0,6.8,0.0,0.0,2.75,0.3
09_059,"Shrimp, penaeid, flesh, raw",66.0,0.43,0.26,0.0,14.0,1.6,37.0,267,196.0,21.6,126.0,56.0,2.1,0.0,1.9,1.3,1.0
09_107,"Shrimp, penaeid, flesh, boiled* (as part of a recipe)",79.0,0.52,0.32,0.0,14.0,1.9,44.0,322,236.0,26.0,152.0,17.0,2.3,0.0,2.0,1.56,1.3
09_106,"Shrimp, penaeid, flesh, grilled* (without salt or fat)",76.0,0.48,0.31,0.0,13.0,1.6,39.0,279,194.0,25.1,125.0,16.0,2.2,0.0,1.9,1.51,1.2
09_105,"Shrimp, penaeid, flesh, steamed* (without salt)",79.0,0.47,0.32,0.0,11.0,1.5,38.0,273,177.0,26.0,129.0,16.0,2.1,0.0,1.9,1.56,1.3
09_041,"Tilapia, fillet, raw",109.0,0.05,0.3,0.0,5.0,1.7,31.0,255,266.0,18.6,64.0,10.0,1.5,0.0,2.0,0.91,0.0
09_089,"Tilapia, fillet, boiled* (as part of a recipe)",125.0,0.05,0.34,0.0,5.0,2.0,35.0,293,305.0,21.4,74.0,10.0,1.6,0.0,2.0,1.05,0.0
09_043,"Tilapia, fillet, grilled* (without salt or fat)",138.0,0.06,0.38,0.0,5.0,1.9,35.0,290,286.0,23.6,69.0,11.0,1.7,0.0,2.3,1.15,0.0
09_042,"Tilapia, fillet, steamed* (without salt)",125.0,0.05,0.34,0.0,4.0,1.6,30.0,249,229.0,21.4,63.0,10.0,1.4,0.0,2.0,1.05,0.0
09_110,"Tuna, canned in water, drained",11.0,0.05,0.24,0.0,9.0,1.3,28.0,184,229.0,24.9,302.0,15.0,2.2,0.0,1.6,0.76,0.0
09_111,"Tuna, canned in oil, drained",7.0,0.09,0.3,0.0,3.0,0.9,33.0,224,292.0,25.4,402.0,17.0,2.3,0.0,1.1,0.72,0.0
09_005,"Tuna, fillet, raw",11.0,0.06,0.91,0.0,6.0,1.0,40.0,256,351.0,23.6,50.0,14.0,4.6,0.0,3.4,0.39,0.0
09_092,"Tuna, fillet, boiled* (as part of a recipe)",14.0,0.07,1.14,0.0,6.0,1.2,50.0,320,439.0,29.5,62.0,16.0,5.2,0.0,3.9,0.49,0.0
09_091,"Tuna, fillet, grilled* (without salt or fat)",15.0,0.07,1.23,0.0,6.0,1.1,48.0,312,404.0,31.9,57.0,17.0,5.6,0.0,4.2,0.53,0.0
09_090,"Tuna, fillet, steamed* (without salt)",14.0,0.06,1.14,0.0,5.0,1.0,42.0,272,329.0,29.5,53.0,16.0,4.6,0.0,3.9,0.49,0.0
09_054,"Venus clams, flesh, raw",183.0,0.15,0.34,0.0,49.0,6.6,80.0,133,202.0,9.2,510.0,80.0,38.0,1.0,2.1,1.17,3.5
09_095,"Venus clams, flesh, boiled* (as part of a recipe)",290.0,0.23,0.58,0.0,66.0,10.5,127.0,211,321.0,14.6,809.0,115.0,54.0,1.0,3.0,1.85,5.5
09_094,"Venus clams, flesh, steamed* (without salt)",290.0,0.21,0.58,0.0,54.0,8.4,108.0,179,241.0,14.6,688.0,106.0,48.0,1.0,2.7,1.85,5.5
09_006,"White grouper, fillet, raw",33.0,0.05,0.52,0.0,11.0,1.3,35.0,188,358.0,19.4,51.0,2.0,0.6,0.0,0.9,1.3,0.0
09_093,"White grouper, fillet, boiled* (as part of a recipe)",39.0,0.05,0.62,0.0,12.0,1.6,42.0,227,432.0,23.3,61.0,2.0,0.65,0.0,1.0,1.57,0.0
09_047,"White grouper, fillet, grilled* (without salt or fat)",47.0,0.06,0.75,0.0,13.0,1.6,46.0,245,442.0,28.0,63.0,3.0,0.78,0.0,1.2,1.88,0.0
09_046,"White grouper, fillet, steamed* (without salt)",39.0,0.05,0.62,0.0,10.0,1.3,36.0,193,324.0,23.3,52.0,2.0,0.58,0.0,1.0,1.57,0.0
10_004,"Breastmilk, mature",26.0,0.05,0.41,0.0,5.0,0.2,3.0,16,60.0,1.1,6.0,61.0,0.05,4.0,0.1,0.2,8.4
10_006,"Cheese, cheddar, from cow’s milk",788.0,0.07,0.84,0.0,18.0,0.7,30.0,532,82.0,24.7,487.0,263.0,1.8,0.0,0.5,3.93,1.8
10_028,"Cheese, fresh curd, from cow’s milk",630.0,0.1,0.54,0.0,33.0,1.1,31.0,443,153.0,15.5,31.0,114.0,0.59,0.0,0.1,0.61,3.8
10_008,"Cheese, Gouda, from cow’s milk",806.0,0.06,0.81,0.0,21.0,0.8,31.0,565,71.0,23.9,511.0,210.0,1.7,0.0,0.4,3.74,0.3
10_007,"Cheese, hard type, from goat’s milk",895.0,0.09,0.85,0.0,4.0,1.9,54.0,729,116.0,30.5,423.0,486.0,0.12,0.0,0.7,1.59,1.2
10_027,"Cheese, processed, spreadable, shelf-stable (e.g. Laughing Cow)",524.0,0.19,0.63,0.0,11.0,0.3,26.0,837,220.0,14.8,1000.0,195.0,0.62,0.0,0.2,2.33,7.0
10_009,"Cream, from cow’s milk, ca. 38% fat",73.0,0.03,0.93,0.0,25.0,0.3,7.0,58,139.0,2.1,39.0,417.0,0.1,1.0,1.0,0.53,3.5
10_010,"Cream, from cow’s milk, reduced fat, ca. 18% fat",83.0,0.01,0.68,0.0,24.0,0.1,9.0,77,113.0,2.7,49.0,193.0,0.21,1.0,1.1,0.27,4.0
10_001,"Milk, cow, whole, pasteurized or UHT, 3.5% fat",119.0,0.01,0.12,0.0,8.0,0.1,12.0,111,147.0,3.3,45.0,42.0,0.59,0.0,0.1,0.63,5.1
10_029,"Milk, cow, whole, raw, 4.5% fat",191.0,0.01,0.17,0.0,6.0,0.1,13.0,90,159.0,3.1,45.0,29.0,0.4,1.0,0.1,0.32,5.0
10_003,"Milk, goat, fresh",159.0,0.02,0.32,0.0,1.0,0.1,20.0,116,185.0,3.9,55.0,37.0,0.1,1.0,0.1,0.38,4.9
10_024,"Milk, sheep or goat, fermented",145.0,0.02,0.27,0.0,1.0,0.1,13.0,129,166.0,4.8,48.0,41.0,0.3,1.0,0.1,0.48,6.4
10_023,"Milk, sheep, fresh",164.0,0.02,0.33,0.0,5.0,0.1,15.0,141,146.0,5.9,40.0,45.0,0.5,3.0,0.2,0.62,4.7
10_026,"Yoghurt, from reduced fat/skimmed cow’s milk, sweetened/with fruit",147.0,0.01,0.07,0.2,10.0,0.1,17.0,102,182.0,3.5,64.0,18.0,0.25,0.0,0.0,0.42,13.8
10_025,"Yoghurt, plain, from reduced fat/skimmed cow’s milk",149.0,0.01,0.04,0.0,10.0,0.1,15.0,110,194.0,3.8,66.0,21.0,0.5,1.0,0.1,0.81,7.5
10_005,"Yoghurt, plain, from whole cow’s milk",123.0,0.01,0.14,0.0,7.0,0.1,13.0,76,135.0,2.9,29.0,26.0,0.4,1.0,0.1,0.35,7.1
11_002,"Coconut oil, unfortified",0.0,0.0,1.18,0.0,0.0,0.0,0.0,2,1.0,0.0,1.0,0.0,0.0,0.0,0.0,0.01,0.0
11_018,"Coconut oil, fortified with vitamin A, 600–1000 mcg/100g (Ghana, Nigeria, Sierra Leone)",0.0,0.0,1.18,0.0,0.0,0.0,0.0,2,1.0,0.0,1.0,800.0,0.0,0.0,0.0,0.01,0.0
11_017,"Coconut oil, fortified with vitamin A, 1100–2400 mcg/100g (Benin, Burkina Faso, Côte d’Ivoire, Guinea, Guinea-Bissau, Liberia, Mali, Niger, Senegal, Togo)",0.0,0.0,1.18,0.0,0.0,0.0,0.0,2,1.0,0.0,1.0,1750.0,0.0,0.0,0.0,0.01,0.0
11_005,"Cottonseed oil, yellow brown, unfortified",0.0,0.0,51.3,0.0,0.0,0.0,0.0,0,0.0,0.0,0.0,0.0,0.0,0.0,0.0,0.0,0.0
11_020,"Cottonseed oil, fortified with vitamin A, 600–1000 mcg/100g (Ghana, Nigeria, Sierra Leone)",0.0,0.0,51.3,0.0,0.0,0.0,0.0,0,0.0,0.0,0.0,800.0,0.0,0.0,0.0,0.0,0.0
11_019,"Cottonseed oil, fortified with vitamin A, 1100–2400 mcg/100g (Benin, Burkina Faso, Côte d’Ivoire, Guinea, Guinea-Bissau, Liberia, Mali, Niger, Senegal, Togo)",0.0,0.0,51.3,0.0,0.0,0.0,0.0,0,0.0,0.0,0.0,1750.0,0.0,0.0,0.0,0.0,0.0
11_003,"Groundnut oil, unfortified",0.0,0.0,30.2,0.0,0.0,0.1,1.0,2,0.0,0.0,0.0,0.0,0.0,0.0,0.0,0.06,0.0
11_021,"Groundnut oil, fortified with vitamin A, 1100–2400 mcg/100g (Benin, Burkina Faso, Côte d’Ivoire, Guinea, Guinea-Bissau, Liberia, Mali, Niger, Senegal, Togo)",0.0,0.0,30.2,0.0,0.0,0.1,1.0,2,0.0,0.0,0.0,1750.0,0.0,0.0,0.0,0.06,0.0
11_022,"Groundnut oil, fortified with vitamin A, 600–1000 mcg/100g (Ghana, Nigeria, Sierra Leone)",0.0,0.0,30.2,0.0,0.0,0.1,1.0,2,0.0,0.0,0.0,800.0,0.0,0.0,0.0,0.06,0.0
11_012,"Palm kernel oil, unfortified",10.0,0.0,1.62,0.0,0.0,10.0,4.0,3,40.0,0.0,37.0,0.0,0.0,0.0,0.0,2.82,0.0
11_026,"Palm kernel oil, fortified with vitamin A, 600–1000 mcg/100g (Ghana, Nigeria, Sierra Leone)",10.0,0.0,1.62,0.0,0.0,10.0,4.0,3,40.0,0.0,37.0,800.0,0.0,0.0,0.0,2.82,0.0
11_025,"Palm kernel oil, fortified with vitamin A, 1100–2400 mcg/100g (Benin, Burkina Faso, Côte d’Ivoire, Guinea, Guinea-Bissau, Liberia, Mali, Niger, Senegal, Togo)",10.0,0.0,1.62,0.0,0.0,10.0,4.0,3,40.0,0.0,37.0,1750.0,0.0,0.0,0.0,2.82,0.0
11_004,"Palm oil, red",2.0,0.0,9.84,0.0,0.0,0.2,0.0,2,0.0,0.0,0.0,5720.0,0.0,0.0,0.0,0.0,0.0
11_007,"Palm oil, refined and decoloured, unfortified",0.0,0.0,9.87,0.0,0.0,0.2,0.0,0,0.0,0.0,0.0,0.0,0.0,0.0,0.0,0.0,0.0
11_024,"Palm oil, refined and decoloured, fortified with vitamin A, 600–1000 mcg/100g (Ghana, Nigeria, Sierra Leone)",0.0,0.0,9.87,0.0,0.0,0.2,0.0,0,0.0,0.0,0.0,800.0,0.0,0.0,0.0,0.0,0.0
11_023,"Palm oil, refined and decoloured, fortified with vitamin A, 1100–2400 mcg/100g (Benin, Burkina Faso, Côte d’Ivoire, Guinea, Guinea-Bissau, Liberia, Mali, Niger, Senegal, Togo)",0.0,0.0,9.87,0.0,0.0,0.2,0.0,0,0.0,0.0,0.0,1750.0,0.0,0.0,0.0,0.0,0.0
11_009,"Soya oil, unfortified",0.0,0.01,55.3,0.0,0.0,0.1,0.0,0,0.0,0.0,0.0,0.0,0.0,0.0,0.0,0.01,0.0
11_027,"Soya oil, fortified with vitamin A, 1100–2400 mcg/100g (Benin, Burkina Faso, Côte d’Ivoire, Guinea, Guinea-Bissau, Liberia, Mali, Niger, Senegal, Togo)",0.0,0.01,55.3,0.0,0.0,0.1,0.0,0,0.0,0.0,0.0,1750.0,0.0,0.0,0.0,0.01,0.0
11_028,"Soya oil, fortified with vitamin A, 600–1000 mcg/100g (Ghana, Nigeria, Sierra Leone)",0.0,0.01,55.3,0.0,0.0,0.1,0.0,0,0.0,0.0,0.0,800.0,0.0,0.0,0.0,0.01,0.0
11_014,Olive oil,1.0,0.01,9.1,0.0,0.0,0.3,0.0,1,1.0,0.0,1.0,0.0,0.0,0.0,0.0,0.01,0.0
12_023,Coconut water,24.0,0.04,0.01,0.0,9.0,0.2,23.0,22,205.0,0.2,41.0,0.0,0.0,2.0,0.0,0.1,4.2
12_005,"Coffee, instant, powder",145.0,0.46,0.2,5.0,7.0,4.1,337.0,312,3670.0,17.5,60.0,0.0,0.0,1.0,0.0,0.72,59.8
12_009,"Coffee, liquid",3.0,0.01,0.0,0.1,0.0,0.1,4.0,3,37.0,0.1,4.0,0.0,0.0,0.0,0.0,0.01,0.3
12_012,"Juice, canned or bottled, sweetened (e.g. apple)",9.0,0.01,0.0,0.2,0.0,0.3,5.0,6,80.0,0.1,10.0,0.0,0.0,1.0,0.0,0.04,11.3
12_013,"Juice, canned or bottled, unsweetened (e.g. grapefruit)",9.0,0.04,0.0,0.0,2.0,0.1,8.0,12,112.0,0.3,14.0,0.0,0.0,28.0,0.0,0.06,7.9
12_010,"Juice, lemon, fresh, unsweetened",7.0,0.04,0.0,0.1,16.0,0.1,6.0,7,123.0,0.4,1.0,0.0,0.0,37.0,0.0,0.05,8.200000000000001
12_011,"Juice, orange, fresh, unsweetened",17.0,0.06,0.0,0.1,37.0,0.4,11.0,16,182.0,0.7,1.0,9.0,0.0,44.0,0.0,0.04,9.2
12_006,Palm wine (ca. 3.8% v/v alcohol),2.0,0.01,0.0,0.0,1.0,0.5,9.0,5,84.0,0.4,2.0,0.0,0.0,4.0,0.0,0.01,2.5
12_007,"Sap, palm, fresh (0.3% v/v alcohol)",2.0,0.02,0.0,0.0,1.0,0.4,9.0,6,84.0,0.3,2.0,0.0,0.0,14.0,0.0,0.01,10.8
12_025,"Soybean milk, fluid, from soybeans only, unfortified",12.0,0.07,1.01,0.6,14.0,0.5,15.0,50,120.0,3.0,24.0,0.0,0.0,0.0,0.0,0.2,3.3
12_021,"Water with fresh lemon juice, unsweetened*",1.0,0.01,0.0,0.0,2.0,0.0,2.0,1,18.0,0.1,2.0,0.0,0.0,5.0,0.0,0.01,1.3
12_022,"Water with fresh lemon juice, sweetened*",1.0,0.01,0.0,0.0,2.0,0.0,2.0,1,16.0,0.1,2.0,0.0,0.0,5.0,0.0,0.01,11.1
14_021,"Babenda-1 (Burkina Faso)*: sauce from green leaves (amaranth, tchénébdo and hibiscus), groundnut powder, rice and onion",102.0,0.15,0.87,2.1,23.0,2.3,54.0,61,194.0,3.2,262.0,64.0,0.0,10.0,0.0,0.47,4.300000000000001
14_030,"Babenda-2 (Burkina Faso)*: sauce from green leaves (amaranth, hibiscus and spider plant), rice and groundnut powder",89.0,0.16,0.8,1.9,36.0,2.5,49.0,52,188.0,3.0,7.0,81.0,0.0,10.0,0.0,0.44,4.800000000000001
14_025,"Banakou vand zéédo (Burkina Faso)*: cassava leaf sauce with fish, vegetables and red palm oil",132.0,0.09,2.63,3.5,36.0,2.6,38.0,101,368.0,6.4,432.0,762.0,1.4,10.0,0.2,0.68,1.0999999999999996
14_029,"Bengedo (Burkina Faso)*: cowpea leaf sauce with fish, vegetables, groundnut paste and fermented African locust beans",51.0,0.18,4.79,2.0,22.0,1.5,44.0,102,267.0,7.5,369.0,42.0,1.9,5.0,0.3,0.59,0.8999999999999999
14_014,"Bite zindo (Burkina Faso)*: hibiscus leaf sauce with fish, fermented African locust beans and tomatoes",88.0,0.14,3.8,2.2,25.0,2.3,36.0,59,169.0,3.5,332.0,74.0,0.62,14.0,0.1,0.46,1.4
14_015,"Blouvank koèég zéédo (Burkina Faso)*: jute mallow leaf sauce with lamb, vegetables, fermented African locust beans and red palm oil",52.0,0.08,2.2,1.0,10.0,2.7,20.0,43,114.0,3.4,524.0,30.0,0.26,6.0,0.0,0.5,0.6000000000000001
14_016,"Blouvank zéédo (Burkina Faso)*: jute mallow leaf sauce with fish, vegetables and red palm oil",78.0,0.04,0.69,1.4,13.0,1.1,23.0,51,162.0,3.1,419.0,259.0,1.0,14.0,0.2,0.25,1.1
14_012,"Clear sauce with fish, red palm oil and vegetables (Burkina Faso)*",22.0,0.09,0.77,1.3,12.0,0.9,20.0,69,196.0,5.4,615.0,215.0,2.1,3.0,0.3,0.31,0.8
14_027,Curry sauce with beef meat and vegetables (Burkina Faso)*,16.0,0.04,2.53,1.1,11.0,0.7,12.0,46,120.0,4.2,355.0,8.0,0.14,4.0,0.1,0.75,2.7
14_003,"Éindo tomate ne ziim zéindo (Burkina Faso)*: sauce with fish, tomato and fermented African locust beans",39.0,0.15,7.43,1.5,13.0,1.2,25.0,162,243.0,7.2,533.0,27.0,0.41,9.0,0.2,0.63,2.7
14_004,Epinard zéédo (Burkina Faso)*: spinach sauce with fish and vegetables,69.0,0.16,6.49,2.2,73.0,2.0,56.0,96,470.0,6.7,814.0,100.0,2.1,15.0,0.3,0.57,1.2999999999999998
14_001,Fish and vegetable soup for children (Burkina Faso)*,18.0,0.07,0.39,0.9,9.0,0.9,22.0,89,284.0,6.5,270.0,75.0,2.7,6.0,0.4,0.38,4.9
14_008,Groundnut sauce with fish and vegetables (Burkina Faso)*,26.0,0.2,4.75,2.6,18.0,1.3,41.0,114,298.0,6.6,297.0,19.0,1.2,9.0,0.2,0.61,2.7
14_026,Intro sauce with fish and vegetables (Burkina Faso)*,64.0,0.14,0.61,3.2,28.0,1.4,33.0,53,211.0,2.8,505.0,228.0,0.73,7.0,0.1,0.36,-0.8000000000000003
14_031,"Katre nagouri vând koèng zéindo (Burkina Faso)*: dried sicklepod leaf sauce with vegetables, shea butter, groundnut paste and fermented African locust beans",49.0,0.2,5.87,2.6,22.0,2.3,36.0,75,258.0,4.6,507.0,18.0,0.0,11.0,0.0,0.56,2.3000000000000003
14_032,"Katre nagouri vând maasse zéindo (Burkina Faso)*: fresh sicklepod leaf sauce with vegetables, shea butter, groundnut paste and fermented African locust beans",59.0,0.16,3.44,3.3,37.0,2.7,32.0,76,393.0,4.1,266.0,87.0,0.0,14.0,0.0,0.51,3.2
14_013,Koum péèleg zindo (Burkina Faso)*: white eggplant sauce with lamb and vegetables,15.0,0.13,3.69,1.9,12.0,1.1,14.0,52,239.0,4.0,286.0,19.0,0.38,13.0,0.0,0.64,1.8000000000000005
14_011,Koum vând zéédo (Burkina Faso)*: wild eggplant leaf sauce with fish and vegetables,131.0,0.16,9.06,2.4,25.0,2.5,52.0,65,309.0,4.0,428.0,90.0,0.79,23.0,0.1,0.45,2.4
14_007,Koum zindo (Burkina Faso)*: eggplant sauce with fish and vegetables,30.0,0.15,6.43,2.5,16.0,1.2,18.0,67,311.0,4.1,343.0,59.0,1.3,18.0,0.2,0.36,2.3
14_018,"Maân koèg zéindo-1 (Burkina Faso)*: djoumblé (dried okra) sauce with beef, vegetables and red palm oil",48.0,0.07,0.85,2.6,25.0,0.8,36.0,75,250.0,6.0,348.0,334.0,0.21,6.0,0.1,1.2,-0.2000000000000001
14_017,"Maân koèg zéindo-2 (Burkina Faso)*: dried okra sauce with lamb, vegetables and fermented African locust beans",57.0,0.08,4.4,2.9,26.0,1.5,40.0,65,235.0,4.7,415.0,10.0,0.37,4.0,0.0,0.78,-0.6999999999999997
14_019,"Maân mâass zéindo (Burkina Faso)*: fresh okra sauce with fish, vegetables, red palm oil and fermented African locust beans",63.0,0.06,0.69,1.6,18.0,1.4,30.0,55,183.0,3.4,508.0,233.0,1.0,10.0,0.2,0.32,1.0
14_009,"Nayoungn vand zindo (Burkina Faso)*: sweet potato leaf sauce, fish, red palm oil and vegetables",42.0,0.07,1.4,2.7,28.0,1.8,37.0,81,354.0,5.0,413.0,403.0,1.2,12.0,0.2,0.33,1.5999999999999996
14_002,"Pésgo né tomate zéindo (Burkina Faso)*: sauce with lamb, tomato and vegetables",21.0,0.08,5.12,1.5,10.0,1.3,19.0,74,275.0,5.9,514.0,39.0,0.6,9.0,0.0,0.91,2.9000000000000004
14_006,"Siikam zéédo (Burkina Faso)*: groundnut sauce with vegetables, fish and fermented African locust beans",48.0,0.18,2.22,2.3,33.0,1.5,47.0,85,282.0,5.7,208.0,170.0,0.84,8.0,0.1,0.59,1.0
14_028,Siné zindo (Burkina Faso)*: sesame sauce with fish and vegetables,157.0,0.38,8.24,3.2,16.0,2.5,78.0,160,220.0,6.3,349.0,22.0,1.3,5.0,0.2,0.59,-0.1
14_033,"Soup from chicken, beer yeast, vegetables and fermented African locust beans (Burkina Faso)*",14.0,0.04,1.95,1.2,57.0,0.5,13.0,74,129.0,5.4,478.0,7.0,0.09,5.0,0.1,0.6,0.9000000000000001
14_034,Soup with cabbage and vegetables (Burkina Faso)*,25.0,0.07,0.04,1.4,8.0,0.7,11.0,29,204.0,1.1,533.0,13.0,0.0,17.0,0.0,0.16,1.8000000000000005
14_005,Téi kam zéédo (Burkina Faso)*: red palm oil sauce with fish and vegetables,25.0,0.17,2.11,2.1,15.0,1.1,34.0,85,239.0,5.7,490.0,106.0,1.0,6.0,0.2,0.5,1.6999999999999995
14_024,"Téi né maane zéindo (Burkina Faso)*: oil palm fruit sauce with okra powder, fish and vegetables",28.0,0.17,0.8,1.4,9.0,1.0,24.0,42,128.0,2.7,312.0,572.0,0.95,3.0,0.2,0.23,1.4
14_023,Téi zéindo (Burkina Faso)*: simple oil palm fruit sauce with fish and vegetables,26.0,0.34,1.69,1.4,1.0,1.8,26.0,34,113.0,1.7,305.0,1410.0,0.42,4.0,0.1,0.2,3.7
14_020,"Toeg koing zéédo (Burkina Faso)*: dried baobab leaf sauce with fish, vegetables and fermented African locust beans",64.0,0.07,1.09,1.8,11.0,1.9,19.0,42,130.0,2.8,389.0,22.0,0.79,5.0,0.1,0.28,-0.1
14_022,"Toeg maas zéédo (Burkina Faso)*: fresh baobab leaf sauce with fish, vegetables and fermented African locust beans",66.0,0.07,1.87,1.9,14.0,1.5,19.0,46,144.0,3.1,416.0,48.0,0.92,9.0,0.1,0.3,0.0
14_010,"Yassa sauce with lamb, onion and mustard (Burkina Faso)*",31.0,0.1,8.46,1.9,9.0,1.1,20.0,74,175.0,4.3,759.0,4.0,0.33,6.0,0.0,0.67,3.2
