Code,Food name in English,Scientific name,eligibility_status,eligibility_reason,eligibility_rule_id,eligibility_source
01_172,"Baling béinré (northern Burkina Faso)*: sorghum porridge with monkey bread, tamarind, water, milk and sugar",,eligible,No exclusion or review rule matched.,,Default project rule
01_173,"Baling ni zièm béinré (Burkina Faso)*: porridge of degermed sorghum with potash, water and sugar",,eligible,No exclusion or review rule matched.,,Default project rule
01_168,Beenkida (Burkina Faso)*: maize porridge with maize granules,,eligible,No exclusion or review rule matched.,,Default project rule
01_188,"Biscuit, sweet, plain, unfortified",,eligible,No exclusion or review rule matched.,,Default project rule
01_177,Boalboal (Burkina Faso)*: millet balls with fried fish and vegetables,,eligible,No exclusion or review rule matched.,,Default project rule
01_047,"Bread, wheat, white for toasting, unfortified",,eligible,No exclusion or review rule matched.,,Default project rule
01_046,"Bread, wheat, white, unfortified",,eligible,No exclusion or review rule matched.,,Default project rule
01_048,"Bread, wheat, wholemeal, unfortified",,eligible,No exclusion or review rule matched.,,Default project rule
01_045,"Bread/rolls, white, unfortified",,eligible,No exclusion or review rule matched.,,Default project rule
01_187,"Cake, plain, unfortified",,eligible,No exclusion or review rule matched.,,Default project rule
01_160,Cantonese rice with fish and noodles (Burkina Faso)*,,eligible,No exclusion or review rule matched.,,Default project rule
01_182,"Cornflakes (breakfast cereal), unfortified",,eligible,No exclusion or review rule matched.,,Default project rule
01_189,"Croissant, plain, unfortified",,eligible,No exclusion or review rule matched.,,Default project rule
01_002,"Fonio, black, whole grains, raw",Digitaria iburua,eligible,No exclusion or review rule matched.,,Default project rule
01_124,"Fonio, black, whole grains, boiled* (as part of a recipe)",Digitaria iburua,eligible,No exclusion or review rule matched.,,Default project rule
01_049,"Fonio, black, whole grains, boiled* (without salt), drained",Digitaria iburua,eligible,No exclusion or review rule matched.,,Default project rule
01_050,"Fonio, decorticated grains (bran removed), dry, raw",Digitaria exilis,eligible,No exclusion or review rule matched.,,Default project rule
01_126,"Fonio, decorticated grains (bran removed), boiled* (as part of a recipe)",Digitaria exilis,eligible,No exclusion or review rule matched.,,Default project rule
01_051,"Fonio, decorticated grains (bran removed), boiled* (without salt), drained",Digitaria exilis,eligible,No exclusion or review rule matched.,,Default project rule
01_078,"Fonio, decorticated grains (bran removed), washed (mid wet), raw",Digitaria exilis,eligible,No exclusion or review rule matched.,,Default project rule
01_128,"Fonio, decorticated grains (bran removed), washed (mid wet), boiled* (as part of a recipe)",Digitaria exilis,eligible,No exclusion or review rule matched.,,Default project rule
01_127,"Fonio, decorticated grains (bran removed), washed (mid wet), boiled* (without salt), drained",Digitaria exilis,eligible,No exclusion or review rule matched.,,Default project rule
01_001,"Fonio, white, whole grains, raw",Digitaria exilis,eligible,No exclusion or review rule matched.,,Default project rule
01_125,"Fonio, white, whole grains, boiled* (as part of a recipe)",Digitaria exilis,eligible,No exclusion or review rule matched.,,Default project rule
01_003,"Fonio, white, whole grains, boiled* (without salt), drained",Digitaria exilis,eligible,No exclusion or review rule matched.,,Default project rule
01_176,"Fura saamdin (Burkina Faso)*: fermented pearl millet porridge with milk, water and sugar",,eligible,No exclusion or review rule matched.,,Default project rule
01_174,Gappal (Burkina Faso)*: pearl millet porridge with milk and sugar,,eligible,No exclusion or review rule matched.,,Default project rule
01_180,"Gnon (Burkina Faso)*: steamed balls of cowpea leaves with groundnut flour, potash and pearl millet",,eligible,No exclusion or review rule matched.,,Default project rule
01_077,"Instant noodles (Indomie), made from wheat flour, previously fried and dried, without flavouring, unprepared",,eligible,No exclusion or review rule matched.,,Default project rule
01_103,"Instant noodles (Indomie), made from wheat flour, previously fried and dried, without flavouring, boiled and drained*",,eligible,No exclusion or review rule matched.,,Default project rule
01_164,Jollof fonio (Burkina Faso)*: fonio with fish and vegetables,,eligible,No exclusion or review rule matched.,,Default project rule
01_156,Jollof macaroni (Burkina Faso)*: macaroni in tomato sauce with mutton,,eligible,No exclusion or review rule matched.,,Default project rule
01_157,Jollof spaghetti (Burkina Faso)*: spaghetti in vegetable sauce,,eligible,No exclusion or review rule matched.,,Default project rule
01_165,Kaman péêlég sagabo (Burkina Faso)*: stiff porridge from white degermed maize flour,,eligible,No exclusion or review rule matched.,,Default project rule
01_167,Ki béinré (northern Burkina Faso)*: pearl millet porridge with water and sugar,,eligible,No exclusion or review rule matched.,,Default project rule
01_171,Ki saagbo né zièm (Burkina Faso)*: tô (porridge) from pearl millet and potash,,eligible,No exclusion or review rule matched.,,Default project rule
01_181,"Kiou gonré (Burkina Faso)*: steamed balls of fonio, cowpea leaves, groundnut flour and potash",,eligible,No exclusion or review rule matched.,,Default project rule
01_170,Kiou saagbo né zièm (Burkina Faso)*: tô (porridge) from fonio with potash and maize flour,,eligible,No exclusion or review rule matched.,,Default project rule
01_178,Kôrôkôrô-dôrô (Burkina Faso)*: tô (porridge) from white sorghum and maize flour,,eligible,No exclusion or review rule matched.,,Default project rule
01_052,"Macaroni, dry, unfortified",,eligible,No exclusion or review rule matched.,,Default project rule
01_053,"Macaroni, boiled* (without salt), drained",,eligible,No exclusion or review rule matched.,,Default project rule
01_099,"Maize dough, fermented (kenkey), from whole white maize with salt added, cooked",Zea mays,eligible,No exclusion or review rule matched.,,Default project rule
01_098,"Maize dough, fermented (tô), from decorticated white maize only, cooked",Zea mays,eligible,No exclusion or review rule matched.,,Default project rule
01_100,"Maize porridge, fermented (ogi), from decorticated white maize only, cooked",Zea mays,eligible,No exclusion or review rule matched.,,Default project rule
01_008,"Maize, Gougba variety, whole kernel, dry, raw (Benin), n=1",Zea mays,eligible,No exclusion or review rule matched.,,Default project rule
01_009,"Maize, Gbaévè variety, whole kernel, dry, raw (Benin), n=1",Zea mays,eligible,No exclusion or review rule matched.,,Default project rule
01_010,"Maize, DMR-ESR-W variety, whole kernel, dry, raw (Benin), n=1",Zea mays,eligible,No exclusion or review rule matched.,,Default project rule
01_011,"Maize, POZA - RICA 7843 - SR  variety, whole kernel, dry, raw (Benin), n=1",Zea mays,eligible,No exclusion or review rule matched.,,Default project rule
01_012,"Maize, TZPB-SR variety, whole kernel, dry, raw (Benin), n=1",Zea mays,eligible,No exclusion or review rule matched.,,Default project rule
01_013,"Maize, Gnonli variety, whole kernel, dry, raw (Benin), n=1",Zea mays,eligible,No exclusion or review rule matched.,,Default project rule
01_014,"Maize, combined varieties, whole kernel, dry, raw (Benin)",Zea mays,eligible,No exclusion or review rule matched.,,Default project rule
01_123,"Maize, combined varieties, whole kernel (Benin), boiled* (as part of a recipe)",Zea mays,eligible,No exclusion or review rule matched.,,Default project rule
01_062,"Maize, combined varieties, whole kernel (Benin), boiled* (without salt), drained",Zea mays,eligible,No exclusion or review rule matched.,,Default project rule
01_060,"Maize, white, grit, degermed, raw",Zea mays,eligible,No exclusion or review rule matched.,,Default project rule
01_080,"Maize, white, meal, sifted, unfortified",Zea mays,eligible,No exclusion or review rule matched.,,Default project rule
01_091,"Maize, white, meal, sifted, fortified with vitamin A (Nigeria)",Zea mays,eligible,No exclusion or review rule matched.,,Default project rule
01_057,"Maize, white, meal, whole grains",Zea mays,eligible,No exclusion or review rule matched.,,Default project rule
01_058,"Maize, white, refined flour (special), unfortified",Zea mays,eligible,No exclusion or review rule matched.,,Default project rule
01_092,"Maize, white, refined flour (special), fortified with vitamin A (Nigeria)",Zea mays,eligible,No exclusion or review rule matched.,,Default project rule
01_081,"Maize, white, refined flour (super), unfortified",Zea mays,eligible,No exclusion or review rule matched.,,Default project rule
01_093,"Maize, white, refined flour (super), fortified with vitamin A (Nigeria)",Zea mays,eligible,No exclusion or review rule matched.,,Default project rule
01_004,"Maize, white, whole kernel, dry, raw",Zea mays,eligible,No exclusion or review rule matched.,,Default project rule
01_104,"Maize, white, whole kernel, boiled* (as part of a recipe)",Zea mays,eligible,No exclusion or review rule matched.,,Default project rule
01_005,"Maize, white, whole kernel, boiled* (without salt), drained",Zea mays,eligible,No exclusion or review rule matched.,,Default project rule
01_094,"Maize, white, whole kernel, dry, decorticated, raw",Zea mays,eligible,No exclusion or review rule matched.,,Default project rule
01_119,"Maize, white, whole kernel, decorticated, boiled* (as part of a recipe)",Zea mays,eligible,No exclusion or review rule matched.,,Default project rule
01_118,"Maize, white, whole kernel, decorticated, boiled* (without salt), drained",Zea mays,eligible,No exclusion or review rule matched.,,Default project rule
01_055,"Maize, yellow, grit, degermed, raw",Zea mays,eligible,No exclusion or review rule matched.,,Default project rule
01_054,"Maize, yellow, meal, whole grains, unfortified",Zea mays,eligible,No exclusion or review rule matched.,,Default project rule
01_006,"Maize, yellow, whole kernel, dry, raw",Zea mays,eligible,No exclusion or review rule matched.,,Default project rule
01_120,"Maize, yellow, whole kernel, boiled* (as part of a recipe)",Zea mays,eligible,No exclusion or review rule matched.,,Default project rule
01_007,"Maize, yellow, whole kernel, boiled* (without salt), drained",Zea mays,eligible,No exclusion or review rule matched.,,Default project rule
01_097,"Millet dough (tchobal/fura), from decorticated millet only, cooked",Pennisetum glaucum,eligible,No exclusion or review rule matched.,,Default project rule
01_153,"Millet dough (tô), from whole millet only, cooked",Pennisetum glaucum,eligible,No exclusion or review rule matched.,,Default project rule
01_102,"Millet porridge, fermented (hausa koko/ben saalga), from whole millet grains only, cooked",Pennisetum glaucum,eligible,No exclusion or review rule matched.,,Default project rule
01_161,"Moui béinré (Burkina Faso)*: rice porridge with water, milk and sugar",,eligible,No exclusion or review rule matched.,,Default project rule
01_158,Moui naagdme (Burkina Faso)*: rice with fish and vegetables,,eligible,No exclusion or review rule matched.,,Default project rule
01_159,"Moui nin kalogo (Burkina Faso)*: rice with fish, onion and fermented African locust beans",,eligible,No exclusion or review rule matched.,,Default project rule
01_101,"Oats, rolled, raw",Avena sativa,eligible,No exclusion or review rule matched.,,Default project rule
01_133,"Oats, porridge* (without salt)",Avena sativa,eligible,No exclusion or review rule matched.,,Default project rule
01_018,"Pearl millet, IKMV 8201 variety, whole grains, raw (Burkina Faso), n=1",Pennisetum glaucum ,eligible,No exclusion or review rule matched.,,Default project rule
01_019,"Pearl millet, IKMP 1 variety, whole grains, raw (Burkina Faso), n=1",Pennisetum glaucum ,eligible,No exclusion or review rule matched.,,Default project rule
01_020,"Pearl millet, IKMP 2 variety, whole grains, raw (Burkina Faso), n=1",Pennisetum glaucum ,eligible,No exclusion or review rule matched.,,Default project rule
01_021,"Pearl millet, IKMP 3 variety, whole grains, raw (Burkina Faso), n=1",Pennisetum glaucum ,eligible,No exclusion or review rule matched.,,Default project rule
01_022,"Pearl millet, IKMP 4 variety, whole grains, raw (Burkina Faso), n=1",Pennisetum glaucum ,eligible,No exclusion or review rule matched.,,Default project rule
01_023,"Pearl millet, IKMP 5 variety, whole grains, raw (Burkina Faso), n=1",Pennisetum glaucum ,eligible,No exclusion or review rule matched.,,Default project rule
01_024,"Pearl millet, IKMP 6 variety, whole grains, raw (Burkina Faso), n=1",Pennisetum glaucum ,eligible,No exclusion or review rule matched.,,Default project rule
01_025,"Pearl millet, IKMP 7 variety, whole grains, raw (Burkina Faso), n=1",Pennisetum glaucum ,eligible,No exclusion or review rule matched.,,Default project rule
01_026,"Pearl millet, IKMP 8 variety, whole grains, raw (Burkina Faso), n=1",Pennisetum glaucum ,eligible,No exclusion or review rule matched.,,Default project rule
01_027,"Pearl millet, IKMP 9 variety, whole grains, raw (Burkina Faso), n=1",Pennisetum glaucum ,eligible,No exclusion or review rule matched.,,Default project rule
01_028,"Pearl millet, IKMP 10 variety, whole grains, raw (Burkina Faso), n=1",Pennisetum glaucum ,eligible,No exclusion or review rule matched.,,Default project rule
01_029,"Pearl millet, IKMP 11 variety, whole grains, raw (Burkina Faso), n=1",Pennisetum glaucum ,eligible,No exclusion or review rule matched.,,Default project rule
01_030,"Pearl millet, IKMP 12 variety, whole grains, raw (Burkina Faso), n=1",Pennisetum glaucum ,eligible,No exclusion or review rule matched.,,Default project rule
01_031,"Pearl millet, IKMP 13 variety, whole grains, raw (Burkina Faso), n=1",Pennisetum glaucum ,eligible,No exclusion or review rule matched.,,Default project rule
01_032,"Pearl millet, combined varieties, whole grains, raw (Burkina Faso)",Pennisetum glaucum ,eligible,No exclusion or review rule matched.,,Default project rule
01_132,"Pearl millet, combined varieties, whole grains (Burkina Faso), boiled* (as part of a recipe)",Pennisetum glaucum ,eligible,No exclusion or review rule matched.,,Default project rule
01_064,"Pearl millet, combined varieties, whole grains (Burkina Faso), boiled* (without salt), drained",Pennisetum glaucum ,eligible,No exclusion or review rule matched.,,Default project rule
01_095,"Pearl millet, decorticated, raw",Pennisetum glaucum ,eligible,No exclusion or review rule matched.,,Default project rule
01_131,"Pearl millet, decorticated, boiled* (as part of a recipe)",Pennisetum glaucum ,eligible,No exclusion or review rule matched.,,Default project rule
01_130,"Pearl millet, decorticated, boiled* (without salt), drained",Pennisetum glaucum ,eligible,No exclusion or review rule matched.,,Default project rule
01_063,"Pearl millet, flour (bran removed)",Pennisetum glaucum,eligible,No exclusion or review rule matched.,,Default project rule
01_017,"Pearl millet, whole grains (with bran), raw",Pennisetum glaucum,eligible,No exclusion or review rule matched.,,Default project rule
01_129,"Pearl millet, whole grains, boiled* (as part of a recipe)",Pennisetum glaucum ,eligible,No exclusion or review rule matched.,,Default project rule
01_033,"Pearl millet, whole grains, boiled* (without salt), drained",Pennisetum glaucum ,eligible,No exclusion or review rule matched.,,Default project rule
01_175,Pigri (Burkina Faso)*: steamed pearl millet balls,,eligible,No exclusion or review rule matched.,,Default project rule
01_061,"Porridge, soft, from degermed white maize grit* (without salt)",Zea mays,eligible,No exclusion or review rule matched.,,Default project rule
01_056,"Porridge, soft, from degermed yellow maize grit* (without salt)",Zea mays,eligible,No exclusion or review rule matched.,,Default project rule
01_154,"Porridge, soft, from refined (special) white maize flour fortified with vitamin A (Nigeria)* (without salt)",Zea mays,eligible,No exclusion or review rule matched.,,Default project rule
01_112,"Porridge, soft, from refined (special) white maize flour, unfortified* (without salt)",Zea mays,eligible,No exclusion or review rule matched.,,Default project rule
01_117,"Porridge, soft, from refined (super) white maize flour fortified with vitamin A (Nigeria)* (without salt)",Zea mays,eligible,No exclusion or review rule matched.,,Default project rule
01_115,"Porridge, soft, from refined (super) white maize flour, unfortified* (without salt)",Zea mays,eligible,No exclusion or review rule matched.,,Default project rule
01_110,"Porridge, soft, from sifted white maize meal fortified with vitamin A (Nigeria)* (without salt)",Zea mays,eligible,No exclusion or review rule matched.,,Default project rule
01_108,"Porridge, soft, from sifted white maize meal, unfortified* (without salt)",Zea mays,eligible,No exclusion or review rule matched.,,Default project rule
01_106,"Porridge, soft, from wholegrain white maize meal* (without salt)",Zea mays,eligible,No exclusion or review rule matched.,,Default project rule
01_122,"Porridge, soft, from wholegrain yellow maize meal* (without salt)",Zea mays,eligible,No exclusion or review rule matched.,,Default project rule
01_076,"Porridge, stiff, from degermed white maize grit* (without salt)",Zea mays,eligible,No exclusion or review rule matched.,,Default project rule
01_075,"Porridge, stiff, from degermed yellow maize grit* (without salt)",Zea mays,eligible,No exclusion or review rule matched.,,Default project rule
01_113,"Porridge, stiff, from refined (special) white maize flour fortified with vitamin A (Nigeria)* (without salt)",Zea mays,eligible,No exclusion or review rule matched.,,Default project rule
01_111,"Porridge, stiff, from refined (special) white maize flour, unfortified* (without salt)",Zea mays,eligible,No exclusion or review rule matched.,,Default project rule
01_116,"Porridge, stiff, from refined (super) white maize flour fortified with vitamin A (Nigeria)* (without salt)",Zea mays,eligible,No exclusion or review rule matched.,,Default project rule
01_114,"Porridge, stiff, from refined (super) white maize flour, unfortified* (without salt)",Zea mays,eligible,No exclusion or review rule matched.,,Default project rule
01_109,"Porridge, stiff, from sifted white maize meal fortified with vitamin A (Nigeria)* (without salt)",Zea mays,eligible,No exclusion or review rule matched.,,Default project rule
01_107,"Porridge, stiff, from sifted white maize meal, unfortified* (without salt)",Zea mays,eligible,No exclusion or review rule matched.,,Default project rule
01_105,"Porridge, stiff, from wholegrain white maize meal* (without salt)",Zea mays,eligible,No exclusion or review rule matched.,,Default project rule
01_121,"Porridge, stiff, from wholegrain yellow maize meal* (without salt)",Zea mays,eligible,No exclusion or review rule matched.,,Default project rule
01_150,"Porridge, tô, from degermed white maize grit* (without salt)",Zea mays,eligible,No exclusion or review rule matched.,,Default project rule
01_155,"Porridge, tô, from degermed yellow maize grit* (without salt)",Zea mays,eligible,No exclusion or review rule matched.,,Default project rule
01_166,"Porridge, tô, from maize and cassava flour (Burkina Faso)*",,eligible,No exclusion or review rule matched.,,Default project rule
01_147,"Porridge, tô, from refined (special) white maize flour fortified with vitamin A (Nigeria)* (without salt)",Zea mays,eligible,No exclusion or review rule matched.,,Default project rule
01_146,"Porridge, tô, from refined (special) white maize flour, unfortified* (without salt)",Zea mays,eligible,No exclusion or review rule matched.,,Default project rule
01_149,"Porridge, tô, from refined (super) white maize flour fortified with vitamin A (Nigeria)* (without salt)",Zea mays,eligible,No exclusion or review rule matched.,,Default project rule
01_148,"Porridge, tô, from refined (super) white maize flour, unfortified* (without salt)",Zea mays,eligible,No exclusion or review rule matched.,,Default project rule
01_144,"Porridge, tô, from sifted white maize meal fortified with vitamin A (Nigeria)* (without salt)",Zea mays,eligible,No exclusion or review rule matched.,,Default project rule
01_145,"Porridge, tô, from sifted white maize meal, unfortified* (without salt)",Zea mays,eligible,No exclusion or review rule matched.,,Default project rule
01_143,"Porridge, tô, from wholegrain white maize meal* (without salt)",Zea mays,eligible,No exclusion or review rule matched.,,Default project rule
01_151,"Porridge, tô, from wholegrain yellow maize meal* (without salt)",Zea mays,eligible,No exclusion or review rule matched.,,Default project rule
01_163,"Rice cakes, fried in unfortified vegetable oil*",,eligible,No exclusion or review rule matched.,,Default project rule
01_079,"Rice flour, white",Oryza sativa,eligible,No exclusion or review rule matched.,,Default project rule
01_162,Rice with fish and vegetable curry (Burkina Faso)*,,eligible,No exclusion or review rule matched.,,Default project rule
01_034,"Rice, brown, raw",Oryza sativa,eligible,No exclusion or review rule matched.,,Default project rule
01_152,"Rice, brown, boiled* (as part of a recipe)",Oryza sativa,eligible,No exclusion or review rule matched.,,Default project rule
01_035,"Rice, brown, boiled* (without salt), drained",Oryza sativa,eligible,No exclusion or review rule matched.,,Default project rule
01_065,"Rice, red native, hulled, raw",Oryza glaberrima,eligible,No exclusion or review rule matched.,,Default project rule
01_136,"Rice, red native, hulled, boiled* (as part of a recipe)",Oryza glaberrima,eligible,No exclusion or review rule matched.,,Default project rule
01_066,"Rice, red native, hulled, boiled* (without salt), drained",Oryza glaberrima,eligible,No exclusion or review rule matched.,,Default project rule
01_067,"Rice, red native, milled, raw",Oryza glaberrima,eligible,No exclusion or review rule matched.,,Default project rule
01_137,"Rice, red native, milled, boiled* (as part of a recipe)",Oryza glaberrima,eligible,No exclusion or review rule matched.,,Default project rule
01_068,"Rice, red native, milled, boiled* (without salt), drained",Oryza glaberrima,eligible,No exclusion or review rule matched.,,Default project rule
01_036,"Rice, white, polished, raw",Oryza sativa,eligible,No exclusion or review rule matched.,,Default project rule
01_134,"Rice, white, polished, boiled* (as part of a recipe)",Oryza sativa,eligible,No exclusion or review rule matched.,,Default project rule
01_069,"Rice, white, polished, boiled* (without salt), drained",Oryza sativa,eligible,No exclusion or review rule matched.,,Default project rule
01_037,"Rice, white, raw",Oryza sativa,eligible,No exclusion or review rule matched.,,Default project rule
01_135,"Rice, white, boiled* (as part of a recipe)",Oryza sativa,eligible,No exclusion or review rule matched.,,Default project rule
01_038,"Rice, white, boiled* (without salt), drained",Oryza sativa,eligible,No exclusion or review rule matched.,,Default project rule
01_072,"Sorghum, flour, degermed",Sorghum bicolor,eligible,No exclusion or review rule matched.,,Default project rule
01_039,"Sorghum, whole grains, raw",Sorghum bicolor,eligible,No exclusion or review rule matched.,,Default project rule
01_138,"Sorghum, whole grains, boiled* (as part of a recipe)",Sorghum bicolor,eligible,No exclusion or review rule matched.,,Default project rule
01_042,"Sorghum, whole grains, boiled* (without salt), drained",Sorghum bicolor,eligible,No exclusion or review rule matched.,,Default project rule
01_041,"Sorghum, whole grains, red, raw",Sorghum bicolor,eligible,No exclusion or review rule matched.,,Default project rule
01_139,"Sorghum, whole grains, red, boiled* (as part of a recipe)",Sorghum bicolor,eligible,No exclusion or review rule matched.,,Default project rule
01_070,"Sorghum, whole grains, red, boiled* (without salt), drained",Sorghum bicolor,eligible,No exclusion or review rule matched.,,Default project rule
01_040,"Sorghum, whole grains, white, raw",Sorghum bicolor,eligible,No exclusion or review rule matched.,,Default project rule
01_140,"Sorghum, whole grains, white, boiled* (as part of a recipe)",Sorghum bicolor,eligible,No exclusion or review rule matched.,,Default project rule
01_071,"Sorghum, whole grains, white, boiled* (without salt), drained",Sorghum bicolor,eligible,No exclusion or review rule matched.,,Default project rule
01_184,"Teff, whole grains, raw",Eragrostis tef,eligible,No exclusion or review rule matched.,,Default project rule
01_186,"Teff, whole grains, boiled* (as part of a recipe)",Eragrostis tef,eligible,No exclusion or review rule matched.,,Default project rule
01_185,"Teff, whole grains, boiled* (without salt), drained",Eragrostis tef,eligible,No exclusion or review rule matched.,,Default project rule
01_183,"Weet-Bix (breakfast cereal), unfortified",,eligible,No exclusion or review rule matched.,,Default project rule
01_169,Wèsln né souma (Burkina Faso)*: couscous from yellow maize with bambara groundnuts,,eligible,No exclusion or review rule matched.,,Default project rule
01_043,"Wheat flour, white, unfortified",Triticum spp.,eligible,No exclusion or review rule matched.,,Default project rule
01_083,"Wheat flour, white, fortified with iron, zinc, folic acid and vitamins B1, B2, B3, B6, B12 (Benin)",Triticum spp.,eligible,No exclusion or review rule matched.,,Default project rule
01_084,"Wheat flour, white, fortified with iron, zinc, folic acid and vitamin B12 (Burkina Faso, Togo)",Triticum spp.,eligible,No exclusion or review rule matched.,,Default project rule
01_085,"Wheat flour, white, fortified with iron and folic acid (Cabo Verde)",Triticum spp.,eligible,No exclusion or review rule matched.,,Default project rule
01_087,"Wheat flour, white, fortified with iron, zinc, folic acid and vitamins A, B1, B2, B3, B12 (Ghana, Sierra Leone)",Triticum spp.,eligible,No exclusion or review rule matched.,,Default project rule
01_090,"Wheat flour, white, fortified with iron, zinc, folic acid and vitamins B1, B2, B3, B12 (Guinea)",Triticum spp.,eligible,No exclusion or review rule matched.,,Default project rule
01_086,"Wheat flour, white, fortified with iron, zinc, folic acid and vitamins B1, B2, B3, B12 (Côte d’Ivoire, Mali, Niger, Senegal)",Triticum spp.,eligible,No exclusion or review rule matched.,,Default project rule
01_088,"Wheat flour, white, fortified with iron, zinc, folic acid and vitamins B1, B2, B3, B12 (Liberia)",Triticum spp.,eligible,No exclusion or review rule matched.,,Default project rule
01_089,"Wheat flour, white, fortified with iron and vitamins A, B1, B2, B3 (Nigeria)",Triticum spp.,eligible,No exclusion or review rule matched.,,Default project rule
01_082,"Wheat flour, wholemeal, unfortified",Triticum spp.,eligible,No exclusion or review rule matched.,,Default project rule
01_073,"Wheat, bran, raw",Triticum spp.,eligible,No exclusion or review rule matched.,,Default project rule
01_074,"Wheat, whole grains, raw",Triticum spp.,eligible,No exclusion or review rule matched.,,Default project rule
01_142,"Wheat, whole grains, boiled* (as part of a recipe)",Triticum spp.,eligible,No exclusion or review rule matched.,,Default project rule
01_141,"Wheat, whole grains, boiled* (without salt), drained",Triticum spp.,eligible,No exclusion or review rule matched.,,Default project rule
02_093,Banakou né barâand kanss saagbo (Burkina Faso)*: foutou of cassava and unripe plantain,,eligible,No exclusion or review rule matched.,,Default project rule
02_091,Banakou né barâand moomd saagbo (Burkina Faso)*: foutou of cassava and ripe plantain,,eligible,No exclusion or review rule matched.,,Default project rule
02_092,Banakou né kou saagbo (Burkina Faso)*: foutou of yam and cassava,,eligible,No exclusion or review rule matched.,,Default project rule
02_021,"Cassava, sweet, tuber, white flesh, dried",Manihot esculenta,eligible,No exclusion or review rule matched.,,Default project rule
02_041,"Cassava, fermented paste from white cassava flour (wet fufu)",Manihot esculenta,eligible,No exclusion or review rule matched.,,Default project rule
02_038,"Cassava, flour, from fermented white cassava (alibo/elubo/lafun)",Manihot esculenta,eligible,No exclusion or review rule matched.,,Default project rule
02_040,"Cassava, flour, from fermented white cassava (dry fufu)",Manihot esculenta,eligible,No exclusion or review rule matched.,,Default project rule
02_004,"Cassava, flour, from white cassava",Manihot esculenta,eligible,No exclusion or review rule matched.,,Default project rule
02_039,"Cassava, grated, from fermented white cassava, toasted without oil (white gari)",Manihot esculenta,eligible,No exclusion or review rule matched.,,Default project rule
02_001,"Cassava, tuber, white flesh, raw",Manihot esculenta,eligible,No exclusion or review rule matched.,,Default project rule
02_051,"Cassava, tuber, white flesh, boiled* (as part of a recipe)",Manihot esculenta,eligible,No exclusion or review rule matched.,,Default project rule
02_003,"Cassava, tuber, white flesh, boiled* (without salt), drained",Manihot esculenta,eligible,No exclusion or review rule matched.,,Default project rule
02_002,"Cassava, tuber, white flesh, dried",Manihot esculenta,eligible,No exclusion or review rule matched.,,Default project rule
02_037,"Cassava, tuber, yellow flesh, raw",Manihot esculenta,eligible,No exclusion or review rule matched.,,Default project rule
02_053,"Cassava, tuber, yellow flesh, boiled* (as part of a recipe)",Manihot esculenta,eligible,No exclusion or review rule matched.,,Default project rule
02_052,"Cassava, tuber, yellow flesh, boiled* (without salt), drained",Manihot esculenta,eligible,No exclusion or review rule matched.,,Default project rule
02_005,"Cocoyam, tuber, white, raw",Xanthosoma sagittifolium,eligible,No exclusion or review rule matched.,,Default project rule
02_054,"Cocoyam, tuber, white, boiled* (as part of a recipe)",Xanthosoma sagittifolium,eligible,No exclusion or review rule matched.,,Default project rule
02_006,"Cocoyam, tuber, white, boiled* (without salt), drained",Xanthosoma sagittifolium,eligible,No exclusion or review rule matched.,,Default project rule
02_043,"Cocoyam, tuber, yellow, raw",Xanthosoma sagittifolium,eligible,No exclusion or review rule matched.,,Default project rule
02_056,"Cocoyam, tuber, yellow, boiled* (as part of a recipe)",Xanthosoma sagittifolium,eligible,No exclusion or review rule matched.,,Default project rule
02_055,"Cocoyam, tuber, yellow, boiled* (without salt), drained",Xanthosoma sagittifolium,eligible,No exclusion or review rule matched.,,Default project rule
02_086,Cou nin zindo (Burkina Faso)*: yam and vegetable stew,,eligible,No exclusion or review rule matched.,,Default project rule
02_081,"French fries, deep fried in unfortified vegetable oil*",,eligible,No exclusion or review rule matched.,,Default project rule
02_089,Fufu of ripe and unripe plantain with red palm oil (Burkina Faso)*,,eligible,No exclusion or review rule matched.,,Default project rule
02_088,Fufu of ripe plantain with red palm oil (Burkina Faso)*,,eligible,No exclusion or review rule matched.,,Default project rule
02_096,Fufu of unripe plantain with red palm oil (Burkina Faso)*,,eligible,No exclusion or review rule matched.,,Default project rule
02_099,Fufu of unripe plantain with shea butter (Burkina Faso)*,,eligible,No exclusion or review rule matched.,,Default project rule
02_094,Kou né barâand kanss saagbo (Burkina Faso)*: foutou of yam and unripe plantain,,eligible,No exclusion or review rule matched.,,Default project rule
02_098,Kou né barâand moomd saagbo (Burkina Faso)*: foutou of yam with ripe plantain,,eligible,No exclusion or review rule matched.,,Default project rule
02_090,Kou né kamoag fufu (Burkina Faso)*: fufu of yam with shea butter,,eligible,No exclusion or review rule matched.,,Default project rule
02_087,Kou né téhi kaam fufu (Burkina Faso)*: fufu of yam and red palm oil,,eligible,No exclusion or review rule matched.,,Default project rule
02_097,Kou saagbo (Burkina Faso)*: foutou of yam,,eligible,No exclusion or review rule matched.,,Default project rule
02_084,"Plantain, deep fried in unfortified vegetable oil*",,eligible,No exclusion or review rule matched.,,Default project rule
02_042,"Plantain, ripe, ivory flesh, raw",Musa paradisica,eligible,No exclusion or review rule matched.,,Default project rule
02_058,"Plantain, ripe, ivory flesh, boiled* (as part of a recipe)",Musa paradisica,eligible,No exclusion or review rule matched.,,Default project rule
02_057,"Plantain, ripe, ivory flesh, boiled* (without salt), drained",Musa paradisica,eligible,No exclusion or review rule matched.,,Default project rule
02_044,"Plantain, ripe, orange flesh, raw",Musa spp.,eligible,No exclusion or review rule matched.,,Default project rule
02_060,"Plantain, ripe, orange flesh, boiled* (as part of a recipe)",Musa spp.,eligible,No exclusion or review rule matched.,,Default project rule
02_059,"Plantain, ripe, orange flesh, boiled* (without salt), drained",Musa spp.,eligible,No exclusion or review rule matched.,,Default project rule
02_046,"Plantain, unripe, ivory flesh, raw",Musa spp.,eligible,No exclusion or review rule matched.,,Default project rule
02_065,"Plantain, unripe, ivory flesh, boiled* (as part of a recipe)",Musa spp.,eligible,No exclusion or review rule matched.,,Default project rule
02_064,"Plantain, unripe, ivory flesh, boiled* (without salt), drained",Musa spp.,eligible,No exclusion or review rule matched.,,Default project rule
02_047,"Plantain, unripe, orange flesh, raw",Musa spp.,eligible,No exclusion or review rule matched.,,Default project rule
02_067,"Plantain, unripe, orange flesh, boiled* (as part of a recipe)",Musa spp.,eligible,No exclusion or review rule matched.,,Default project rule
02_066,"Plantain, unripe, orange flesh, boiled* (without salt), drained",Musa spp.,eligible,No exclusion or review rule matched.,,Default project rule
02_045,"Plantain, unripe, pale flesh, raw",Musa spp.,eligible,No exclusion or review rule matched.,,Default project rule
02_063,"Plantain, unripe, pale flesh, boiled* (as part of a recipe)",Musa spp.,eligible,No exclusion or review rule matched.,,Default project rule
02_062,"Plantain, unripe, pale flesh, boiled* (without salt), drained",Musa spp.,eligible,No exclusion or review rule matched.,,Default project rule
02_048,"Plantain, unripe, pale flesh, flour",Musa spp.,eligible,No exclusion or review rule matched.,,Default project rule
02_095,"Porridge, tô, from gari and tomato paste (Burkina Faso)*",,eligible,No exclusion or review rule matched.,,Default project rule
02_085,Potato nin zindo (Burkina Faso)*: potato and vegetable stew,,eligible,No exclusion or review rule matched.,,Default project rule
02_009,"Potato, raw",Solanum tuberosum,eligible,No exclusion or review rule matched.,,Default project rule
02_068,"Potato, boiled* (as part of a recipe)",Solanum tuberosum,eligible,No exclusion or review rule matched.,,Default project rule
02_010,"Potato, boiled* (without salt), drained",Solanum tuberosum,eligible,No exclusion or review rule matched.,,Default project rule
02_011,"Sweet potato, deep yellow flesh, raw",Ipomoea spp.,eligible,No exclusion or review rule matched.,,Default project rule
02_070,"Sweet potato, deep yellow flesh, boiled* (as part of a recipe)",Ipomoea spp.,eligible,No exclusion or review rule matched.,,Default project rule
02_012,"Sweet potato, deep yellow flesh, boiled* (without salt), drained",Ipomoea spp.,eligible,No exclusion or review rule matched.,,Default project rule
02_049,"Sweet potato, orange flesh, raw",Ipomoea batatas,eligible,No exclusion or review rule matched.,,Default project rule
02_073,"Sweet potato, orange flesh, boiled* (as part of a recipe)",Ipomoea batatas,eligible,No exclusion or review rule matched.,,Default project rule
02_072,"Sweet potato, orange flesh, boiled* (without salt), drained",Ipomoea batatas,eligible,No exclusion or review rule matched.,,Default project rule
02_022,"Sweet potato, pale flesh (white/cream/pale yellow), raw",Ipomoea batatas,eligible,No exclusion or review rule matched.,,Default project rule
02_069,"Sweet potato, pale flesh (white/cream/pale yellow), boiled* (as part of a recipe)",Ipomoea batatas,eligible,No exclusion or review rule matched.,,Default project rule
02_023,"Sweet potato, pale flesh (white/cream/pale yellow), boiled* (without salt), drained",Ipomoea batatas,eligible,No exclusion or review rule matched.,,Default project rule
02_013,"Sweet potato, yellow flesh, raw",Ipomoea batatas,eligible,No exclusion or review rule matched.,,Default project rule
02_071,"Sweet potato, yellow flesh, boiled* (as part of a recipe)",Ipomoea batatas,eligible,No exclusion or review rule matched.,,Default project rule
02_014,"Sweet potato, yellow flesh, boiled* (without salt), drained",Ipomoea batatas,eligible,No exclusion or review rule matched.,,Default project rule
02_083,"Sweet potato, deep fried in unfortified vegetable oil*",Ipomoea batatas,eligible,No exclusion or review rule matched.,,Default project rule
02_015,"Taro, tuber, white, raw",Colocasia esculenta,eligible,No exclusion or review rule matched.,,Default project rule
02_074,"Taro, tuber, white, boiled* (as part of a recipe)",Colocasia esculenta,eligible,No exclusion or review rule matched.,,Default project rule
02_016,"Taro, tuber, white, boiled* (without salt), drained",Colocasia esculenta,eligible,No exclusion or review rule matched.,,Default project rule
02_026,"Tiger nut, tuber, dried",Colocasia esculenta,eligible,No exclusion or review rule matched.,,Default project rule
02_024,"Tiger nut, tuber, raw",Colocasia esculenta,eligible,No exclusion or review rule matched.,,Default project rule
02_075,"Tiger nut, tuber, boiled* (as part of a recipe)",Colocasia esculenta,eligible,No exclusion or review rule matched.,,Default project rule
02_025,"Tiger nut, tuber, boiled* (without salt), drained",Colocasia esculenta,eligible,No exclusion or review rule matched.,,Default project rule
02_017,"Water yam, tuber, raw",Dioscorea alata,eligible,No exclusion or review rule matched.,,Default project rule
02_076,"Water yam, tuber, boiled* (as part of a recipe)",Dioscorea alata,eligible,No exclusion or review rule matched.,,Default project rule
02_018,"Water yam, tuber, boiled* (without salt), drained",Dioscorea alata,eligible,No exclusion or review rule matched.,,Default project rule
02_082,"Yam, tuber, deep fried in unfortified vegetable oil*",,eligible,No exclusion or review rule matched.,,Default project rule
02_036,"Yam, tuber, flour, from white yam tuber",Dioscorea spp.,eligible,No exclusion or review rule matched.,,Default project rule
02_019,"Yam, tuber, pale, raw",Dioscorea spp.,eligible,No exclusion or review rule matched.,,Default project rule
02_077,"Yam, tuber, pale, boiled* (as part of a recipe)",Dioscorea spp.,eligible,No exclusion or review rule matched.,,Default project rule
02_020,"Yam, tuber, pale, boiled* (without salt), drained",Dioscorea spp.,eligible,No exclusion or review rule matched.,,Default project rule
02_027,"Yam, tuber, Isu akoko, raw (Nigeria), n=1",Dioscorea spp.,eligible,No exclusion or review rule matched.,,Default project rule
02_028,"Yam, tuber, Isu oko, raw (Nigeria), n=1",Dioscorea spp.,eligible,No exclusion or review rule matched.,,Default project rule
02_029,"Yam, tuber, Amara, raw (Nigeria), n=1",Dioscorea dumetorum,eligible,No exclusion or review rule matched.,,Default project rule
02_030,"Yam, tuber, Chika, kundu, raw (Nigeria), n=1",Dioscorea dumetorum,eligible,No exclusion or review rule matched.,,Default project rule
02_033,"Yam, tuber, Giwa, raw (Nigeria), n=1",Dioscorea dumetorum,eligible,No exclusion or review rule matched.,,Default project rule
02_031,"Yam, tuber, Isu Abuja, raw (Nigeria), n=1",Dioscorea spp.,eligible,No exclusion or review rule matched.,,Default project rule
02_032,"Yam, tuber, Pepa, raw (Nigeria), n=1",Dioscorea dumetorum,eligible,No exclusion or review rule matched.,,Default project rule
02_034,"Yam, tuber, combined cultivars, raw (Nigeria)",Dioscorea spp.,eligible,No exclusion or review rule matched.,,Default project rule
02_078,"Yam, tuber, combined cultivars (Nigeria), boiled* (as part of a recipe)",Dioscorea spp.,eligible,No exclusion or review rule matched.,,Default project rule
02_035,"Yam, tuber, combined cultivars (Nigeria), boiled* (without salt), drained",Dioscorea spp.,eligible,No exclusion or review rule matched.,,Default project rule
02_050,"Yam, tuber, three-leaved, pale, raw",Dioscorea dumetorum,eligible,No exclusion or review rule matched.,,Default project rule
02_080,"Yam, tuber, three-leaved, pale, boiled* (as part of a recipe)",Dioscorea dumetorum,eligible,No exclusion or review rule matched.,,Default project rule
02_079,"Yam, tuber, three-leaved, pale, boiled* (without salt, drained)",Dioscorea dumetorum,eligible,No exclusion or review rule matched.,,Default project rule
03_009,"African locust bean, dry, raw",Parkia biglobosa,eligible,No exclusion or review rule matched.,,Default project rule
03_042,"African locust bean, fermented (soumbala)",Parkia biglobosa,eligible,No exclusion or review rule matched.,,Default project rule
03_063,"African locust bean, not soaked, boiled* (without salt), drained",Parkia biglobosa,eligible,No exclusion or review rule matched.,,Default project rule
03_064,"African locust bean, not soaked, boiled* (without salt), with cooking liquid",Parkia biglobosa,eligible,No exclusion or review rule matched.,,Default project rule
03_065,"African locust bean, soaked, boiled in different water* (without salt), drained",Parkia biglobosa,eligible,No exclusion or review rule matched.,,Default project rule
03_066,"African locust bean, soaked, boiled in different water* (without salt), with cooking liquid",Parkia biglobosa,eligible,No exclusion or review rule matched.,,Default project rule
03_010,"African yam bean, dry, raw",Sphenostylis stenocarpa,eligible,No exclusion or review rule matched.,,Default project rule
03_011,"African yam bean, not soaked, boiled* (without salt), drained",Sphenostylis stenocarpa,eligible,No exclusion or review rule matched.,,Default project rule
03_060,"African yam bean, not soaked, boiled* (without salt), with cooking liquid",Sphenostylis stenocarpa,eligible,No exclusion or review rule matched.,,Default project rule
03_061,"African yam bean, soaked, boiled in different water* (without salt), drained",Sphenostylis stenocarpa,eligible,No exclusion or review rule matched.,,Default project rule
03_062,"African yam bean, soaked, boiled in different water* (without salt), with cooking liquid",Sphenostylis stenocarpa,eligible,No exclusion or review rule matched.,,Default project rule
03_044,"Afzelia africana, shelled, roasted, milled",Afzelia africana,eligible,No exclusion or review rule matched.,,Default project rule
03_001,"Bambara groundnut, dry, raw",Vigna subterranea,eligible,No exclusion or review rule matched.,,Default project rule
03_012,"Bambara groundnut, not soaked, boiled* (without salt), drained",Vigna subterranea,eligible,No exclusion or review rule matched.,,Default project rule
03_068,"Bambara groundnut, soaked, boiled in different water* (without salt), drained",Vigna subterranea,eligible,No exclusion or review rule matched.,,Default project rule
03_013,"Bambara groundnut, black white-eye, dry, raw (Ghana), n=1",Vigna subterranea,eligible,No exclusion or review rule matched.,,Default project rule
03_014,"Bambara groundnut, brown white-eye, dry, raw (Ghana), n=1",Vigna subterranea,eligible,No exclusion or review rule matched.,,Default project rule
03_015,"Bambara groundnut, cream black-eye, dry, raw (Ghana), n=1",Vigna subterranea,eligible,No exclusion or review rule matched.,,Default project rule
03_016,"Bambara groundnut, cream pink-eye, dry, raw (Ghana), n=1",Vigna subterranea,eligible,No exclusion or review rule matched.,,Default project rule
03_017,"Bambara groundnut, maroon white-eye, dry, raw (Ghana), n=1",Vigna subterranea,eligible,No exclusion or review rule matched.,,Default project rule
03_018,"Bambara groundnut, combined varieties, dry, raw (Ghana)",Vigna subterranea,eligible,No exclusion or review rule matched.,,Default project rule
03_019,"Bambara groundnut, combined varieties (Ghana), not soaked, boiled* (without salt), drained",Vigna subterranea,eligible,No exclusion or review rule matched.,,Default project rule
03_071,"Bambara groundnut, combined varieties (Ghana), soaked, boiled in different water* (without salt), drained",Vigna subterranea,eligible,No exclusion or review rule matched.,,Default project rule
03_002,"Bambara groundnut, red, dry, raw",Vigna subterranea,eligible,No exclusion or review rule matched.,,Default project rule
03_020,"Bambara groundnut, red, not soaked, boiled* (without salt), drained",Vigna subterranea,eligible,No exclusion or review rule matched.,,Default project rule
03_074,"Bambara groundnut, red, soaked, boiled in different water* (without salt), drained",Vigna subterranea,eligible,No exclusion or review rule matched.,,Default project rule
03_003,"Bambara groundnut, white, dry, raw",Vigna subterranea,eligible,No exclusion or review rule matched.,,Default project rule
03_021,"Bambara groundnut, white, not soaked, boiled* (without salt), drained",Vigna subterranea,eligible,No exclusion or review rule matched.,,Default project rule
03_077,"Bambara groundnut, white, soaked, boiled in different water* (without salt), drained",Vigna subterranea,eligible,No exclusion or review rule matched.,,Default project rule
03_022,"Bean, white, dry, raw",Phaseolus vulgaris,eligible,No exclusion or review rule matched.,,Default project rule
03_023,"Bean, white, not soaked, boiled* (without salt), drained",Phaseolus vulgaris,eligible,No exclusion or review rule matched.,,Default project rule
03_079,"Bean, white, not soaked, boiled* (without salt), with cooking liquid",Phaseolus vulgaris,eligible,No exclusion or review rule matched.,,Default project rule
03_081,"Bean, white, soaked, boiled in different water* (without salt), drained",Phaseolus vulgaris,eligible,No exclusion or review rule matched.,,Default project rule
03_082,"Bean, white, soaked, boiled in different water* (without salt), with cooking liquid",Phaseolus vulgaris,eligible,No exclusion or review rule matched.,,Default project rule
03_144,"Beng rougougdga (Burkina Faso)*: cowpeas and vegetables, boiled",,eligible,No exclusion or review rule matched.,,Default project rule
03_148,Beng rougougdga né ki wesla (Burkina Faso)*: cowpeas with pearl millet couscous,,eligible,No exclusion or review rule matched.,,Default project rule
03_149,"Beng rougougdga né kmaan (Burkina Faso)*: cowpeas and degermed white maize, boiled",,eligible,No exclusion or review rule matched.,,Default project rule
03_150,"Beng rougougdga né kui wesla (Burkina Faso)*: cowpeas and fonio, boiled",,eligible,No exclusion or review rule matched.,,Default project rule
03_151,Beng saagbo (Burkina Faso)*: tô (porridge) from cowpeas with maize flour and potash,,eligible,No exclusion or review rule matched.,,Default project rule
03_154,Boussan touba (Burkina Faso)*: fried cowpea pancakes,,eligible,No exclusion or review rule matched.,,Default project rule
03_024,"Broad bean, dry, raw",Vicia faba,eligible,No exclusion or review rule matched.,,Default project rule
03_025,"Broad bean, not soaked, boiled* (without salt), drained",Vicia faba,eligible,No exclusion or review rule matched.,,Default project rule
03_083,"Broad bean, not soaked, boiled* (without salt), with cooking liquid",Vicia faba,eligible,No exclusion or review rule matched.,,Default project rule
03_084,"Broad bean, soaked, boiled in different water* (without salt), drained",Vicia faba,eligible,No exclusion or review rule matched.,,Default project rule
03_085,"Broad bean, soaked, boiled in different water* (without salt), with cooking liquid",Vicia faba,eligible,No exclusion or review rule matched.,,Default project rule
03_004,"Cowpea, dry, raw",Vigna unguiculata,eligible,No exclusion or review rule matched.,,Default project rule
03_007,"Cowpea, not soaked, boiled* (without salt), drained",Vigna unguiculata,eligible,No exclusion or review rule matched.,,Default project rule
03_089,"Cowpea, not soaked, boiled* (without salt), with cooking liquid",Vigna unguiculata,eligible,No exclusion or review rule matched.,,Default project rule
03_090,"Cowpea, soaked, boiled in different water* (without salt), drained",Vigna unguiculata,eligible,No exclusion or review rule matched.,,Default project rule
03_091,"Cowpea, soaked, boiled in different water* (without salt), with cooking liquid",Vigna unguiculata,eligible,No exclusion or review rule matched.,,Default project rule
03_005,"Cowpea, black, dry, raw",Vigna unguiculata,eligible,No exclusion or review rule matched.,,Default project rule
03_026,"Cowpea, black, not soaked, boiled* (without salt), drained",Vigna unguiculata,eligible,No exclusion or review rule matched.,,Default project rule
03_092,"Cowpea, black, not soaked, boiled* (without salt), with cooking liquid",Vigna unguiculata,eligible,No exclusion or review rule matched.,,Default project rule
03_093,"Cowpea, black, soaked, boiled in different water* (without salt), drained",Vigna unguiculata,eligible,No exclusion or review rule matched.,,Default project rule
03_094,"Cowpea, black, soaked, boiled in different water* (without salt), with cooking liquid",Vigna unguiculata,eligible,No exclusion or review rule matched.,,Default project rule
03_027,"Cowpea, brown, dry, raw",Vigna unguiculata,eligible,No exclusion or review rule matched.,,Default project rule
03_028,"Cowpea, brown, not soaked, boiled* (without salt), drained",Vigna unguiculata,eligible,No exclusion or review rule matched.,,Default project rule
03_095,"Cowpea, brown, not soaked, boiled* (without salt), with cooking liquid",Vigna unguiculata,eligible,No exclusion or review rule matched.,,Default project rule
03_096,"Cowpea, brown, soaked, boiled in different water* (without salt), drained",Vigna unguiculata,eligible,No exclusion or review rule matched.,,Default project rule
03_097,"Cowpea, brown, soaked, boiled in different water* (without salt), with cooking liquid",Vigna unguiculata,eligible,No exclusion or review rule matched.,,Default project rule
03_006,"Cowpea, white, dry, raw",Vigna unguiculata,eligible,No exclusion or review rule matched.,,Default project rule
03_029,"Cowpea, white, not soaked, boiled* (without salt), drained",Vigna unguiculata,eligible,No exclusion or review rule matched.,,Default project rule
03_098,"Cowpea, white, not soaked, boiled* (without salt), with cooking liquid",Vigna unguiculata,eligible,No exclusion or review rule matched.,,Default project rule
03_099,"Cowpea, white, soaked, boiled in different water* (without salt), drained",Vigna unguiculata,eligible,No exclusion or review rule matched.,,Default project rule
03_100,"Cowpea, white, soaked, boiled in different water* (without salt), with cooking liquid",Vigna unguiculata,eligible,No exclusion or review rule matched.,,Default project rule
03_045,"Cowpea, dehulled, raw",Vigna unguiculata,eligible,No exclusion or review rule matched.,,Default project rule
03_101,"Cowpea, dehulled, not soaked, boiled* (without salt), drained",Vigna unguiculata,eligible,No exclusion or review rule matched.,,Default project rule
03_102,"Cowpea, dehulled, not soaked, boiled* (without salt), with cooking liquid",Vigna unguiculata,eligible,No exclusion or review rule matched.,,Default project rule
03_103,"Cowpea, dehulled, soaked, boiled in different water* (without salt), drained",Vigna unguiculata,eligible,No exclusion or review rule matched.,,Default project rule
03_104,"Cowpea, dehulled, soaked, boiled in different water* (without salt), with cooking liquid",Vigna unguiculata,eligible,No exclusion or review rule matched.,,Default project rule
03_143,"Cowpeas and rice, boiled (Burkina Faso)*",,eligible,No exclusion or review rule matched.,,Default project rule
03_146,"Faro with eggs, cowpea, potash and vegetables (Burkina Faso)*",,eligible,No exclusion or review rule matched.,,Default project rule
03_147,Haricot bambara (Burkina Faso)*: fried paste of cowpea and okra powder with egg and onion,,eligible,No exclusion or review rule matched.,,Default project rule
03_152,Gonré-1 (Burkina Faso)*: steamed paste of dehulled cowpea and potash,,eligible,No exclusion or review rule matched.,,Default project rule
03_153,Gonré-2 (Burkina Faso)*: steamed paste of non-dehulled cowpea and potash,,eligible,No exclusion or review rule matched.,,Default project rule
03_057,"Ground bean, dry, raw",Macrotyloma geocarpum,eligible,No exclusion or review rule matched.,,Default project rule
03_113,"Ground bean, not soaked, boiled* (without salt), drained",Macrotyloma geocarpum,eligible,No exclusion or review rule matched.,,Default project rule
03_114,"Ground bean, not soaked, boiled* (without salt), with cooking liquid",Macrotyloma geocarpum,eligible,No exclusion or review rule matched.,,Default project rule
03_115,"Ground bean, soaked, boiled in different water* (without salt), drained",Macrotyloma geocarpum,eligible,No exclusion or review rule matched.,,Default project rule
03_116,"Ground bean, soaked, boiled in different water* (without salt), with cooking liquid",Macrotyloma geocarpum,eligible,No exclusion or review rule matched.,,Default project rule
03_052,"Jack bean, whole, dry, raw",Canavalia ensiformis,eligible,No exclusion or review rule matched.,,Default project rule
03_109,"Jack bean, not soaked, boiled* (without salt), drained",Canavalia ensiformis,eligible,No exclusion or review rule matched.,,Default project rule
03_110,"Jack bean, not soaked, boiled* (without salt), with cooking liquid",Canavalia ensiformis,eligible,No exclusion or review rule matched.,,Default project rule
03_111,"Jack bean, soaked, boiled in different water* (without salt), drained",Canavalia ensiformis,eligible,No exclusion or review rule matched.,,Default project rule
03_112,"Jack bean, soaked, boiled in different water* (without salt), with cooking liquid",Canavalia ensiformis,eligible,No exclusion or review rule matched.,,Default project rule
03_030,"Lentil, dry, raw",Lens culinaris,eligible,No exclusion or review rule matched.,,Default project rule
03_031,"Lentil, not soaked, boiled* (without salt), drained",Lens culinaris,eligible,No exclusion or review rule matched.,,Default project rule
03_086,"Lentil, not soaked, boiled* (without salt), with cooking liquid",Lens culinaris,eligible,No exclusion or review rule matched.,,Default project rule
03_087,"Lentil, soaked, boiled in different water* (without salt), drained",Lens culinaris,eligible,No exclusion or review rule matched.,,Default project rule
03_088,"Lentil, soaked, boiled in different water* (without salt), with cooking liquid",Lens culinaris,eligible,No exclusion or review rule matched.,,Default project rule
03_058,"Lima bean, dry, raw",Phaseolus lunatus,eligible,No exclusion or review rule matched.,,Default project rule
03_117,"Lima bean, not soaked, boiled* (without salt), drained",Phaseolus lunatus,eligible,No exclusion or review rule matched.,,Default project rule
03_118,"Lima bean, not soaked, boiled* (without salt), with cooking liquid",Phaseolus lunatus,eligible,No exclusion or review rule matched.,,Default project rule
03_119,"Lima bean, soaked, boiled in different water* (without salt), drained",Phaseolus lunatus,eligible,No exclusion or review rule matched.,,Default project rule
03_120,"Lima bean, soaked, boiled in different water* (without salt), with cooking liquid",Phaseolus lunatus,eligible,No exclusion or review rule matched.,,Default project rule
03_032,"Pigeon pea, dry, raw",Cajanus cajan,eligible,No exclusion or review rule matched.,,Default project rule
03_033,"Pigeon pea, not soaked, boiled* (without salt), drained",Cajanus cajan,eligible,No exclusion or review rule matched.,,Default project rule
03_121,"Pigeon pea, not soaked, boiled* (without salt), with cooking liquid",Cajanus cajan,eligible,No exclusion or review rule matched.,,Default project rule
03_122,"Pigeon pea, soaked, boiled in different water* (without salt), drained",Cajanus cajan,eligible,No exclusion or review rule matched.,,Default project rule
03_123,"Pigeon pea, soaked, boiled in different water* (without salt), with cooking liquid",Cajanus cajan,eligible,No exclusion or review rule matched.,,Default project rule
03_055,"Pigeon pea, brown, dry, raw",Cajanus cajan,eligible,No exclusion or review rule matched.,,Default project rule
03_132,"Pigeon pea, brown, not soaked, boiled* (without salt), drained",Cajanus cajan,eligible,No exclusion or review rule matched.,,Default project rule
03_133,"Pigeon pea, brown, not soaked, boiled* (without salt), with cooking liquid",Cajanus cajan,eligible,No exclusion or review rule matched.,,Default project rule
03_134,"Pigeon pea, brown, soaked, boiled in different water* (without salt), drained",Cajanus cajan,eligible,No exclusion or review rule matched.,,Default project rule
03_135,"Pigeon pea, brown, soaked, boiled in different water* (without salt), with cooking liquid",Cajanus cajan,eligible,No exclusion or review rule matched.,,Default project rule
03_054,"Pigeon pea, cream, dry, raw",Cajanus cajan,eligible,No exclusion or review rule matched.,,Default project rule
03_128,"Pigeon pea, cream, not soaked, boiled* (without salt), drained",Cajanus cajan,eligible,No exclusion or review rule matched.,,Default project rule
03_129,"Pigeon pea, cream, not soaked, boiled* (without salt), with cooking liquid",Cajanus cajan,eligible,No exclusion or review rule matched.,,Default project rule
03_130,"Pigeon pea, cream, soaked, boiled in different water* (without salt), drained",Cajanus cajan,eligible,No exclusion or review rule matched.,,Default project rule
03_131,"Pigeon pea, cream, soaked, boiled in different water* (without salt), with cooking liquid",Cajanus cajan,eligible,No exclusion or review rule matched.,,Default project rule
03_053,"Pigeon pea, white, dry, raw",Cajanus cajan,eligible,No exclusion or review rule matched.,,Default project rule
03_124,"Pigeon pea, white, not soaked, boiled* (without salt), drained",Cajanus cajan,eligible,No exclusion or review rule matched.,,Default project rule
03_125,"Pigeon pea, white, not soaked, boiled* (without salt), with cooking liquid",Cajanus cajan,eligible,No exclusion or review rule matched.,,Default project rule
03_126,"Pigeon pea, white, soaked, boiled in different water* (without salt), drained",Cajanus cajan,eligible,No exclusion or review rule matched.,,Default project rule
03_127,"Pigeon pea, white, soaked, boiled in different water* (without salt), with cooking liquid",Cajanus cajan,eligible,No exclusion or review rule matched.,,Default project rule
03_142,"Porridge of cowpeas, yam and potash (Burkina Faso)*",,eligible,No exclusion or review rule matched.,,Default project rule
03_145,Soumma (Burkina Faso)*: bambara groundnuts boiled with potash,,eligible,No exclusion or review rule matched.,,Default project rule
03_008,"Soya bean, dry, raw",Glycine max,eligible,No exclusion or review rule matched.,,Default project rule
03_034,"Soya bean, not soaked, boiled* (without salt), drained",Glycine max,eligible,No exclusion or review rule matched.,,Default project rule
03_136,"Soya bean, soaked, boiled in different water* (without salt), drained",Glycine max,eligible,No exclusion or review rule matched.,,Default project rule
03_036,"Soya bean, Anidaso variety, dry, raw (Ghana), n=1",Glycine max,eligible,No exclusion or review rule matched.,,Default project rule
03_038,"Soya bean, Jenguma variety, dry, raw (Ghana), n=1",Glycine max,eligible,No exclusion or review rule matched.,,Default project rule
03_037,"Soya bean, Quarshie variety, dry, raw (Ghana), n=1",Glycine max,eligible,No exclusion or review rule matched.,,Default project rule
03_035,"Soya bean, Salintuya-1 variety, dry, raw (Ghana), n=1",Glycine max,eligible,No exclusion or review rule matched.,,Default project rule
03_039,"Soya bean, combined varieties, dry, raw (Ghana)",Glycine max,eligible,No exclusion or review rule matched.,,Default project rule
03_040,"Soya bean, combined varieties (Ghana), not soaked, boiled* (without salt), drained",Glycine max,eligible,No exclusion or review rule matched.,,Default project rule
03_137,"Soya bean, combined varieties (Ghana), soaked, boiled in different water* (without salt), drained",Glycine max,eligible,No exclusion or review rule matched.,,Default project rule
03_051,"Sweet dattock, whole, raw",Detarium microcarpum,eligible,No exclusion or review rule matched.,,Default project rule
03_105,"Sweet dattock, not soaked, boiled* (without salt), drained",Detarium microcarpum,eligible,No exclusion or review rule matched.,,Default project rule
03_106,"Sweet dattock, not soaked, boiled* (without salt), with cooking liquid",Detarium microcarpum,eligible,No exclusion or review rule matched.,,Default project rule
03_107,"Sweet dattock, soaked, boiled in different water* (without salt), drained",Detarium microcarpum,eligible,No exclusion or review rule matched.,,Default project rule
03_108,"Sweet dattock, soaked, boiled in different water* (without salt), with cooking liquid",Detarium microcarpum,eligible,No exclusion or review rule matched.,,Default project rule
03_059,"Velvet bean, dry, raw",Mucuna pruriens,eligible,No exclusion or review rule matched.,,Default project rule
03_138,"Velvet bean, not soaked, boiled* (without salt), drained",Mucuna pruriens,eligible,No exclusion or review rule matched.,,Default project rule
03_139,"Velvet bean, not soaked, boiled* (without salt), with cooking liquid",Mucuna pruriens,eligible,No exclusion or review rule matched.,,Default project rule
03_140,"Velvet bean, soaked, boiled in different water* (without salt), drained",Mucuna pruriens,eligible,No exclusion or review rule matched.,,Default project rule
03_141,"Velvet bean, soaked, boiled in different water* (without salt), with cooking liquid",Mucuna pruriens,eligible,No exclusion or review rule matched.,,Default project rule
04_023,"Amaranth, leaves, fresh, raw",Amaranthus spp.,eligible,No exclusion or review rule matched.,,Default project rule
04_086,"Amaranth, leaves, fresh, boiled* (as part of a recipe)",Amaranthus spp.,eligible,No exclusion or review rule matched.,,Default project rule
04_024,"Amaranth, leaves, fresh, boiled* (without salt), drained",Amaranthus spp.,eligible,No exclusion or review rule matched.,,Default project rule
04_002,"Baobab, leaves, dried",Adansonia digitata,eligible,No exclusion or review rule matched.,,Default project rule
04_001,"Baobab, leaves, fresh, raw",Adansonia digitata,eligible,No exclusion or review rule matched.,,Default project rule
04_087,"Baobab, leaves, fresh, boiled* (as part of a recipe)",Adansonia digitata,eligible,No exclusion or review rule matched.,,Default project rule
04_025,"Baobab, leaves, fresh, boiled* (without salt), drained",Adansonia digitata,eligible,No exclusion or review rule matched.,,Default project rule
04_081,"Bay, leaves, dried",Laurus nobilis,eligible,No exclusion or review rule matched.,,Default project rule
04_003,"Bean, green, raw",Phaseolus vulgaris,eligible,No exclusion or review rule matched.,,Default project rule
04_088,"Bean, green, boiled* (as part of a recipe)",Phaseolus vulgaris,eligible,No exclusion or review rule matched.,,Default project rule
04_026,"Bean, green, boiled* (without salt), drained",Phaseolus vulgaris,eligible,No exclusion or review rule matched.,,Default project rule
04_005,"Cabbage, white, raw",Brassica oleracea var. capitata,eligible,No exclusion or review rule matched.,,Default project rule
04_090,"Cabbage, white, boiled* (as part of a recipe)",Brassica oleracea var. capitata,eligible,No exclusion or review rule matched.,,Default project rule
04_089,"Cabbage, white, boiled* (without salt), drained",Brassica oleracea var. capitata,eligible,No exclusion or review rule matched.,,Default project rule
04_006,"Carrot, raw",Daucus carota,eligible,No exclusion or review rule matched.,,Default project rule
04_091,"Carrot, boiled* (as part of a recipe)",Daucus carota,eligible,No exclusion or review rule matched.,,Default project rule
04_007,"Carrot, boiled* (without salt), drained",Daucus carota,eligible,No exclusion or review rule matched.,,Default project rule
04_008,"Cassava, leaves, fresh, raw",Manihot esculenta,eligible,No exclusion or review rule matched.,,Default project rule
04_092,"Cassava, leaves, fresh, boiled* (as part of a recipe)",Manihot esculenta,eligible,No exclusion or review rule matched.,,Default project rule
04_028,"Cassava, leaves, fresh, boiled* (without salt), drained",Manihot esculenta,eligible,No exclusion or review rule matched.,,Default project rule
04_009,"Cocoyam, leaves, fresh, raw",Xanthosoma sagittifolium,eligible,No exclusion or review rule matched.,,Default project rule
04_097,"Cocoyam, leaves, fresh, boiled* (as part of a recipe)",Xanthosoma sagittifolium,eligible,No exclusion or review rule matched.,,Default project rule
04_029,"Cocoyam, leaves, fresh, boiled* (without salt), drained",Xanthosoma sagittifolium,eligible,No exclusion or review rule matched.,,Default project rule
04_031,"Cowpea, leaves, dried",Vigna unguiculata,eligible,No exclusion or review rule matched.,,Default project rule
04_010,"Cowpea, leaves, fresh, raw",Vigna unguiculata,eligible,No exclusion or review rule matched.,,Default project rule
04_098,"Cowpea, leaves, fresh, boiled* (as part of a recipe)",Vigna unguiculata,eligible,No exclusion or review rule matched.,,Default project rule
04_030,"Cowpea, leaves, fresh, boiled* (without salt), drained",Vigna unguiculata,eligible,No exclusion or review rule matched.,,Default project rule
04_032,"Cucumber, unpeeled, raw",Cucumis sativus,eligible,No exclusion or review rule matched.,,Default project rule
04_012,"Eggplant, fruit, raw",Solanum melongena,eligible,No exclusion or review rule matched.,,Default project rule
04_102,"Eggplant, fruit, boiled* (as part of a recipe)",Solanum melongena,eligible,No exclusion or review rule matched.,,Default project rule
04_034,"Eggplant, fruit, boiled* (without salt), drained",Solanum melongena,eligible,No exclusion or review rule matched.,,Default project rule
04_013,"Eggplant, leaves, fresh, raw",Solanum melongena,eligible,No exclusion or review rule matched.,,Default project rule
04_105,"Eggplant, leaves, fresh, boiled* (as part of a recipe)",Solanum melongena,eligible,No exclusion or review rule matched.,,Default project rule
04_035,"Eggplant, leaves, fresh, boiled* (without salt), drained",Solanum melongena,eligible,No exclusion or review rule matched.,,Default project rule
04_014,"False sesame, leaves, dried",Ceratotheca sesamoides,eligible,No exclusion or review rule matched.,,Default project rule
04_036,"False sesame, leaves, fresh, raw",Ceratotheca sesamoides,eligible,No exclusion or review rule matched.,,Default project rule
04_106,"False sesame, leaves, fresh, boiled* (as part of a recipe)",Ceratotheca sesamoides,eligible,No exclusion or review rule matched.,,Default project rule
04_037,"False sesame, leaves, fresh, boiled* (without salt), drained",Ceratotheca sesamoides,eligible,No exclusion or review rule matched.,,Default project rule
04_015,"Garlic, flesh, raw",Allium sativum,eligible,No exclusion or review rule matched.,,Default project rule
04_082,"Ginger, root, raw",Zingiber officinale,eligible,No exclusion or review rule matched.,,Default project rule
04_131,"Green leafy vegetable, average, fresh, raw",Brassica nigra,eligible,No exclusion or review rule matched.,,Default project rule
04_133,"Green leafy vegetable, average, fresh, boiled* (as part of a recipe)",Brassica nigra,eligible,No exclusion or review rule matched.,,Default project rule
04_132,"Green leafy vegetable, average, fresh, boiled* (without salt), drained",Brassica nigra,eligible,No exclusion or review rule matched.,,Default project rule
04_073,"Hibiscus cannabinus, leaves, fresh, raw",Hibiscus cannabinus,eligible,No exclusion or review rule matched.,,Default project rule
04_100,"Hibiscus cannabinus, leaves, fresh, boiled* (as part of a recipe)",Hibiscus cannabinus,eligible,No exclusion or review rule matched.,,Default project rule
04_099,"Hibiscus cannabinus, leaves, fresh, boiled* (without salt), drained",Hibiscus cannabinus,eligible,No exclusion or review rule matched.,,Default project rule
04_016,"Hibiscus, leaves, fresh, raw",Hibiscus sabdariffa,eligible,No exclusion or review rule matched.,,Default project rule
04_117,"Hibiscus, leaves, fresh, boiled* (as part of a recipe)",Hibiscus sabdariffa,eligible,No exclusion or review rule matched.,,Default project rule
04_056,"Hibiscus, leaves, fresh, boiled* (without salt), drained",Hibiscus sabdariffa,eligible,No exclusion or review rule matched.,,Default project rule
04_075,"Jute mallow (bush-okra), leaves, dried",Corchorus spp.,eligible,No exclusion or review rule matched.,,Default project rule
04_038,"Jute mallow (bush-okra), leaves, fresh, raw",Corchorus spp.,eligible,No exclusion or review rule matched.,,Default project rule
04_107,"Jute mallow (bush-okra), leaves, fresh, boiled* (as part of a recipe)",Corchorus spp.,eligible,No exclusion or review rule matched.,,Default project rule
04_039,"Jute mallow (bush-okra), leaves, fresh, boiled* (without salt), drained",Corchorus spp.,eligible,No exclusion or review rule matched.,,Default project rule
04_040,"Lettuce, raw",Lactuca sativa,eligible,No exclusion or review rule matched.,,Default project rule
04_076,"Maize, seeds, fresh, raw",Zea mays,eligible,No exclusion or review rule matched.,,Default project rule
04_109,"Maize, seeds, fresh, boiled* (as part of a recipe)",Zea mays,eligible,No exclusion or review rule matched.,,Default project rule
04_108,"Maize, seeds, fresh, boiled* (without salt), drained",Zea mays,eligible,No exclusion or review rule matched.,,Default project rule
04_085,"Mint, leaves, raw",Mentha spp.,eligible,No exclusion or review rule matched.,,Default project rule
04_011,"Moringa (drumstick), leaves, fresh, raw",Moringa oleifera,eligible,No exclusion or review rule matched.,,Default project rule
04_101,"Moringa (drumstick), leaves, fresh, boiled* (as part of a recipe)",Moringa oleifera,eligible,No exclusion or review rule matched.,,Default project rule
04_033,"Moringa (drumstick), leaves, fresh, boiled* (without salt), drained",Moringa oleifera,eligible,No exclusion or review rule matched.,,Default project rule
04_074,"Native eggplant, fruit, raw",Solanum macrocarpon,eligible,No exclusion or review rule matched.,,Default project rule
04_104,"Native eggplant, fruit, boiled* (as part of a recipe)",Solanum macrocarpon,eligible,No exclusion or review rule matched.,,Default project rule
04_103,"Native eggplant, fruit, boiled* (without salt), drained",Solanum macrocarpon,eligible,No exclusion or review rule matched.,,Default project rule
04_004,"Okra, leaves, fresh, raw",Abelmoschus esculentus,eligible,No exclusion or review rule matched.,,Default project rule
04_110,"Okra, leaves, fresh, boiled* (as part of a recipe)",Abelmoschus esculentus,eligible,No exclusion or review rule matched.,,Default project rule
04_041,"Okra, leaves, fresh, boiled* (without salt), drained",Abelmoschus esculentus,eligible,No exclusion or review rule matched.,,Default project rule
04_077,"Okra, fruit, dried",Abelmoschus esculentus,eligible,No exclusion or review rule matched.,,Default project rule
04_017,"Okra, fruit, fresh, raw",Abelmoschus esculentus,eligible,No exclusion or review rule matched.,,Default project rule
04_111,"Okra, fruit, fresh, boiled* (as part of a recipe)",Abelmoschus esculentus,eligible,No exclusion or review rule matched.,,Default project rule
04_042,"Okra, fruit, fresh, boiled* (without salt), drained",Abelmoschus esculentus,eligible,No exclusion or review rule matched.,,Default project rule
04_044,"Onion, dried",Allium cepa,eligible,No exclusion or review rule matched.,,Default project rule
04_018,"Onion, fresh, raw",Allium cepa,eligible,No exclusion or review rule matched.,,Default project rule
04_112,"Onion, fresh, boiled* (as part of a recipe)",Allium cepa,eligible,No exclusion or review rule matched.,,Default project rule
04_043,"Onion, fresh, boiled* (without salt), drained",Allium cepa,eligible,No exclusion or review rule matched.,,Default project rule
04_045,"Parsley, fresh, raw",Petroselinum crispum,eligible,No exclusion or review rule matched.,,Default project rule
04_049,"Pepper, sweet, green, fresh, raw",Capsicum annuum,eligible,No exclusion or review rule matched.,,Default project rule
04_114,"Pepper, sweet, green, fresh, boiled* (as part of a recipe)",Capsicum annuum,eligible,No exclusion or review rule matched.,,Default project rule
04_050,"Pepper, sweet, green, fresh, boiled* (without salt), drained",Capsicum annuum,eligible,No exclusion or review rule matched.,,Default project rule
04_047,"Pepper, sweet, red, fresh, raw",Capsicum annuum,eligible,No exclusion or review rule matched.,,Default project rule
04_113,"Pepper, sweet, red, fresh, boiled* (as part of a recipe)",Capsicum annuum,eligible,No exclusion or review rule matched.,,Default project rule
04_048,"Pepper, sweet, red, fresh, boiled* (without salt), drained",Capsicum annuum,eligible,No exclusion or review rule matched.,,Default project rule
04_046,"Pepper, chilli, fresh, raw",Capsicum spp.,eligible,No exclusion or review rule matched.,,Default project rule
04_055,"Pumpkin, leaves, dried",Cucurbita pepo,eligible,No exclusion or review rule matched.,,Default project rule
04_053,"Pumpkin, leaves, fresh, raw",Cucurbita pepo/Curcurbita maxima,eligible,No exclusion or review rule matched.,,Default project rule
04_116,"Pumpkin, leaves, fresh, boiled* (as part of a recipe)",Cucurbita pepo/Curcurbita maxima,eligible,No exclusion or review rule matched.,,Default project rule
04_054,"Pumpkin, leaves, fresh, boiled* (without salt), drained",Cucurbita pepo/Curcurbita maxima,eligible,No exclusion or review rule matched.,,Default project rule
04_051,"Pumpkin, squash, light orange flesh, raw",Cucurbita pepo,eligible,No exclusion or review rule matched.,,Default project rule
04_115,"Pumpkin, squash, light orange flesh, boiled* (as part of a recipe)",Cucurbita pepo,eligible,No exclusion or review rule matched.,,Default project rule
04_052,"Pumpkin, squash, light orange flesh, boiled* (without salt), drained",Cucurbita pepo,eligible,No exclusion or review rule matched.,,Default project rule
04_071,"Sicklepod, leaves, dried",Senna tora/Senna obtusifolia,eligible,No exclusion or review rule matched.,,Default project rule
04_084,"Sicklepod, leaves, fresh, raw",Senna tora/Senna obtusifolia,eligible,No exclusion or review rule matched.,,Default project rule
04_094,"Sicklepod, leaves, fresh, boiled* (as part of a recipe)",Senna tora/Senna obtusifolia,eligible,No exclusion or review rule matched.,,Default project rule
04_093,"Sicklepod, leaves, fresh, boiled* (without salt), drained",Senna tora/Senna obtusifolia,eligible,No exclusion or review rule matched.,,Default project rule
04_072,"Spider plant, leaves, fresh, raw",Cleome gynandra,eligible,No exclusion or review rule matched.,,Default project rule
04_096,"Spider plant, leaves, fresh, boiled* (as part of a recipe)",Cleome gynandra,eligible,No exclusion or review rule matched.,,Default project rule
04_095,"Spider plant, leaves, fresh, boiled* (without salt), drained",Cleome gynandra,eligible,No exclusion or review rule matched.,,Default project rule
04_057,"Spinach, leaves, fresh, raw",Spinacia oleracea,eligible,No exclusion or review rule matched.,,Default project rule
04_118,"Spinach, leaves, fresh, boiled* (as part of a recipe)",Spinacia oleracea,eligible,No exclusion or review rule matched.,,Default project rule
04_058,"Spinach, leaves, fresh, boiled* (without salt), drained",Spinacia oleracea,eligible,No exclusion or review rule matched.,,Default project rule
04_059,"Sweet potato, leaves, fresh, raw",Ipomoea batatas,eligible,No exclusion or review rule matched.,,Default project rule
04_121,"Sweet potato, leaves, fresh, boiled* (as part of a recipe)",Ipomoea batatas,eligible,No exclusion or review rule matched.,,Default project rule
04_060,"Sweet potato, leaves, fresh, boiled* (without salt), drained",Ipomoea batatas,eligible,No exclusion or review rule matched.,,Default project rule
04_062,"Tamarind, leaves, dried",Tamarindus indica,eligible,No exclusion or review rule matched.,,Default project rule
04_019,"Tamarind, leaves, fresh, raw",Tamarindus indica,eligible,No exclusion or review rule matched.,,Default project rule
04_122,"Tamarind, leaves, fresh, boiled* (as part of a recipe)",Tamarindus indica,eligible,No exclusion or review rule matched.,,Default project rule
04_061,"Tamarind, leaves, fresh, boiled* (without salt), drained",Tamarindus indica,eligible,No exclusion or review rule matched.,,Default project rule
04_020,"Taro, leaves, fresh, raw",Colocasia esculenta,eligible,No exclusion or review rule matched.,,Default project rule
04_123,"Taro, leaves, fresh, boiled* (as part of a recipe)",Colocasia esculenta,eligible,No exclusion or review rule matched.,,Default project rule
04_063,"Taro, leaves, fresh, boiled* (without salt), drained",Colocasia esculenta,eligible,No exclusion or review rule matched.,,Default project rule
04_083,"Thyme, dried",Brassica nigra,eligible,No exclusion or review rule matched.,,Default project rule
04_065,"Tomato, canned, packed in juice",,eligible,No exclusion or review rule matched.,,Default project rule
04_066,"Tomato, paste, concentrated, without salt",,eligible,No exclusion or review rule matched.,,Default project rule
04_067,"Tomato, powder",,eligible,No exclusion or review rule matched.,,Default project rule
04_021,"Tomato, red, ripe, raw",Solanum lycopersicum,eligible,No exclusion or review rule matched.,,Default project rule
04_124,"Tomato, red, ripe, boiled* (as part of a recipe)",Solanum lycopersicum,eligible,No exclusion or review rule matched.,,Default project rule
04_064,"Tomato, red, ripe, boiled* (without salt), drained",Solanum lycopersicum,eligible,No exclusion or review rule matched.,,Default project rule
04_068,"Turnip, raw",Brassica rapa,eligible,No exclusion or review rule matched.,,Default project rule
04_125,"Turnip, boiled* (as part of a recipe)",Brassica rapa,eligible,No exclusion or review rule matched.,,Default project rule
04_069,"Turnip, boiled* (without salt), drained",Brassica rapa,eligible,No exclusion or review rule matched.,,Default project rule
04_022,"Vernonia, leaves, bitter, fresh, raw",Gymnanthemum amygdalinum,eligible,No exclusion or review rule matched.,,Default project rule
04_126,"Vernonia, leaves, bitter, fresh, boiled* (as part of a recipe)",Gymnanthemum amygdalinum,eligible,No exclusion or review rule matched.,,Default project rule
04_070,"Vernonia, leaves, bitter, fresh, boiled* (without salt), drained",Gymnanthemum amygdalinum,eligible,No exclusion or review rule matched.,,Default project rule
04_079,"Vernonia, leaves, sweet, fresh, raw",Baccharoides calvoana subsp. calvoana,eligible,No exclusion or review rule matched.,,Default project rule
04_128,"Vernonia, leaves, sweet, fresh, boiled* (as part of a recipe)",Baccharoides calvoana subsp. calvoana,eligible,No exclusion or review rule matched.,,Default project rule
04_127,"Vernonia, leaves, sweet, fresh, boiled* (without salt), drained",Baccharoides calvoana subsp. calvoana,eligible,No exclusion or review rule matched.,,Default project rule
04_078,"Waterleaf, leaves, fresh, raw",Talinum fruticosum,eligible,No exclusion or review rule matched.,,Default project rule
04_120,"Waterleaf, leaves, fresh, boiled* (as part of a recipe)",Talinum fruticosum,eligible,No exclusion or review rule matched.,,Default project rule
04_119,"Waterleaf, leaves, fresh, boiled* (without salt), drained",Talinum fruticosum,eligible,No exclusion or review rule matched.,,Default project rule
04_080,"Wild spinach, leaves, fresh, raw",Gnetum africanum,eligible,No exclusion or review rule matched.,,Default project rule
04_130,"Wild spinach, leaves, fresh, boiled* (as part of a recipe)",Gnetum africanum,eligible,No exclusion or review rule matched.,,Default project rule
04_129,"Wild spinach, leaves, fresh, boiled* (without salt), drained",Gnetum africanum,eligible,No exclusion or review rule matched.,,Default project rule
05_055,"African black plum/chocolate berry, ripe, raw",Vitex doniana,eligible,No exclusion or review rule matched.,,Default project rule
05_023,"African fan palm, fruit, raw",Borassus aethiopum,eligible,No exclusion or review rule matched.,,Default project rule
05_024,"African locust bean, flour from fruit",Parkia biglobosa,eligible,No exclusion or review rule matched.,,Default project rule
05_001,"African locust bean, fruit, raw",Parkia biglobosa,eligible,No exclusion or review rule matched.,,Default project rule
05_053,"African star apple, fruit, raw",Chrysophyllum albidum,eligible,No exclusion or review rule matched.,,Default project rule
05_025,"Akee, fruit, raw",Blighia sapida,eligible,No exclusion or review rule matched.,,Default project rule
05_046,"Apple, green, with skin, raw",Malus domestica,eligible,No exclusion or review rule matched.,,Default project rule
05_047,"Apple, red, with skin, raw",Malus domestica,eligible,No exclusion or review rule matched.,,Default project rule
05_026,"Apple, with skin, raw",Malus domestica,eligible,No exclusion or review rule matched.,,Default project rule
05_027,"Apple, without skin, raw",Malus domestica,eligible,No exclusion or review rule matched.,,Default project rule
05_002,"Avocado, fruit, raw",Persea americana,eligible,No exclusion or review rule matched.,,Default project rule
05_048,"Banana, sweet, flesh, unripe (green), raw",Musa spp.,eligible,No exclusion or review rule matched.,,Default project rule
05_003,"Banana, white flesh, ripe, raw",Musa spp.,eligible,No exclusion or review rule matched.,,Default project rule
05_028,"Banana, yellow flesh, ripe, raw",Musa spp.,eligible,No exclusion or review rule matched.,,Default project rule
05_004,"Baobab, fruit/monkey bread, raw",Adansonia digitata,eligible,No exclusion or review rule matched.,,Default project rule
05_005,"Breadfruit, fruit, raw",Artocarpus altilis,eligible,No exclusion or review rule matched.,,Default project rule
05_050,"Carambola (star fruit), raw",Averrhoa carambola,eligible,No exclusion or review rule matched.,,Default project rule
05_006,"Cashew apple, fruit, raw",Anacardium occidentale,eligible,No exclusion or review rule matched.,,Default project rule
05_029,"Clementine, raw",Citrus clementina,eligible,No exclusion or review rule matched.,,Default project rule
05_031,"Date, dried, raw",Phoenix dactylifera,eligible,No exclusion or review rule matched.,,Default project rule
05_030,"Date, soft, raw",Phoenix dactylifera,eligible,No exclusion or review rule matched.,,Default project rule
05_008,"Dattock, fruit, dried",Detarium senegalense,eligible,No exclusion or review rule matched.,,Default project rule
05_007,"Dattock, fruit, raw",Detarium senegalense,eligible,No exclusion or review rule matched.,,Default project rule
05_033,"Fig, dried",Ficus carica,eligible,No exclusion or review rule matched.,,Default project rule
05_032,"Fig, raw",Ficus carica,eligible,No exclusion or review rule matched.,,Default project rule
05_009,"Fig, sycomorus, raw",Ficus sycomorus,eligible,No exclusion or review rule matched.,,Default project rule
05_034,"Fruit cocktail, canned in syrup, undrained",,eligible,No exclusion or review rule matched.,,Default project rule
05_035,"Grapefruit, white, raw",Citrus × paradisi,eligible,No exclusion or review rule matched.,,Default project rule
05_051,"Grapes, raw",Vitis vinifera,eligible,No exclusion or review rule matched.,,Default project rule
05_010,"Guava, fruit, raw",Psidium guajava,eligible,No exclusion or review rule matched.,,Default project rule
05_011,"Gumvine, fruit, raw",Saba senegalensis,eligible,No exclusion or review rule matched.,,Default project rule
05_012,"Jujube, raw",Ziziphus spp.,eligible,No exclusion or review rule matched.,,Default project rule
05_013,"Landolphia, fruit, raw",Landolphia spp.,eligible,No exclusion or review rule matched.,,Default project rule
05_014,"Lemon, raw",Citrus limon,eligible,No exclusion or review rule matched.,,Default project rule
05_036,"Mango, deep orange flesh, raw",Mangifera indica,eligible,No exclusion or review rule matched.,,Default project rule
05_015,"Mango, orange flesh, ripe, raw",Mangifera indica,eligible,No exclusion or review rule matched.,,Default project rule
05_037,"Mango, pale flesh, raw",Mangifera indica,eligible,No exclusion or review rule matched.,,Default project rule
05_039,"Melon, cantaloupe, orange flesh, raw",Cucumis melo,eligible,No exclusion or review rule matched.,,Default project rule
05_038,"Melon, honeydew, pale green flesh, raw",Cucumis melo,eligible,No exclusion or review rule matched.,,Default project rule
05_052,"Mombin/hog-plum, fruit, raw",Spondias mombin,eligible,No exclusion or review rule matched.,,Default project rule
05_040,"Oil palm, fruit, raw",Elaeis guineensis,eligible,No exclusion or review rule matched.,,Default project rule
05_016,"Orange, raw",Citrus aurantium,eligible,No exclusion or review rule matched.,,Default project rule
05_017,"Papaya, fruit, ripe, raw",Carica papaya,eligible,No exclusion or review rule matched.,,Default project rule
05_018,"Pineapple, fruit, raw",Ananas comosus,eligible,No exclusion or review rule matched.,,Default project rule
05_041,"Pomegranate, fruit, raw",Punica granatum,eligible,No exclusion or review rule matched.,,Default project rule
05_044,"Shea, fruit, raw",Vitellaria paradoxa,eligible,No exclusion or review rule matched.,,Default project rule
05_019,"Soapberry, fruit, raw",Lepisanthes senegalensis,eligible,No exclusion or review rule matched.,,Default project rule
05_054,"Soursop, fruit, raw",Annona spp.,eligible,No exclusion or review rule matched.,,Default project rule
05_045,"Sweet apple, fruit, raw",Annona squamosa,eligible,No exclusion or review rule matched.,,Default project rule
05_056,Sweet baobab paste (Burkina Faso)*,,eligible,No exclusion or review rule matched.,,Default project rule
05_020,"Tamarind, immature fruit, raw",Tamarindus indica,eligible,No exclusion or review rule matched.,,Default project rule
05_021,"Tamarind, fruit, ripe, raw",Tamarindus indica,eligible,No exclusion or review rule matched.,,Default project rule
05_022,"Watermelon, fruit, raw",Citrullus lanatus,eligible,No exclusion or review rule matched.,,Default project rule
06_031,"African breadfruit, seed without hull, dried",Treculia Africana,eligible,No exclusion or review rule matched.,,Default project rule
06_039,"Benniseed, dried, raw",Sesamum radiatum,eligible,No exclusion or review rule matched.,,Default project rule
06_033,"Bitter cola, seeds, dried, raw",Garcinia kola,eligible,No exclusion or review rule matched.,,Default project rule
06_032,"Bitter cola, seeds, fresh, raw",Garcinia kola,eligible,No exclusion or review rule matched.,,Default project rule
06_001,"Cashew nut, raw",Anacardium occidentale,eligible,No exclusion or review rule matched.,,Default project rule
06_005,"Coconut, kernel, dried, raw",Cocos nucifera,eligible,No exclusion or review rule matched.,,Default project rule
06_004,"Coconut, immature kernel, fresh, raw",Cocos nucifera,eligible,No exclusion or review rule matched.,,Default project rule
06_002,"Coconut, mature kernel, fresh, raw",Cocos nucifera,eligible,No exclusion or review rule matched.,,Default project rule
06_006,"Coconut milk, fresh or canned",Cocos nucifera ,eligible,No exclusion or review rule matched.,,Default project rule
06_019,"Cola nut, dried, raw",Cola nitida,eligible,No exclusion or review rule matched.,,Default project rule
06_018,"Cola nut, fresh, raw",Cola nitida,eligible,No exclusion or review rule matched.,,Default project rule
06_008,"Dikanut, kernel, dried, raw",Irvingia gabonensis,eligible,No exclusion or review rule matched.,,Default project rule
06_009,"False sesame seeds, dried, raw",Ceratotheca sesamoides,eligible,No exclusion or review rule matched.,,Default project rule
06_028,"Groundnut flour, partially defatted",Arachis hypogaea,eligible,No exclusion or review rule matched.,,Default project rule
06_027,"Groundnut flour, with fat",Arachis hypogaea,eligible,No exclusion or review rule matched.,,Default project rule
06_026,"Groundnut paste, from groundnuts only",Arachis hypogaea,eligible,No exclusion or review rule matched.,,Default project rule
06_023,"Groundnut, Chinese, shelled, dried, raw (Ghana), n=1",Arachis hypogaea,eligible,No exclusion or review rule matched.,,Default project rule
06_025,"Groundnut, combined varieties, shelled, dried, raw (Ghana)",Arachis hypogaea,eligible,No exclusion or review rule matched.,,Default project rule
06_021,"Groundnut, F-mix variety, shelled, dried, raw (Ghana), n=1",Arachis hypogaea,eligible,No exclusion or review rule matched.,,Default project rule
06_022,"Groundnut, JL 24 variety, shelled, dried, raw (Ghana), n=1",Arachis hypogaea,eligible,No exclusion or review rule matched.,,Default project rule
06_024,"Groundnut, Manipintar variety, shelled, dried, raw (Ghana), n=1",Arachis hypogaea,eligible,No exclusion or review rule matched.,,Default project rule
06_012,"Groundnut, red, shelled, dried, raw (Benin)",Arachis hypogaea,eligible,No exclusion or review rule matched.,,Default project rule
06_011,"Groundnut, rose, shelled, dried, raw (Benin)",Arachis hypogaea,eligible,No exclusion or review rule matched.,,Default project rule
06_010,"Groundnut, shelled, dried, raw",Arachis hypogaea,eligible,No exclusion or review rule matched.,,Default project rule
06_020,"Groundnut, Sinkarzie variety, shelled, dried, raw (Ghana), n=1",Arachis hypogaea,eligible,No exclusion or review rule matched.,,Default project rule
06_030,"Hibiscus seed, red, dried, raw",Hibiscus sabdariffa ,eligible,No exclusion or review rule matched.,,Default project rule
06_035,"Melon seed (citrullus spp.), kernel only, dried, raw",Citrullus spp.,eligible,No exclusion or review rule matched.,,Default project rule
06_013,"Melon seed, kernel only, dried, raw",Cucumeropsis edulis/cucumeropsis mannii,eligible,No exclusion or review rule matched.,,Default project rule
06_036,"Melon seed, small, elongated, kernel only, dried, raw",Citrullus spp.,eligible,No exclusion or review rule matched.,,Default project rule
06_037,"Melon seed, small, flat, kernel only, dried, raw",Cucumeropsis edulis,eligible,No exclusion or review rule matched.,,Default project rule
06_029,"Oil palm, nut (kernel), shelled, raw",Elaeis guineensis,eligible,No exclusion or review rule matched.,,Default project rule
06_038,"Pumpkin seed, kernel only, dried, raw",Curcubita spp.,eligible,No exclusion or review rule matched.,,Default project rule
06_015,"Sesame seed, whole, dried, raw",Sesame spp.,eligible,No exclusion or review rule matched.,,Default project rule
06_016,"Shea nut, kernel, dried, raw",Vitellaria paradoxa,eligible,No exclusion or review rule matched.,,Default project rule
07_008,"Ant, flying, dried",Various species,eligible,No exclusion or review rule matched.,,Default project rule
07_026,"Bamboo caterpillar, deep fried, salted",Omphisa fuscidentalis,eligible,No exclusion or review rule matched.,,Default project rule
07_019,"Beef kidney, raw",Bos taurus,eligible,No exclusion or review rule matched.,,Default project rule
07_090,"Beef kidney, boiled* (without salt), drained",Bos taurus,eligible,No exclusion or review rule matched.,,Default project rule
07_091,"Beef kidney, grilled* (without salt or fat)",Bos taurus,eligible,No exclusion or review rule matched.,,Default project rule
07_020,"Beef kidney, stewed* (as part of a recipe)",Bos taurus,eligible,No exclusion or review rule matched.,,Default project rule
07_001,"Beef liver, raw",Bos taurus,eligible,No exclusion or review rule matched.,,Default project rule
07_018,"Beef liver, boiled* (without salt), drained",Bos taurus,eligible,No exclusion or review rule matched.,,Default project rule
07_088,"Beef liver, grilled* (without salt or fat)",Bos taurus,eligible,No exclusion or review rule matched.,,Default project rule
07_089,"Beef liver, stewed* (as part of a recipe)",Bos taurus,eligible,No exclusion or review rule matched.,,Default project rule
07_014,"Beef meat, fatty, ca. 30% fat, raw",Bos taurus,eligible,No exclusion or review rule matched.,,Default project rule
07_015,"Beef meat, fatty, ca. 30% fat, boiled* (without salt), drained",Bos taurus,eligible,No exclusion or review rule matched.,,Default project rule
07_016,"Beef meat, fatty, ca. 30% fat, grilled* (without salt or fat)",Bos taurus,eligible,No exclusion or review rule matched.,,Default project rule
07_087,"Beef meat, fatty, ca. 30% fat, stewed* (as part of a recipe)",Bos taurus,eligible,No exclusion or review rule matched.,,Default project rule
07_023,"Beef meat, ground, ca. 10% fat, raw",Bos taurus,eligible,No exclusion or review rule matched.,,Default project rule
07_024,"Beef meat, ground, ca. 10% fat, grilled* (without salt or fat)",Bos taurus,eligible,No exclusion or review rule matched.,,Default project rule
07_134,"Beef meat, ground, ca. 10% fat, stewed* (as part of a recipe)",Bos taurus,eligible,No exclusion or review rule matched.,,Default project rule
07_009,"Beef meat, lean, ca. 5% fat, raw",Bos taurus,eligible,No exclusion or review rule matched.,,Default project rule
07_010,"Beef meat, lean, ca. 5% fat, boiled* (without salt), drained",Bos taurus,eligible,No exclusion or review rule matched.,,Default project rule
07_011,"Beef meat, lean, ca. 5% fat, grilled* (without salt or fat)",Bos taurus,eligible,No exclusion or review rule matched.,,Default project rule
07_085,"Beef meat, lean, ca. 5% fat, stewed* (as part of a recipe)",Bos taurus,eligible,No exclusion or review rule matched.,,Default project rule
07_017,"Beef meat, lean, cured, dried",Bos taurus,eligible,No exclusion or review rule matched.,,Default project rule
07_002,"Beef meat, moderately fat, ca. 20% fat, raw",Bos taurus,eligible,No exclusion or review rule matched.,,Default project rule
07_012,"Beef meat, moderately fat, ca. 20% fat, boiled* (without salt), drained",Bos taurus,eligible,No exclusion or review rule matched.,,Default project rule
07_013,"Beef meat, moderately fat, ca. 20% fat, grilled* (without salt or fat)",Bos taurus,eligible,No exclusion or review rule matched.,,Default project rule
07_086,"Beef meat, moderately fat, ca. 20% fat, stewed* (as part of a recipe)",Bos taurus,eligible,No exclusion or review rule matched.,,Default project rule
07_021,"Beef tripe, raw",Bos taurus,eligible,No exclusion or review rule matched.,,Default project rule
07_022,"Beef tripe, boiled* (without salt), drained",Bos taurus,eligible,No exclusion or review rule matched.,,Default project rule
07_133,"Beef tripe, grilled* (without salt or fat)",Bos taurus,eligible,No exclusion or review rule matched.,,Default project rule
07_092,"Beef tripe, stewed* (as part of a recipe)",Bos taurus,eligible,No exclusion or review rule matched.,,Default project rule
07_025,"Beef, corned beef, canned",Bos taurus,eligible,No exclusion or review rule matched.,,Default project rule
07_064,"Camel meat, raw",Camelus dromedarius,eligible,No exclusion or review rule matched.,,Default project rule
07_093,"Camel meat, boiled* (without salt), drained",Camelus dromedarius,eligible,No exclusion or review rule matched.,,Default project rule
07_094,"Camel meat, grilled* (without salt or fat)",Camelus dromedarius,eligible,No exclusion or review rule matched.,,Default project rule
07_095,"Camel meat, stewed* (as part of a recipe)",Gallus gallus domesticus,eligible,No exclusion or review rule matched.,,Default project rule
07_039,"Chicken giblets, raw",Gallus gallus domesticus,eligible,No exclusion or review rule matched.,,Default project rule
07_106,"Chicken giblets, boiled* (without salt), drained",Gallus gallus domesticus,eligible,No exclusion or review rule matched.,,Default project rule
07_107,"Chicken giblets, grilled* (without salt or fat)",Gallus gallus domesticus,eligible,No exclusion or review rule matched.,,Default project rule
07_040,"Chicken giblets, stewed* (as part of a recipe)",Gallus gallus domesticus,eligible,No exclusion or review rule matched.,,Default project rule
07_041,"Chicken liver, raw",Gallus gallus domesticus,eligible,No exclusion or review rule matched.,,Default project rule
07_108,"Chicken liver, boiled* (without salt), drained",Gallus gallus domesticus,eligible,No exclusion or review rule matched.,,Default project rule
07_109,"Chicken liver, grilled* (without salt or fat)",Gallus gallus domesticus,eligible,No exclusion or review rule matched.,,Default project rule
07_042,"Chicken liver, stewed* (as part of a recipe)",Gallus gallus domesticus,eligible,No exclusion or review rule matched.,,Default project rule
07_030,"Chicken, dark meat with skin, raw",Gallus gallus domesticus,eligible,No exclusion or review rule matched.,,Default project rule
07_031,"Chicken, dark meat with skin, boiled* (without salt), drained",Gallus gallus domesticus,eligible,No exclusion or review rule matched.,,Default project rule
07_032,"Chicken, dark meat with skin, grilled* (without salt or fat)",Gallus gallus domesticus,eligible,No exclusion or review rule matched.,,Default project rule
07_103,"Chicken, dark meat with skin, stewed* (as part of a recipe)",Gallus gallus domesticus,eligible,No exclusion or review rule matched.,,Default project rule
07_003,"Chicken, dark meat without skin, raw",Gallus gallus domesticus,eligible,No exclusion or review rule matched.,,Default project rule
07_028,"Chicken, dark meat without skin, boiled* (without salt), drained",Gallus gallus domesticus,eligible,No exclusion or review rule matched.,,Default project rule
07_029,"Chicken, dark meat without skin, grilled* (without salt or fat)",Gallus gallus domesticus,eligible,No exclusion or review rule matched.,,Default project rule
07_102,"Chicken, dark meat without skin, stewed* (as part of a recipe)",Gallus gallus domesticus,eligible,No exclusion or review rule matched.,,Default project rule
07_036,"Chicken, light meat with skin, raw",Gallus gallus domesticus,eligible,No exclusion or review rule matched.,,Default project rule
07_037,"Chicken, light meat with skin, boiled* (without salt), drained",Gallus gallus domesticus,eligible,No exclusion or review rule matched.,,Default project rule
07_038,"Chicken, light meat with skin, grilled* (without salt or fat)",Gallus gallus domesticus,eligible,No exclusion or review rule matched.,,Default project rule
07_104,"Chicken, light meat with skin, stewed* (as part of a recipe)",Gallus gallus domesticus,eligible,No exclusion or review rule matched.,,Default project rule
07_033,"Chicken, light meat without skin, raw",Gallus gallus domesticus,eligible,No exclusion or review rule matched.,,Default project rule
07_034,"Chicken, light meat without skin, boiled* (without salt), drained",Gallus gallus domesticus,eligible,No exclusion or review rule matched.,,Default project rule
07_035,"Chicken, light meat without skin, grilled* (without salt or fat)",Gallus gallus domesticus,eligible,No exclusion or review rule matched.,,Default project rule
07_105,"Chicken, light meat without skin, stewed* (as part of a recipe)",Gallus gallus domesticus,eligible,No exclusion or review rule matched.,,Default project rule
07_075,"Cricket, dried, raw",Various species,eligible,No exclusion or review rule matched.,,Default project rule
07_074,"Cricket, fresh, raw",Various species,eligible,No exclusion or review rule matched.,,Default project rule
07_076,"Cricket, bush (katydid), raw",Ruspolia differens,eligible,No exclusion or review rule matched.,,Default project rule
07_044,"Crocodile meat, raw",Crocodylus  spp.,eligible,No exclusion or review rule matched.,,Default project rule
07_045,"Crocodile meat, boiled* (without salt), drained",Crocodylus  spp.,eligible,No exclusion or review rule matched.,,Default project rule
07_110,"Crocodile meat, grilled* (without salt or fat)",Crocodylus  spp.,eligible,No exclusion or review rule matched.,,Default project rule
07_111,"Crocodile meat, stewed* (as part of a recipe)",Crocodylus  spp.,eligible,No exclusion or review rule matched.,,Default project rule
07_136,Fried mopane worms with vegetables (Burkina Faso)*,,eligible,No exclusion or review rule matched.,,Default project rule
07_027,"Game meat, dried, salted",,eligible,No exclusion or review rule matched.,,Default project rule
07_069,"Goat meat, lean, raw",Capra aegagrus hircus,eligible,No exclusion or review rule matched.,,Default project rule
07_113,"Goat meat, lean, boiled* (without salt), drained",Capra aegagrus hircus,eligible,No exclusion or review rule matched.,,Default project rule
07_114,"Goat meat, lean, grilled* (without salt or fat)",Capra aegagrus hircus,eligible,No exclusion or review rule matched.,,Default project rule
07_115,"Goat meat, lean, stewed* (as part of a recipe)",Capra aegagrus hircus,eligible,No exclusion or review rule matched.,,Default project rule
07_046,"Goat meat, moderately fat, ca. 10% fat, raw",Capra aegagrus hircus,eligible,No exclusion or review rule matched.,,Default project rule
07_047,"Goat meat, moderately fat, ca. 10% fat, boiled* (without salt), drained",Capra aegagrus hircus,eligible,No exclusion or review rule matched.,,Default project rule
07_048,"Goat meat, moderately fat, ca. 10% fat, grilled* (without salt or fat)",Capra aegagrus hircus,eligible,No exclusion or review rule matched.,,Default project rule
07_112,"Goat meat, moderately fat, ca. 10% fat, stewed* (as part of a recipe)",Capra aegagrus hircus,eligible,No exclusion or review rule matched.,,Default project rule
07_070,"Guinea fowl meat, raw",Numida meleagris,eligible,No exclusion or review rule matched.,,Default project rule
07_116,"Guinea fowl meat, boiled* (without salt), drained",Numida meleagris,eligible,No exclusion or review rule matched.,,Default project rule
07_117,"Guinea fowl meat, grilled* (without salt or fat)",Numida meleagris,eligible,No exclusion or review rule matched.,,Default project rule
07_118,"Guinea fowl meat, stewed* (as part of a recipe)",Numida meleagris,eligible,No exclusion or review rule matched.,,Default project rule
07_135,Kédjénou (Burkina Faso)*: chicken stew with vegetables,,eligible,No exclusion or review rule matched.,,Default project rule
07_051,"Lamb brain, raw",Ovis aries,eligible,No exclusion or review rule matched.,,Default project rule
07_129,"Lamb brain, boiled* (without salt), drained",Ovis aries,eligible,No exclusion or review rule matched.,,Default project rule
07_130,"Lamb brain, grilled* (without salt or fat)",Ovis aries,eligible,No exclusion or review rule matched.,,Default project rule
07_052,"Lamb brain, stewed* (as part of a recipe)",Ovis aries,eligible,No exclusion or review rule matched.,,Default project rule
07_053,"Lamb liver, raw",Ovis aries,eligible,No exclusion or review rule matched.,,Default project rule
07_054,"Lamb liver, boiled* (without salt), drained",Ovis aries,eligible,No exclusion or review rule matched.,,Default project rule
07_131,"Lamb liver, grilled* (without salt or fat)",Ovis aries,eligible,No exclusion or review rule matched.,,Default project rule
07_132,"Lamb liver, stewed* (as part of a recipe)",Ovis aries,eligible,No exclusion or review rule matched.,,Default project rule
07_072,"Lamb/mutton meat, lean, ca. 10% fat, raw",Ovis aries,eligible,No exclusion or review rule matched.,,Default project rule
07_126,"Lamb/mutton meat, lean, ca. 10% fat, boiled* (without salt), drained",Ovis aries,eligible,No exclusion or review rule matched.,,Default project rule
07_127,"Lamb/mutton meat, lean, ca. 10% fat, grilled* (without salt or fat)",Ovis aries,eligible,No exclusion or review rule matched.,,Default project rule
07_128,"Lamb/mutton meat, lean, ca. 10% fat, stewed* (as part of a recipe)",Ovis aries,eligible,No exclusion or review rule matched.,,Default project rule
07_004,"Lamb/mutton meat, moderately fat, ca. 20% fat, raw",Ovis aries,eligible,No exclusion or review rule matched.,,Default project rule
07_049,"Lamb/mutton meat, moderately fat, ca. 20% fat, boiled* (without salt), drained",Ovis aries,eligible,No exclusion or review rule matched.,,Default project rule
07_050,"Lamb/mutton meat, moderately fat, ca. 20% fat, grilled* (without salt or fat)",Ovis aries,eligible,No exclusion or review rule matched.,,Default project rule
07_125,"Lamb/mutton meat, moderately fat, ca. 20% fat, stewed* (as part of a recipe)",Ovis aries,eligible,No exclusion or review rule matched.,,Default project rule
07_079,"Larvae, fresh, raw",Various species,eligible,No exclusion or review rule matched.,,Default project rule
07_056,"Mopane worm, canned",Gonimbrasia belina,eligible,No exclusion or review rule matched.,,Default project rule
07_067,"Ostrich meat, raw",Struthio camelus,eligible,No exclusion or review rule matched.,,Default project rule
07_099,"Ostrich meat, boiled* (without salt), drained",Struthio camelus,eligible,No exclusion or review rule matched.,,Default project rule
07_100,"Ostrich meat, grilled* (without salt or fat)",Struthio camelus,eligible,No exclusion or review rule matched.,,Default project rule
07_101,"Ostrich meat, stewed* (as part of a recipe)",Struthio camelus,eligible,No exclusion or review rule matched.,,Default project rule
07_005,"Pork meat, fatty, ca. 40% fat, raw",Sus domesticus,eligible,No exclusion or review rule matched.,,Default project rule
07_059,"Pork meat, fatty, ca. 40% fat, boiled* (without salt), drained",Sus domesticus,eligible,No exclusion or review rule matched.,,Default project rule
07_060,"Pork meat, fatty, ca. 40% fat, grilled* (without salt or fat)",Sus domesticus,eligible,No exclusion or review rule matched.,,Default project rule
07_123,"Pork meat, fatty, ca. 40% fat, stewed* (as part of a recipe)",Sus domesticus,eligible,No exclusion or review rule matched.,,Default project rule
07_071,"Pork meat, lean, ca. 10% fat, raw",Sus domesticus,eligible,No exclusion or review rule matched.,,Default project rule
07_119,"Pork meat, lean, ca. 10% fat, boiled* (without salt), drained",Sus domesticus,eligible,No exclusion or review rule matched.,,Default project rule
07_120,"Pork meat, lean, ca. 10% fat, grilled* (without salt or fat)",Sus domesticus,eligible,No exclusion or review rule matched.,,Default project rule
07_121,"Pork meat, lean, ca. 10% fat, stewed* (as part of a recipe)",Sus domesticus,eligible,No exclusion or review rule matched.,,Default project rule
07_006,"Pork meat, moderately fat, ca. 20% fat, raw",Sus domesticus,eligible,No exclusion or review rule matched.,,Default project rule
07_057,"Pork meat, moderately fat, ca. 20% fat, boiled* (without salt), drained",Sus domesticus,eligible,No exclusion or review rule matched.,,Default project rule
07_058,"Pork meat, moderately fat, ca. 20% fat, grilled* (without salt or fat)",Sus domesticus,eligible,No exclusion or review rule matched.,,Default project rule
07_122,"Pork meat, moderately fat, ca. 20% fat, stewed* (as part of a recipe)",Sus domesticus,eligible,No exclusion or review rule matched.,,Default project rule
07_007,"Rabbit meat, raw",Oryctolagus cuniculus,eligible,No exclusion or review rule matched.,,Default project rule
07_124,"Rabbit meat, boiled* (without salt), drained",Oryctolagus cuniculus,eligible,No exclusion or review rule matched.,,Default project rule
07_062,"Rabbit meat, grilled* (without salt or fat)",Oryctolagus cuniculus,eligible,No exclusion or review rule matched.,,Default project rule
07_061,"Rabbit meat, stewed* (as part of a recipe)",Oryctolagus cuniculus,eligible,No exclusion or review rule matched.,,Default project rule
07_063,"Sausage, wiener (beef, pork, chicken) canned",,eligible,No exclusion or review rule matched.,,Default project rule
07_083,"Snail, raw",Achatina spp.,eligible,No exclusion or review rule matched.,,Default project rule
07_084,"Snail, cooked",Achatina spp.,eligible,No exclusion or review rule matched.,,Default project rule
07_066,"Springbok meat, raw",Antidorcas marsupialis,eligible,No exclusion or review rule matched.,,Default project rule
07_096,"Springbok meat, boiled* (without salt), drained",Antidorcas marsupialis,eligible,No exclusion or review rule matched.,,Default project rule
07_097,"Springbok meat, grilled* (without salt or fat)",Antidorcas marsupialis,eligible,No exclusion or review rule matched.,,Default project rule
07_098,"Springbok meat, stewed* (as part of a recipe)",Antidorcas marsupialis,eligible,No exclusion or review rule matched.,,Default project rule
07_082,"Termite, dried, raw",Macrotermes spp.,eligible,No exclusion or review rule matched.,,Default project rule
07_081,"Termite, fresh, raw",Various species,eligible,No exclusion or review rule matched.,,Default project rule
08_005,"Egg, chicken, local breed, raw",Gallus gallus domesticus,eligible,No exclusion or review rule matched.,,Default project rule
08_010,"Egg, chicken, local breed, boiled* (without salt)",Gallus gallus,eligible,No exclusion or review rule matched.,,Default project rule
08_001,"Egg, chicken, raw",Gallus gallus domesticus,eligible,No exclusion or review rule matched.,,Default project rule
08_002,"Egg, chicken, boiled* (without salt)",Gallus gallus domesticus,eligible,No exclusion or review rule matched.,,Default project rule
08_003,"Egg, chicken, fried in oil",Gallus gallus domesticus,eligible,No exclusion or review rule matched.,,Default project rule
08_009,"Egg, duck, raw",Anas platyrhynchos,eligible,No exclusion or review rule matched.,,Default project rule
08_014,"Egg, duck, boiled* (without salt)",Anas platyrhynchos,eligible,No exclusion or review rule matched.,,Default project rule
08_008,"Egg, guinea fowl, raw",Numida meleagris,eligible,No exclusion or review rule matched.,,Default project rule
08_013,"Egg, guinea fowl, boiled* (without salt)",Numida meleagris,eligible,No exclusion or review rule matched.,,Default project rule
08_006,"Egg, quail, raw",Coturnix japonica,eligible,No exclusion or review rule matched.,,Default project rule
08_011,"Egg, quail, boiled* (without salt)",Coturnix japonica,eligible,No exclusion or review rule matched.,,Default project rule
08_007,"Egg, turkey, raw",Meleagris gallopavo,eligible,No exclusion or review rule matched.,,Default project rule
08_012,"Egg, turkey, boiled* (without salt)",Meleagris gallopavo,eligible,No exclusion or review rule matched.,,Default project rule
08_004,"Omelette, from chicken egg",,eligible,No exclusion or review rule matched.,,Default project rule
09_007,"African carp, fillet, raw",Labeo spp.,eligible,No exclusion or review rule matched.,,Default project rule
09_061,"African carp, fillet, boiled* (as part of a recipe)",Labeo spp.,eligible,No exclusion or review rule matched.,,Default project rule
09_009,"African carp, fillet, grilled* (without salt or fat)",Labeo spp.,eligible,No exclusion or review rule matched.,,Default project rule
09_008,"African carp, fillet, steamed* (without salt)",Labeo spp.,eligible,No exclusion or review rule matched.,,Default project rule
09_012,"Anchovy, canned in oil, drained",,eligible,No exclusion or review rule matched.,,Default project rule
09_001,"Anchovy, fillet, raw",Engraulis encrasicolus,eligible,No exclusion or review rule matched.,,Default project rule
09_062,"Anchovy, fillet, boiled* (as part of a recipe)",Engraulis encrasicolus,eligible,No exclusion or review rule matched.,,Default project rule
09_011,"Anchovy, fillet, grilled* (without salt or fat)",Engraulis encrasicolus,eligible,No exclusion or review rule matched.,,Default project rule
09_010,"Anchovy, fillet, steamed* (without salt)",Engraulis encrasicolus,eligible,No exclusion or review rule matched.,,Default project rule
09_048,"Atlantic cod (Northeast Atlantic), fillet, raw",Gadus morhua,eligible,No exclusion or review rule matched.,,Default project rule
09_068,"Atlantic cod (Northeast Atlantic), fillet, boiled* (as part of a recipe)",Gadus morhua,eligible,No exclusion or review rule matched.,,Default project rule
09_067,"Atlantic cod (Northeast Atlantic), fillet, grilled* (without salt or fat)",Gadus morhua,eligible,No exclusion or review rule matched.,,Default project rule
09_066,"Atlantic cod (Northeast Atlantic), fillet, steamed* (without salt)",Gadus morhua,eligible,No exclusion or review rule matched.,,Default project rule
09_049,"Atlantic horse mackerel, wild, fillet without skin, raw",Trachurus trachurus,eligible,No exclusion or review rule matched.,,Default project rule
09_072,"Atlantic horse mackerel, wild, fillet without skin, boiled* (as part of a recipe)",Trachurus trachurus,eligible,No exclusion or review rule matched.,,Default project rule
09_071,"Atlantic horse mackerel, wild, fillet without skin, grilled* (without salt or fat)",Trachurus trachurus,eligible,No exclusion or review rule matched.,,Default project rule
09_070,"Atlantic horse mackerel, wild, fillet without skin, steamed* (without salt)",Trachurus trachurus,eligible,No exclusion or review rule matched.,,Default project rule
09_002,"Barracuda, fillet, raw",Sphyraena spp.,eligible,No exclusion or review rule matched.,,Default project rule
09_063,"Barracuda, fillet, boiled* (as part of a recipe)",Sphyraena spp.,eligible,No exclusion or review rule matched.,,Default project rule
09_014,"Barracuda, fillet, grilled* (without salt or fat)",Sphyraena spp.,eligible,No exclusion or review rule matched.,,Default project rule
09_013,"Barracuda, fillet, steamed* (without salt)",Sphyraena spp.,eligible,No exclusion or review rule matched.,,Default project rule
09_015,"Bayad, fillet, raw",Bagrus spp.,eligible,No exclusion or review rule matched.,,Default project rule
09_064,"Bayad, fillet, boiled* (as part of a recipe)",Bagrus spp.,eligible,No exclusion or review rule matched.,,Default project rule
09_017,"Bayad, fillet, grilled* (without salt or fat)",Bagrus spp.,eligible,No exclusion or review rule matched.,,Default project rule
09_016,"Bayad, fillet, steamed* (without salt)",Bagrus spp.,eligible,No exclusion or review rule matched.,,Default project rule
09_021,"Carp, fillet, raw",Cyprinus carpio ,eligible,No exclusion or review rule matched.,,Default project rule
09_065,"Carp, fillet, boiled* (as part of a recipe)",Cyprinus carpio ,eligible,No exclusion or review rule matched.,,Default project rule
09_023,"Carp, fillet, grilled* (without salt or fat)",Cyprinus carpio ,eligible,No exclusion or review rule matched.,,Default project rule
09_022,"Carp, fillet, steamed* (without salt)",Cyprinus carpio ,eligible,No exclusion or review rule matched.,,Default project rule
09_018,"Catfish, fillet, raw",Synodontis spp.,eligible,No exclusion or review rule matched.,,Default project rule
09_108,"Catfish, fillet, boiled* (as part of a recipe)",Synodontis spp.,eligible,No exclusion or review rule matched.,,Default project rule
09_020,"Catfish, fillet, grilled* (without salt or fat)",Synodontis spp.,eligible,No exclusion or review rule matched.,,Default project rule
09_019,"Catfish, fillet, steamed* (without salt)",Synodontis spp.,eligible,No exclusion or review rule matched.,,Default project rule
09_055,"Crab, flesh (body and claw), raw",Callinectes spp.,eligible,No exclusion or review rule matched.,,Default project rule
09_098,"Crab, flesh (body and claw), boiled* (as part of a recipe)",Callinectes spp.,eligible,No exclusion or review rule matched.,,Default project rule
09_097,"Crab, flesh (body and claw), grilled* (without salt or fat)",Callinectes spp.,eligible,No exclusion or review rule matched.,,Default project rule
09_096,"Crab, flesh (body and claw), steamed* (without salt)",Callinectes spp.,eligible,No exclusion or review rule matched.,,Default project rule
09_053,"Fish, whole, dried",Various species,eligible,No exclusion or review rule matched.,,Default project rule
09_003,"Mackerel, fillet, raw",Scomberomorus spp.,eligible,No exclusion or review rule matched.,,Default project rule
09_069,"Mackerel, fillet, boiled* (as part of a recipe)",Scomberomorus spp.,eligible,No exclusion or review rule matched.,,Default project rule
09_025,"Mackerel, fillet, grilled* (without salt or fat)",Scomberomorus spp.,eligible,No exclusion or review rule matched.,,Default project rule
09_024,"Mackerel, fillet, steamed* (without salt)",Scomberomorus spp.,eligible,No exclusion or review rule matched.,,Default project rule
09_109,"Mackerel, jack, canned in oil, drained",Trachurus symmetricus,eligible,No exclusion or review rule matched.,,Default project rule
09_050,"Mahi mahi, fillet, raw",Coryphaena hippurus,eligible,No exclusion or review rule matched.,,Default project rule
09_075,"Mahi mahi, fillet, boiled* (as part of a recipe)",Coryphaena hippurus,eligible,No exclusion or review rule matched.,,Default project rule
09_074,"Mahi mahi, fillet, grilled* (without salt or fat)",Coryphaena hippurus,eligible,No exclusion or review rule matched.,,Default project rule
09_073,"Mahi mahi, fillet, steamed* (without salt)",Coryphaena hippurus,eligible,No exclusion or review rule matched.,,Default project rule
09_051,"Mola carplet, small whole fish, viscera, fins and scales removed, raw",Amblypharyngodon mola,eligible,No exclusion or review rule matched.,,Default project rule
09_078,"Mola carplet, small whole fish, viscera, fins and scales removed, boiled* (as part of a recipe)",Amblypharyngodon mola,eligible,No exclusion or review rule matched.,,Default project rule
09_077,"Mola carplet, small whole fish, viscera, fins and scales removed, grilled* (without salt or fat)",Amblypharyngodon mola,eligible,No exclusion or review rule matched.,,Default project rule
09_076,"Mola carplet, small whole fish, viscera, fins and scales removed, steamed* (without salt)",Amblypharyngodon mola,eligible,No exclusion or review rule matched.,,Default project rule
09_026,"Mormyrid, fillet, raw",Mormyrus spp.,eligible,No exclusion or review rule matched.,,Default project rule
09_079,"Mormyrid, fillet, boiled* (as part of a recipe)",Mormyrus spp.,eligible,No exclusion or review rule matched.,,Default project rule
09_028,"Mormyrid, fillet, grilled* (without salt or fat)",Mormyrus spp.,eligible,No exclusion or review rule matched.,,Default project rule
09_027,"Mormyrid, fillet, steamed* (without salt)",Mormyrus spp.,eligible,No exclusion or review rule matched.,,Default project rule
09_052,"Mullet, fillet, raw",Mugil cephalus,eligible,No exclusion or review rule matched.,,Default project rule
09_085,"Mullet, fillet, boiled* (as part of a recipe)",Mugil cephalus,eligible,No exclusion or review rule matched.,,Default project rule
09_084,"Mullet, fillet, grilled* (without salt or fat)",Mugil cephalus,eligible,No exclusion or review rule matched.,,Default project rule
09_083,"Mullet, fillet, steamed* (without salt)",Mugil cephalus,eligible,No exclusion or review rule matched.,,Default project rule
09_060,"North African catfish, fillet, raw",Clarias gariepinus,eligible,No exclusion or review rule matched.,,Default project rule
09_082,"North African catfish, fillet, boiled* (as part of a recipe)",Clarias gariepinus,eligible,No exclusion or review rule matched.,,Default project rule
09_081,"North African catfish, fillet, grilled* (without salt or fat)",Clarias gariepinus,eligible,No exclusion or review rule matched.,,Default project rule
09_080,"North African catfish, fillet, steamed* (without salt)",Clarias gariepinus,eligible,No exclusion or review rule matched.,,Default project rule
09_032,"Perch, Nile, fillet, raw",Lates niloticus,eligible,No exclusion or review rule matched.,,Default project rule
09_086,"Perch, Nile, fillet, boiled* (as part of a recipe)",Lates niloticus,eligible,No exclusion or review rule matched.,,Default project rule
09_034,"Perch, Nile, fillet, grilled* (without salt or fat)",Lates niloticus,eligible,No exclusion or review rule matched.,,Default project rule
09_033,"Perch, Nile, fillet, steamed* (without salt)",Lates niloticus,eligible,No exclusion or review rule matched.,,Default project rule
09_037,"Sardine, canned in oil, drained, with bones",Sardinella spp.,eligible,No exclusion or review rule matched.,,Default project rule
09_004,"Sardine, fillet, raw",Sardinella spp.,eligible,No exclusion or review rule matched.,,Default project rule
09_087,"Sardine, fillet, boiled* (as part of a recipe)",Sardinella spp.,eligible,No exclusion or review rule matched.,,Default project rule
09_036,"Sardine, fillet, grilled* (without salt or fat)",Sardinella spp.,eligible,No exclusion or review rule matched.,,Default project rule
09_035,"Sardine, fillet, steamed* (without salt)",Sardinella spp.,eligible,No exclusion or review rule matched.,,Default project rule
09_056,"Sea snail/whelk, flesh, raw",Family: Buccinidae,eligible,No exclusion or review rule matched.,,Default project rule
09_101,"Sea snail/whelk, boiled* (as part of a recipe)",Family: Buccinidae,eligible,No exclusion or review rule matched.,,Default project rule
09_100,"Sea snail/whelk, grilled* (without salt or fat)",Family: Buccinidae,eligible,No exclusion or review rule matched.,,Default project rule
09_099,"Sea snail/whelk, steamed* (without salt)",Family: Buccinidae,eligible,No exclusion or review rule matched.,,Default project rule
09_038,"Shiny-nose, fillet, raw",Polydactylus spp.,eligible,No exclusion or review rule matched.,,Default project rule
09_088,"Shiny-nose, fillet, boiled* (as part of a recipe)",Polydactylus spp.,eligible,No exclusion or review rule matched.,,Default project rule
09_040,"Shiny-nose, fillet, grilled* (without salt or fat)",Polydactylus spp.,eligible,No exclusion or review rule matched.,,Default project rule
09_039,"Shiny-nose, fillet, steamed* (without salt)",Polydactylus spp.,eligible,No exclusion or review rule matched.,,Default project rule
09_057,"Shrimp (crayfish), whole, dried",Families: Palaemonidae/Penaeidae,eligible,No exclusion or review rule matched.,,Default project rule
09_058,"Shrimp, palaemonid, flesh, raw",Family: Palaemonidae,eligible,No exclusion or review rule matched.,,Default project rule
09_104,"Shrimp, palaemonid, flesh, boiled* (as part of a recipe)",Family: Palaemonidae,eligible,No exclusion or review rule matched.,,Default project rule
09_103,"Shrimp, palaemonid, flesh, grilled* (without salt or fat)",Family: Palaemonidae,eligible,No exclusion or review rule matched.,,Default project rule
09_102,"Shrimp, palaemonid, flesh, steamed* (without salt)",Family: Palaemonidae,eligible,No exclusion or review rule matched.,,Default project rule
09_059,"Shrimp, penaeid, flesh, raw",Family: Penaeidae,eligible,No exclusion or review rule matched.,,Default project rule
09_107,"Shrimp, penaeid, flesh, boiled* (as part of a recipe)",Family: Penaeidae,eligible,No exclusion or review rule matched.,,Default project rule
09_106,"Shrimp, penaeid, flesh, grilled* (without salt or fat)",Family: Penaeidae,eligible,No exclusion or review rule matched.,,Default project rule
09_105,"Shrimp, penaeid, flesh, steamed* (without salt)",Family: Penaeidae,eligible,No exclusion or review rule matched.,,Default project rule
09_041,"Tilapia, fillet, raw",Oreochromis spp./Tilappia spp.,eligible,No exclusion or review rule matched.,,Default project rule
09_089,"Tilapia, fillet, boiled* (as part of a recipe)",Oreochromis spp./Tilappia spp.,eligible,No exclusion or review rule matched.,,Default project rule
09_043,"Tilapia, fillet, grilled* (without salt or fat)",Oreochromis spp./Tilappia spp.,eligible,No exclusion or review rule matched.,,Default project rule
09_042,"Tilapia, fillet, steamed* (without salt)",Oreochromis spp./Tilappia spp.,eligible,No exclusion or review rule matched.,,Default project rule
09_110,"Tuna, canned in water, drained",,eligible,No exclusion or review rule matched.,,Default project rule
09_111,"Tuna, canned in oil, drained",,eligible,No exclusion or review rule matched.,,Default project rule
09_005,"Tuna, fillet, raw",Thunnus spp.,eligible,No exclusion or review rule matched.,,Default project rule
09_092,"Tuna, fillet, boiled* (as part of a recipe)",Thunnus spp.,eligible,No exclusion or review rule matched.,,Default project rule
09_091,"Tuna, fillet, grilled* (without salt or fat)",Thunnus spp.,eligible,No exclusion or review rule matched.,,Default project rule
09_090,"Tuna, fillet, steamed* (without salt)",Thunnus spp.,eligible,No exclusion or review rule matched.,,Default project rule
09_054,"Venus clams, flesh, raw",Family: Veneridae,eligible,No exclusion or review rule matched.,,Default project rule
09_095,"Venus clams, flesh, boiled* (as part of a recipe)",Family: Veneridae,eligible,No exclusion or review rule matched.,,Default project rule
09_094,"Venus clams, flesh, steamed* (without salt)",Family: Veneridae,eligible,No exclusion or review rule matched.,,Default project rule
09_006,"White grouper, fillet, raw",Epinephelus spp.,eligible,No exclusion or review rule matched.,,Default project rule
09_093,"White grouper, fillet, boiled* (as part of a recipe)",Epinephelus spp.,eligible,No exclusion or review rule matched.,,Default project rule
09_047,"White grouper, fillet, grilled* (without salt or fat)",Epinephelus spp.,eligible,No exclusion or review rule matched.,,Default project rule
09_046,"White grouper, fillet, steamed* (without salt)",Epinephelus spp.,eligible,No exclusion or review rule matched.,,Default project rule
10_019,"Breastmilk, colostrum",,eligible,No exclusion or review rule matched.,,Default project rule
10_004,"Breastmilk, mature",,eligible,No exclusion or review rule matched.,,Default project rule
10_006,"Cheese, cheddar, from cow’s milk",,eligible,No exclusion or review rule matched.,,Default project rule
10_028,"Cheese, fresh curd, from cow’s milk",,eligible,No exclusion or review rule matched.,,Default project rule
10_008,"Cheese, Gouda, from cow’s milk",,eligible,No exclusion or review rule matched.,,Default project rule
10_007,"Cheese, hard type, from goat’s milk",,eligible,No exclusion or review rule matched.,,Default project rule
10_027,"Cheese, processed, spreadable, shelf-stable (e.g. Laughing Cow)",,eligible,No exclusion or review rule matched.,,Default project rule
10_009,"Cream, from cow’s milk, ca. 38% fat",,eligible,No exclusion or review rule matched.,,Default project rule
10_010,"Cream, from cow’s milk, reduced fat, ca. 18% fat",,eligible,No exclusion or review rule matched.,,Default project rule
10_011,"Infant formula, powder, for 3 months, fortified",,eligible,No exclusion or review rule matched.,,Default project rule
10_012,"Infant formula, powder, for 6 months, fortified",,eligible,No exclusion or review rule matched.,,Default project rule
10_018,"Milk, camel, fresh",Camelus dromedarius ,eligible,No exclusion or review rule matched.,,Default project rule
10_015,"Milk, cow, canned, condensed, sweetened",,eligible,No exclusion or review rule matched.,,Default project rule
10_016,"Milk, cow, canned, evaporated",,eligible,No exclusion or review rule matched.,,Default project rule
10_017,"Milk, cow, powder, skimmed, unfortified",,eligible,No exclusion or review rule matched.,,Default project rule
10_002,"Milk, cow, powder, whole, unfortified",,eligible,No exclusion or review rule matched.,,Default project rule
10_013,"Milk, cow, reduced fat, 1.5–2% fat",Bos taurus,eligible,No exclusion or review rule matched.,,Default project rule
10_014,"Milk, cow, skimmed, 0.5% fat",Bos taurus,eligible,No exclusion or review rule matched.,,Default project rule
10_022,"Milk, cow, whole, fermented",,eligible,No exclusion or review rule matched.,,Default project rule
10_001,"Milk, cow, whole, pasteurized or UHT, 3.5% fat",Bos taurus,eligible,No exclusion or review rule matched.,,Default project rule
10_029,"Milk, cow, whole, raw, 4.5% fat",Bos taurus,eligible,No exclusion or review rule matched.,,Default project rule
10_003,"Milk, goat, fresh",Capra aegagrus hircus,eligible,No exclusion or review rule matched.,,Default project rule
10_024,"Milk, sheep or goat, fermented",,eligible,No exclusion or review rule matched.,,Default project rule
10_023,"Milk, sheep, fresh",,eligible,No exclusion or review rule matched.,,Default project rule
10_026,"Yoghurt, from reduced fat/skimmed cow’s milk, sweetened/with fruit",,eligible,No exclusion or review rule matched.,,Default project rule
10_025,"Yoghurt, plain, from reduced fat/skimmed cow’s milk",,eligible,No exclusion or review rule matched.,,Default project rule
10_005,"Yoghurt, plain, from whole cow’s milk",,eligible,No exclusion or review rule matched.,,Default project rule
11_011,"Butter, from cow’s milk, salted",,eligible,No exclusion or review rule matched.,,Default project rule
11_001,"Butter, from cow’s milk, unsalted",,eligible,No exclusion or review rule matched.,,Default project rule
11_002,"Coconut oil, unfortified",Cocos nucifera,eligible,No exclusion or review rule matched.,,Default project rule
11_018,"Coconut oil, fortified with vitamin A, 600–1000 mcg/100g (Ghana, Nigeria, Sierra Leone)",Cocos nucifera,eligible,No exclusion or review rule matched.,,Default project rule
11_017,"Coconut oil, fortified with vitamin A, 1100–2400 mcg/100g (Benin, Burkina Faso, Côte d’Ivoire, Guinea, Guinea-Bissau, Liberia, Mali, Niger, Senegal, Togo)",Cocos nucifera,eligible,No exclusion or review rule matched.,,Default project rule
11_013,"Corn (maize) oil, unfortified",Zea mays,eligible,No exclusion or review rule matched.,,Default project rule
11_033,"Corn (maize) oil, fortified with vitamin A, 600–1000 mcg/100g (Ghana, Nigeria, Sierra Leone)",Zea mays,eligible,No exclusion or review rule matched.,,Default project rule
11_032,"Corn (maize) oil, fortified with vitamin A, 1100–2400 mcg/100g (Benin, Burkina Faso, Côte d’Ivoire, Guinea, Guinea-Bissau, Liberia, Mali, Niger, Senegal, Togo)",Zea mays,eligible,No exclusion or review rule matched.,,Default project rule
11_005,"Cottonseed oil, yellow brown, unfortified",Gossypium spp.,eligible,No exclusion or review rule matched.,,Default project rule
11_020,"Cottonseed oil, fortified with vitamin A, 600–1000 mcg/100g (Ghana, Nigeria, Sierra Leone)",Gossypium spp.,eligible,No exclusion or review rule matched.,,Default project rule
11_019,"Cottonseed oil, fortified with vitamin A, 1100–2400 mcg/100g (Benin, Burkina Faso, Côte d’Ivoire, Guinea, Guinea-Bissau, Liberia, Mali, Niger, Senegal, Togo)",Gossypium spp.,eligible,No exclusion or review rule matched.,,Default project rule
11_003,"Groundnut oil, unfortified",Arachis hypogaea,eligible,No exclusion or review rule matched.,,Default project rule
11_021,"Groundnut oil, fortified with vitamin A, 1100–2400 mcg/100g (Benin, Burkina Faso, Côte d’Ivoire, Guinea, Guinea-Bissau, Liberia, Mali, Niger, Senegal, Togo)",Arachis hypogaea,eligible,No exclusion or review rule matched.,,Default project rule
11_022,"Groundnut oil, fortified with vitamin A, 600–1000 mcg/100g (Ghana, Nigeria, Sierra Leone)",Arachis hypogaea,eligible,No exclusion or review rule matched.,,Default project rule
11_029,"Margarine, fortified with vitamin A and D (Nigeria)",,eligible,No exclusion or review rule matched.,,Default project rule
11_006,"Margarine, fortified with vitamin A",,eligible,No exclusion or review rule matched.,,Default project rule
11_012,"Palm kernel oil, unfortified",Elaeis guineensis,eligible,No exclusion or review rule matched.,,Default project rule
11_026,"Palm kernel oil, fortified with vitamin A, 600–1000 mcg/100g (Ghana, Nigeria, Sierra Leone)",Elaeis guineensis,eligible,No exclusion or review rule matched.,,Default project rule
11_025,"Palm kernel oil, fortified with vitamin A, 1100–2400 mcg/100g (Benin, Burkina Faso, Côte d’Ivoire, Guinea, Guinea-Bissau, Liberia, Mali, Niger, Senegal, Togo)",Elaeis guineensis,eligible,No exclusion or review rule matched.,,Default project rule
11_004,"Palm oil, red",Elaeis guineensis,eligible,No exclusion or review rule matched.,,Default project rule
11_007,"Palm oil, refined and decoloured, unfortified",Elaeis guineensis,eligible,No exclusion or review rule matched.,,Default project rule
11_024,"Palm oil, refined and decoloured, fortified with vitamin A, 600–1000 mcg/100g (Ghana, Nigeria, Sierra Leone)",Elaeis guineensis,eligible,No exclusion or review rule matched.,,Default project rule
11_023,"Palm oil, refined and decoloured, fortified with vitamin A, 1100–2400 mcg/100g (Benin, Burkina Faso, Côte d’Ivoire, Guinea, Guinea-Bissau, Liberia, Mali, Niger, Senegal, Togo)",Elaeis guineensis,eligible,No exclusion or review rule matched.,,Default project rule
11_008,"Shea butter, white",Butyrospermum parkii,eligible,No exclusion or review rule matched.,,Default project rule
11_009,"Soya oil, unfortified",Glycine max,eligible,No exclusion or review rule matched.,,Default project rule
11_027,"Soya oil, fortified with vitamin A, 1100–2400 mcg/100g (Benin, Burkina Faso, Côte d’Ivoire, Guinea, Guinea-Bissau, Liberia, Mali, Niger, Senegal, Togo)",Glycine max,eligible,No exclusion or review rule matched.,,Default project rule
11_028,"Soya oil, fortified with vitamin A, 600–1000 mcg/100g (Ghana, Nigeria, Sierra Leone)",Glycine max,eligible,No exclusion or review rule matched.,,Default project rule
11_016,"Sunflower oil, unfortified",Helianthus annuus,eligible,No exclusion or review rule matched.,,Default project rule
11_035,"Sunflower oil, fortified with vitamin A, 600–1000 mcg/100g (Ghana, Nigeria, Sierra Leone)",Helianthus annuus,eligible,No exclusion or review rule matched.,,Default project rule
11_034,"Sunflower oil, fortified with vitamin A, 1100–2400 mcg/100g (Benin, Burkina Faso, Côte d’Ivoire, Guinea, Guinea-Bissau, Liberia, Mali, Niger, Senegal, Togo)",Helianthus annuus,eligible,No exclusion or review rule matched.,,Default project rule
11_015,"Oil, from cow’s milk butter (ghee)",,eligible,No exclusion or review rule matched.,,Default project rule
11_014,Olive oil,Olea europaea,eligible,No exclusion or review rule matched.,,Default project rule
11_010,"Vegetable oil, unfortified",,eligible,No exclusion or review rule matched.,,Default project rule
11_031,"Vegetable oil, fortified with vitamin A, 600–1000 mcg/100g (Ghana, Nigeria, Sierra Leone)",,eligible,No exclusion or review rule matched.,,Default project rule
11_030,"Vegetable oil, fortified with vitamin A, 1100–2400 mcg/100g (Benin, Burkina Faso, Côte d’Ivoire, Guinea, Guinea-Bissau, Liberia, Mali, Niger, Senegal, Togo)",,eligible,No exclusion or review rule matched.,,Default project rule
12_001,"Beer, European (4.6% v/v alcohol)",,eligible,No exclusion or review rule matched.,,Default project rule
12_020,"Beer, European (>6% v/v alcohol)",,eligible,No exclusion or review rule matched.,,Default project rule
12_002,"Beer, maize (ca. 3% v/v alcohol)",,eligible,No exclusion or review rule matched.,,Default project rule
12_003,"Beer, millet (ca. 3% v/v alcohol)",,eligible,No exclusion or review rule matched.,,Default project rule
12_004,"Beer, sorghum (ca. 3% v/v alcohol)",,eligible,No exclusion or review rule matched.,,Default project rule
12_024,"Carbonated drink (e.g. Coca-Cola, Sprite)",,eligible,No exclusion or review rule matched.,,Default project rule
12_023,Coconut water,Cocos nucifera,eligible,No exclusion or review rule matched.,,Default project rule
12_005,"Coffee, instant, powder",,eligible,No exclusion or review rule matched.,,Default project rule
12_009,"Coffee, liquid",,eligible,No exclusion or review rule matched.,,Default project rule
12_012,"Juice, canned or bottled, sweetened (e.g. apple)",,eligible,No exclusion or review rule matched.,,Default project rule
12_013,"Juice, canned or bottled, unsweetened (e.g. grapefruit)",,eligible,No exclusion or review rule matched.,,Default project rule
12_010,"Juice, lemon, fresh, unsweetened",,eligible,No exclusion or review rule matched.,,Default project rule
12_011,"Juice, orange, fresh, unsweetened",,eligible,No exclusion or review rule matched.,,Default project rule
12_016,"Ovaltine beverage with reduced fat milk, without sugar, fortified*",,exclude,Beverage powder/product outside core food-prioritization candidate set.,E007,Project food-candidate eligibility rule; WAFCT food name
12_017,"Ovaltine beverage with skimmed milk, without sugar, fortified*",,exclude,Beverage powder/product outside core food-prioritization candidate set.,E007,Project food-candidate eligibility rule; WAFCT food name
12_015,"Ovaltine beverage with whole milk, without sugar, fortified*",,exclude,Beverage powder/product outside core food-prioritization candidate set.,E007,Project food-candidate eligibility rule; WAFCT food name
12_014,"Nectar, mango, canned",,eligible,No exclusion or review rule matched.,,Default project rule
12_006,Palm wine (ca. 3.8% v/v alcohol),,eligible,No exclusion or review rule matched.,,Default project rule
12_007,"Sap, palm, fresh (0.3% v/v alcohol)",,eligible,No exclusion or review rule matched.,,Default project rule
12_025,"Soybean milk, fluid, from soybeans only, unfortified",Glycine max,eligible,No exclusion or review rule matched.,,Default project rule
12_008,"Tea, infusion",,eligible,No exclusion or review rule matched.,,Default project rule
12_019,"Water, tap",,eligible,No exclusion or review rule matched.,,Default project rule
12_021,"Water with fresh lemon juice, unsweetened*",,eligible,No exclusion or review rule matched.,,Default project rule
12_022,"Water with fresh lemon juice, sweetened*",,eligible,No exclusion or review rule matched.,,Default project rule
13_016,"Allspice, ground",Pimenta dioica,exclude,"Condiments, spices, additives, sweeteners, or minor-use ingredients; per-100g ranking would overstate relevance.",E006,Project food-candidate eligibility rule; WAFCT code group 13 and food names
13_004,Anis seed,Pimpinella anisum,exclude,"Condiments, spices, additives, sweeteners, or minor-use ingredients; per-100g ranking would overstate relevance.",E006,Project food-candidate eligibility rule; WAFCT code group 13 and food names
13_019,Baking soda (sodium bicarbonate),,exclude,"Leavening/processing agent, not a standalone food recommendation.",E002,Project food-candidate eligibility rule; WAFCT food name
13_020,"Calabash nutmeg, seed, dried",Monodora myristica,exclude,"Condiments, spices, additives, sweeteners, or minor-use ingredients; per-100g ranking would overstate relevance.",E006,Project food-candidate eligibility rule; WAFCT code group 13 and food names
13_006,"Chilli pepper, dried",Capsicum spp.,exclude,"Condiments, spices, additives, sweeteners, or minor-use ingredients; per-100g ranking would overstate relevance.",E006,Project food-candidate eligibility rule; WAFCT code group 13 and food names
13_007,"Cinnamon, ground",Cinnamomum verum,exclude,"Condiments, spices, additives, sweeteners, or minor-use ingredients; per-100g ranking would overstate relevance.",E006,Project food-candidate eligibility rule; WAFCT code group 13 and food names
13_008,"Cube, beef, dry",,exclude,Seasoning cube/condiment used in small amounts.,E004,Project food-candidate eligibility rule; WAFCT food name
13_009,"Cumin, seed",Cuminum cyminum,exclude,"Condiments, spices, additives, sweeteners, or minor-use ingredients; per-100g ranking would overstate relevance.",E006,Project food-candidate eligibility rule; WAFCT code group 13 and food names
13_022,Curry powder,,exclude,"Condiments, spices, additives, sweeteners, or minor-use ingredients; per-100g ranking would overstate relevance.",E006,Project food-candidate eligibility rule; WAFCT code group 13 and food names
13_011,"Ginger, root, dried",Zingiber officinale,exclude,"Condiments, spices, additives, sweeteners, or minor-use ingredients; per-100g ranking would overstate relevance.",E006,Project food-candidate eligibility rule; WAFCT code group 13 and food names
13_001,Honey,,exclude,"Condiments, spices, additives, sweeteners, or minor-use ingredients; per-100g ranking would overstate relevance.",E006,Project food-candidate eligibility rule; WAFCT code group 13 and food names
13_023,Jam or marmalade,,exclude,"Condiments, spices, additives, sweeteners, or minor-use ingredients; per-100g ranking would overstate relevance.",E006,Project food-candidate eligibility rule; WAFCT code group 13 and food names
13_013,"Mustard, prepared, yellow",,exclude,"Condiments, spices, additives, sweeteners, or minor-use ingredients; per-100g ranking would overstate relevance.",E006,Project food-candidate eligibility rule; WAFCT code group 13 and food names
13_012,"Mustard, powder",Brassica nigra,exclude,"Condiments, spices, additives, sweeteners, or minor-use ingredients; per-100g ranking would overstate relevance.",E006,Project food-candidate eligibility rule; WAFCT code group 13 and food names
13_014,"Pepper, black",Piper nigrum,exclude,"Condiments, spices, additives, sweeteners, or minor-use ingredients; per-100g ranking would overstate relevance.",E006,Project food-candidate eligibility rule; WAFCT code group 13 and food names
13_024,"Potash, solid",,exclude,Culinary additive/caustic compound; not a standalone food recommendation.,E001,MedlinePlus potassium carbonate/hydroxide; WAFCT food name
13_015,Salt,,exclude,"Seasoning used in small amounts, not a standalone food recommendation.",E003,Project food-candidate eligibility rule; WAFCT food name
13_002,"Sugar, white",,exclude,"Condiments, spices, additives, sweeteners, or minor-use ingredients; per-100g ranking would overstate relevance.",E006,Project food-candidate eligibility rule; WAFCT code group 13 and food names
13_027,"Sugar, white, fortified with vitamin A (Nigeria)",,exclude,"Condiments, spices, additives, sweeteners, or minor-use ingredients; per-100g ranking would overstate relevance.",E006,Project food-candidate eligibility rule; WAFCT code group 13 and food names
13_021,"Sweets, chocolate, milk",,exclude,"Condiments, spices, additives, sweeteners, or minor-use ingredients; per-100g ranking would overstate relevance.",E006,Project food-candidate eligibility rule; WAFCT code group 13 and food names
13_028,"Ovaltine powder, fortified",,exclude,"Condiments, spices, additives, sweeteners, or minor-use ingredients; per-100g ranking would overstate relevance.",E006,Project food-candidate eligibility rule; WAFCT code group 13 and food names
13_026,"Uda (Ethiopian pepper), fruit/seed, dried",Xylopia aethiopica,exclude,"Condiments, spices, additives, sweeteners, or minor-use ingredients; per-100g ranking would overstate relevance.",E006,Project food-candidate eligibility rule; WAFCT code group 13 and food names
13_003,Vinegar,,exclude,"Condiment used in small amounts, not a standalone food recommendation.",E005,Project food-candidate eligibility rule; WAFCT food name
13_017,"Yeast, dried",,manual_review,Ambiguous nutrient-dense ingredient/condiment; review before allowing into TOPSIS.,R001,Project food-candidate eligibility rule; WAFCT food name
13_018,"Yeast extract, Marmite",,manual_review,Ambiguous nutrient-dense ingredient/condiment; review before allowing into TOPSIS.,R001,Project food-candidate eligibility rule; WAFCT food name
14_021,"Babenda-1 (Burkina Faso)*: sauce from green leaves (amaranth, tchénébdo and hibiscus), groundnut powder, rice and onion",,eligible,No exclusion or review rule matched.,,Default project rule
14_030,"Babenda-2 (Burkina Faso)*: sauce from green leaves (amaranth, hibiscus and spider plant), rice and groundnut powder",,eligible,No exclusion or review rule matched.,,Default project rule
14_025,"Banakou vand zéédo (Burkina Faso)*: cassava leaf sauce with fish, vegetables and red palm oil",,eligible,No exclusion or review rule matched.,,Default project rule
14_029,"Bengedo (Burkina Faso)*: cowpea leaf sauce with fish, vegetables, groundnut paste and fermented African locust beans",,eligible,No exclusion or review rule matched.,,Default project rule
14_014,"Bite zindo (Burkina Faso)*: hibiscus leaf sauce with fish, fermented African locust beans and tomatoes",,eligible,No exclusion or review rule matched.,,Default project rule
14_015,"Blouvank koèég zéédo (Burkina Faso)*: jute mallow leaf sauce with lamb, vegetables, fermented African locust beans and red palm oil",,eligible,No exclusion or review rule matched.,,Default project rule
14_016,"Blouvank zéédo (Burkina Faso)*: jute mallow leaf sauce with fish, vegetables and red palm oil",,eligible,No exclusion or review rule matched.,,Default project rule
14_012,"Clear sauce with fish, red palm oil and vegetables (Burkina Faso)*",,eligible,No exclusion or review rule matched.,,Default project rule
14_027,Curry sauce with beef meat and vegetables (Burkina Faso)*,,eligible,No exclusion or review rule matched.,,Default project rule
14_003,"Éindo tomate ne ziim zéindo (Burkina Faso)*: sauce with fish, tomato and fermented African locust beans",,eligible,No exclusion or review rule matched.,,Default project rule
14_004,Epinard zéédo (Burkina Faso)*: spinach sauce with fish and vegetables,,eligible,No exclusion or review rule matched.,,Default project rule
14_001,Fish and vegetable soup for children (Burkina Faso)*,,eligible,No exclusion or review rule matched.,,Default project rule
14_008,Groundnut sauce with fish and vegetables (Burkina Faso)*,,eligible,No exclusion or review rule matched.,,Default project rule
14_026,Intro sauce with fish and vegetables (Burkina Faso)*,,eligible,No exclusion or review rule matched.,,Default project rule
14_031,"Katre nagouri vând koèng zéindo (Burkina Faso)*: dried sicklepod leaf sauce with vegetables, shea butter, groundnut paste and fermented African locust beans",,eligible,No exclusion or review rule matched.,,Default project rule
14_032,"Katre nagouri vând maasse zéindo (Burkina Faso)*: fresh sicklepod leaf sauce with vegetables, shea butter, groundnut paste and fermented African locust beans",,eligible,No exclusion or review rule matched.,,Default project rule
14_013,Koum péèleg zindo (Burkina Faso)*: white eggplant sauce with lamb and vegetables,,eligible,No exclusion or review rule matched.,,Default project rule
14_011,Koum vând zéédo (Burkina Faso)*: wild eggplant leaf sauce with fish and vegetables,,eligible,No exclusion or review rule matched.,,Default project rule
14_007,Koum zindo (Burkina Faso)*: eggplant sauce with fish and vegetables,,eligible,No exclusion or review rule matched.,,Default project rule
14_018,"Maân koèg zéindo-1 (Burkina Faso)*: djoumblé (dried okra) sauce with beef, vegetables and red palm oil",,eligible,No exclusion or review rule matched.,,Default project rule
14_017,"Maân koèg zéindo-2 (Burkina Faso)*: dried okra sauce with lamb, vegetables and fermented African locust beans",,eligible,No exclusion or review rule matched.,,Default project rule
14_019,"Maân mâass zéindo (Burkina Faso)*: fresh okra sauce with fish, vegetables, red palm oil and fermented African locust beans",,eligible,No exclusion or review rule matched.,,Default project rule
14_009,"Nayoungn vand zindo (Burkina Faso)*: sweet potato leaf sauce, fish, red palm oil and vegetables",,eligible,No exclusion or review rule matched.,,Default project rule
14_002,"Pésgo né tomate zéindo (Burkina Faso)*: sauce with lamb, tomato and vegetables",,eligible,No exclusion or review rule matched.,,Default project rule
14_006,"Siikam zéédo (Burkina Faso)*: groundnut sauce with vegetables, fish and fermented African locust beans",,eligible,No exclusion or review rule matched.,,Default project rule
14_028,Siné zindo (Burkina Faso)*: sesame sauce with fish and vegetables,,eligible,No exclusion or review rule matched.,,Default project rule
14_033,"Soup from chicken, beer yeast, vegetables and fermented African locust beans (Burkina Faso)*",,eligible,No exclusion or review rule matched.,,Default project rule
14_034,Soup with cabbage and vegetables (Burkina Faso)*,,eligible,No exclusion or review rule matched.,,Default project rule
14_005,Téi kam zéédo (Burkina Faso)*: red palm oil sauce with fish and vegetables,,eligible,No exclusion or review rule matched.,,Default project rule
14_024,"Téi né maane zéindo (Burkina Faso)*: oil palm fruit sauce with okra powder, fish and vegetables",,eligible,No exclusion or review rule matched.,,Default project rule
14_023,Téi zéindo (Burkina Faso)*: simple oil palm fruit sauce with fish and vegetables,,eligible,No exclusion or review rule matched.,,Default project rule
14_020,"Toeg koing zéédo (Burkina Faso)*: dried baobab leaf sauce with fish, vegetables and fermented African locust beans",,eligible,No exclusion or review rule matched.,,Default project rule
14_022,"Toeg maas zéédo (Burkina Faso)*: fresh baobab leaf sauce with fish, vegetables and fermented African locust beans",,eligible,No exclusion or review rule matched.,,Default project rule
14_010,"Yassa sauce with lamb, onion and mustard (Burkina Faso)*",,eligible,No exclusion or review rule matched.,,Default project rule
