Code,Food name in English,topsis_score,distance_to_ideal,distance_to_worst,rank
04_007,"Carrot, boiled* (without salt), drained",0.7903982376382545,0.05059959939583375,0.1908086732526823,1.0
04_043,"Onion, fresh, boiled* (without salt), drained",0.780830759710783,0.051677297778644514,0.18410988526971966,2.0
04_075,"Jute mallow (bush-okra), leaves, dried",0.613207505315616,0.07923307329584979,0.1256133867175551,3.0
06_039,"Benniseed, dried, raw",0.6015414379402395,0.08233375381015626,0.12429690154468567,4.0
04_031,"Cowpea, leaves, dried",0.5134928781666108,0.09845607922146266,0.10391727730913349,5.0
01_001,"Fonio, white, whole grains, raw",0.42922558650332077,0.11558343817998187,0.08691939910015198,6.0
09_057,"Shrimp (crayfish), whole, dried",0.38437319753426824,0.12456744271180055,0.07777501900831676,7.0
04_069,"Turnip, boiled* (without salt), drained",0.3081468167358141,0.13939169660358466,0.06208413667354227,8.0
07_018,"Beef liver, boiled* (without salt), drained",0.281408355150101,0.15109248382154522,0.05916947080096607,9.0
04_055,"Pumpkin, leaves, dried",0.27044579532555746,0.14675792639723317,0.05440317370597666,10.0
07_089,"Beef liver, stewed* (as part of a recipe)",0.2698433473166242,0.15406791750588716,0.0569387437902566,11.0
07_054,"Lamb liver, boiled* (without salt), drained",0.264291952564937,0.1501376924281965,0.053934687847687804,12.0
07_132,"Lamb liver, stewed* (as part of a recipe)",0.25001221516744,0.15341087795085667,0.051140290819321,13.0
04_071,"Sicklepod, leaves, dried",0.24703418952189576,0.15066525601886543,0.04943049059039802,14.0
07_088,"Beef liver, grilled* (without salt or fat)",0.2452916689323232,0.15878567239996977,0.051607754919611545,15.0
07_108,"Chicken liver, boiled* (without salt), drained",0.23819470827432784,0.1540458595776573,0.048165730773344836,16.0
01_024,"Pearl millet, IKMP 6 variety, whole grains, raw (Burkina Faso), n=1",0.23256637421685378,0.1537836818445537,0.0466032658704639,17.0
01_021,"Pearl millet, IKMP 3 variety, whole grains, raw (Burkina Faso), n=1",0.23241708386300644,0.1538166013088872,0.04657425950260452,18.0
01_023,"Pearl millet, IKMP 5 variety, whole grains, raw (Burkina Faso), n=1",0.23239034211518236,0.15382279754736217,0.04656915423087326,19.0
01_022,"Pearl millet, IKMP 4 variety, whole grains, raw (Burkina Faso), n=1",0.2322199500009485,0.15386356519862496,0.04653701202243599,20.0
01_025,"Pearl millet, IKMP 7 variety, whole grains, raw (Burkina Faso), n=1",0.23203237613829902,0.1539126131215973,0.046502884015707235,21.0
01_032,"Pearl millet, combined varieties, whole grains, raw (Burkina Faso)",0.23194241386851755,0.15393799732069663,0.046487075096131564,22.0
01_027,"Pearl millet, IKMP 9 variety, whole grains, raw (Burkina Faso), n=1",0.23190474667906374,0.1539489668981239,0.04648055825843738,23.0
01_030,"Pearl millet, IKMP 12 variety, whole grains, raw (Burkina Faso), n=1",0.231889396094073,0.15395348507373244,0.0464779167203087,24.0
01_018,"Pearl millet, IKMV 8201 variety, whole grains, raw (Burkina Faso), n=1",0.23185247197832112,0.15396472781377957,0.0464716756077183,25.0
01_031,"Pearl millet, IKMP 13 variety, whole grains, raw (Burkina Faso), n=1",0.23185105213457516,0.15396498342390147,0.04647138227281394,26.0
01_017,"Pearl millet, whole grains (with bran), raw",0.23182833367610214,0.15397237564200061,0.04646768533921047,27.0
01_019,"Pearl millet, IKMP 1 variety, whole grains, raw (Burkina Faso), n=1",0.23174150730211004,0.15399980123090667,0.04645330497571169,28.0
01_020,"Pearl millet, IKMP 2 variety, whole grains, raw (Burkina Faso), n=1",0.2316969495965295,0.15401480564822112,0.046446204583797376,29.0
01_026,"Pearl millet, IKMP 8 variety, whole grains, raw (Burkina Faso), n=1",0.23166135839414237,0.15402681983161126,0.04644054116130876,30.0
01_028,"Pearl millet, IKMP 10 variety, whole grains, raw (Burkina Faso), n=1",0.23165546501153833,0.15402948083883752,0.046439805821931926,31.0
01_029,"Pearl millet, IKMP 11 variety, whole grains, raw (Burkina Faso), n=1",0.23161037055126849,0.15404541354430834,0.046432843371815954,32.0
07_131,"Lamb liver, grilled* (without salt or fat)",0.22607165684802003,0.15822828690069382,0.046219952139469854,33.0
07_042,"Chicken liver, stewed* (as part of a recipe)",0.2234466569854615,0.15700889097124546,0.04517798052137519,34.0
03_009,"African locust bean, dry, raw",0.22235734526873835,0.1561693929097854,0.044654715643975114,35.0
04_014,"False sesame, leaves, dried",0.22141306882337145,0.15589577877839875,0.044333344696360126,36.0
07_001,"Beef liver, raw",0.2185806573913601,0.1639342513534406,0.0458561165253133,37.0
07_109,"Chicken liver, grilled* (without salt or fat)",0.20754075527365998,0.16154220138906436,0.042307021727576465,38.0
07_053,"Lamb liver, raw",0.19904618594489792,0.16376332383489714,0.04069705947458411,39.0
04_062,"Tamarind, leaves, dried",0.196630778069049,0.16117279760887884,0.03944827824151206,40.0
01_125,"Fonio, white, whole grains, boiled* (as part of a recipe)",0.19032493101396813,0.162558777866238,0.03821161027207133,41.0
01_003,"Fonio, white, whole grains, boiled* (without salt), drained",0.19029757527569555,0.16257226075012016,0.038207996028133136,42.0
07_041,"Chicken liver, raw",0.18350754524069166,0.16644341295533038,0.03740833360415962,43.0
07_027,"Game meat, dried, salted",0.18005321573429442,0.16800178565416443,0.03689173777689165,44.0
06_015,"Sesame seed, whole, dried, raw",0.17818103613149203,0.1648673821364495,0.03574539194748911,45.0
04_101,"Moringa (drumstick), leaves, fresh, boiled* (as part of a recipe)",0.17514505226389562,0.16534032864243606,0.03510743383535336,46.0
04_011,"Moringa (drumstick), leaves, fresh, raw",0.17008154350174912,0.16693708417860867,0.03421169480261947,47.0
03_057,"Ground bean, dry, raw",0.16796085371171385,0.16763445164240695,0.03383978474445257,48.0
01_073,"Wheat, bran, raw",0.1662974005911382,0.1678999844080349,0.03349075675924065,49.0
09_095,"Venus clams, flesh, boiled* (as part of a recipe)",0.16469665008060116,0.166868846554612,0.032901508216159274,50.0
07_115,"Goat meat, lean, stewed* (as part of a recipe)",0.16373382764934774,0.16899487161214652,0.03308776331869197,51.0
01_002,"Fonio, black, whole grains, raw",0.16123815076924505,0.16845866091958436,0.032383402979818225,52.0
09_053,"Fish, whole, dried",0.1603855529486511,0.1744375033839047,0.03332155078258048,53.0
11_025,"Palm kernel oil, fortified with vitamin A, 1100–2400 mcg/100g (Benin, Burkina Faso, Côte d’Ivoire, Guinea, Guinea-Bissau, Liberia, Mali, Niger, Senegal, Togo)",0.16037515971380842,0.16843786201375785,0.03217299885160758,54.0
07_040,"Chicken giblets, stewed* (as part of a recipe)",0.15972245784835556,0.16907979159683786,0.032139190364629484,55.0
11_026,"Palm kernel oil, fortified with vitamin A, 600–1000 mcg/100g (Ghana, Nigeria, Sierra Leone)",0.15969750402786936,0.16876816303965628,0.03207399064740551,56.0
11_012,"Palm kernel oil, unfortified",0.1593588806323483,0.16905668346205213,0.032047782602158716,57.0
07_107,"Chicken giblets, grilled* (without salt or fat)",0.15505509385773794,0.170437949261624,0.031276917616249844,58.0
07_106,"Chicken giblets, boiled* (without salt), drained",0.1547049930723146,0.17013668141437915,0.03113823446707035,59.0
01_041,"Sorghum, whole grains, red, raw",0.1535912735762839,0.16999733151931964,0.030848106638672837,60.0
03_022,"Bean, white, dry, raw",0.15148513782198056,0.17102929031204264,0.030533814750176632,61.0
06_038,"Pumpkin seed, kernel only, dried, raw",0.1504329594989574,0.17260128570970756,0.030562534779272132,62.0
01_175,Pigri (Burkina Faso)*: steamed pearl millet balls,0.14934379178996413,0.17078071343289195,0.0299827816014315,63.0
06_036,"Melon seed, small, elongated, kernel only, dried, raw",0.14877759220405984,0.17107683687442188,0.02990099842174831,64.0
01_088,"Wheat flour, white, fortified with iron, zinc, folic acid and vitamins B1, B2, B3, B12 (Liberia)",0.1485995435682258,0.17336745221929928,0.030258762577300185,65.0
06_035,"Melon seed (citrullus spp.), kernel only, dried, raw",0.14615815187789277,0.17178990925486315,0.029406494543672168,66.0
01_090,"Wheat flour, white, fortified with iron, zinc, folic acid and vitamins B1, B2, B3, B12 (Guinea)",0.14305737225647377,0.17342911089365973,0.028952128268555467,67.0
07_113,"Goat meat, lean, boiled* (without salt), drained",0.14284732523195517,0.1733442081209835,0.028888385002397224,68.0
01_086,"Wheat flour, white, fortified with iron, zinc, folic acid and vitamins B1, B2, B3, B12 (Côte d’Ivoire, Mali, Niger, Senegal)",0.14196613858894533,0.1734654663045068,0.028700758253623344,69.0
04_085,"Mint, leaves, raw",0.1412040663424131,0.17251741840089457,0.02836548246025402,70.0
06_024,"Groundnut, Manipintar variety, shelled, dried, raw (Ghana), n=1",0.14108852509687111,0.1731124088526385,0.028436195294445157,71.0
01_085,"Wheat flour, white, fortified with iron and folic acid (Cabo Verde)",0.13966095121166322,0.17369353399836332,0.028196098051914486,72.0
01_087,"Wheat flour, white, fortified with iron, zinc, folic acid and vitamins A, B1, B2, B3, B12 (Ghana, Sierra Leone)",0.1373005372346532,0.17407447338285945,0.027704339397284238,73.0
09_094,"Venus clams, flesh, steamed* (without salt)",0.13681078811171643,0.17277736434586555,0.027384271094298977,74.0
07_114,"Goat meat, lean, grilled* (without salt or fat)",0.1347777373140753,0.1750495486031498,0.02726788606356856,75.0
04_033,"Moringa (drumstick), leaves, fresh, boiled* (without salt), drained",0.13447106222534108,0.1739103926747848,0.027019218207922045,76.0
04_100,"Hibiscus cannabinus, leaves, fresh, boiled* (as part of a recipe)",0.13438529851899,0.17404685336191764,0.027020495730160958,77.0
06_029,"Oil palm, nut (kernel), shelled, raw",0.1333133090949828,0.1743022029287955,0.02681107682721935,78.0
06_020,"Groundnut, Sinkarzie variety, shelled, dried, raw (Ghana), n=1",0.13025415992805028,0.17542840127530976,0.026272363698510003,79.0
03_051,"Sweet dattock, whole, raw",0.13014303857930318,0.17513515315452133,0.02620272298143699,80.0
06_001,"Cashew nut, raw",0.13002122252513548,0.17552181832540603,0.026232319671916804,81.0
09_077,"Mola carplet, small whole fish, viscera, fins and scales removed, grilled* (without salt or fat)",0.1299648298197171,0.1762642769201003,0.02633015024952319,82.0
04_107,"Jute mallow (bush-okra), leaves, fresh, boiled* (as part of a recipe)",0.12988719331767376,0.17502654101137188,0.026127309003472435,83.0
04_086,"Amaranth, leaves, fresh, boiled* (as part of a recipe)",0.12971722938367422,0.175104373832994,0.026099625309706238,84.0
04_073,"Hibiscus cannabinus, leaves, fresh, raw",0.12942547793664297,0.1751132663553245,0.026033518804763654,85.0
03_027,"Cowpea, brown, dry, raw",0.12923732067317759,0.17655745873369588,0.02620439926209078,86.0
03_006,"Cowpea, white, dry, raw",0.12765148443669955,0.1768674095759679,0.025881155269997982,87.0
04_096,"Spider plant, leaves, fresh, boiled* (as part of a recipe)",0.12762491784637484,0.17560194911603924,0.025689849226632536,88.0
04_077,"Okra, fruit, dried",0.12615795755855297,0.1776890456926099,0.02565324852358558,89.0
09_078,"Mola carplet, small whole fish, viscera, fins and scales removed, boiled* (as part of a recipe)",0.12584860768318654,0.17672574821182138,0.025442605880065396,90.0
04_038,"Jute mallow (bush-okra), leaves, fresh, raw",0.12424402909324211,0.1763373452815535,0.025017085792406274,91.0
04_023,"Amaranth, leaves, fresh, raw",0.1238639950063976,0.17643833851182283,0.02494402393670044,92.0
03_030,"Lentil, dry, raw",0.1238194239606166,0.17719379081091371,0.025040538112339014,93.0
06_022,"Groundnut, JL 24 variety, shelled, dried, raw (Ghana), n=1",0.12376356477611754,0.17728274263971724,0.02504020983420115,94.0
08_008,"Egg, guinea fowl, raw",0.1235690813519607,0.17617300559569474,0.024838850384300656,95.0
04_072,"Spider plant, leaves, fresh, raw",0.12328779054880601,0.1768549754467974,0.024870258375947488,96.0
07_039,"Chicken giblets, raw",0.12241414634269766,0.1774035205130167,0.024745955545302775,97.0
03_004,"Cowpea, dry, raw",0.12180129329125171,0.17829239844228975,0.024728167496006304,98.0
06_013,"Melon seed, kernel only, dried, raw",0.12159830004041379,0.17833531619570941,0.024687191848064092,99.0
07_020,"Beef kidney, stewed* (as part of a recipe)",0.12129796610376686,0.1776322623863554,0.024520749139884203,100.0
09_100,"Sea snail/whelk, grilled* (without salt or fat)",0.12080407746807256,0.17863697927833927,0.02454524063448361,101.0
01_039,"Sorghum, whole grains, raw",0.11938064501610665,0.17751372021296338,0.024064543094921932,102.0
08_013,"Egg, guinea fowl, boiled* (without salt)",0.11853594548041692,0.17733481498842937,0.02384731385638288,103.0
07_090,"Beef kidney, boiled* (without salt), drained",0.117963721475061,0.17854011516724436,0.023877993377931825,104.0
06_037,"Melon seed, small, flat, kernel only, dried, raw",0.11729174515625812,0.17898636016540617,0.02378319498856773,105.0
06_025,"Groundnut, combined varieties, shelled, dried, raw (Ghana)",0.1167905301475269,0.17875668501670725,0.023637753809413888,106.0
03_005,"Cowpea, black, dry, raw",0.1167277539139522,0.17947117581844924,0.023717791811543827,107.0
03_142,"Porridge of cowpeas, yam and potash (Burkina Faso)*",0.11647304961844578,0.17742436088366678,0.0233893899668822,108.0
07_091,"Beef kidney, grilled* (without salt or fat)",0.11626512670723291,0.17878865425064833,0.023521630942112796,109.0
09_101,"Sea snail/whelk, boiled* (as part of a recipe)",0.1160112040406221,0.17907085058350528,0.023500552359631294,110.0
07_093,"Camel meat, boiled* (without salt), drained",0.1151234513534281,0.18111902557802287,0.023563792443368186,111.0
02_026,"Tiger nut, tuber, dried",0.11435424047343219,0.1786336621983965,0.02306510988615251,112.0
04_094,"Sicklepod, leaves, fresh, boiled* (as part of a recipe)",0.11333583140215492,0.17863600457595935,0.022833741132216888,113.0
01_180,"Gnon (Burkina Faso)*: steamed balls of cowpea leaves with groundnut flour, potash and pearl millet",0.1132679809954731,0.17768456625864668,0.022696791863642544,114.0
09_054,"Venus clams, flesh, raw",0.1128999010460611,0.17807993704373296,0.022663966889682613,115.0
01_089,"Wheat flour, white, fortified with iron and vitamins A, B1, B2, B3 (Nigeria)",0.11230617965565809,0.17903554986355036,0.022650601104698315,116.0
01_132,"Pearl millet, combined varieties, whole grains (Burkina Faso), boiled* (as part of a recipe)",0.11182897097668605,0.17922762043715174,0.02256641987762993,117.0
01_129,"Pearl millet, whole grains, boiled* (as part of a recipe)",0.11178725119397025,0.179241984915214,0.02255874937525647,118.0
01_033,"Pearl millet, whole grains, boiled* (without salt), drained",0.11175245701891816,0.17925754911276762,0.022552802662768337,119.0
03_154,Boussan touba (Burkina Faso)*: fried cowpea pancakes,0.11123509506009956,0.17819797256813502,0.02230271279610652,120.0
09_076,"Mola carplet, small whole fish, viscera, fins and scales removed, steamed* (without salt)",0.11010919186524894,0.1806692318135307,0.022354813565948033,121.0
03_153,Gonré-2 (Burkina Faso)*: steamed paste of non-dehulled cowpea and potash,0.10998876294961925,0.17901904584042028,0.022123409881502895,122.0
09_051,"Mola carplet, small whole fish, viscera, fins and scales removed, raw",0.10989304033028716,0.18024935186366553,0.022253673088020814,123.0
04_084,"Sicklepod, leaves, fresh, raw",0.10901173953648904,0.17968642252738756,0.021984497843561972,124.0
04_092,"Cassava, leaves, fresh, boiled* (as part of a recipe)",0.10823660445059624,0.17997450429773412,0.02184416778047356,125.0
01_064,"Pearl millet, combined varieties, whole grains (Burkina Faso), boiled* (without salt), drained",0.10822242912627553,0.1800838469277546,0.02185422912333554,126.0
01_074,"Wheat, whole grains, raw",0.10760095076622944,0.18034330724416117,0.021744881217051433,127.0
04_099,"Hibiscus cannabinus, leaves, fresh, boiled* (without salt), drained",0.10699854851422254,0.1802804928808145,0.021601029910512975,128.0
06_021,"Groundnut, F-mix variety, shelled, dried, raw (Ghana), n=1",0.10684327515582645,0.18129241827602993,0.021686984143696006,129.0
07_069,"Goat meat, lean, raw",0.10659097091916028,0.18095284886167307,0.021589148109010813,130.0
06_028,"Groundnut flour, partially defatted",0.1063803937342048,0.18604584229406743,0.02214771231190725,131.0
03_024,"Broad bean, dry, raw",0.1061831308906934,0.18189459227668467,0.021608606827113432,132.0
07_010,"Beef meat, lean, ca. 5% fat, boiled* (without salt), drained",0.10554177238962081,0.18498838553324584,0.02182774050033983,133.0
03_052,"Jack bean, whole, dry, raw",0.10522745533716593,0.18332865017378044,0.021559900852181003,134.0
04_008,"Cassava, leaves, fresh, raw",0.1038757043317385,0.18103474037779088,0.020984936192621605,135.0
07_095,"Camel meat, stewed* (as part of a recipe)",0.10279655289300563,0.18350461098490792,0.021024931981754813,136.0
04_039,"Jute mallow (bush-okra), leaves, fresh, boiled* (without salt), drained",0.10276934704281356,0.18130758399689847,0.020767081418651044,137.0
04_024,"Amaranth, leaves, fresh, boiled* (without salt), drained",0.10267215637209615,0.18136486164323204,0.02075174816792952,138.0
09_099,"Sea snail/whelk, steamed* (without salt)",0.10238846104268146,0.18273729837058122,0.020844418708114206,139.0
01_095,"Pearl millet, decorticated, raw",0.10234579040733519,0.18155475460460513,0.020699913913008766,140.0
01_063,"Pearl millet, flour (bran removed)",0.10215204533650234,0.18158972703784157,0.020660248689840698,141.0
03_054,"Pigeon pea, cream, dry, raw",0.10214732036081225,0.18276083268907867,0.020792419234748276,142.0
06_019,"Cola nut, dried, raw",0.10203402076620598,0.1817055448689726,0.020646826012623826,143.0
03_055,"Pigeon pea, brown, dry, raw",0.10199191601591653,0.18299884499518518,0.0207842258467792,144.0
08_006,"Egg, quail, raw",0.10189485509301371,0.18154777481150627,0.02059757068733124,145.0
09_056,"Sea snail/whelk, flesh, raw",0.10150245876052254,0.18230097508575108,0.020594377119962096,146.0
04_095,"Spider plant, leaves, fresh, boiled* (without salt), drained",0.101429645832685,0.18167515992118025,0.020507294773237695,147.0
03_065,"African locust bean, soaked, boiled in different water* (without salt), drained",0.10122363778535244,0.18192454620634224,0.020489039480387976,148.0
03_032,"Pigeon pea, dry, raw",0.10116800302541468,0.18327031695604054,0.020627983919893397,149.0
03_010,"African yam bean, dry, raw",0.10060180169066128,0.1842912640402405,0.020613820700495687,150.0
01_040,"Sorghum, whole grains, white, raw",0.10045716772900935,0.182044185509883,0.020329930517803282,151.0
04_117,"Hibiscus, leaves, fresh, boiled* (as part of a recipe)",0.10017365672664608,0.1819483122047602,0.020255494746340582,152.0
07_112,"Goat meat, moderately fat, ca. 10% fat, stewed* (as part of a recipe)",0.09996536922970416,0.18510249725723835,0.020559030565105697,153.0
07_094,"Camel meat, grilled* (without salt or fat)",0.09983632862624056,0.1843619016498649,0.020447409715151837,154.0
04_098,"Cowpea, leaves, fresh, boiled* (as part of a recipe)",0.0993583299021455,0.18210053918201227,0.020089238648528362,155.0
01_083,"Wheat flour, white, fortified with iron, zinc, folic acid and vitamins B1, B2, B3, B6, B12 (Benin)",0.09927014837587937,0.18473695954033828,0.02036000622274381,156.0
01_084,"Wheat flour, white, fortified with iron, zinc, folic acid and vitamin B12 (Burkina Faso, Togo)",0.09927014837587937,0.18473695954033828,0.02036000622274381,156.0
03_045,"Cowpea, dehulled, raw",0.09888343630993982,0.18481712096804775,0.02028078580133193,158.0
08_011,"Egg, quail, boiled* (without salt)",0.09853668906944037,0.18242201997967455,0.019940092563058374,159.0
01_082,"Wheat flour, wholemeal, unfortified",0.09753395239277282,0.18287227303614761,0.019763907594702666,160.0
03_053,"Pigeon pea, white, dry, raw",0.09743901024191473,0.1837648495149015,0.019838952998384896,161.0
06_033,"Bitter cola, seeds, dried, raw",0.09718719735910282,0.1829557182310066,0.019695061305821774,162.0
04_016,"Hibiscus, leaves, fresh, raw",0.09704373231530754,0.18273903515015094,0.019639575741736068,163.0
04_067,"Tomato, powder",0.09678795518712802,0.1830513288430269,0.019615730231624377,164.0
04_010,"Cowpea, leaves, fresh, raw",0.09664387660661523,0.18285980671724397,0.01956291670477235,165.0
06_031,"African breadfruit, seed without hull, dried",0.09620445870944463,0.18370320062815057,0.019554275466316044,166.0
07_085,"Beef meat, lean, ca. 5% fat, stewed* (as part of a recipe)",0.09460338449393108,0.18681211733809913,0.019519687021121956,167.0
03_063,"African locust bean, not soaked, boiled* (without salt), drained",0.09418148090221347,0.18369050985537558,0.019099018049546283,168.0
01_097,"Millet dough (tchobal/fura), from decorticated millet only, cooked",0.09339709941820049,0.18378521220266417,0.01893332320542092,169.0
01_153,"Millet dough (tô), from whole millet only, cooked",0.09323944030435248,0.18387123493887939,0.018906921844423386,170.0
01_101,"Oats, rolled, raw",0.09309585664602625,0.18422808342539698,0.01891144876823963,171.0
04_105,"Eggplant, leaves, fresh, boiled* (as part of a recipe)",0.09302056282199817,0.18376480452675606,0.018847070664732735,172.0
07_011,"Beef meat, lean, ca. 5% fat, grilled* (without salt or fat)",0.09294768159378317,0.18738560698833118,0.01920182262938563,173.0
04_130,"Wild spinach, leaves, fresh, boiled* (as part of a recipe)",0.09261449867068228,0.18387787818397427,0.01876794094647645,174.0
04_093,"Sicklepod, leaves, fresh, boiled* (without salt), drained",0.09248604255155024,0.18379572765963345,0.01873088490772615,175.0
06_027,"Groundnut flour, with fat",0.09165051553486095,0.18627365449046954,0.018794612378369546,176.0
03_066,"African locust bean, soaked, boiled in different water* (without salt), with cooking liquid",0.09149235606682926,0.1843271042672677,0.018562882953166392,177.0
07_047,"Goat meat, moderately fat, ca. 10% fat, boiled* (without salt), drained",0.09146761138818356,0.18692732570917034,0.018819137545468493,178.0
06_011,"Groundnut, rose, shelled, dried, raw (Benin)",0.0910632639451989,0.18580661766705178,0.018615329754214326,179.0
04_013,"Eggplant, leaves, fresh, raw",0.09069944344250562,0.18453997116147117,0.01840719502098222,180.0
12_005,"Coffee, instant, powder",0.09039433516690099,0.18506840423482487,0.018391634977642603,181.0
07_019,"Beef kidney, raw",0.09030376577850209,0.18476794102241145,0.018341552093752336,182.0
07_125,"Lamb/mutton meat, moderately fat, ca. 20% fat, stewed* (as part of a recipe)",0.09020415484879403,0.18668389795515342,0.01850927692038911,183.0
04_080,"Wild spinach, leaves, fresh, raw",0.08975000829584795,0.1846753734549841,0.018208861796958627,184.0
01_181,"Kiou gonré (Burkina Faso)*: steamed balls of fonio, cowpea leaves, groundnut flour and potash",0.08962460037529094,0.1831411776995295,0.018029875225480527,185.0
06_010,"Groundnut, shelled, dried, raw",0.08946636784195568,0.1863664653212541,0.018311823035376155,186.0
04_028,"Cassava, leaves, fresh, boiled* (without salt), drained",0.08917901212547805,0.18485646958971594,0.018099404342322226,187.0
07_048,"Goat meat, moderately fat, ca. 10% fat, grilled* (without salt or fat)",0.08891713218818866,0.1875125801107126,0.018300290195003923,188.0
01_124,"Fonio, black, whole grains, boiled* (as part of a recipe)",0.08842945399159982,0.18513167960364135,0.01795921710676569,189.0
01_049,"Fonio, black, whole grains, boiled* (without salt), drained",0.08837261268310284,0.18514446508719928,0.017947793507747827,190.0
04_133,"Green leafy vegetable, average, fresh, boiled* (as part of a recipe)",0.088297004566765,0.18499909419459284,0.017916871993148533,191.0
09_104,"Shrimp, palaemonid, flesh, boiled* (as part of a recipe)",0.08809431525598185,0.1869755000567537,0.018062699819409764,192.0
06_026,"Groundnut paste, from groundnuts only",0.08793700965649745,0.18717559498021327,0.018046628662167958,193.0
07_012,"Beef meat, moderately fat, ca. 20% fat, boiled* (without salt), drained",0.08793403676110612,0.19019197111263034,0.018336774371115003,194.0
07_049,"Lamb/mutton meat, moderately fat, ca. 20% fat, boiled* (without salt), drained",0.08779277493734043,0.18730275240684294,0.01802641761149045,195.0
01_100,"Maize porridge, fermented (ogi), from decorticated white maize only, cooked",0.08771602685398605,0.1853383250145741,0.017820264273621267,196.0
01_177,Boalboal (Burkina Faso)*: millet balls with fried fish and vegetables,0.08693829755814596,0.1848142703832316,0.01759731898578042,197.0
07_122,"Pork meat, moderately fat, ca. 20% fat, stewed* (as part of a recipe)",0.08689679540331678,0.1875825287091081,0.017851564353749037,198.0
07_061,"Rabbit meat, stewed* (as part of a recipe)",0.08689200968730024,0.18890899726467822,0.017976715344172247,199.0
07_057,"Pork meat, moderately fat, ca. 20% fat, boiled* (without salt), drained",0.08684238185445928,0.18761587624428566,0.017842494267148984,200.0
02_075,"Tiger nut, tuber, boiled* (as part of a recipe)",0.08645502172212582,0.18559041706063895,0.01756369299806433,201.0
01_139,"Sorghum, whole grains, red, boiled* (as part of a recipe)",0.0860791559715121,0.18575273860314992,0.017495430882039986,202.0
01_070,"Sorghum, whole grains, red, boiled* (without salt), drained",0.08607521364124558,0.18575857455288064,0.01749510378642472,203.0
06_023,"Groundnut, Chinese, shelled, dried, raw (Ghana), n=1",0.08588595643612311,0.18726070979596512,0.017594156086947692,204.0
04_131,"Green leafy vegetable, average, fresh, raw",0.08565100482300687,0.18579282006322062,0.017404012922040305,205.0
07_084,"Snail, cooked",0.08559777988810849,0.18808584126282324,0.017606836560955418,206.0
07_064,"Camel meat, raw",0.08521956555612065,0.18741621512520662,0.017459411930746085,207.0
07_062,"Rabbit meat, grilled* (without salt or fat)",0.08514478464189905,0.18975961192777954,0.017660763167860163,208.0
07_050,"Lamb/mutton meat, moderately fat, ca. 20% fat, grilled* (without salt or fat)",0.08472530571679007,0.1881640461790617,0.01741800187091839,209.0
02_024,"Tiger nut, tuber, raw",0.08470141331933423,0.18612032455400285,0.017223510192829878,210.0
03_147,Haricot bambara (Burkina Faso)*: fried paste of cowpea and okra powder with egg and onion,0.08445430377759774,0.18454600387037123,0.01702340400497499,211.0
04_121,"Sweet potato, leaves, fresh, boiled* (as part of a recipe)",0.08442220998070622,0.18618785564254586,0.01716772776301312,212.0
07_124,"Rabbit meat, boiled* (without salt), drained",0.08429873581604427,0.1903317397446519,0.017521789773263075,213.0
04_056,"Hibiscus, leaves, fresh, boiled* (without salt), drained",0.08415670440561834,0.18623049321373913,0.017112692361338614,214.0
07_015,"Beef meat, fatty, ca. 30% fat, boiled* (without salt), drained",0.08411129223950815,0.1910808224956181,0.017548043518948394,215.0
04_087,"Baobab, leaves, fresh, boiled* (as part of a recipe)",0.08350439636428572,0.18633949918234874,0.016977896387411533,216.0
04_030,"Cowpea, leaves, fresh, boiled* (without salt), drained",0.08341148440321404,0.18640977040180334,0.016963681512366584,217.0
02_025,"Tiger nut, tuber, boiled* (without salt), drained",0.08340512351454486,0.186472694686166,0.016967995928609675,218.0
07_136,Fried mopane worms with vegetables (Burkina Faso)*,0.08329256243675519,0.18413930354334201,0.01673100250851437,219.0
09_103,"Shrimp, palaemonid, flesh, grilled* (without salt or fat)",0.08317823203081719,0.1886993167728206,0.017119658479917248,220.0
09_102,"Shrimp, palaemonid, flesh, steamed* (without salt)",0.08312230121087488,0.18896040761163507,0.017130773209084755,221.0
01_072,"Sorghum, flour, degermed",0.08292340047923555,0.18689373932730707,0.016899203841204583,222.0
02_021,"Cassava, sweet, tuber, white flesh, dried",0.08286485153555392,0.186631681047266,0.016862516465218733,223.0
09_012,"Anchovy, canned in oil, drained",0.08282954893279901,0.18372390789105722,0.016592083184843443,224.0
02_083,"Sweet potato, deep fried in unfortified vegetable oil*",0.08272189437789462,0.1858077419044399,0.016756497627281614,225.0
04_059,"Sweet potato, leaves, fresh, raw",0.08261239111045929,0.18671944036543509,0.016814418775578547,226.0
06_016,"Shea nut, kernel, dried, raw",0.0823646480323142,0.1871385494958362,0.01679708691415492,227.0
07_105,"Chicken, light meat without skin, stewed* (as part of a recipe)",0.08233530287401351,0.19178387951906117,0.01720735673499198,228.0
09_036,"Sardine, fillet, grilled* (without salt or fat)",0.08224170915686933,0.19030203889005523,0.01705325366222193,229.0
05_010,"Guava, fruit, raw",0.08210847916151964,0.1932073036717573,0.017283042175718532,230.0
04_001,"Baobab, leaves, fresh, raw",0.08206417118709075,0.18684134801831848,0.016703760641341308,231.0
07_083,"Snail, raw",0.08191158087808241,0.18704867599450292,0.01668842829595408,232.0
01_006,"Maize, yellow, whole kernel, dry, raw",0.08183139853272287,0.18711252579490573,0.016676326814398276,233.0
01_054,"Maize, yellow, meal, whole grains, unfortified",0.08183139853272287,0.18711252579490573,0.016676326814398276,233.0
07_118,"Guinea fowl meat, stewed* (as part of a recipe)",0.08183101797196705,0.19147907311404408,0.01706540710909415,235.0
07_134,"Beef meat, ground, ca. 10% fat, stewed* (as part of a recipe)",0.08157314735713685,0.19140958512688244,0.017000681380551032,236.0
07_059,"Pork meat, fatty, ca. 40% fat, boiled* (without salt), drained",0.08154047033866972,0.18835608135159831,0.01672217769924099,237.0
07_123,"Pork meat, fatty, ca. 40% fat, stewed* (as part of a recipe)",0.08147861505470944,0.1883274137360044,0.016705824273170154,238.0
07_024,"Beef meat, ground, ca. 10% fat, grilled* (without salt or fat)",0.08131432875712762,0.19169059775834854,0.0169668394464943,239.0
01_004,"Maize, white, whole kernel, dry, raw",0.08128537202452346,0.18737946239610995,0.016578825292231626,240.0
01_057,"Maize, white, meal, whole grains",0.08128537202452346,0.18737946239610995,0.016578825292231626,240.0
03_064,"African locust bean, not soaked, boiled* (without salt), with cooking liquid",0.08110184678161328,0.1872564458952397,0.016527232676085114,242.0
07_128,"Lamb/mutton meat, lean, ca. 10% fat, stewed* (as part of a recipe)",0.08101897571348987,0.19197785321208752,0.01692510358306248,243.0
04_106,"False sesame, leaves, fresh, boiled* (as part of a recipe)",0.08090421332767204,0.18714204285935776,0.016473342580415593,244.0
09_069,"Mackerel, fillet, boiled* (as part of a recipe)",0.08088697499420716,0.18980016501569436,0.016703452985473797,245.0
03_113,"Ground bean, not soaked, boiled* (without salt), drained",0.08078368654138779,0.18747091015342965,0.016475546636548266,246.0
03_115,"Ground bean, soaked, boiled in different water* (without salt), drained",0.08078368654138779,0.18747091015342965,0.016475546636548266,246.0
03_150,"Beng rougougdga né kui wesla (Burkina Faso)*: cowpeas and fonio, boiled",0.08076192632978874,0.1857452026305506,0.016319102527015288,248.0
07_086,"Beef meat, moderately fat, ca. 20% fat, stewed* (as part of a recipe)",0.08074966654188777,0.1911645633852144,0.016792460319172708,249.0
02_038,"Cassava, flour, from fermented white cassava (alibo/elubo/lafun)",0.08073957923752878,0.18735770905620092,0.016455818454098034,250.0
09_058,"Shrimp, palaemonid, flesh, raw",0.08048923328435953,0.18879680396328932,0.01652629914472997,251.0
07_009,"Beef meat, lean, ca. 5% fat, raw",0.08045401962403866,0.18960773556686036,0.016589387375635905,252.0
01_091,"Maize, white, meal, sifted, fortified with vitamin A (Nigeria)",0.08032409281346858,0.18748668666134582,0.016375005480730932,253.0
06_012,"Groundnut, red, shelled, dried, raw (Benin)",0.08029375713870741,0.18976124852535722,0.016566858952735065,254.0
07_058,"Pork meat, moderately fat, ca. 20% fat, grilled* (without salt or fat)",0.07997940048068801,0.18989465721518234,0.016507957372357985,255.0
01_080,"Maize, white, meal, sifted, unfortified",0.07991610318945261,0.18777825857212788,0.016309932975466304,256.0
04_035,"Eggplant, leaves, fresh, boiled* (without salt), drained",0.07984929369621613,0.18751425220620777,0.016272204644373324,257.0
05_031,"Date, dried, raw",0.07984126179645738,0.18754433115863378,0.016273035750018303,258.0
04_113,"Pepper, sweet, red, fresh, boiled* (as part of a recipe)",0.07977238216203517,0.1897747586195,0.016451130433218962,259.0
07_013,"Beef meat, moderately fat, ca. 20% fat, grilled* (without salt or fat)",0.07970301179978936,0.1917377990143396,0.01660559607740554,260.0
04_129,"Wild spinach, leaves, fresh, boiled* (without salt), drained",0.0796583520575644,0.18760187524130184,0.016237509470576082,261.0
07_102,"Chicken, dark meat without skin, stewed* (as part of a recipe)",0.07964883401443675,0.19095640026792537,0.016525708002604857,262.0
07_126,"Lamb/mutton meat, lean, ca. 10% fat, boiled* (without salt), drained",0.0794828313515043,0.19231027658547958,0.016605193038872715,263.0
09_091,"Tuna, fillet, grilled* (without salt or fat)",0.07940630890421671,0.19321299868981753,0.016665692157863565,264.0
09_084,"Mullet, fillet, grilled* (without salt or fat)",0.07931816486458612,0.19184166003724748,0.016527455889788715,265.0
04_036,"False sesame, leaves, fresh, raw",0.07929796176263279,0.18766293701873993,0.0161629797545195,266.0
01_142,"Wheat, whole grains, boiled* (as part of a recipe)",0.07906846595440285,0.18790643670930335,0.01613309257453126,267.0
01_141,"Wheat, whole grains, boiled* (without salt), drained",0.07905710744233634,0.1879127307548307,0.01613111634295749,268.0
04_047,"Pepper, sweet, red, fresh, raw",0.07902854969281639,0.19061385471647688,0.016356572708715243,269.0
09_011,"Anchovy, fillet, grilled* (without salt or fat)",0.07899558531228497,0.19066573110536736,0.01635361436651769,270.0
10_007,"Cheese, hard type, from goat’s milk",0.07895415494951426,0.19072916935517645,0.016349740321379248,271.0
09_072,"Atlantic horse mackerel, wild, fillet without skin, boiled* (as part of a recipe)",0.07892143228126862,0.19214216787246954,0.016463454499523113,272.0
07_034,"Chicken, light meat without skin, boiled* (without salt), drained",0.07886583639713687,0.19297139843707015,0.01652186113577493,273.0
04_118,"Spinach, leaves, fresh, boiled* (as part of a recipe)",0.07872916316761266,0.18770971335016706,0.016041133681495012,274.0
09_047,"White grouper, fillet, grilled* (without salt or fat)",0.07871235190892836,0.19181161027130406,0.016387870823164053,275.0
03_148,Beng rougougdga né ki wesla (Burkina Faso)*: cowpeas with pearl millet couscous,0.07853600588181547,0.18720884171185262,0.01595573433976651,276.0
09_087,"Sardine, fillet, boiled* (as part of a recipe)",0.0784178348215511,0.19044110327014155,0.016204717868623465,277.0
07_035,"Chicken, light meat without skin, grilled* (without salt or fat)",0.07834405720528949,0.1927038532189129,0.01638051793436433,278.0
09_024,"Mackerel, fillet, steamed* (without salt)",0.07827087469783875,0.19122509596114892,0.016238344991160693,279.0
06_005,"Coconut, kernel, dried, raw",0.07826717195188408,0.18815780748836708,0.01597705867107597,280.0
09_074,"Mahi mahi, fillet, grilled* (without salt or fat)",0.0781006126784488,0.1946363720072122,0.016489022676800726,281.0
07_127,"Lamb/mutton meat, lean, ca. 10% fat, grilled* (without salt or fat)",0.07802026106965322,0.1926114974407135,0.016299272837357447,282.0
07_116,"Guinea fowl meat, boiled* (without salt), drained",0.07782794593609188,0.19295444310347837,0.016284648726674067,283.0
09_092,"Tuna, fillet, boiled* (as part of a recipe)",0.07768174308336433,0.19298019913513717,0.016253650122364634,284.0
07_087,"Beef meat, fatty, ca. 30% fat, stewed* (as part of a recipe)",0.0775225178338543,0.1920500447968719,0.016139367421519925,285.0
09_107,"Shrimp, penaeid, flesh, boiled* (as part of a recipe)",0.07748813520429663,0.19100782697324176,0.01604406499948833,286.0
05_021,"Tamarind, fruit, ripe, raw",0.07744454302338993,0.1882998592147905,0.015806959286814814,287.0
03_152,Gonré-1 (Burkina Faso)*: steamed paste of dehulled cowpea and potash,0.07741827411224181,0.18821003579498158,0.0157936101843225,288.0
04_122,"Tamarind, leaves, fresh, boiled* (as part of a recipe)",0.07724260811991973,0.18845429749740553,0.01577522063567346,289.0
03_081,"Bean, white, soaked, boiled in different water* (without salt), drained",0.07718076499383424,0.18860130842163078,0.015773829489718297,290.0
03_023,"Bean, white, not soaked, boiled* (without salt), drained",0.07718076499383424,0.18860130842163078,0.015773829489718297,290.0
09_090,"Tuna, fillet, steamed* (without salt)",0.07706365261760255,0.19354957477198287,0.01616106813521434,292.0
07_016,"Beef meat, fatty, ca. 30% fat, grilled* (without salt or fat)",0.0770328454702758,0.19234342153765643,0.016053400162526835,293.0
03_146,"Faro with eggs, cowpea, potash and vegetables (Burkina Faso)*",0.07698408430198653,0.18768620649439707,0.015653956229084137,294.0
09_020,"Catfish, fillet, grilled* (without salt or fat)",0.07696853150327376,0.19107525985820586,0.01593313192435833,295.0
04_132,"Green leafy vegetable, average, fresh, boiled* (without salt), drained",0.07685831511264117,0.18844707397169896,0.0156896008819484,296.0
09_037,"Sardine, canned in oil, drained, with bones",0.07678032215425913,0.18956134630954508,0.01576502493058196,297.0
09_070,"Atlantic horse mackerel, wild, fillet without skin, steamed* (without salt)",0.07677219593468543,0.1929972061895233,0.016048931004011155,298.0
07_117,"Guinea fowl meat, grilled* (without salt or fat)",0.07672183981669417,0.19325005067102624,0.016058540179491394,299.0
09_043,"Tilapia, fillet, grilled* (without salt or fat)",0.07661073270202938,0.19109621105338667,0.015854657687565884,300.0
09_023,"Carp, fillet, grilled* (without salt or fat)",0.07657924897477122,0.19215427902260745,0.0159353473034936,301.0
07_028,"Chicken, dark meat without skin, boiled* (without salt), drained",0.07631709982943019,0.1924303557673347,0.015899099862730536,302.0
09_040,"Shiny-nose, fillet, grilled* (without salt or fat)",0.07631702035520142,0.19573315882528716,0.016171967867158944,303.0
09_035,"Sardine, fillet, steamed* (without salt)",0.07629212707743853,0.19158091662542984,0.015823309582232804,304.0
09_028,"Mormyrid, fillet, grilled* (without salt or fat)",0.07624047565141237,0.19243706233818614,0.015882372824215025,305.0
07_046,"Goat meat, moderately fat, ca. 10% fat, raw",0.07613234793265905,0.19030716043400883,0.015682474562040683,306.0
04_045,"Parsley, fresh, raw",0.07606126313690499,0.19088506464166533,0.01571420111674155,307.0
04_019,"Tamarind, leaves, fresh, raw",0.0758783344124858,0.1889728098613525,0.015516292492083018,308.0
03_151,Beng saagbo (Burkina Faso)*: tô (porridge) from cowpeas with maize flour and potash,0.07582648546355691,0.18808882534511015,0.015432290967613626,309.0
07_060,"Pork meat, fatty, ca. 40% fat, grilled* (without salt or fat)",0.07578854010926148,0.19034636575150218,0.015609061131004963,310.0
09_105,"Shrimp, penaeid, flesh, steamed* (without salt)",0.07571833881323334,0.1921445544907948,0.0157407282747244,311.0
07_029,"Chicken, dark meat without skin, grilled* (without salt or fat)",0.07569795790557428,0.1921653902708407,0.015737850790276946,312.0
11_004,"Palm oil, red",0.07563025567956382,0.19508025345162502,0.01596111246309463,313.0
09_089,"Tilapia, fillet, boiled* (as part of a recipe)",0.0756283262118878,0.19087389602303592,0.015616524914277138,314.0
09_106,"Shrimp, penaeid, flesh, grilled* (without salt or fat)",0.07555267075035543,0.1918808242260668,0.01568191964795427,315.0
09_014,"Barracuda, fillet, grilled* (without salt or fat)",0.07551938310394471,0.1935754226560466,0.015812875073738474,316.0
09_017,"Bayad, fillet, grilled* (without salt or fat)",0.07548788374907948,0.19218105292088636,0.015691888431379027,317.0
09_062,"Anchovy, fillet, boiled* (as part of a recipe)",0.0754716150231761,0.19079314751006174,0.015574932270251926,318.0
09_085,"Mullet, fillet, boiled* (as part of a recipe)",0.07545110280652573,0.19195877470036055,0.01566547890381697,319.0
04_060,"Sweet potato, leaves, fresh, boiled* (without salt), drained",0.07541498818153333,0.1890458036458259,0.015419768723784626,320.0
09_025,"Mackerel, fillet, grilled* (without salt or fat)",0.07529890333801344,0.19159573538740116,0.015601742888583509,321.0
07_104,"Chicken, light meat with skin, stewed* (as part of a recipe)",0.07528486040075166,0.1946924245279907,0.015850710531273293,322.0
01_138,"Sorghum, whole grains, boiled* (as part of a recipe)",0.07528401744391687,0.18910722361449453,0.015395809945894226,323.0
01_042,"Sorghum, whole grains, boiled* (without salt), drained",0.07528064515336638,0.1891129570180074,0.015395530910605413,324.0
04_057,"Spinach, leaves, fresh, raw",0.07522802436705614,0.18908853025606914,0.015381907039190408,325.0
09_093,"White grouper, fillet, boiled* (as part of a recipe)",0.07510404613332952,0.19193396941502947,0.015585556011176416,326.0
07_007,"Rabbit meat, raw",0.0749718480897202,0.19141800364501851,0.015514080799893063,327.0
07_052,"Lamb brain, stewed* (as part of a recipe)",0.0745729123324836,0.18982753081353787,0.015296712190831932,328.0
07_129,"Lamb brain, boiled* (without salt), drained",0.07451701331519005,0.19013155987574507,0.015308802195975895,329.0
09_071,"Atlantic horse mackerel, wild, fillet without skin, grilled* (without salt or fat)",0.07449466737184242,0.1930749741883638,0.015540759704912402,330.0
07_103,"Chicken, dark meat with skin, stewed* (as part of a recipe)",0.07444700630974671,0.19244399399932152,0.015479264108279682,331.0
07_004,"Lamb/mutton meat, moderately fat, ca. 20% fat, raw",0.07425866226995773,0.19065507880816118,0.015293463228057776,332.0
09_108,"Catfish, fillet, boiled* (as part of a recipe)",0.07425639256295662,0.19119081319856548,0.01533593099131293,333.0
09_083,"Mullet, fillet, steamed* (without salt)",0.07423283369124868,0.19280997797681135,0.01546050837624166,334.0
07_119,"Pork meat, lean, ca. 10% fat, boiled* (without salt), drained",0.07416110505568234,0.19586102900743013,0.015688766617876493,335.0
08_009,"Egg, duck, raw",0.07415641001807807,0.18951413065760736,0.015179332372479423,336.0
09_098,"Crab, flesh (body and claw), boiled* (as part of a recipe)",0.07413839297305447,0.19096646479357107,0.015291644781560426,337.0
07_130,"Lamb brain, grilled* (without salt or fat)",0.07404985699026563,0.19012643501597595,0.015204744477105223,338.0
03_144,"Beng rougougdga (Burkina Faso)*: cowpeas and vegetables, boiled",0.07399759280219044,0.18888397032535714,0.0150938691026654,339.0
09_046,"White grouper, fillet, steamed* (without salt)",0.07384307795202069,0.19278555612213513,0.015370914485280926,340.0
04_025,"Baobab, leaves, fresh, boiled* (without salt), drained",0.07374503264134,0.18952449212921035,0.015089246860675776,341.0
09_075,"Mahi mahi, fillet, boiled* (as part of a recipe)",0.07363920453798735,0.19475191102287664,0.015481414887408871,342.0
07_037,"Chicken, light meat with skin, boiled* (without salt), drained",0.07363397850488522,0.1950329567085976,0.015502568324825826,343.0
09_010,"Anchovy, fillet, steamed* (without salt)",0.07362771751147167,0.19192519137479822,0.015254141386785039,344.0
09_042,"Tilapia, fillet, steamed* (without salt)",0.07357963026129472,0.19200585122283512,0.015249793724814213,345.0
04_048,"Pepper, sweet, red, fresh, boiled* (without salt), drained",0.07357045292943852,0.19150730436638994,0.015208149573901745,346.0
06_002,"Coconut, mature kernel, fresh, raw",0.07354178739177106,0.1896967536438902,0.015058032985765595,347.0
07_006,"Pork meat, moderately fat, ca. 20% fat, raw",0.07353937765491253,0.1909617117472381,0.015157908603025209,348.0
09_004,"Sardine, fillet, raw",0.07353063156970803,0.19168783384725768,0.015213592556113337,349.0
09_065,"Carp, fillet, boiled* (as part of a recipe)",0.07349280361942002,0.19227233117013237,0.015251508818643015,350.0
09_073,"Mahi mahi, fillet, steamed* (without salt)",0.07348887343761577,0.1950387302627555,0.01547005335693379,351.0
09_081,"North African catfish, fillet, grilled* (without salt or fat)",0.07336197266733684,0.1946858329181725,0.015413285805216845,352.0
09_097,"Crab, flesh (body and claw), grilled* (without salt or fat)",0.07335625315554972,0.1918078943188853,0.015184161659541173,353.0
01_043,"Wheat flour, white, unfortified",0.07327503297078576,0.1908870711452866,0.015093212041870743,354.0
09_079,"Mormyrid, fillet, boiled* (as part of a recipe)",0.07306443349439655,0.19255300119243848,0.015177728051593039,355.0
09_059,"Shrimp, penaeid, flesh, raw",0.0730008633293467,0.1919594565767671,0.015116741213659714,356.0
07_038,"Chicken, light meat with skin, grilled* (without salt or fat)",0.07292822132825447,0.19504383196849837,0.015343148258583739,357.0
03_145,Soumma (Burkina Faso)*: bambara groundnuts boiled with potash,0.07288281207851703,0.1891873993414728,0.014872456096667317,358.0
03_107,"Sweet dattock, soaked, boiled in different water* (without salt), drained",0.07286295854763779,0.18988581941358978,0.014922974673779683,359.0
03_105,"Sweet dattock, not soaked, boiled* (without salt), drained",0.07286295854763779,0.18988581941358978,0.014922974673779683,359.0
04_044,"Onion, dried",0.07282609565232849,0.19059982683094262,0.014970914469247736,361.0
05_005,"Breadfruit, fruit, raw",0.07281442611423249,0.19004971339524923,0.014925125243325205,362.0
14_030,"Babenda-2 (Burkina Faso)*: sauce from green leaves (amaranth, hibiscus and spider plant), rice and groundnut powder",0.07280132339932273,0.18995244792097665,0.01491459159787365,363.0
08_014,"Egg, duck, boiled* (without salt)",0.07264153448828581,0.190113776023272,0.014891928991096603,364.0
03_114,"Ground bean, not soaked, boiled* (without salt), with cooking liquid",0.07263430702214271,0.19015324538627543,0.014893422639232086,365.0
03_116,"Ground bean, soaked, boiled in different water* (without salt), with cooking liquid",0.07263430702214271,0.19015324538627543,0.014893422639232086,365.0
09_096,"Crab, flesh (body and claw), steamed* (without salt)",0.0726017820263169,0.19211412864111566,0.015039740018320674,367.0
07_033,"Chicken, light meat without skin, raw",0.07258964224906815,0.1934198495337784,0.015139228890622617,368.0
07_023,"Beef meat, ground, ca. 10% fat, raw",0.07257923894744099,0.19305054002774621,0.015107987509039873,369.0
07_070,"Guinea fowl meat, raw",0.07256968909914376,0.19312205222952475,0.015111439774781545,370.0
09_005,"Tuna, fillet, raw",0.07253380780902782,0.19368071437221615,0.01514707471913636,371.0
04_037,"False sesame, leaves, fresh, boiled* (without salt), drained",0.07251769181028175,0.19003681931981817,0.014858538404833739,372.0
01_099,"Maize dough, fermented (kenkey), from whole white maize with salt added, cooked",0.0724280426602737,0.18888122341120192,0.01474850247325962,373.0
07_031,"Chicken, dark meat with skin, boiled* (without salt), drained",0.07232078854627721,0.1936378447440637,0.015095780363933355,374.0
09_041,"Tilapia, fillet, raw",0.07231547364557116,0.1918002214305667,0.014951336865111913,375.0
06_032,"Bitter cola, seeds, fresh, raw",0.07229616154254466,0.1902300134810832,0.01482466625096275,376.0
03_028,"Cowpea, brown, not soaked, boiled* (without salt), drained",0.0722675715441469,0.19054005268575408,0.014842498189280988,377.0
03_096,"Cowpea, brown, soaked, boiled in different water* (without salt), drained",0.0722675715441469,0.19054005268575408,0.014842498189280988,377.0
09_019,"Catfish, fillet, steamed* (without salt)",0.07225196007554237,0.1923273192843868,0.01497823244714491,379.0
09_022,"Carp, fillet, steamed* (without salt)",0.07223452216779586,0.1931254146235642,0.01503647460173515,380.0
09_039,"Shiny-nose, fillet, steamed* (without salt)",0.07212823368732309,0.19585987476177794,0.015225193102843898,381.0
09_064,"Bayad, fillet, boiled* (as part of a recipe)",0.07210732717728884,0.19258038678629558,0.01496558531460834,382.0
04_097,"Cocoyam, leaves, fresh, boiled* (as part of a recipe)",0.07210521410252187,0.19030202018695658,0.01478806446406634,383.0
08_001,"Egg, chicken, raw",0.07204345711602933,0.19033786329029762,0.014777198131384693,384.0
09_088,"Shiny-nose, fillet, boiled* (as part of a recipe)",0.07201723981443664,0.19585671523598497,0.015199700506933178,385.0
09_027,"Mormyrid, fillet, steamed* (without salt)",0.07192191193345608,0.19340538469699842,0.014988054587747525,386.0
04_126,"Vernonia, leaves, bitter, fresh, boiled* (as part of a recipe)",0.07185527962893482,0.1905446549768903,0.01475162134164761,387.0
05_009,"Fig, sycomorus, raw",0.07182519195855822,0.19035851763802783,0.01473056255334984,388.0
07_120,"Pork meat, lean, ca. 10% fat, grilled* (without salt or fat)",0.07181928739741507,0.19617964089526674,0.015179675487408536,389.0
04_116,"Pumpkin, leaves, fresh, boiled* (as part of a recipe)",0.07181342924564217,0.1904199447142974,0.014732716091319391,390.0
07_032,"Chicken, dark meat with skin, grilled* (without salt or fat)",0.07176360599514757,0.19336751567575378,0.014949586438153355,391.0
09_063,"Barracuda, fillet, boiled* (as part of a recipe)",0.07174487706709846,0.19397086688860118,0.014992016371050132,392.0
07_002,"Beef meat, moderately fat, ca. 20% fat, raw",0.0715766115871051,0.19309401574076038,0.014886543722360628,393.0
09_003,"Mackerel, fillet, raw",0.07153054165125228,0.19201278551715661,0.014792924450562748,394.0
09_110,"Tuna, canned in water, drained",0.07148348038544855,0.19279227686453027,0.014842453150357109,395.0
03_099,"Cowpea, white, soaked, boiled in different water* (without salt), drained",0.07147089425819665,0.1908362530933741,0.014689079298780392,396.0
03_029,"Cowpea, white, not soaked, boiled* (without salt), drained",0.07147089425819665,0.1908362530933741,0.014689079298780392,396.0
09_052,"Mullet, fillet, raw",0.07136872650967652,0.1929109809022733,0.014825917917862622,398.0
09_016,"Bayad, fillet, steamed* (without salt)",0.07136055101113803,0.19315003068316858,0.014842458644608413,399.0
08_003,"Egg, chicken, fried in oil",0.07135051360197293,0.1906176769272252,0.014645643323538222,400.0
01_131,"Pearl millet, decorticated, boiled* (as part of a recipe)",0.07132790235000601,0.19055632687600346,0.014635933511927334,401.0
08_002,"Egg, chicken, boiled* (without salt)",0.07131650095298454,0.1906541946288315,0.014640929947490338,402.0
04_022,"Vernonia, leaves, bitter, fresh, raw",0.07127440473271122,0.19079398277012824,0.01464235250737363,403.0
03_087,"Lentil, soaked, boiled in different water* (without salt), drained",0.07124608639107312,0.19090002099402995,0.014644222962085186,404.0
03_031,"Lentil, not soaked, boiled* (without salt), drained",0.07124608639107312,0.19090002099402995,0.014644222962085186,404.0
09_013,"Barracuda, fillet, steamed* (without salt)",0.07123376724553046,0.19453934193374442,0.014920622342511973,406.0
04_009,"Cocoyam, leaves, fresh, raw",0.07122634336764021,0.1907965562985926,0.014631919128242604,407.0
09_006,"White grouper, fillet, raw",0.07117591796526158,0.19289251043829764,0.014781379773221852,408.0
09_049,"Atlantic horse mackerel, wild, fillet without skin, raw",0.07115739773384855,0.1934805298686359,0.014822286342194837,409.0
04_053,"Pumpkin, leaves, fresh, raw",0.07111245641348608,0.1906894556248378,0.014598533154266258,410.0
14_032,"Katre nagouri vând maasse zéindo (Burkina Faso)*: fresh sicklepod leaf sauce with vegetables, shea butter, groundnut paste and fermented African locust beans",0.07107504793533385,0.18933937413218482,0.014486966963887016,411.0
07_005,"Pork meat, fatty, ca. 40% fat, raw",0.07105933457431099,0.19137929273425378,0.014639562782803187,412.0
01_050,"Fonio, decorticated grains (bran removed), dry, raw",0.07102491879751731,0.19089323488191376,0.014594768773488916,413.0
09_001,"Anchovy, fillet, raw",0.07098174780727666,0.19203676417744156,0.014672591342953366,414.0
07_003,"Chicken, dark meat without skin, raw",0.07090560759482342,0.1928795699874693,0.014719971635159316,415.0
08_005,"Egg, chicken, local breed, raw",0.07089891526415006,0.19069896474688633,0.014552076156917376,416.0
09_067,"Atlantic cod (Northeast Atlantic), fillet, grilled* (without salt or fat)",0.07088740632507709,0.1959178220383125,0.014947710699111631,417.0
04_061,"Tamarind, leaves, fresh, boiled* (without salt), drained",0.07088252998912757,0.19077497230402293,0.014554255120567959,418.0
02_082,"Yam, tuber, deep fried in unfortified vegetable oil*",0.0708105100600432,0.18991164755670223,0.014472549222120688,419.0
03_007,"Cowpea, not soaked, boiled* (without salt), drained",0.07079756028502004,0.1911240601152638,0.014562076668759789,420.0
03_090,"Cowpea, soaked, boiled in different water* (without salt), drained",0.07079756028502004,0.1911240601152638,0.014562076668759789,420.0
09_018,"Catfish, fillet, raw",0.07078789339503024,0.19213627285506205,0.014637047777902716,422.0
09_055,"Crab, flesh (body and claw), raw",0.07077900559700977,0.19184766713682871,0.01461308686291039,423.0
01_140,"Sorghum, whole grains, white, boiled* (as part of a recipe)",0.0707554114163107,0.1908129894428469,0.014529061279961229,424.0
01_071,"Sorghum, whole grains, white, boiled* (without salt), drained",0.07074769578536311,0.19081922173655766,0.014527830803526876,425.0
01_170,Kiou saagbo né zièm (Burkina Faso)*: tô (porridge) from fonio with potash and maize flour,0.07069540117087453,0.18984240552679438,0.014441965567447214,426.0
01_130,"Pearl millet, decorticated, boiled* (without salt), drained",0.07063928269773645,0.19084401516099836,0.014505760881804412,427.0
06_018,"Cola nut, fresh, raw",0.07058153930992822,0.19100838912627652,0.014505485629834084,428.0
10_006,"Cheese, cheddar, from cow’s milk",0.07048943438880839,0.1941933149658338,0.014726650175330218,429.0
06_004,"Coconut, immature kernel, fresh, raw",0.07038419730540715,0.19096012305219123,0.014458204066035972,430.0
07_121,"Pork meat, lean, ca. 10% fat, stewed* (as part of a recipe)",0.0703807154904703,0.19622022855242974,0.014855672972091883,431.0
01_034,"Rice, brown, raw",0.07036581801324575,0.19121686950190847,0.014473576489709546,432.0
05_033,"Fig, dried",0.07029069407394381,0.19087631418283557,0.014431208250436482,433.0
08_010,"Egg, chicken, local breed, boiled* (without salt)",0.07026935983629784,0.19100272439932062,0.014436051250463117,434.0
09_050,"Mahi mahi, fillet, raw",0.07020278210013149,0.19513944168299288,0.014733676805954663,435.0
07_014,"Beef meat, fatty, ca. 30% fat, raw",0.07019444196064227,0.19341016906912464,0.014601245141993449,436.0
09_082,"North African catfish, fillet, boiled* (as part of a recipe)",0.07017010342150069,0.1948036190724226,0.014700957828409106,437.0
07_072,"Lamb/mutton meat, lean, ca. 10% fat, raw",0.07013295995494169,0.19370278201817825,0.014609561226929187,438.0
07_051,"Lamb brain, raw",0.07006258693164615,0.191345773819622,0.014416217396831375,439.0
09_080,"North African catfish, fillet, steamed* (without salt)",0.07002106166936387,0.1950910373072193,0.01468902250512285,440.0
09_021,"Carp, fillet, raw",0.06997084539598672,0.19322357583844102,0.014537196909281631,441.0
09_026,"Mormyrid, fillet, raw",0.06996130644775067,0.1932225960920685,0.014534992308970757,442.0
04_046,"Pepper, chilli, fresh, raw",0.06992664117937751,0.1932317016618751,0.014527933456479587,443.0
04_058,"Spinach, leaves, fresh, boiled* (without salt), drained",0.06972615116263299,0.19095142167404058,0.014312245484492244,444.0
03_079,"Bean, white, not soaked, boiled* (without salt), with cooking liquid",0.069693778554823,0.19130077116232924,0.014331274235748974,445.0
03_082,"Bean, white, soaked, boiled in different water* (without salt), with cooking liquid",0.069693778554823,0.19130077116232924,0.014331274235748974,445.0
10_008,"Cheese, Gouda, from cow’s milk",0.06965261537071515,0.19394716750665555,0.01452030465583954,447.0
03_128,"Pigeon pea, cream, not soaked, boiled* (without salt), drained",0.06948672618336031,0.19171278923931467,0.014316285932258031,448.0
03_130,"Pigeon pea, cream, soaked, boiled in different water* (without salt), drained",0.06948672618336031,0.19171278923931467,0.014316285932258031,448.0
09_066,"Atlantic cod (Northeast Atlantic), fillet, steamed* (without salt)",0.06944813103493729,0.19597241676288626,0.014625641549373155,450.0
01_171,Ki saagbo né zièm (Burkina Faso)*: tô (porridge) from pearl millet and potash,0.06942750892336925,0.19069508505740748,0.014227247040312061,451.0
01_037,"Rice, white, raw",0.0694228090042666,0.19154866433934606,0.014289890691629647,452.0
02_004,"Cassava, flour, from white cassava",0.06931167378252169,0.1913813596092968,0.014252851348428073,453.0
09_068,"Atlantic cod (Northeast Atlantic), fillet, boiled* (as part of a recipe)",0.06925360055497952,0.1959684999431084,0.014581334104016836,454.0
09_015,"Bayad, fillet, raw",0.0692362445109576,0.1932455540275017,0.014374857583784685,455.0
03_122,"Pigeon pea, soaked, boiled in different water* (without salt), drained",0.06916253264533574,0.19196924707091306,0.014263584979206434,456.0
03_033,"Pigeon pea, not soaked, boiled* (without salt), drained",0.06916253264533574,0.19196924707091306,0.014263584979206434,456.0
03_132,"Pigeon pea, brown, not soaked, boiled* (without salt), drained",0.0691459701750816,0.19197205102379586,0.014260123810214709,458.0
03_134,"Pigeon pea, brown, soaked, boiled in different water* (without salt), drained",0.0691459701750816,0.19197205102379586,0.014260123810214709,458.0
02_011,"Sweet potato, deep yellow flesh, raw",0.06908858826588203,0.19133166494714823,0.014199884602483219,460.0
09_111,"Tuna, canned in oil, drained",0.0690770043387358,0.19392647219548015,0.014389868790089778,461.0
03_026,"Cowpea, black, not soaked, boiled* (without salt), drained",0.06903801638597876,0.19197526301371773,0.014236447445676354,462.0
03_093,"Cowpea, black, soaked, boiled in different water* (without salt), drained",0.06903801638597876,0.19197526301371773,0.014236447445676354,462.0
02_070,"Sweet potato, deep yellow flesh, boiled* (as part of a recipe)",0.06899744282062253,0.19134934122130456,0.01418107300336554,464.0
09_002,"Barracuda, fillet, raw",0.06896727736486669,0.19435506005217182,0.014397065761496831,465.0
09_038,"Shiny-nose, fillet, raw",0.06894320414428981,0.19597026846123347,0.014511271798748492,466.0
14_025,"Banakou vand zéédo (Burkina Faso)*: cassava leaf sauce with fish, vegetables and red palm oil",0.06885707744323495,0.18932095301637775,0.014000093012231485,467.0
02_040,"Cassava, flour, from fermented white cassava (dry fufu)",0.06881369098595351,0.19180212076537595,0.014173975434383264,468.0
04_049,"Pepper, sweet, green, fresh, raw",0.06879884115429909,0.19436612610023973,0.01436012413464212,469.0
14_028,Siné zindo (Burkina Faso)*: sesame sauce with fish and vegetables,0.06874229769692776,0.18988306324177473,0.01401652628342248,470.0
10_028,"Cheese, fresh curd, from cow’s milk",0.06872018540217323,0.19347816690184863,0.014276971638765163,471.0
07_036,"Chicken, light meat with skin, raw",0.06868031235666383,0.19546692754340805,0.014414738373081465,472.0
02_013,"Sweet potato, yellow flesh, raw",0.06859518783551039,0.19160992735798762,0.01411149994783199,473.0
04_020,"Taro, leaves, fresh, raw",0.06849810193832215,0.19249781269680338,0.014155349360476138,474.0
04_082,"Ginger, root, raw",0.06848632965938514,0.19175306717467622,0.014097982874391008,475.0
02_071,"Sweet potato, yellow flesh, boiled* (as part of a recipe)",0.06847870169788438,0.1916355271447942,0.014087656526999864,476.0
01_102,"Millet porridge, fermented (hausa koko/ben saalga), from whole millet grains only, cooked",0.06846068149269412,0.19183659275734086,0.014098453618091677,477.0
03_143,"Cowpeas and rice, boiled (Burkina Faso)*",0.06838093125775367,0.19095635038318268,0.014016214896087177,478.0
04_114,"Pepper, sweet, green, fresh, boiled* (as part of a recipe)",0.06837060424704658,0.19409736998208807,0.01424445657139501,479.0
01_176,"Fura saamdin (Burkina Faso)*: fermented pearl millet porridge with milk, water and sugar",0.06835878807611165,0.19173470351346003,0.014068454461397838,480.0
02_012,"Sweet potato, deep yellow flesh, boiled* (without salt), drained",0.06832304537716563,0.19165658995113719,0.01405483072978377,481.0
07_030,"Chicken, dark meat with skin, raw",0.06828527301369028,0.1937867245550484,0.014202608383654664,482.0
03_061,"African yam bean, soaked, boiled in different water* (without salt), drained",0.06821878168846204,0.19250769906547022,0.014094124712765575,483.0
04_015,"Garlic, flesh, raw",0.06800222655627501,0.19215205098068674,0.014020170086630096,484.0
03_126,"Pigeon pea, white, soaked, boiled in different water* (without salt), drained",0.06794543988386365,0.1923461136586664,0.014021755658661535,485.0
03_124,"Pigeon pea, white, not soaked, boiled* (without salt), drained",0.06794543988386365,0.1923461136586664,0.014021755658661535,485.0
04_123,"Taro, leaves, fresh, boiled* (as part of a recipe)",0.06789354307086268,0.19230579161589897,0.014007328721726662,487.0
03_108,"Sweet dattock, soaked, boiled in different water* (without salt), with cooking liquid",0.06785392278254042,0.19195387293894106,0.013972942214259763,488.0
03_106,"Sweet dattock, not soaked, boiled* (without salt), with cooking liquid",0.06785392278254042,0.19195387293894106,0.013972942214259763,488.0
02_014,"Sweet potato, yellow flesh, boiled* (without salt), drained",0.06780993630009279,0.19194767850631458,0.013962774716566822,490.0
14_021,"Babenda-1 (Burkina Faso)*: sauce from green leaves (amaranth, tchénébdo and hibiscus), groundnut powder, rice and onion",0.06779408626136607,0.190533995852947,0.013856464500180231,491.0
01_052,"Macaroni, dry, unfortified",0.06776550129200125,0.1930965549816644,0.014036473509858422,492.0
03_109,"Jack bean, not soaked, boiled* (without salt), drained",0.06773442258051617,0.19279428386029754,0.014007606641712802,493.0
03_111,"Jack bean, soaked, boiled in different water* (without salt), drained",0.06773442258051617,0.19279428386029754,0.014007606641712802,493.0
04_070,"Vernonia, leaves, bitter, fresh, boiled* (without salt), drained",0.06773027665841916,0.19231300102948357,0.013971721314782309,495.0
03_149,"Beng rougougdga né kmaan (Burkina Faso)*: cowpeas and degermed white maize, boiled",0.06772982996083855,0.19122973817133268,0.013892922959506442,496.0
03_025,"Broad bean, not soaked, boiled* (without salt), drained",0.06772747101455481,0.1926038902666345,0.01399223294664691,497.0
03_084,"Broad bean, soaked, boiled in different water* (without salt), drained",0.06772747101455481,0.1926038902666345,0.01399223294664691,497.0
04_109,"Maize, seeds, fresh, boiled* (as part of a recipe)",0.06768953466486592,0.19237290038993413,0.01396705560399819,499.0
09_060,"North African catfish, fillet, raw",0.06763012663098088,0.19519147597039074,0.014158355620678537,500.0
04_108,"Maize, seeds, fresh, boiled* (without salt), drained",0.06762856242694099,0.19238787324787932,0.013954648085314285,501.0
07_017,"Beef meat, lean, cured, dried",0.06752957569640913,0.18962767794499283,0.013732850177510313,502.0
14_015,"Blouvank koèég zéédo (Burkina Faso)*: jute mallow leaf sauce with lamb, vegetables, fermented African locust beans and red palm oil",0.06747799157691323,0.18945320111258238,0.0137089756525017,503.0
04_029,"Cocoyam, leaves, fresh, boiled* (without salt), drained",0.06740574935909587,0.19235673534801304,0.013903098675004215,504.0
04_102,"Eggplant, fruit, boiled* (as part of a recipe)",0.06739347233329682,0.1923180027146954,0.013897584469599324,505.0
14_011,Koum vând zéédo (Burkina Faso)*: wild eggplant leaf sauce with fish and vegetables,0.06737836144333008,0.1898987887204725,0.01371946424475019,506.0
03_088,"Lentil, soaked, boiled in different water* (without salt), with cooking liquid",0.06732275745532482,0.1924512282831852,0.013891565884398232,507.0
03_086,"Lentil, not soaked, boiled* (without salt), with cooking liquid",0.06732275745532482,0.1924512282831852,0.013891565884398232,507.0
03_133,"Pigeon pea, brown, not soaked, boiled* (without salt), with cooking liquid",0.06730602396314309,0.19264201694700758,0.013901631769980613,509.0
03_135,"Pigeon pea, brown, soaked, boiled in different water* (without salt), with cooking liquid",0.06730602396314309,0.19264201694700758,0.013901631769980613,509.0
04_054,"Pumpkin, leaves, fresh, boiled* (without salt), drained",0.0672799228252686,0.19244982819495357,0.013881988718322674,511.0
04_076,"Maize, seeds, fresh, raw",0.06721622126245529,0.19264059100931807,0.01388164426158593,512.0
02_001,"Cassava, tuber, white flesh, raw",0.06720706951544543,0.19274932179559207,0.013887452022435557,513.0
03_131,"Pigeon pea, cream, soaked, boiled in different water* (without salt), with cooking liquid",0.06719471744243802,0.19265789776283707,0.013878130029167258,514.0
03_129,"Pigeon pea, cream, not soaked, boiled* (without salt), with cooking liquid",0.06719471744243802,0.19265789776283707,0.013878130029167258,514.0
03_095,"Cowpea, brown, not soaked, boiled* (without salt), with cooking liquid",0.0669914653776541,0.19268600049835022,0.013835154826712034,516.0
03_097,"Cowpea, brown, soaked, boiled in different water* (without salt), with cooking liquid",0.0669914653776541,0.19268600049835022,0.013835154826712034,516.0
03_103,"Cowpea, dehulled, soaked, boiled in different water* (without salt), drained",0.06694328458584617,0.19311235787884193,0.013855080100665641,518.0
03_101,"Cowpea, dehulled, not soaked, boiled* (without salt), drained",0.06694328458584617,0.19311235787884193,0.013855080100665641,518.0
03_100,"Cowpea, white, soaked, boiled in different water* (without salt), with cooking liquid",0.06694055435485248,0.19269332326994945,0.013824411660342206,520.0
03_098,"Cowpea, white, not soaked, boiled* (without salt), with cooking liquid",0.06694055435485248,0.19269332326994945,0.013824411660342206,520.0
14_014,"Bite zindo (Burkina Faso)*: hibiscus leaf sauce with fish, fermented African locust beans and tomatoes",0.06692573132341238,0.19050872951029668,0.01366443859185448,522.0
01_048,"Bread, wheat, wholemeal, unfortified",0.06691510145061164,0.19053787196062022,0.013664202531034425,523.0
03_011,"African yam bean, not soaked, boiled* (without salt), drained",0.06685133570841122,0.19312625964908497,0.013835682257244747,524.0
03_123,"Pigeon pea, soaked, boiled in different water* (without salt), with cooking liquid",0.06682338536593252,0.19292174302726578,0.013814838239204787,525.0
03_121,"Pigeon pea, not soaked, boiled* (without salt), with cooking liquid",0.06682338536593252,0.19292174302726578,0.013814838239204787,525.0
02_019,"Yam, tuber, pale, raw",0.0668125176089917,0.19253937365026144,0.013785054488163672,527.0
07_022,"Beef tripe, boiled* (without salt), drained",0.06679068900354983,0.19579143812214714,0.014012981759912856,528.0
02_077,"Yam, tuber, pale, boiled* (as part of a recipe)",0.06678718154724385,0.19254430275380155,0.013779805688081256,529.0
09_048,"Atlantic cod (Northeast Atlantic), fillet, raw",0.06678480385697243,0.1960723412049255,0.014031761273571669,530.0
07_092,"Beef tripe, stewed* (as part of a recipe)",0.06674197507009208,0.19549406512916762,0.013980763810931928,531.0
02_039,"Cassava, grated, from fermented white cassava, toasted without oil (white gari)",0.06665536739503564,0.192568898001408,0.013752423485113338,532.0
02_015,"Taro, tuber, white, raw",0.06664140525713066,0.1925454584979005,0.01374766354802097,533.0
02_074,"Taro, tuber, white, boiled* (as part of a recipe)",0.06662906967768477,0.19255973023876471,0.013745955939258045,534.0
07_071,"Pork meat, lean, ca. 10% fat, raw",0.06658410629978148,0.1963709576453994,0.01400788738042473,535.0
07_133,"Beef tripe, grilled* (without salt or fat)",0.06656720892061778,0.19578805688637643,0.01396250979338998,536.0
03_062,"African yam bean, soaked, boiled in different water* (without salt), with cooking liquid",0.06648022402571924,0.193177291157888,0.013757040743410888,537.0
03_125,"Pigeon pea, white, not soaked, boiled* (without salt), with cooking liquid",0.06643327670983888,0.1929953399149784,0.01373368662402097,538.0
03_127,"Pigeon pea, white, soaked, boiled in different water* (without salt), with cooking liquid",0.06643327670983888,0.1929953399149784,0.01373368662402097,538.0
03_091,"Cowpea, soaked, boiled in different water* (without salt), with cooking liquid",0.06641608079261448,0.19298073526499027,0.013728839840835536,540.0
03_089,"Cowpea, not soaked, boiled* (without salt), with cooking liquid",0.06641608079261448,0.19298073526499027,0.013728839840835536,540.0
08_004,"Omelette, from chicken egg",0.06635837534806004,0.19247681891461824,0.013680248028892634,542.0
04_050,"Pepper, sweet, green, fresh, boiled* (without salt), drained",0.06624679806156576,0.19470443797410333,0.013813656068203265,543.0
02_020,"Yam, tuber, pale, boiled* (without salt), drained",0.0662421785135249,0.19284335108545805,0.01368059618222357,544.0
05_056,Sweet baobab paste (Burkina Faso)*,0.06613340895211325,0.19314872618040776,0.013678167545040327,545.0
02_016,"Taro, tuber, white, boiled* (without salt), drained",0.06612044995428176,0.19285243157374252,0.013654319285403496,546.0
01_092,"Maize, white, refined flour (special), fortified with vitamin A (Nigeria)",0.0661087036557688,0.19321561654580133,0.013677431180582327,547.0
01_060,"Maize, white, grit, degermed, raw",0.06608793259273449,0.19327682991825268,0.013677161430022145,548.0
02_048,"Plantain, unripe, pale flesh, flour",0.0660176400682093,0.19248640313800816,0.013605715295647866,549.0
01_055,"Maize, yellow, grit, degermed, raw",0.06600598919912477,0.19328187504364905,0.013659360990525237,550.0
02_051,"Cassava, tuber, white flesh, boiled* (as part of a recipe)",0.06590423306205516,0.1933623744012277,0.01364249731025434,551.0
04_104,"Native eggplant, fruit, boiled* (as part of a recipe)",0.06583390276306672,0.19316127475311387,0.013612740408048872,552.0
04_012,"Eggplant, fruit, raw",0.06581805026967312,0.19317097610823908,0.013609915091812825,553.0
04_128,"Vernonia, leaves, sweet, fresh, boiled* (as part of a recipe)",0.06580342973666767,0.192944121648332,0.013590699598062325,554.0
01_058,"Maize, white, refined flour (special), unfortified",0.0656667675091726,0.19349855605224908,0.013599457079964652,555.0
05_008,"Dattock, fruit, dried",0.06561532457225445,0.1931243338211086,0.01356177619316313,556.0
02_002,"Cassava, tuber, white flesh, dried",0.06555973183069715,0.1931219608470063,0.013549313310900885,557.0
03_094,"Cowpea, black, soaked, boiled in different water* (without salt), with cooking liquid",0.06552199897538005,0.1935486790557341,0.013570888064642477,558.0
03_092,"Cowpea, black, not soaked, boiled* (without salt), with cooking liquid",0.06552199897538005,0.1935486790557341,0.013570888064642477,558.0
04_079,"Vernonia, leaves, sweet, fresh, raw",0.0654872948575846,0.1931909229909442,0.013538126199995155,560.0
05_002,"Avocado, fruit, raw",0.06545866542114112,0.19342108224457938,0.013547914297176085,561.0
04_088,"Bean, green, boiled* (as part of a recipe)",0.0654275589472876,0.19341597554221113,0.013540667994533124,562.0
04_063,"Taro, leaves, fresh, boiled* (without salt), drained",0.06541744265927431,0.19352676062254445,0.013546182374817075,563.0
01_121,"Porridge, stiff, from wholegrain yellow maize meal* (without salt)",0.06538027103354499,0.1933749219286108,0.013527324980357816,564.0
03_110,"Jack bean, not soaked, boiled* (without salt), with cooking liquid",0.06530553326276793,0.1937961278212237,0.013540210113581943,565.0
03_112,"Jack bean, soaked, boiled in different water* (without salt), with cooking liquid",0.06530553326276793,0.1937961278212237,0.013540210113581943,565.0
02_003,"Cassava, tuber, white flesh, boiled* (without salt), drained",0.06529515888312579,0.1936684959270024,0.01352899295685624,567.0
02_098,Kou né barâand moomd saagbo (Burkina Faso)*: foutou of yam with ripe plantain,0.06521144639214184,0.1934229902717917,0.013493311308139968,568.0
02_044,"Plantain, ripe, orange flesh, raw",0.06520360954491417,0.1934205507878976,0.013491406471302874,569.0
01_036,"Rice, white, polished, raw",0.06515309915452087,0.19383237262138983,0.01350892834039021,570.0
01_109,"Porridge, stiff, from sifted white maize meal fortified with vitamin A (Nigeria)* (without salt)",0.06503861875660144,0.1935899341111527,0.013466675920909596,571.0
01_105,"Porridge, stiff, from wholegrain white maize meal* (without salt)",0.0650180585078073,0.19365004293516772,0.013466302676930648,572.0
04_003,"Bean, green, raw",0.06501638485426814,0.19368376528471157,0.013468276897891724,573.0
02_022,"Sweet potato, pale flesh (white/cream/pale yellow), raw",0.06496999760198792,0.19339872666431954,0.013438194256209323,574.0
03_083,"Broad bean, not soaked, boiled* (without salt), with cooking liquid",0.06496621467920423,0.193873345828393,0.013470334017226722,575.0
03_085,"Broad bean, soaked, boiled in different water* (without salt), with cooking liquid",0.06496621467920423,0.193873345828393,0.013470334017226722,575.0
01_107,"Porridge, stiff, from sifted white maize meal, unfortified* (without salt)",0.06496274697249714,0.19369069895971902,0.013456875463202789,577.0
02_069,"Sweet potato, pale flesh (white/cream/pale yellow), boiled* (as part of a recipe)",0.06492929852948533,0.1934125424042703,0.013430150987903238,578.0
02_092,Banakou né kou saagbo (Burkina Faso)*: foutou of yam and cassava,0.06486922114759096,0.19370324601330477,0.013437028260435932,579.0
01_174,Gappal (Burkina Faso)*: pearl millet porridge with milk and sugar,0.06486853581177064,0.1911107115272609,0.013257036587343113,580.0
01_098,"Maize dough, fermented (tô), from decorticated white maize only, cooked",0.06484904933829208,0.1937502719708667,0.013435821176736924,581.0
03_060,"African yam bean, not soaked, boiled* (without salt), with cooking liquid",0.06474687205126796,0.19411122383634521,0.013438174327213613,582.0
02_091,Banakou né barâand moomd saagbo (Burkina Faso)*: foutou of cassava and ripe plantain,0.06472260423930411,0.19395479094724355,0.013421963613891657,583.0
02_060,"Plantain, ripe, orange flesh, boiled* (as part of a recipe)",0.06471263619902783,0.1937235224464392,0.01340375195525291,584.0
02_081,"French fries, deep fried in unfortified vegetable oil*",0.06470160655628561,0.19229318459922365,0.013302362177256215,585.0
02_059,"Plantain, ripe, orange flesh, boiled* (without salt), drained",0.06468346799556471,0.19373948225738816,0.01339839634098718,586.0
14_031,"Katre nagouri vând koèng zéindo (Burkina Faso)*: dried sicklepod leaf sauce with vegetables, shea butter, groundnut paste and fermented African locust beans",0.0646709351214406,0.19050440901558027,0.013171939949705919,587.0
01_093,"Maize, white, refined flour (super), fortified with vitamin A (Nigeria)",0.06466058116347138,0.19464081493457305,0.013455637556103883,588.0
04_078,"Waterleaf, leaves, fresh, raw",0.0645956882257697,0.1937964749041519,0.013382893915057396,589.0
11_027,"Soya oil, fortified with vitamin A, 1100–2400 mcg/100g (Benin, Burkina Faso, Côte d’Ivoire, Guinea, Guinea-Bissau, Liberia, Mali, Niger, Senegal, Togo)",0.0645634595654674,0.19640832225072558,0.013556024619334922,590.0
14_023,Téi zéindo (Burkina Faso)*: simple oil palm fruit sauce with fish and vegetables,0.06454132533180677,0.1916445458068003,0.013222383108874712,591.0
01_005,"Maize, white, whole kernel, boiled* (without salt), drained",0.06452816371379529,0.19396491028561022,0.01337955778052112,592.0
01_104,"Maize, white, whole kernel, boiled* (as part of a recipe)",0.06452639241660764,0.19395989147319653,0.013378818994812119,593.0
02_023,"Sweet potato, pale flesh (white/cream/pale yellow), boiled* (without salt), drained",0.06451132585190887,0.1937108201610922,0.013358303724877047,594.0
04_074,"Native eggplant, fruit, raw",0.06447706761298108,0.19401827994042756,0.013371911388590159,595.0
05_012,"Jujube, raw",0.06447588790515009,0.19481786186142985,0.013426756682060847,596.0
01_046,"Bread, wheat, white, unfortified",0.06446165368354392,0.18987070751664217,0.01308271311462325,597.0
01_007,"Maize, yellow, whole kernel, boiled* (without salt), drained",0.06445508601032424,0.19397128188039722,0.013363800572456345,598.0
01_120,"Maize, yellow, whole kernel, boiled* (as part of a recipe)",0.06445246472399951,0.1939662484769013,0.013362872880548873,599.0
04_034,"Eggplant, fruit, boiled* (without salt), drained",0.0644452971430399,0.19404378403438202,0.013366625471143158,600.0
04_120,"Waterleaf, leaves, fresh, boiled* (as part of a recipe)",0.0644019951717085,0.19382273275988454,0.013341809874488065,601.0
03_102,"Cowpea, dehulled, not soaked, boiled* (without salt), with cooking liquid",0.06433562158285488,0.1943995508528871,0.013366775767082173,602.0
03_104,"Cowpea, dehulled, soaked, boiled in different water* (without salt), with cooking liquid",0.06433562158285488,0.1943995508528871,0.013366775767082173,602.0
02_042,"Plantain, ripe, ivory flesh, raw",0.06433075347741007,0.19398485971727486,0.013337183235636782,604.0
04_004,"Okra, leaves, fresh, raw",0.06432153792356567,0.19516851563422605,0.013416509611639866,605.0
11_019,"Cottonseed oil, fortified with vitamin A, 1100–2400 mcg/100g (Benin, Burkina Faso, Côte d’Ivoire, Guinea, Guinea-Bissau, Liberia, Mali, Niger, Senegal, Togo)",0.06429353322896379,0.19669162635307558,0.013514921680972868,606.0
07_021,"Beef tripe, raw",0.06425852437890808,0.19593453841951028,0.013455067068971557,607.0
01_081,"Maize, white, refined flour (super), unfortified",0.06421745293782313,0.1949216856984516,0.013376370629265185,608.0
04_026,"Bean, green, boiled* (without salt), drained",0.06414895882221798,0.19427563410110707,0.01331684114645838,609.0
04_051,"Pumpkin, squash, light orange flesh, raw",0.06407099811270173,0.1943147807067768,0.013302229039626585,610.0
01_078,"Fonio, decorticated grains (bran removed), washed (mid wet), raw",0.06405714067217035,0.1946325799721099,0.013320905683937592,611.0
05_017,"Papaya, fruit, ripe, raw",0.06404386481158536,0.1947771167519552,0.013327846108024535,612.0
04_127,"Vernonia, leaves, sweet, fresh, boiled* (without salt), drained",0.06401203239532197,0.19412989750340934,0.013276505380395301,613.0
02_049,"Sweet potato, orange flesh, raw",0.06397664540780297,0.1942958156268407,0.013280004649022755,614.0
04_017,"Okra, fruit, fresh, raw",0.06397573688518361,0.19467099314766023,0.013305445945757936,615.0
14_006,"Siikam zéédo (Burkina Faso)*: groundnut sauce with vegetables, fish and fermented African locust beans",0.06397539910167892,0.19265227221449008,0.013167395377150068,616.0
02_073,"Sweet potato, orange flesh, boiled* (as part of a recipe)",0.06392309324689624,0.19430503482988506,0.013268758977138372,617.0
02_009,"Potato, raw",0.06392042908644467,0.19430050503210874,0.013267858886445274,618.0
02_041,"Cassava, fermented paste from white cassava flour (wet fufu)",0.06390666969085289,0.19446798824447553,0.013276241895752048,619.0
02_068,"Potato, boiled* (as part of a recipe)",0.06390201548782577,0.19430801227672745,0.013264288370823421,620.0
02_058,"Plantain, ripe, ivory flesh, boiled* (as part of a recipe)",0.06389480540375503,0.1942874752208308,0.013261287826712867,621.0
02_057,"Plantain, ripe, ivory flesh, boiled* (without salt), drained",0.0638769923671807,0.1942892752322332,0.013257461305664558,622.0
04_110,"Okra, leaves, fresh, boiled* (as part of a recipe)",0.06387631264957,0.1949449992791799,0.013302053875670872,623.0
02_072,"Sweet potato, orange flesh, boiled* (without salt), drained",0.06384728091503915,0.19433673982370758,0.013254111393026947,624.0
04_124,"Tomato, red, ripe, boiled* (as part of a recipe)",0.0637407681950847,0.19452607573682412,0.013243385037215826,625.0
02_076,"Water yam, tuber, boiled* (as part of a recipe)",0.06374040659164566,0.1945231672048694,0.013243106779815038,626.0
02_093,Banakou né barâand kanss saagbo (Burkina Faso)*: foutou of cassava and unripe plantain,0.0637221662930898,0.1945335322981845,0.013239764574590484,627.0
01_126,"Fonio, decorticated grains (bran removed), boiled* (as part of a recipe)",0.06371462036722499,0.19452608066063679,0.013237582953263492,628.0
11_021,"Groundnut oil, fortified with vitamin A, 1100–2400 mcg/100g (Benin, Burkina Faso, Côte d’Ivoire, Guinea, Guinea-Bissau, Liberia, Mali, Niger, Senegal, Togo)",0.06370745005664814,0.19640907893006204,0.013364115294270196,629.0
04_040,"Lettuce, raw",0.06370341884983877,0.1945280433998807,0.01323523088327372,630.0
04_103,"Native eggplant, fruit, boiled* (without salt), drained",0.06369487909376019,0.1946074036231432,0.013238734647236818,631.0
04_115,"Pumpkin, squash, light orange flesh, boiled* (as part of a recipe)",0.06368938168362537,0.19461603689945603,0.013238101558788235,632.0
04_111,"Okra, fruit, fresh, boiled* (as part of a recipe)",0.0636853829571015,0.19472403944596106,0.013244559891882576,633.0
02_010,"Potato, boiled* (without salt), drained",0.0635465764090512,0.1946000472278859,0.013205319622787214,634.0
05_003,"Banana, white flesh, ripe, raw",0.06352706603285577,0.1945956327573378,0.013200690765841683,635.0
05_045,"Sweet apple, fruit, raw",0.06352445291356622,0.1948243433499667,0.013215625185362307,636.0
02_089,Fufu of ripe and unripe plantain with red palm oil (Burkina Faso)*,0.06351148334485815,0.19221359280827646,0.01303568616292351,637.0
02_087,Kou né téhi kaam fufu (Burkina Faso)*: fufu of yam and red palm oil,0.06350890513900452,0.19326447361389607,0.01310638743799952,638.0
11_023,"Palm oil, refined and decoloured, fortified with vitamin A, 1100–2400 mcg/100g (Benin, Burkina Faso, Côte d’Ivoire, Guinea, Guinea-Bissau, Liberia, Mali, Niger, Senegal, Togo)",0.06350266921621275,0.19613907525170507,0.01329993626960855,639.0
02_094,Kou né barâand kanss saagbo (Burkina Faso)*: foutou of yam and unripe plantain,0.06347237529754778,0.19457585701116115,0.013187215725727513,640.0
11_028,"Soya oil, fortified with vitamin A, 600–1000 mcg/100g (Ghana, Nigeria, Sierra Leone)",0.06342210796684172,0.19669165855561627,0.013319340239828998,641.0
02_017,"Water yam, tuber, raw",0.06341818686115229,0.1948001502333002,0.013190382468215318,642.0
05_041,"Pomegranate, fruit, raw",0.06340758815619363,0.19483301066193864,0.013190253458239338,643.0
01_152,"Rice, brown, boiled* (as part of a recipe)",0.06339494136745441,0.19482770497515894,0.013187085442063108,644.0
01_035,"Rice, brown, boiled* (without salt), drained",0.06338505234580577,0.19483111883807436,0.013185120200219929,645.0
01_051,"Fonio, decorticated grains (bran removed), boiled* (without salt), drained",0.0633803017896734,0.1948145280665236,0.01318294245301719,646.0
02_018,"Water yam, tuber, boiled* (without salt), drained",0.06337991750916058,0.19482103546494375,0.01318329746248864,647.0
01_133,"Oats, porridge* (without salt)",0.06337731894297817,0.19487435669451064,0.013186328398643365,648.0
04_091,"Carrot, boiled* (as part of a recipe)",0.0633698659331275,0.19442897490252248,0.013154539476100801,649.0
05_015,"Mango, orange flesh, ripe, raw",0.06336261299992142,0.19503874773936958,0.013194182577507913,650.0
04_052,"Pumpkin, squash, light orange flesh, boiled* (without salt), drained",0.0633561817508289,0.1948896042379953,0.01318266447381261,651.0
02_056,"Cocoyam, tuber, yellow, boiled* (as part of a recipe)",0.06330847692510254,0.19478338104625495,0.013164888205542425,652.0
02_054,"Cocoyam, tuber, white, boiled* (as part of a recipe)",0.06326293706538814,0.19479946965053252,0.013155865265184733,653.0
04_119,"Waterleaf, leaves, fresh, boiled* (without salt), drained",0.06325407195241775,0.19472031761960087,0.013148552464999063,654.0
04_066,"Tomato, paste, concentrated, without salt",0.06323668197458691,0.19470656074996417,0.013143764944238611,655.0
05_014,"Lemon, raw",0.06322905484926737,0.1954006708543485,0.013188922862082621,656.0
01_167,Ki béinré (northern Burkina Faso)*: pearl millet porridge with water and sugar,0.06322196280666235,0.19491526672991782,0.013154584388602892,657.0
04_112,"Onion, fresh, boiled* (as part of a recipe)",0.06321991020225735,0.1948642289786166,0.0131506841272855,658.0
11_017,"Coconut oil, fortified with vitamin A, 1100–2400 mcg/100g (Benin, Burkina Faso, Côte d’Ivoire, Guinea, Guinea-Bissau, Liberia, Mali, Niger, Senegal, Togo)",0.06321913605258703,0.196708844476619,0.013274997046067596,659.0
01_094,"Maize, white, whole kernel, dry, decorticated, raw",0.0632149326991115,0.19578846229618835,0.01321194679477182,660.0
02_037,"Cassava, tuber, yellow flesh, raw",0.06318934310141085,0.19511746158712712,0.013160977764837697,661.0
05_054,"Soursop, fruit, raw",0.0631757937930102,0.19593021831632176,0.013212774593312018,662.0
11_020,"Cottonseed oil, fortified with vitamin A, 600–1000 mcg/100g (Ghana, Nigeria, Sierra Leone)",0.06315041401683989,0.1969745551421101,0.013277504621996708,663.0
04_021,"Tomato, red, ripe, raw",0.06311975377366708,0.19510425957172658,0.013144617867613732,664.0
05_020,"Tamarind, immature fruit, raw",0.06311203789434694,0.19515900770859618,0.01314659082847634,665.0
14_020,"Toeg koing zéédo (Burkina Faso)*: dried baobab leaf sauce with fish, vegetables and fermented African locust beans",0.06309270141400218,0.191734677379814,0.012911692297510973,666.0
04_006,"Carrot, raw",0.06308535757168798,0.19469260250437806,0.013109254450029563,667.0
05_036,"Mango, deep orange flesh, raw",0.06307886739323275,0.19663301110241774,0.013238454338148934,668.0
11_009,"Soya oil, unfortified",0.06306563427111453,0.1969392746832577,0.013256104936582951,669.0
01_143,"Porridge, tô, from wholegrain white maize meal* (without salt)",0.0630250831968085,0.19515389750756937,0.013126915572681745,670.0
02_043,"Cocoyam, tuber, yellow, raw",0.06302035609469624,0.19506442327670445,0.013119846835804756,671.0
05_018,"Pineapple, fruit, raw",0.06301348147552158,0.19541649380156453,0.013141996569563842,672.0
02_055,"Cocoyam, tuber, yellow, boiled* (without salt), drained",0.06300824935137365,0.19507976000863794,0.013118188237539538,673.0
01_178,Kôrôkôrô-dôrô (Burkina Faso)*: tô (porridge) from white sorghum and maize flour,0.06299066899050096,0.19515936366547082,0.013119633359258243,674.0
04_041,"Okra, leaves, fresh, boiled* (without salt), drained",0.0629848237276752,0.19557541668663886,0.013146300569516616,675.0
02_005,"Cocoyam, tuber, white, raw",0.06297625873222203,0.19507950359031048,0.013111062986338972,676.0
01_151,"Porridge, tô, from wholegrain yellow maize meal* (without salt)",0.06297101675688685,0.19515891804572372,0.013115235193663897,677.0
02_006,"Cocoyam, tuber, white, boiled* (without salt), drained",0.0629630530646567,0.19509487319166,0.013109161696968342,678.0
04_018,"Onion, fresh, raw",0.06292845800399863,0.19515844694397644,0.013105744419983698,679.0
12_011,"Juice, orange, fresh, unsweetened",0.06284613923801802,0.19593325632427838,0.013139409891884645,680.0
05_050,"Carambola (star fruit), raw",0.06283746595622303,0.19569760219652702,0.013121674169663634,681.0
02_053,"Cassava, tuber, yellow flesh, boiled* (as part of a recipe)",0.06283175954096598,0.19542931630486032,0.01310241563810134,682.0
05_035,"Grapefruit, white, raw",0.06282323014078954,0.19570531270216654,0.013119019052841454,683.0
01_173,"Baling ni zièm béinré (Burkina Faso)*: porridge of degermed sorghum with potash, water and sugar",0.06280048290053364,0.1946604894044219,0.013043938364465112,684.0
11_005,"Cottonseed oil, yellow brown, unfortified",0.06279380109052941,0.19722181608747208,0.013214069117895322,685.0
04_064,"Tomato, red, ripe, boiled* (without salt), drained",0.06279093210781965,0.19539507531751218,0.013091037345656248,686.0
02_052,"Cassava, tuber, yellow flesh, boiled* (without salt), drained",0.06278555050730603,0.19544344605955583,0.013093080629024001,687.0
01_145,"Porridge, tô, from sifted white maize meal, unfortified* (without salt)",0.06275435794235174,0.19540446241973097,0.013083530109885933,688.0
01_079,"Rice flour, white",0.0627343156653962,0.19586615109702732,0.013109974211645684,689.0
01_144,"Porridge, tô, from sifted white maize meal fortified with vitamin A (Nigeria)* (without salt)",0.06272491142660744,0.19545848776222968,0.013080595528390032,690.0
01_135,"Rice, white, boiled* (as part of a recipe)",0.0626998983998298,0.19543546247071591,0.013073490144424212,691.0
01_038,"Rice, white, boiled* (without salt), drained",0.06269337579621288,0.1954372842534767,0.013072161008893666,692.0
04_032,"Cucumber, unpeeled, raw",0.06269077890198098,0.19547192570370128,0.01307390026685089,693.0
05_032,"Fig, raw",0.06267780070890737,0.1954549457812936,0.013069877304213587,694.0
02_084,"Plantain, deep fried in unfortified vegetable oil*",0.06267177261842152,0.19225131411091476,0.012854334577344424,695.0
04_042,"Okra, fruit, fresh, boiled* (without salt), drained",0.06265788444785354,0.19563778729956877,0.013077668939509178,696.0
01_169,Wèsln né souma (Burkina Faso)*: couscous from yellow maize with bambara groundnuts,0.06264860167046706,0.19446896637362943,0.012997482943238608,697.0
01_128,"Fonio, decorticated grains (bran removed), washed (mid wet), boiled* (as part of a recipe)",0.06262349746522321,0.19562567830010827,0.01306920339482789,698.0
14_009,"Nayoungn vand zindo (Burkina Faso)*: sweet potato leaf sauce, fish, red palm oil and vegetables",0.06262041681824596,0.1917745991381522,0.012811251224846259,699.0
01_127,"Fonio, decorticated grains (bran removed), washed (mid wet), boiled* (without salt), drained",0.062603422132179,0.19563590041192924,0.013065416651674516,700.0
05_016,"Orange, raw",0.06256029319055344,0.19648989589688526,0.013112806516514619,701.0
11_022,"Groundnut oil, fortified with vitamin A, 600–1000 mcg/100g (Ghana, Nigeria, Sierra Leone)",0.06254978804439242,0.19669241414495275,0.013123970380294983,702.0
02_097,Kou saagbo (Burkina Faso)*: foutou of yam,0.06249927473684239,0.19371989956365554,0.01291450011563871,703.0
05_029,"Clementine, raw",0.06247573501762067,0.19678205666616305,0.013113371128296808,704.0
01_106,"Porridge, soft, from wholegrain white maize meal* (without salt)",0.06247099366773659,0.1957548392842402,0.01304386236879861,705.0
01_076,"Porridge, stiff, from degermed white maize grit* (without salt)",0.06246940563800935,0.19571617001595704,0.013040932091357147,706.0
05_039,"Melon, cantaloupe, orange flesh, raw",0.062464176690193364,0.1959417348905939,0.013054796248723844,707.0
01_075,"Porridge, stiff, from degermed yellow maize grit* (without salt)",0.06245793929304223,0.19571780534546196,0.013038487889937077,708.0
12_006,Palm wine (ca. 3.8% v/v alcohol),0.06245264227002649,0.1958061827973688,0.013043195511863942,709.0
01_122,"Porridge, soft, from wholegrain yellow maize meal* (without salt)",0.06244605106253783,0.19575609585684506,0.013038391200349997,710.0
11_024,"Palm oil, refined and decoloured, fortified with vitamin A, 600–1000 mcg/100g (Ghana, Nigeria, Sierra Leone)",0.062337804112803735,0.196422799940863,0.013058611171175995,711.0
01_113,"Porridge, stiff, from refined (special) white maize flour fortified with vitamin A (Nigeria)* (without salt)",0.06230759697666455,0.19588132378541384,0.01301588296793887,712.0
12_025,"Soybean milk, fluid, from soybeans only, unfortified",0.06230649818185802,0.19569239899134291,0.013003084780171864,713.0
01_053,"Macaroni, boiled* (without salt), drained",0.062281405374903974,0.19622217578509474,0.013032686931523586,714.0
01_110,"Porridge, soft, from sifted white maize meal fortified with vitamin A (Nigeria)* (without salt)",0.06227705081084993,0.19601278368976624,0.013017808831466905,715.0
05_048,"Banana, sweet, flesh, unripe (green), raw",0.06226917659224235,0.19598974214803488,0.013014523527907171,716.0
01_108,"Porridge, soft, from sifted white maize meal, unfortified* (without salt)",0.06225986809941501,0.19604967761868675,0.013016428170492653,717.0
01_111,"Porridge, stiff, from refined (special) white maize flour, unfortified* (without salt)",0.06223240868925011,0.19598091050474836,0.01300574282032457,718.0
12_007,"Sap, palm, fresh (0.3% v/v alcohol)",0.062216096628805125,0.19607036637274738,0.013008042488722005,719.0
01_134,"Rice, white, polished, boiled* (as part of a recipe)",0.062196068092594335,0.19600564112349636,0.012999284591454718,720.0
11_003,"Groundnut oil, unfortified",0.06218952582625507,0.1969400293225786,0.01305978913337543,721.0
01_116,"Porridge, stiff, from refined (super) white maize flour fortified with vitamin A (Nigeria)* (without salt)",0.06218257511412377,0.19616453508710505,0.013006813068402375,722.0
01_172,"Baling béinré (northern Burkina Faso)*: sorghum porridge with monkey bread, tamarind, water, milk and sugar",0.06217481889591853,0.19570897287989328,0.012974880809649694,723.0
12_010,"Juice, lemon, fresh, unsweetened",0.06214739873689996,0.19683926610245145,0.013043679082483042,724.0
05_046,"Apple, green, with skin, raw",0.06213152895172189,0.19608642336882456,0.012990253608762773,725.0
11_014,Olive oil,0.06211088650011622,0.1963887195947642,0.013005671243091,726.0
02_050,"Yam, tuber, three-leaved, pale, raw",0.06210920635741183,0.19622893597206095,0.012994714907318464,727.0
01_114,"Porridge, stiff, from refined (super) white maize flour, unfortified* (without salt)",0.06210754970105303,0.1962639781016479,0.012996665844350455,728.0
05_038,"Melon, honeydew, pale green flesh, raw",0.06210722171557953,0.19628059582675422,0.012997693090010623,729.0
02_080,"Yam, tuber, three-leaved, pale, boiled* (as part of a recipe)",0.06210012994832442,0.19623217369328874,0.01299290454718155,730.0
02_066,"Plantain, unripe, orange flesh, boiled* (without salt), drained",0.06208843138349381,0.19566483116856132,0.012952737604134847,731.0
02_064,"Plantain, unripe, ivory flesh, boiled* (without salt), drained",0.06207963581137032,0.1956806055571431,0.012951825327776709,732.0
02_062,"Plantain, unripe, pale flesh, boiled* (without salt), drained",0.0620715949736626,0.19570116050878247,0.012951397042544813,733.0
02_079,"Yam, tuber, three-leaved, pale, boiled* (without salt, drained)",0.06207089854208121,0.19624868874651497,0.01298747680316851,734.0
02_047,"Plantain, unripe, orange flesh, raw",0.06206044691305185,0.1956290552106206,0.012944146086590868,735.0
05_028,"Banana, yellow flesh, ripe, raw",0.06205998645509928,0.1962422548069983,0.012984616819162326,736.0
11_018,"Coconut oil, fortified with vitamin A, 600–1000 mcg/100g (Ghana, Nigeria, Sierra Leone)",0.06205553024192258,0.19699174853617843,0.013033210176983138,737.0
02_046,"Plantain, unripe, ivory flesh, raw",0.06204992430940003,0.1956470339329356,0.012942995540523668,738.0
02_067,"Plantain, unripe, orange flesh, boiled* (as part of a recipe)",0.06204584658461851,0.19564822435975088,0.012942167449203871,739.0
02_045,"Plantain, unripe, pale flesh, raw",0.06204094666631023,0.19566948714972596,0.012942484187699022,740.0
02_065,"Plantain, unripe, ivory flesh, boiled* (as part of a recipe)",0.062036100167473684,0.19566525846706642,0.01294112659956834,741.0
02_063,"Plantain, unripe, pale flesh, boiled* (as part of a recipe)",0.06202759679805479,0.1956867623744483,0.012940657479733692,742.0
05_022,"Watermelon, fruit, raw",0.06202636251174851,0.19633646676854366,0.012983346626534682,743.0
01_069,"Rice, white, polished, boiled* (without salt), drained",0.06202041899795954,0.19629034126532685,0.01297897039242857,744.0
01_150,"Porridge, tô, from degermed white maize grit* (without salt)",0.06201772384834071,0.19633421751155397,0.012981270108394758,745.0
01_155,"Porridge, tô, from degermed yellow maize grit* (without salt)",0.06201719514901318,0.1963332708173132,0.012981089533358471,746.0
05_047,"Apple, red, with skin, raw",0.06199772295585228,0.196368175356176,0.012979051363758494,747.0
14_029,"Bengedo (Burkina Faso)*: cowpea leaf sauce with fish, vegetables, groundnut paste and fermented African locust beans",0.06199176753672546,0.19265826359391663,0.012732538881220177,748.0
11_007,"Palm oil, refined and decoloured, unfortified",0.061975607159413096,0.19667075457224645,0.012994107102272685,749.0
10_023,"Milk, sheep, fresh",0.06195394887813107,0.1966803317985,0.01298989874431555,750.0
05_026,"Apple, with skin, raw",0.0619530739983388,0.1963677551053882,0.012969059143753585,751.0
05_051,"Grapes, raw",0.06195100522869379,0.19635587382310443,0.012967812804773101,752.0
01_166,"Porridge, tô, from maize and cassava flour (Burkina Faso)*",0.061942734100663664,0.19631818125500203,0.01296347818269491,753.0
01_154,"Porridge, soft, from refined (special) white maize flour fortified with vitamin A (Nigeria)* (without salt)",0.06188986770346158,0.19658791789370175,0.012969479607639736,754.0
01_147,"Porridge, tô, from refined (special) white maize flour fortified with vitamin A (Nigeria)* (without salt)",0.061879972313304686,0.19655148155713179,0.01296486577190556,755.0
01_112,"Porridge, soft, from refined (special) white maize flour, unfortified* (without salt)",0.06187280261091607,0.19662470390660663,0.012968093801247737,756.0
05_034,"Fruit cocktail, canned in syrup, undrained",0.06187036990457593,0.1963631108096767,0.012950298030957789,757.0
01_056,"Porridge, soft, from degermed yellow maize grit* (without salt)",0.06186664718505447,0.1966333713613597,0.012967290177157456,758.0
01_061,"Porridge, soft, from degermed white maize grit* (without salt)",0.061866459340060784,0.19663400163022565,0.012967289772170577,759.0
02_090,Kou né kamoag fufu (Burkina Faso)*: fufu of yam with shea butter,0.06185166003727277,0.19401399264696112,0.012791247401397676,760.0
01_146,"Porridge, tô, from refined (special) white maize flour, unfortified* (without salt)",0.061850856217737074,0.19660519170931665,0.012961904324773187,761.0
01_163,"Rice cakes, fried in unfortified vegetable oil*",0.06183676941613791,0.1965406945391042,0.012954506436516956,762.0
12_012,"Juice, canned or bottled, sweetened (e.g. apple)",0.06183440863041453,0.19638631899996034,0.012943804388241144,763.0
10_004,"Breastmilk, mature",0.06182575453076331,0.19658793134624417,0.01295515971134382,764.0
01_168,Beenkida (Burkina Faso)*: maize porridge with maize granules,0.06181989054223465,0.19659282983989693,0.012954172764454354,765.0
10_009,"Cream, from cow’s milk, ca. 38% fat",0.06179111229218475,0.1961080445655749,0.012915816895273343,766.0
01_119,"Maize, white, whole kernel, decorticated, boiled* (as part of a recipe)",0.06177863811418123,0.19685167315688076,0.012962003181942084,767.0
01_118,"Maize, white, whole kernel, decorticated, boiled* (without salt), drained",0.06177749325810042,0.1968533052531521,0.012961854624807938,768.0
14_008,Groundnut sauce with fish and vegetables (Burkina Faso)*,0.06177740128694725,0.1932572938719727,0.012725054173215209,769.0
01_149,"Porridge, tô, from refined (super) white maize flour fortified with vitamin A (Nigeria)* (without salt)",0.06177655492218012,0.1968327284550232,0.012960289922061944,770.0
01_117,"Porridge, soft, from refined (super) white maize flour fortified with vitamin A (Nigeria)* (without salt)",0.06177568810841453,0.19687290820438205,0.012962741660051737,771.0
12_013,"Juice, canned or bottled, unsweetened (e.g. grapefruit)",0.061759069675167956,0.1968817214972915,0.012959605110713453,772.0
01_115,"Porridge, soft, from refined (super) white maize flour, unfortified* (without salt)",0.061758677347114675,0.19690964097633956,0.012961355133249681,773.0
01_148,"Porridge, tô, from refined (super) white maize flour, unfortified* (without salt)",0.06174752012573638,0.19688636188370826,0.012957327429101492,774.0
01_161,"Moui béinré (Burkina Faso)*: rice porridge with water, milk and sugar",0.061746614102317396,0.19661824139806294,0.01293947973922517,775.0
12_009,"Coffee, liquid",0.06174253788498802,0.19695398558645588,0.012960663152370969,776.0
01_165,Kaman péêlég sagabo (Burkina Faso)*: stiff porridge from white degermed maize flour,0.06171795048902996,0.19688630112613714,0.012950710280778006,777.0
05_027,"Apple, without skin, raw",0.06171318139127064,0.19693917146499534,0.012953121125251559,778.0
11_002,"Coconut oil, unfortified",0.061694162153985106,0.19723898792771538,0.012968579767375754,779.0
12_021,"Water with fresh lemon juice, unsweetened*",0.061677682198496515,0.1972220272123483,0.012963772987353918,780.0
04_068,"Turnip, raw",0.06165112810696801,0.1962514099769269,0.012894053779008402,781.0
12_022,"Water with fresh lemon juice, sweetened*",0.061588808605950805,0.19722257134288163,0.012943902748182037,782.0
10_024,"Milk, sheep or goat, fermented",0.0615471597812464,0.19673818762108902,0.01290280784462804,783.0
04_125,"Turnip, boiled* (as part of a recipe)",0.061540029137952305,0.19625829320988045,0.012869745602048956,784.0
10_005,"Yoghurt, plain, from whole cow’s milk",0.061529528805460504,0.196804581460969,0.01290322235566547,785.0
10_001,"Milk, cow, whole, pasteurized or UHT, 3.5% fat",0.06141047600902779,0.19677038145227094,0.012874384894134146,786.0
10_029,"Milk, cow, whole, raw, 4.5% fat",0.061346777348600674,0.1967942145657755,0.012861715672117796,787.0
04_065,"Tomato, canned, packed in juice",0.06131211159768363,0.19544035502158688,0.012765543271437902,788.0
01_189,"Croissant, plain, unfortified",0.06130501987295523,0.1928543672797355,0.012595082608272022,789.0
10_003,"Milk, goat, fresh",0.06129112909969675,0.19677317123893195,0.012847912931935006,790.0
12_023,Coconut water,0.061273449345382085,0.19664130903406846,0.01283535794306272,791.0
10_010,"Cream, from cow’s milk, reduced fat, ca. 18% fat",0.06127169763560145,0.1967376445205561,0.01284125495976004,792.0
10_025,"Yoghurt, plain, from reduced fat/skimmed cow’s milk",0.06119996922132515,0.19674258112691678,0.012825564033593426,793.0
10_026,"Yoghurt, from reduced fat/skimmed cow’s milk, sweetened/with fruit",0.061024404403198715,0.1967793893623123,0.012788772243891907,794.0
01_047,"Bread, wheat, white for toasting, unfortified",0.06090247708103158,0.19265240979814105,0.012493919626012252,795.0
01_103,"Instant noodles (Indomie), made from wheat flour, previously fried and dried, without flavouring, boiled and drained*",0.060836780633775185,0.19618643202311448,0.012708494841149753,796.0
14_017,"Maân koèg zéindo-2 (Burkina Faso)*: dried okra sauce with lamb, vegetables and fermented African locust beans",0.06073547658582173,0.1927488319764572,0.012463679697916598,797.0
14_013,Koum péèleg zindo (Burkina Faso)*: white eggplant sauce with lamb and vegetables,0.06052866463252833,0.19391021366594965,0.012493330929801316,798.0
01_158,Moui naagdme (Burkina Faso)*: rice with fish and vegetables,0.06047640714266377,0.19451377731878924,0.012520701429341101,799.0
14_001,Fish and vegetable soup for children (Burkina Faso)*,0.06036430225565691,0.19440512391071998,0.012489020678935548,800.0
14_022,"Toeg maas zéédo (Burkina Faso)*: fresh baobab leaf sauce with fish, vegetables and fermented African locust beans",0.06032776936163822,0.19282699728693287,0.01237965988536303,801.0
14_007,Koum zindo (Burkina Faso)*: eggplant sauce with fish and vegetables,0.06012963212489335,0.1936063971294821,0.012386262865953795,802.0
01_188,"Biscuit, sweet, plain, unfortified",0.05986745088376318,0.19328489923115652,0.012308343352404976,803.0
02_086,Cou nin zindo (Burkina Faso)*: yam and vegetable stew,0.05978300287950158,0.1939858308031567,0.012334445683288729,804.0
14_024,"Téi né maane zéindo (Burkina Faso)*: oil palm fruit sauce with okra powder, fish and vegetables",0.0596089532742897,0.19411063630344388,0.012304170578550325,805.0
01_160,Cantonese rice with fish and noodles (Burkina Faso)*,0.05959704511419679,0.19472012529610663,0.012340182505406238,806.0
01_159,"Moui nin kalogo (Burkina Faso)*: rice with fish, onion and fermented African locust beans",0.05952422493200616,0.1948023979126084,0.012329357180737537,807.0
01_077,"Instant noodles (Indomie), made from wheat flour, previously fried and dried, without flavouring, unprepared",0.05936827351369705,0.1939695008990173,0.012242447345152195,808.0
14_018,"Maân koèg zéindo-1 (Burkina Faso)*: djoumblé (dried okra) sauce with beef, vegetables and red palm oil",0.059167500262424406,0.1945533072276532,0.012235156480732236,809.0
14_004,Epinard zéédo (Burkina Faso)*: spinach sauce with fish and vegetables,0.059040887801131266,0.19116671452275452,0.011994838454854606,810.0
01_156,Jollof macaroni (Burkina Faso)*: macaroni in tomato sauce with mutton,0.058918468262568455,0.19501363564771793,0.01220925532505713,811.0
02_095,"Porridge, tô, from gari and tomato paste (Burkina Faso)*",0.058812417528057284,0.1954774491889257,0.012214888480385808,812.0
01_045,"Bread/rolls, white, unfortified",0.05872441169940584,0.19402275568935012,0.012104714417087409,813.0
01_164,Jollof fonio (Burkina Faso)*: fonio with fish and vegetables,0.05871988258529377,0.19479433191505877,0.012151855846853656,814.0
14_026,Intro sauce with fish and vegetables (Burkina Faso)*,0.05850564030689979,0.1930424244664218,0.011995898364686841,815.0
14_019,"Maân mâass zéindo (Burkina Faso)*: fresh okra sauce with fish, vegetables, red palm oil and fermented African locust beans",0.058500662690644405,0.193032460337993,0.011994195219351123,816.0
14_002,"Pésgo né tomate zéindo (Burkina Faso)*: sauce with lamb, tomato and vegetables",0.05846184667115932,0.19327840764031395,0.012001014077193152,817.0
14_016,"Blouvank zéédo (Burkina Faso)*: jute mallow leaf sauce with fish, vegetables and red palm oil",0.05836454708606372,0.19387983847192347,0.012017080417390828,818.0
01_162,Rice with fish and vegetable curry (Burkina Faso)*,0.058250824475279,0.19508295328336886,0.012066634264369764,819.0
14_027,Curry sauce with beef meat and vegetables (Burkina Faso)*,0.05800687317858774,0.19505234106529057,0.0120111029361109,820.0
02_085,Potato nin zindo (Burkina Faso)*: potato and vegetable stew,0.05797477513426479,0.19487587561943107,0.011993187411451466,821.0
14_003,"Éindo tomate ne ziim zéindo (Burkina Faso)*: sauce with fish, tomato and fermented African locust beans",0.05795285890678468,0.1935311506407317,0.011905649916982473,822.0
14_005,Téi kam zéédo (Burkina Faso)*: red palm oil sauce with fish and vegetables,0.057698809886529985,0.19384756197828446,0.011869637588174463,823.0
01_157,Jollof spaghetti (Burkina Faso)*: spaghetti in vegetable sauce,0.0570234549401709,0.1953282295815018,0.011811842570673307,824.0
02_088,Fufu of ripe plantain with red palm oil (Burkina Faso)*,0.05604765992515883,0.19447131045623808,0.011546834952267862,825.0
14_033,"Soup from chicken, beer yeast, vegetables and fermented African locust beans (Burkina Faso)*",0.055954538106100155,0.19551546485653054,0.011588401163117032,826.0
07_135,Kédjénou (Burkina Faso)*: chicken stew with vegetables,0.055142802433872914,0.19591729935502025,0.011433927750712537,827.0
02_099,Fufu of unripe plantain with shea butter (Burkina Faso)*,0.05492442710608005,0.19601071344803098,0.011391444717824198,828.0
14_012,"Clear sauce with fish, red palm oil and vegetables (Burkina Faso)*",0.05487399427445047,0.19441259000493746,0.011287590528865323,829.0
14_034,Soup with cabbage and vegetables (Burkina Faso)*,0.05484177414481152,0.19517241367961757,0.011324666217268103,830.0
07_063,"Sausage, wiener (beef, pork, chicken) canned",0.054182847073986726,0.19423027348510905,0.011126832678837576,831.0
02_096,Fufu of unripe plantain with red palm oil (Burkina Faso)*,0.05388836247038724,0.19588262122213299,0.011157027643830753,832.0
10_027,"Cheese, processed, spreadable, shelf-stable (e.g. Laughing Cow)",0.05336808354311344,0.19571472728716677,0.011033771136275525,833.0
14_010,"Yassa sauce with lamb, onion and mustard (Burkina Faso)*",0.05335814612529775,0.1939347056700604,0.010931268590707543,834.0
