Code,Food name in English,Scientific name,"Protein, total
(g)","net_carbs
(g)","Fibre, total dietary or [fibre, crude]
(g)","Calcium
(mg)","Iron
(mg)","Magnesium
(mg)","Phosphorus
(mg)","Potassium
(mg)","Sodium
(mg)","Zinc
(mg)","Copper
(mg)","Vitamin A (expressed in retinol activity equivalents)
(mcg)","Vitamin C
(mg)","Vitamin D 
(mcg)","Vitamin B12
(mcg)","Vitamin B6
(mg)","Thiamine (vitamin B1)
(mg)","Riboflavin (vitamin B2)
(mg)","Niacin, preformed
(mg)","Folate, total or [folate, sum of vitamers] (vitamin B9)
(mcg)","Fatty acids, total saturated
(g)","Fatty acids, total monounsaturated 
(g)","Fatty acids, total polyunsaturated
(g)","Linoleic acid 
(g)","Alpha-linolenic acid
(g)"
01_172,"Baling béinré (northern Burkina Faso)*: sorghum porridge with monkey bread, tamarind, water, milk and sugar",,2.5,15.500000000000002,0.6,61.0,0.5,12.0,54,119.0,23.0,0.34,0.03,0.0,2.0,0.0,0.12,0.02,0.03,0.08,0.2,4.0,0.06,0.05,0.05,0.04,0.01
01_173,"Baling ni zièm béinré (Burkina Faso)*: porridge of degermed sorghum with potash, water and sugar",,0.9,14.3,0.5,10.0,0.9,7.0,11,35.0,49.0,0.16,0.02,0.0,0.0,0.0,0.0,0.01,0.01,0.02,0.1,2.0,0.03,0.04,0.04,0.04,0.0
01_168,Beenkida (Burkina Faso)*: maize porridge with maize granules,,2.1,20.6,1.1,5.0,0.2,13.0,14,25.0,3.0,0.18,0.03,0.0,0.0,0.0,0.0,0.04,0.03,0.01,0.1,1.0,0.05,0.12,0.13,0.12,0.0
01_188,"Biscuit, sweet, plain, unfortified",,6.2,62.900000000000006,2.0,67.0,1.3,16.0,109,119.0,390.0,0.54,0.1,106.0,1.0,0.1,0.06,0.05,0.11,0.04,1.0,12.0,10.3,7.65,2.38,2.03,0.29
01_177,Boalboal (Burkina Faso)*: millet balls with fried fish and vegetables,,5.4,15.2,2.8,16.0,4.3,35.0,143,201.0,227.0,0.84,0.17,21.0,6.0,0.2,1.2,0.11,0.09,0.1,1.7,37.0,2.65,5.11,8.08,7.81,0.1
01_047,"Bread, wheat, white for toasting, unfortified",,8.8,43.7,2.7,26.0,1.5,24.0,97,128.0,451.0,0.79,0.12,0.0,0.0,0.0,0.03,0.08,0.14,0.06,2.2,20.0,0.33,0.45,0.72,0.65,0.05
01_046,"Bread, wheat, white, unfortified",,7.5,47.6,2.9,34.0,2.5,29.0,90,139.0,676.0,0.99,0.14,0.0,0.0,0.0,0.03,0.08,0.12,0.06,2.2,21.0,0.23,0.44,0.2,0.18,0.02
01_048,"Bread, wheat, wholemeal, unfortified",,11.1,31.200000000000003,6.4,92.0,2.2,68.0,195,235.0,438.0,1.56,0.23,0.0,0.0,0.0,0.03,0.14,0.25,0.06,4.1,31.0,0.45,0.59,0.95,0.86,0.1
01_045,"Bread/rolls, white, unfortified",,9.5,48.5,2.5,26.0,1.0,24.0,106,139.0,456.0,0.87,0.13,0.0,0.0,0.0,0.04,0.06,0.14,0.06,1.5,29.0,0.47,0.59,0.75,0.67,0.07
01_187,"Cake, plain, unfortified",,6.1,50.0,1.4,49.0,0.8,14.0,194,127.0,383.0,0.44,0.1,89.0,0.0,,0.15,0.05,0.07,0.12,0.6,15.0,6.51,5.67,1.66,1.42,0.22
01_160,Cantonese rice with fish and noodles (Burkina Faso)*,,5.5,30.1,1.6,16.0,0.8,22.0,103,189.0,273.0,0.64,0.17,44.0,5.0,0.1,0.77,0.09,0.05,0.06,1.5,9.0,1.85,3.66,5.74,5.58,0.05
01_182,"Cornflakes (breakfast cereal), unfortified",,6.3,76.0,4.6,3.0,1.0,34.0,130,140.0,270.0,0.7,,0.0,0.0,0.0,0.0,0.03,0.05,0.02,1.3,6.0,0.37,0.72,1.4,1.36,0.04
01_189,"Croissant, plain, unfortified",,8.3,36.7,3.0,69.0,1.4,22.0,105,132.0,392.0,0.78,0.16,77.0,0.0,0.1,0.1,0.04,0.16,0.14,1.4,60.0,11.7,5.46,1.43,1.12,0.2
01_002,"Fonio, black, whole grains, raw",Digitaria iburua,8.3,43.4,16.4,51.0,10.0,430.0,234,340.0,8.0,3.8,0.44,2.0,0.0,0.0,0.0,0.16,0.26,0.1,1.6,120.0,0.47,0.65,1.04,0.96,0.08
01_124,"Fonio, black, whole grains, boiled* (as part of a recipe)",Digitaria iburua,3.5,18.0,6.9,21.0,4.2,179.0,98,142.0,3.0,1.58,0.18,1.0,0.0,0.0,0.0,0.05,0.08,0.04,0.6,41.0,0.2,0.27,0.43,0.4,0.03
01_049,"Fonio, black, whole grains, boiled* (without salt), drained",Digitaria iburua,3.5,18.0,6.9,21.0,4.2,179.0,93,113.0,3.0,1.5,0.18,1.0,0.0,0.0,0.0,0.03,0.05,0.03,0.5,36.0,0.2,0.27,0.43,0.4,0.03
01_050,"Fonio, decorticated grains (bran removed), dry, raw",Digitaria exilis,7.1,74.7,2.2,24.0,2.1,41.0,113,178.0,5.0,1.71,0.94,0.0,0.0,0.0,0.0,0.16,0.16,0.18,1.4,62.0,0.25,0.35,0.56,0.52,0.04
01_126,"Fonio, decorticated grains (bran removed), boiled* (as part of a recipe)",Digitaria exilis,3.0,31.1,0.9,10.0,0.9,17.0,47,74.0,2.0,0.71,0.39,0.0,0.0,0.0,0.0,0.05,0.05,0.07,0.6,21.0,0.11,0.15,0.23,0.22,0.02
01_051,"Fonio, decorticated grains (bran removed), boiled* (without salt), drained",Digitaria exilis,3.0,31.1,0.9,10.0,0.8,17.0,45,41.0,1.0,0.68,0.37,0.0,0.0,0.0,0.0,0.03,0.03,0.04,0.5,18.0,0.11,0.15,0.23,0.22,0.02
01_078,"Fonio, decorticated grains (bran removed), washed (mid wet), raw",Digitaria exilis,4.4,51.8,1.0,16.0,0.8,28.0,76,120.0,4.0,1.31,0.64,0.0,0.0,0.0,0.0,0.11,0.11,0.12,1.0,83.0,0.17,0.23,0.38,0.35,0.03
01_128,"Fonio, decorticated grains (bran removed), washed (mid wet), boiled* (as part of a recipe)",Digitaria exilis,2.7,32.4,0.6,10.0,0.5,17.0,48,75.0,2.0,0.82,0.4,0.0,0.0,0.0,0.0,0.05,0.05,0.08,0.6,41.0,0.11,0.15,0.24,0.22,0.02
01_127,"Fonio, decorticated grains (bran removed), washed (mid wet), boiled* (without salt), drained",Digitaria exilis,2.7,32.4,0.6,10.0,0.5,17.0,45,41.0,1.0,0.78,0.38,0.0,0.0,0.0,0.0,0.03,0.04,0.04,0.5,36.0,0.11,0.15,0.24,0.22,0.02
01_001,"Fonio, white, whole grains, raw",Digitaria exilis,7.1,43.3,16.4,40.0,29.4,430.0,191,340.0,8.0,2.79,0.44,0.0,0.0,0.0,0.0,0.16,0.26,0.1,1.6,120.0,0.59,0.81,1.3,1.2,0.1
01_125,"Fonio, white, whole grains, boiled* (as part of a recipe)",Digitaria exilis,2.9,18.0,6.9,17.0,12.3,179.0,80,142.0,3.0,1.16,0.18,0.0,0.0,0.0,0.0,0.05,0.08,0.04,0.6,41.0,0.25,0.34,0.54,0.5,0.04
01_003,"Fonio, white, whole grains, boiled* (without salt), drained",Digitaria exilis,2.9,18.0,6.9,17.0,12.3,179.0,76,113.0,3.0,1.1,0.18,0.0,0.0,0.0,0.0,0.03,0.05,0.03,0.5,36.0,0.25,0.34,0.54,0.5,0.04
01_176,"Fura saamdin (Burkina Faso)*: fermented pearl millet porridge with milk, water and sugar",,2.6,18.1,1.3,41.0,1.9,18.0,88,82.0,17.0,0.7,0.06,13.0,0.0,0.0,0.18,0.04,0.06,0.11,0.3,9.0,0.82,0.46,0.36,0.04,0.03
01_174,Gappal (Burkina Faso)*: pearl millet porridge with milk and sugar,,3.4,20.2,1.2,83.0,2.1,21.0,127,142.0,363.0,0.77,0.07,27.0,0.0,0.1,0.38,0.06,0.06,0.2,0.3,24.0,1.52,0.79,0.37,0.31,0.03
01_180,"Gnon (Burkina Faso)*: steamed balls of cowpea leaves with groundnut flour, potash and pearl millet",,6.6,20.3,4.3,136.0,6.8,77.0,170,390.0,654.0,1.25,0.32,72.0,13.0,0.0,0.0,0.19,0.15,0.19,1.9,49.0,2.41,5.22,6.18,6.08,0.09
01_077,"Instant noodles (Indomie), made from wheat flour, previously fried and dried, without flavouring, unprepared",,12.7,54.8,2.9,28.0,1.0,28.0,128,85.0,494.0,0.51,0.13,0.0,0.0,0.0,1.0,0.12,0.31,0.36,1.0,16.0,8.97,7.01,2.02,1.93,0.05
01_103,"Instant noodles (Indomie), made from wheat flour, previously fried and dried, without flavouring, boiled and drained*",,5.6,24.0,1.3,12.0,0.3,10.0,53,22.0,108.0,0.22,0.05,0.0,0.0,0.0,0.44,0.05,0.12,0.12,0.4,5.0,3.93,3.07,0.89,0.85,0.02
01_164,Jollof fonio (Burkina Faso)*: fonio with fish and vegetables,,3.3,17.6,1.0,14.0,0.8,16.0,51,122.0,308.0,0.5,0.25,39.0,5.0,0.1,0.59,0.07,0.05,0.07,1.0,15.0,0.96,1.8,2.8,2.68,0.03
01_156,Jollof macaroni (Burkina Faso)*: macaroni in tomato sauce with mutton,,5.1,18.9,1.6,17.0,0.7,18.0,71,156.0,297.0,0.58,0.13,19.0,12.0,0.0,0.17,0.09,0.05,0.05,1.0,9.0,2.14,3.45,4.44,4.33,0.08
01_157,Jollof spaghetti (Burkina Faso)*: spaghetti in vegetable sauce,,4.3,22.0,1.8,18.0,0.6,18.0,67,139.0,388.0,0.44,0.14,17.0,14.0,0.0,0.0,0.08,0.05,0.04,0.8,9.0,1.53,3.2,5.1,5.03,0.06
01_165,Kaman péêlég sagabo (Burkina Faso)*: stiff porridge from white degermed maize flour,,1.8,13.9,0.9,4.0,0.1,11.0,12,20.0,3.0,0.15,0.02,0.0,0.0,0.0,0.0,0.03,0.02,0.0,0.1,1.0,0.04,0.1,0.11,0.1,0.0
01_167,Ki béinré (northern Burkina Faso)*: pearl millet porridge with water and sugar,,1.2,11.9,0.7,2.0,0.8,15.0,50,41.0,4.0,0.35,0.06,0.0,0.0,0.0,0.0,0.04,0.02,0.03,0.2,5.0,0.1,0.1,0.23,0.21,0.02
01_171,Ki saagbo né zièm (Burkina Faso)*: tô (porridge) from pearl millet and potash,,1.1,10.7,0.7,14.0,2.3,18.0,48,56.0,120.0,0.37,0.06,0.0,0.0,0.0,0.0,0.04,0.02,0.02,0.2,5.0,0.07,0.08,0.17,0.16,0.01
01_181,"Kiou gonré (Burkina Faso)*: steamed balls of fonio, cowpea leaves, groundnut flour and potash",,4.0,23.8,2.6,126.0,4.9,41.0,64,257.0,604.0,0.79,0.43,68.0,13.0,0.0,0.0,0.12,0.11,0.19,1.2,47.0,0.11,0.13,0.23,0.2,0.03
01_170,Kiou saagbo né zièm (Burkina Faso)*: tô (porridge) from fonio with potash and maize flour,,1.6,14.4,0.7,24.0,2.6,15.0,19,50.0,192.0,0.24,0.11,0.0,0.0,0.0,0.0,0.03,0.02,0.02,0.2,5.0,0.05,0.09,0.11,0.1,0.01
01_178,Kôrôkôrô-dôrô (Burkina Faso)*: tô (porridge) from white sorghum and maize flour,,2.2,13.7,2.0,5.0,0.7,20.0,46,45.0,3.0,0.35,0.04,0.0,0.0,0.0,0.0,0.04,0.03,0.02,0.5,7.0,0.08,0.2,0.16,0.16,0.01
01_052,"Macaroni, dry, unfortified",,12.3,69.0,3.2,21.0,1.3,43.0,180,199.0,4.0,1.07,0.3,0.0,0.0,0.0,0.0,0.13,0.11,0.05,2.0,18.0,0.25,0.16,0.6,0.56,0.03
01_053,"Macaroni, boiled* (without salt), drained",,4.3,23.8,1.1,7.0,0.3,13.0,59,41.0,1.0,0.37,0.09,0.0,0.0,0.0,0.0,0.04,0.03,0.01,0.6,4.0,0.09,0.06,0.21,0.19,0.01
01_099,"Maize dough, fermented (kenkey), from whole white maize with salt added, cooked",Zea mays,3.7,22.6,2.6,3.0,2.9,30.0,78,74.0,270.0,0.78,0.07,0.0,0.0,0.0,0.0,0.07,0.11,0.03,0.5,14.0,0.33,0.52,0.92,0.9,0.02
01_098,"Maize dough, fermented (tô), from decorticated white maize only, cooked",Zea mays,2.1,10.8,2.6,2.0,1.2,18.0,83,63.0,1.0,0.36,0.04,0.0,0.0,0.0,0.0,0.07,0.06,0.01,0.5,9.0,0.17,0.26,0.46,0.45,0.01
01_100,"Maize porridge, fermented (ogi), from decorticated white maize only, cooked",Zea mays,1.1,7.4,1.4,9.0,4.2,9.0,59,14.0,15.0,0.66,0.39,0.0,0.0,0.0,0.0,0.04,0.05,0.01,0.3,6.0,0.16,0.26,0.46,0.45,0.01
01_008,"Maize, Gougba variety, whole kernel, dry, raw (Benin), n=1",Zea mays,8.7,51.7,11.5,23.0,3.3,89.0,267,316.0,15.0,2.2,0.34,,2.0,0.0,0.0,0.35,0.32,0.09,1.8,71.0,0.38,0.73,1.06,1.04,0.03
01_009,"Maize, Gbaévè variety, whole kernel, dry, raw (Benin), n=1",Zea mays,8.1,51.7,11.5,23.0,3.3,89.0,267,316.0,15.0,2.2,0.34,,2.0,0.0,0.0,0.35,0.32,0.09,1.8,71.0,0.45,0.86,1.26,1.22,0.03
01_010,"Maize, DMR-ESR-W variety, whole kernel, dry, raw (Benin), n=1",Zea mays,8.8,50.1,11.5,23.0,3.3,89.0,267,316.0,15.0,2.2,0.34,,2.0,0.0,0.0,0.35,0.32,0.09,1.8,71.0,0.6,1.13,1.65,1.61,0.04
01_011,"Maize, POZA - RICA 7843 - SR  variety, whole kernel, dry, raw (Benin), n=1",Zea mays,9.0,51.0,11.5,23.0,3.3,89.0,267,316.0,15.0,2.2,0.34,,2.0,0.0,0.0,0.35,0.32,0.09,1.8,71.0,0.4,0.76,1.11,1.08,0.03
01_012,"Maize, TZPB-SR variety, whole kernel, dry, raw (Benin), n=1",Zea mays,8.8,48.6,11.5,23.0,3.3,89.0,267,316.0,15.0,2.2,0.34,,2.0,0.0,0.0,0.35,0.32,0.09,1.8,71.0,0.69,1.3,1.91,1.86,0.05
01_013,"Maize, Gnonli variety, whole kernel, dry, raw (Benin), n=1",Zea mays,7.6,52.3,11.5,23.0,3.3,89.0,267,316.0,15.0,2.2,0.34,,2.0,0.0,0.0,0.35,0.32,0.09,1.8,71.0,0.37,0.7,1.02,0.99,0.03
01_014,"Maize, combined varieties, whole kernel, dry, raw (Benin)",Zea mays,8.4,50.9,11.5,23.0,3.3,89.0,267,316.0,15.0,2.2,0.34,,2.0,0.0,0.0,0.35,0.32,0.09,1.8,71.0,0.48,0.91,1.34,1.3,0.04
01_123,"Maize, combined varieties, whole kernel (Benin), boiled* (as part of a recipe)",Zea mays,2.7,16.400000000000002,3.7,7.0,1.1,29.0,86,102.0,5.0,0.71,0.11,,1.0,0.0,0.0,0.09,0.08,0.03,0.5,18.0,0.16,0.3,0.43,0.42,0.01
01_062,"Maize, combined varieties, whole kernel (Benin), boiled* (without salt), drained",Zea mays,2.7,16.400000000000002,3.7,7.0,1.1,29.0,82,82.0,4.0,0.68,0.11,,1.0,0.0,0.0,0.06,0.05,0.02,0.4,16.0,0.16,0.3,0.43,0.42,0.01
01_060,"Maize, white, grit, degermed, raw",Zea mays,8.1,67.5,6.2,6.0,1.3,19.0,58,73.0,4.0,0.42,0.06,0.0,0.0,0.0,0.0,0.16,0.09,0.12,0.6,9.0,0.12,0.26,0.27,0.26,0.01
01_080,"Maize, white, meal, sifted, unfortified",Zea mays,8.7,61.6,7.0,15.0,3.2,90.0,153,197.0,4.0,2.01,0.17,0.0,0.0,0.0,0.0,0.31,0.32,0.07,1.0,29.0,0.5,0.94,1.37,1.34,0.04
01_091,"Maize, white, meal, sifted, fortified with vitamin A (Nigeria)",Zea mays,8.7,61.6,7.0,15.0,3.2,90.0,153,197.0,4.0,2.01,0.17,900.0,0.0,0.0,0.0,0.31,0.32,0.07,1.0,29.0,0.5,0.94,1.37,1.34,0.04
01_057,"Maize, white, meal, whole grains",Zea mays,9.7,51.1,11.5,23.0,3.3,89.0,267,316.0,15.0,2.2,0.34,0.0,2.0,0.0,0.0,0.35,0.32,0.09,1.8,71.0,0.57,1.09,1.59,1.55,0.04
01_058,"Maize, white, refined flour (special), unfortified",Zea mays,6.2,67.10000000000001,5.1,20.0,1.2,50.0,170,172.0,8.0,1.53,0.18,0.0,0.0,0.0,0.0,0.37,0.38,0.05,0.9,42.0,0.45,1.01,1.06,1.03,0.03
01_092,"Maize, white, refined flour (special), fortified with vitamin A (Nigeria)",Zea mays,6.2,67.10000000000001,5.1,20.0,1.2,50.0,170,172.0,8.0,1.53,0.18,900.0,0.0,0.0,0.0,0.37,0.38,0.05,0.9,42.0,0.45,1.01,1.06,1.03,0.03
01_081,"Maize, white, refined flour (super), unfortified",Zea mays,9.0,70.4,4.5,20.0,0.7,50.0,60,103.0,3.0,0.74,0.1,0.0,0.0,0.0,0.0,0.17,0.13,0.02,0.6,8.0,0.23,0.51,0.54,0.52,0.01
01_093,"Maize, white, refined flour (super), fortified with vitamin A (Nigeria)",Zea mays,9.0,70.4,4.5,20.0,0.7,50.0,60,103.0,3.0,0.74,0.1,900.0,0.0,0.0,0.0,0.17,0.13,0.02,0.6,8.0,0.23,0.51,0.54,0.52,0.01
01_004,"Maize, white, whole kernel, dry, raw",Zea mays,9.7,51.1,11.5,23.0,3.3,89.0,267,316.0,15.0,2.2,0.34,0.0,2.0,0.0,0.0,0.35,0.32,0.09,1.8,71.0,0.57,1.09,1.59,1.55,0.04
01_104,"Maize, white, whole kernel, boiled* (as part of a recipe)",Zea mays,3.1,16.5,3.7,7.0,1.1,29.0,86,102.0,5.0,0.71,0.11,0.0,1.0,0.0,0.0,0.09,0.08,0.03,0.5,18.0,0.19,0.35,0.51,0.5,0.01
01_005,"Maize, white, whole kernel, boiled* (without salt), drained",Zea mays,3.1,16.5,3.7,7.0,1.1,29.0,82,82.0,4.0,0.68,0.11,0.0,1.0,0.0,0.0,0.06,0.05,0.02,0.4,16.0,0.19,0.35,0.51,0.5,0.01
01_094,"Maize, white, whole kernel, dry, decorticated, raw",Zea mays,8.1,67.7,5.2,6.0,0.4,7.0,116,69.0,0.0,0.44,0.03,0.0,0.0,0.0,0.0,0.05,0.23,0.02,1.0,25.0,0.13,0.13,0.31,0.3,0.01
01_119,"Maize, white, whole kernel, decorticated, boiled* (as part of a recipe)",Zea mays,2.6,21.8,1.7,2.0,0.1,2.0,37,22.0,0.0,0.14,0.01,0.0,0.0,0.0,0.0,0.01,0.06,0.01,0.3,7.0,0.04,0.04,0.1,0.1,0.0
01_118,"Maize, white, whole kernel, decorticated, boiled* (without salt), drained",Zea mays,2.6,21.8,1.7,2.0,0.1,2.0,35,12.0,0.0,0.14,0.01,0.0,0.0,0.0,0.0,0.01,0.04,0.0,0.2,6.0,0.04,0.04,0.1,0.1,0.0
01_055,"Maize, yellow, grit, degermed, raw",Zea mays,7.8,67.8,6.2,7.0,1.3,19.0,58,73.0,4.0,0.42,0.06,13.0,0.0,0.0,0.0,0.16,0.08,0.07,0.6,9.0,0.11,0.24,0.29,0.28,0.01
01_054,"Maize, yellow, meal, whole grains, unfortified",Zea mays,9.4,55.8,9.4,21.0,3.4,89.0,248,319.0,23.0,1.99,0.37,13.0,3.0,0.0,0.0,0.34,0.23,0.08,1.4,71.0,0.55,1.2,1.43,1.4,0.03
01_006,"Maize, yellow, whole kernel, dry, raw",Zea mays,9.4,55.8,9.4,21.0,3.4,89.0,248,319.0,23.0,1.99,0.37,13.0,3.0,0.0,0.0,0.35,0.23,0.08,1.4,71.0,0.55,1.2,1.43,1.4,0.03
01_120,"Maize, yellow, whole kernel, boiled* (as part of a recipe)",Zea mays,3.0,18.0,3.0,7.0,1.1,29.0,80,103.0,7.0,0.64,0.12,4.0,1.0,0.0,0.0,0.09,0.06,0.03,0.4,18.0,0.18,0.39,0.46,0.45,0.01
01_007,"Maize, yellow, whole kernel, boiled* (without salt), drained",Zea mays,3.0,18.0,3.0,7.0,1.1,29.0,76,82.0,6.0,0.61,0.12,4.0,1.0,0.0,0.0,0.06,0.04,0.02,0.3,16.0,0.18,0.39,0.46,0.45,0.01
01_097,"Millet dough (tchobal/fura), from decorticated millet only, cooked",Pennisetum glaucum,3.8,30.000000000000004,3.2,7.0,4.7,34.0,131,85.0,2.0,1.24,0.13,0.0,0.0,0.0,0.0,0.07,0.13,0.08,0.6,18.0,0.35,0.36,0.8,0.06,0.06
01_153,"Millet dough (tô), from whole millet only, cooked",Pennisetum glaucum,1.8,14.0,2.7,4.0,4.7,24.0,97,86.0,1.0,1.03,0.13,0.0,0.0,0.0,0.0,0.07,0.07,0.06,0.5,16.0,0.24,0.25,0.56,0.52,0.04
01_102,"Millet porridge, fermented (hausa koko/ben saalga), from whole millet grains only, cooked",Pennisetum glaucum,0.9,7.7,1.2,2.0,1.9,4.0,39,17.0,0.0,0.18,0.04,0.0,0.0,0.0,0.0,0.02,0.06,0.02,0.3,7.0,0.13,0.14,0.33,0.31,0.02
01_161,"Moui béinré (Burkina Faso)*: rice porridge with water, milk and sugar",,1.2,16.599999999999998,0.3,8.0,0.2,5.0,32,22.0,6.0,0.22,0.05,2.0,0.0,0.0,0.03,0.01,0.01,0.02,0.2,2.0,0.14,0.07,0.04,0.03,0.0
01_158,Moui naagdme (Burkina Faso)*: rice with fish and vegetables,,3.9,20.6,1.4,18.0,0.9,15.0,77,132.0,220.0,0.51,0.14,9.0,4.0,0.1,0.58,0.06,0.03,0.05,1.0,8.0,0.92,1.69,2.64,2.54,0.03
01_159,"Moui nin kalogo (Burkina Faso)*: rice with fish, onion and fermented African locust beans",,4.1,21.9,0.9,16.0,0.8,14.0,78,72.0,260.0,0.51,0.12,5.0,1.0,0.1,0.66,0.04,0.02,0.04,1.0,5.0,1.1,2.06,3.21,3.09,0.03
01_101,"Oats, rolled, raw",Avena sativa,11.9,49.5,10.2,54.0,4.4,153.0,491,362.0,12.0,3.18,0.36,0.0,0.0,0.0,0.0,0.12,0.76,0.14,0.8,33.0,1.52,2.71,3.15,3.04,0.09
01_133,"Oats, porridge* (without salt)",Avena sativa,2.1,8.5,1.8,9.0,0.8,27.0,81,50.0,2.0,0.52,0.06,0.0,0.0,0.0,0.0,0.01,0.07,0.02,0.1,4.0,0.26,0.47,0.54,0.53,0.02
01_018,"Pearl millet, IKMV 8201 variety, whole grains, raw (Burkina Faso), n=1",Pennisetum glaucum ,9.5,56.0,8.8,23.0,15.2,96.0,402,332.0,12.0,2.58,0.45,0.0,0.0,0.0,0.0,0.35,0.29,0.19,2.0,160.0,1.1,1.26,2.5,2.33,0.17
01_019,"Pearl millet, IKMP 1 variety, whole grains, raw (Burkina Faso), n=1",Pennisetum glaucum ,8.6,58.400000000000006,7.3,23.0,15.2,96.0,402,332.0,12.0,2.58,0.45,0.0,0.0,0.0,0.0,0.35,0.29,0.19,2.0,160.0,1.01,1.16,2.3,2.14,0.16
01_020,"Pearl millet, IKMP 2 variety, whole grains, raw (Burkina Faso), n=1",Pennisetum glaucum ,8.2,57.400000000000006,8.3,23.0,15.2,96.0,402,332.0,12.0,2.58,0.45,0.0,0.0,0.0,0.0,0.35,0.29,0.19,2.0,160.0,1.05,1.2,2.38,2.22,0.16
01_021,"Pearl millet, IKMP 3 variety, whole grains, raw (Burkina Faso), n=1",Pennisetum glaucum ,13.5,47.3,10.5,23.0,15.2,96.0,402,332.0,12.0,2.58,0.45,0.0,0.0,0.0,0.0,0.35,0.29,0.19,2.0,160.0,1.36,1.57,3.11,2.9,0.21
01_022,"Pearl millet, IKMP 4 variety, whole grains, raw (Burkina Faso), n=1",Pennisetum glaucum ,12.2,49.8,8.8,23.0,15.2,96.0,402,332.0,12.0,2.58,0.45,0.0,0.0,0.0,0.0,0.35,0.29,0.19,2.0,160.0,1.33,1.53,3.03,2.83,0.21
01_023,"Pearl millet, IKMP 5 variety, whole grains, raw (Burkina Faso), n=1",Pennisetum glaucum ,13.3,45.2,11.7,23.0,15.2,96.0,402,332.0,12.0,2.58,0.45,0.0,0.0,0.0,0.0,0.35,0.29,0.19,2.0,160.0,1.56,1.79,3.55,3.31,0.24
01_024,"Pearl millet, IKMP 6 variety, whole grains, raw (Burkina Faso), n=1",Pennisetum glaucum ,14.5,52.5,7.6,23.0,15.2,96.0,402,332.0,12.0,2.58,0.45,0.0,0.0,0.0,0.0,0.35,0.29,0.19,2.0,160.0,1.02,1.18,2.33,2.17,0.16
01_025,"Pearl millet, IKMP 7 variety, whole grains, raw (Burkina Faso), n=1",Pennisetum glaucum ,10.9,55.9,8.6,23.0,15.2,96.0,402,332.0,12.0,2.58,0.45,0.0,0.0,0.0,0.0,0.35,0.29,0.19,2.0,160.0,1.03,1.19,2.36,2.2,0.16
01_026,"Pearl millet, IKMP 8 variety, whole grains, raw (Burkina Faso), n=1",Pennisetum glaucum ,7.9,60.0,8.3,23.0,15.2,96.0,402,332.0,12.0,2.58,0.45,0.0,0.0,0.0,0.0,0.35,0.29,0.19,2.0,160.0,1.1,1.26,2.51,2.34,0.17
01_027,"Pearl millet, IKMP 9 variety, whole grains, raw (Burkina Faso), n=1",Pennisetum glaucum ,9.9,54.5,9.5,23.0,15.2,96.0,402,332.0,12.0,2.58,0.45,0.0,0.0,0.0,0.0,0.35,0.29,0.19,2.0,160.0,1.28,1.47,2.91,2.71,0.2
01_028,"Pearl millet, IKMP 10 variety, whole grains, raw (Burkina Faso), n=1",Pennisetum glaucum ,7.8,54.5,9.1,23.0,15.2,96.0,402,332.0,12.0,2.58,0.45,0.0,0.0,0.0,0.0,0.35,0.29,0.19,2.0,160.0,1.13,1.3,2.59,2.41,0.18
01_029,"Pearl millet, IKMP 11 variety, whole grains, raw (Burkina Faso), n=1",Pennisetum glaucum ,7.4,56.0,8.7,23.0,15.2,96.0,402,332.0,12.0,2.58,0.45,0.0,0.0,0.0,0.0,0.35,0.29,0.19,2.0,160.0,1.14,1.31,2.59,2.42,0.18
01_030,"Pearl millet, IKMP 12 variety, whole grains, raw (Burkina Faso), n=1",Pennisetum glaucum ,9.8,56.7,9.0,23.0,15.2,96.0,402,332.0,12.0,2.58,0.45,0.0,0.0,0.0,0.0,0.35,0.29,0.19,2.0,160.0,1.12,1.29,2.56,2.39,0.18
01_031,"Pearl millet, IKMP 13 variety, whole grains, raw (Burkina Faso), n=1",Pennisetum glaucum ,9.5,57.7,8.5,23.0,15.2,96.0,402,332.0,12.0,2.58,0.45,0.0,0.0,0.0,0.0,0.35,0.29,0.19,2.0,160.0,1.15,1.33,2.63,2.45,0.18
01_032,"Pearl millet, combined varieties, whole grains, raw (Burkina Faso)",Pennisetum glaucum ,10.2,54.4,8.9,23.0,15.2,96.0,402,332.0,12.0,2.58,0.45,0.0,0.0,0.0,0.0,0.35,0.29,0.19,2.0,160.0,1.17,1.35,2.67,2.49,0.18
01_132,"Pearl millet, combined varieties, whole grains (Burkina Faso), boiled* (as part of a recipe)",Pennisetum glaucum ,4.3,22.7,3.7,10.0,6.3,40.0,168,138.0,5.0,1.08,0.19,0.0,0.0,0.0,0.0,0.12,0.09,0.08,0.8,54.0,0.49,0.56,1.11,1.04,0.08
01_064,"Pearl millet, combined varieties, whole grains (Burkina Faso), boiled* (without salt), drained",Pennisetum glaucum ,4.3,22.7,3.7,10.0,6.0,40.0,159,76.0,3.0,1.02,0.18,0.0,0.0,0.0,0.0,0.07,0.06,0.04,0.6,47.0,0.49,0.56,1.11,1.04,0.08
01_095,"Pearl millet, decorticated, raw",Pennisetum glaucum ,8.3,65.6,5.2,13.0,5.4,94.0,358,279.0,12.0,2.42,0.38,0.0,0.0,0.0,0.0,0.32,0.2,0.2,1.9,47.0,0.71,0.77,1.71,1.59,0.12
01_131,"Pearl millet, decorticated, boiled* (as part of a recipe)",Pennisetum glaucum ,3.5,27.3,2.2,5.0,2.3,39.0,149,116.0,5.0,1.01,0.16,0.0,0.0,0.0,0.0,0.11,0.06,0.08,0.8,16.0,0.3,0.32,0.71,0.66,0.05
01_130,"Pearl millet, decorticated, boiled* (without salt), drained",Pennisetum glaucum ,3.5,27.3,2.2,5.0,2.2,39.0,142,64.0,3.0,0.96,0.15,0.0,0.0,0.0,0.0,0.07,0.04,0.04,0.6,14.0,0.3,0.32,0.71,0.66,0.05
01_063,"Pearl millet, flour (bran removed)",Pennisetum glaucum,7.3,70.4,4.6,8.0,5.4,94.0,312,279.0,12.0,2.42,0.38,0.0,0.0,0.0,0.0,0.32,0.18,0.14,1.3,47.0,0.47,0.51,1.14,1.06,0.08
01_017,"Pearl millet, whole grains (with bran), raw",Pennisetum glaucum,9.3,55.2,9.0,23.0,15.2,96.0,402,332.0,12.0,2.58,0.45,0.0,0.0,0.0,0.0,0.35,0.29,0.19,2.0,160.0,0.96,1.1,2.19,2.04,0.15
01_129,"Pearl millet, whole grains, boiled* (as part of a recipe)",Pennisetum glaucum ,3.9,23.0,3.8,10.0,6.3,40.0,168,138.0,5.0,1.08,0.19,0.0,0.0,0.0,0.0,0.12,0.09,0.08,0.8,54.0,0.4,0.46,0.91,0.85,0.06
01_033,"Pearl millet, whole grains, boiled* (without salt), drained",Pennisetum glaucum ,3.9,23.0,3.8,10.0,6.3,40.0,159,111.0,4.0,1.02,0.19,0.0,0.0,0.0,0.0,0.07,0.06,0.06,0.6,47.0,0.4,0.46,0.91,0.85,0.06
01_175,Pigri (Burkina Faso)*: steamed pearl millet balls,,4.8,28.7,4.7,25.0,9.3,55.0,210,187.0,126.0,1.35,0.24,0.0,0.0,0.0,0.0,0.14,0.11,0.1,1.0,67.0,0.5,0.57,1.14,1.06,0.08
01_061,"Porridge, soft, from degermed white maize grit* (without salt)",Zea mays,1.1,9.3,0.8,1.0,0.2,3.0,8,10.0,1.0,0.06,0.01,0.0,0.0,0.0,0.0,0.02,0.01,0.02,0.1,1.0,0.02,0.04,0.04,0.04,0.0
01_056,"Porridge, soft, from degermed yellow maize grit* (without salt)",Zea mays,1.1,9.3,0.8,1.0,0.2,3.0,8,10.0,1.0,0.06,0.01,2.0,0.0,0.0,0.0,0.02,0.01,0.01,0.1,1.0,0.02,0.03,0.04,0.04,0.0
01_154,"Porridge, soft, from refined (special) white maize flour fortified with vitamin A (Nigeria)* (without salt)",Zea mays,0.9,9.2,0.7,3.0,0.2,7.0,23,24.0,1.0,0.21,0.02,117.0,0.0,0.0,0.0,0.04,0.04,0.01,0.1,5.0,0.06,0.14,0.15,0.14,0.0
01_112,"Porridge, soft, from refined (special) white maize flour, unfortified* (without salt)",Zea mays,0.9,9.2,0.7,3.0,0.2,7.0,23,24.0,1.0,0.21,0.02,0.0,0.0,0.0,0.0,0.04,0.04,0.01,0.1,5.0,0.06,0.14,0.15,0.14,0.0
01_117,"Porridge, soft, from refined (super) white maize flour fortified with vitamin A (Nigeria)* (without salt)",Zea mays,1.2,9.7,0.6,3.0,0.1,7.0,8,14.0,0.0,0.1,0.01,117.0,0.0,0.0,0.0,0.02,0.01,0.0,0.1,1.0,0.03,0.07,0.07,0.07,0.0
01_115,"Porridge, soft, from refined (super) white maize flour, unfortified* (without salt)",Zea mays,1.2,9.7,0.6,3.0,0.1,7.0,8,14.0,0.0,0.1,0.01,0.0,0.0,0.0,0.0,0.02,0.01,0.0,0.1,1.0,0.03,0.07,0.07,0.07,0.0
01_110,"Porridge, soft, from sifted white maize meal fortified with vitamin A (Nigeria)* (without salt)",Zea mays,1.2,8.4,1.0,2.0,0.4,12.0,21,27.0,0.0,0.28,0.02,117.0,0.0,0.0,0.0,0.03,0.03,0.01,0.1,3.0,0.07,0.13,0.19,0.18,0.0
01_108,"Porridge, soft, from sifted white maize meal, unfortified* (without salt)",Zea mays,1.2,8.4,1.0,2.0,0.4,12.0,21,27.0,0.0,0.28,0.02,0.0,0.0,0.0,0.0,0.03,0.03,0.01,0.1,3.0,0.07,0.13,0.19,0.18,0.0
01_106,"Porridge, soft, from wholegrain white maize meal* (without salt)",Zea mays,1.3,7.0,1.6,3.0,0.5,12.0,37,43.0,2.0,0.3,0.05,0.0,0.0,0.0,0.0,0.04,0.03,0.01,0.2,8.0,0.08,0.15,0.22,0.21,0.01
01_122,"Porridge, soft, from wholegrain yellow maize meal* (without salt)",Zea mays,1.3,7.6,1.3,3.0,0.5,12.0,34,44.0,3.0,0.27,0.05,2.0,0.0,0.0,0.0,0.04,0.02,0.01,0.2,8.0,0.07,0.16,0.2,0.19,0.0
01_076,"Porridge, stiff, from degermed white maize grit* (without salt)",Zea mays,3.0,25.0,2.3,2.0,0.5,7.0,21,27.0,1.0,0.16,0.02,0.0,0.0,0.0,0.0,0.05,0.02,0.04,0.2,3.0,0.04,0.1,0.1,0.1,0.0
01_075,"Porridge, stiff, from degermed yellow maize grit* (without salt)",Zea mays,2.9,25.1,2.3,3.0,0.5,7.0,21,27.0,1.0,0.16,0.02,5.0,0.0,0.0,0.0,0.05,0.02,0.03,0.2,3.0,0.04,0.09,0.11,0.1,0.0
01_113,"Porridge, stiff, from refined (special) white maize flour fortified with vitamin A (Nigeria)* (without salt)",Zea mays,2.3,24.9,1.9,7.0,0.4,19.0,63,64.0,3.0,0.57,0.07,317.0,0.0,0.0,0.0,0.11,0.11,0.02,0.3,12.0,0.17,0.38,0.39,0.38,0.01
01_111,"Porridge, stiff, from refined (special) white maize flour, unfortified* (without salt)",Zea mays,2.3,24.9,1.9,7.0,0.4,19.0,63,64.0,3.0,0.57,0.07,0.0,0.0,0.0,0.0,0.11,0.11,0.02,0.3,12.0,0.17,0.38,0.39,0.38,0.01
01_116,"Porridge, stiff, from refined (super) white maize flour fortified with vitamin A (Nigeria)* (without salt)",Zea mays,3.3,26.0,1.7,7.0,0.3,19.0,22,38.0,1.0,0.27,0.04,317.0,0.0,0.0,0.0,0.05,0.04,0.01,0.2,2.0,0.08,0.19,0.2,0.19,0.01
01_114,"Porridge, stiff, from refined (super) white maize flour, unfortified* (without salt)",Zea mays,3.3,26.0,1.7,7.0,0.3,19.0,22,38.0,1.0,0.27,0.04,0.0,0.0,0.0,0.0,0.05,0.04,0.01,0.2,2.0,0.08,0.19,0.2,0.19,0.01
01_109,"Porridge, stiff, from sifted white maize meal fortified with vitamin A (Nigeria)* (without salt)",Zea mays,3.2,22.8,2.6,6.0,1.2,33.0,57,73.0,1.0,0.74,0.06,317.0,0.0,0.0,0.0,0.09,0.09,0.02,0.4,9.0,0.18,0.35,0.51,0.5,0.01
01_107,"Porridge, stiff, from sifted white maize meal, unfortified* (without salt)",Zea mays,3.2,22.8,2.6,6.0,1.2,33.0,57,73.0,1.0,0.74,0.06,0.0,0.0,0.0,0.0,0.09,0.09,0.02,0.4,9.0,0.18,0.35,0.51,0.5,0.01
01_105,"Porridge, stiff, from wholegrain white maize meal* (without salt)",Zea mays,3.6,18.9,4.3,8.0,1.2,33.0,99,117.0,6.0,0.82,0.13,0.0,1.0,0.0,0.0,0.1,0.09,0.03,0.6,21.0,0.21,0.4,0.59,0.57,0.02
01_121,"Porridge, stiff, from wholegrain yellow maize meal* (without salt)",Zea mays,3.5,20.7,3.5,8.0,1.3,33.0,92,118.0,8.0,0.74,0.14,5.0,1.0,0.0,0.0,0.1,0.07,0.03,0.5,21.0,0.2,0.44,0.53,0.52,0.01
01_150,"Porridge, tô, from degermed white maize grit* (without salt)",Zea mays,1.6,13.5,1.2,1.0,0.3,4.0,12,15.0,1.0,0.08,0.01,0.0,0.0,0.0,0.0,0.03,0.01,0.02,0.1,1.0,0.02,0.05,0.05,0.05,0.0
01_155,"Porridge, tô, from degermed yellow maize grit* (without salt)",Zea mays,1.6,13.6,1.2,1.0,0.3,4.0,12,15.0,1.0,0.08,0.01,3.0,0.0,0.0,0.0,0.03,0.01,0.01,0.1,1.0,0.02,0.05,0.06,0.06,0.0
01_166,"Porridge, tô, from maize and cassava flour (Burkina Faso)*",,1.6,18.5,1.1,10.0,0.3,14.0,19,36.0,4.0,0.14,0.03,0.0,0.0,0.0,0.0,0.03,0.02,0.01,0.2,8.0,0.06,0.1,0.09,0.09,0.0
01_147,"Porridge, tô, from refined (special) white maize flour fortified with vitamin A (Nigeria)* (without salt)",Zea mays,1.2,13.4,1.0,4.0,0.2,10.0,34,34.0,2.0,0.31,0.04,171.0,0.0,0.0,0.0,0.06,0.06,0.01,0.2,7.0,0.09,0.2,0.21,0.21,0.01
01_146,"Porridge, tô, from refined (special) white maize flour, unfortified* (without salt)",Zea mays,1.2,13.4,1.0,4.0,0.2,10.0,34,34.0,2.0,0.31,0.04,0.0,0.0,0.0,0.0,0.06,0.06,0.01,0.2,7.0,0.09,0.2,0.21,0.21,0.01
01_149,"Porridge, tô, from refined (super) white maize flour fortified with vitamin A (Nigeria)* (without salt)",Zea mays,1.8,14.1,0.9,4.0,0.1,10.0,12,21.0,1.0,0.15,0.02,171.0,0.0,0.0,0.0,0.03,0.02,0.0,0.1,1.0,0.05,0.1,0.11,0.1,0.0
01_148,"Porridge, tô, from refined (super) white maize flour, unfortified* (without salt)",Zea mays,1.8,14.1,0.9,4.0,0.1,10.0,12,21.0,1.0,0.15,0.02,0.0,0.0,0.0,0.0,0.03,0.02,0.0,0.1,1.0,0.05,0.1,0.11,0.1,0.0
01_144,"Porridge, tô, from sifted white maize meal fortified with vitamin A (Nigeria)* (without salt)",Zea mays,1.7,12.3,1.4,3.0,0.6,18.0,31,39.0,1.0,0.4,0.03,0.0,0.0,0.0,0.0,0.05,0.05,0.01,0.2,5.0,0.1,0.19,0.28,0.27,0.01
01_145,"Porridge, tô, from sifted white maize meal, unfortified* (without salt)",Zea mays,1.7,12.3,1.4,3.0,0.6,18.0,31,39.0,1.0,0.4,0.03,171.0,0.0,0.0,0.0,0.05,0.05,0.01,0.2,5.0,0.1,0.19,0.28,0.27,0.01
01_143,"Porridge, tô, from wholegrain white maize meal* (without salt)",Zea mays,2.0,10.2,2.3,5.0,0.7,18.0,53,63.0,3.0,0.44,0.07,0.0,0.0,0.0,0.0,0.06,0.05,0.02,0.3,11.0,0.11,0.22,0.32,0.31,0.01
01_151,"Porridge, tô, from wholegrain yellow maize meal* (without salt)",Zea mays,1.9,11.1,1.9,4.0,0.7,18.0,50,64.0,5.0,0.4,0.07,3.0,0.0,0.0,0.0,0.06,0.04,0.02,0.3,11.0,0.11,0.24,0.29,0.28,0.01
01_163,"Rice cakes, fried in unfortified vegetable oil*",,3.2,53.5,1.3,6.0,0.2,19.0,52,41.0,1.0,0.43,0.08,0.0,0.0,0.0,0.0,0.21,0.06,0.01,1.2,2.0,1.19,2.41,3.61,3.57,0.04
01_079,"Rice flour, white",Oryza sativa,6.0,75.3,2.4,10.0,0.4,35.0,98,76.0,0.0,0.8,0.13,0.0,0.0,0.0,0.0,0.44,0.14,0.02,2.6,4.0,0.39,0.44,0.38,0.36,0.02
01_162,Rice with fish and vegetable curry (Burkina Faso)*,,3.8,23.4,1.4,17.0,0.7,17.0,81,100.0,318.0,0.51,0.12,31.0,2.0,0.1,0.67,0.06,0.03,0.04,1.0,6.0,1.01,1.92,2.92,2.78,0.03
01_034,"Rice, brown, raw",Oryza sativa,7.7,68.5,4.4,51.0,2.0,67.0,162,275.0,4.0,1.68,0.37,0.0,0.0,0.0,0.0,0.37,0.36,0.06,5.2,22.0,0.48,0.28,0.71,0.68,0.02
01_152,"Rice, brown, boiled* (as part of a recipe)",Oryza sativa,3.1,27.3,1.8,20.0,0.8,27.0,65,110.0,1.0,0.67,0.15,0.0,0.0,0.0,0.0,0.12,0.11,0.02,2.0,7.0,0.19,0.11,0.28,0.27,0.01
01_035,"Rice, brown, boiled* (without salt), drained",Oryza sativa,3.1,27.3,1.8,20.0,0.8,27.0,61,88.0,1.0,0.64,0.15,0.0,0.0,0.0,0.0,0.07,0.07,0.02,1.6,6.0,0.19,0.11,0.28,0.27,0.01
01_065,"Rice, red native, hulled, raw",Oryza glaberrima,7.4,69.5,4.1,38.0,2.8,106.0,294,242.0,2.0,1.5,0.37,0.0,0.0,0.0,0.0,0.12,0.34,0.07,6.5,23.0,0.45,0.71,0.86,,0.03
01_136,"Rice, red native, hulled, boiled* (as part of a recipe)",Oryza glaberrima,3.0,27.8,1.6,15.0,1.1,42.0,118,97.0,1.0,0.6,0.15,0.0,0.0,0.0,0.0,0.04,0.1,0.03,2.5,7.0,0.18,0.28,0.35,,0.0
01_066,"Rice, red native, hulled, boiled* (without salt), drained",Oryza glaberrima,3.0,27.8,1.6,15.0,1.1,42.0,112,77.0,1.0,0.57,0.15,0.0,0.0,0.0,0.0,0.02,0.07,0.02,2.0,6.0,0.18,0.28,0.35,,0.0
01_067,"Rice, red native, milled, raw",Oryza glaberrima,6.3,76.0,2.8,22.0,1.7,19.0,98,194.0,2.0,1.21,0.23,0.0,0.0,0.0,0.0,0.12,0.06,0.05,2.0,8.0,0.06,0.09,0.11,,0.0
01_137,"Rice, red native, milled, boiled* (as part of a recipe)",Oryza glaberrima,2.1,25.5,0.9,7.0,0.6,6.0,33,65.0,1.0,0.41,0.08,0.0,0.0,0.0,0.0,0.03,0.02,0.02,0.6,2.0,0.02,0.03,0.04,,0.0
01_068,"Rice, red native, milled, boiled* (without salt), drained",Oryza glaberrima,2.1,25.5,0.9,7.0,0.5,6.0,31,36.0,0.0,0.39,0.07,0.0,0.0,0.0,0.0,0.02,0.01,0.01,0.5,2.0,0.02,0.03,0.04,,0.0
01_036,"Rice, white, polished, raw",Oryza sativa,6.8,76.69999999999999,1.9,9.0,1.1,25.0,179,87.0,6.0,1.26,0.26,0.0,0.0,0.0,0.0,0.11,0.06,0.04,1.2,10.0,0.15,0.14,0.22,0.21,0.01
01_134,"Rice, white, polished, boiled* (as part of a recipe)",Oryza sativa,2.3,25.8,0.6,3.0,0.4,8.0,60,29.0,2.0,0.42,0.09,0.0,0.0,0.0,0.0,0.03,0.02,0.01,0.4,3.0,0.05,0.05,0.07,0.07,0.0
01_069,"Rice, white, polished, boiled* (without salt), drained",Oryza sativa,2.3,25.8,0.6,3.0,0.3,8.0,57,16.0,1.0,0.4,0.08,0.0,0.0,0.0,0.0,0.02,0.01,0.01,0.3,2.0,0.05,0.05,0.07,0.07,0.0
01_037,"Rice, white, raw",Oryza sativa,7.0,72.30000000000001,3.6,14.0,1.9,46.0,168,181.0,3.0,1.45,0.3,0.0,0.0,0.0,0.0,0.25,0.12,0.03,1.9,16.0,0.15,0.14,0.22,0.21,0.01
01_135,"Rice, white, boiled* (as part of a recipe)",Oryza sativa,2.3,24.3,1.2,5.0,0.6,15.0,56,61.0,1.0,0.49,0.1,0.0,0.0,0.0,0.0,0.07,0.03,0.01,0.6,4.0,0.05,0.05,0.07,0.07,0.0
01_038,"Rice, white, boiled* (without salt), drained",Oryza sativa,2.3,24.3,1.2,5.0,0.6,15.0,54,33.0,1.0,0.46,0.1,0.0,0.0,0.0,0.0,0.04,0.02,0.01,0.5,4.0,0.05,0.05,0.07,0.07,0.0
01_072,"Sorghum, flour, degermed",Sorghum bicolor,10.4,66.5,4.7,11.0,3.5,31.0,87,145.0,1.0,1.78,0.01,0.0,0.0,0.0,0.0,0.07,0.18,0.12,1.4,32.0,0.3,0.38,0.46,0.45,0.02
01_039,"Sorghum, whole grains, raw",Sorghum bicolor,11.5,49.2,11.9,26.0,6.8,193.0,371,305.0,9.0,1.88,0.3,1.0,0.0,0.0,0.0,0.25,0.35,0.15,3.3,64.0,0.48,1.16,0.86,0.84,0.03
01_138,"Sorghum, whole grains, boiled* (as part of a recipe)",Sorghum bicolor,4.8,20.6,4.9,11.0,2.8,81.0,155,127.0,4.0,0.79,0.12,0.0,0.0,0.0,0.0,0.08,0.11,0.06,1.3,21.0,0.2,0.48,0.36,0.35,0.01
01_042,"Sorghum, whole grains, boiled* (without salt), drained",Sorghum bicolor,4.8,20.6,4.9,11.0,2.8,81.0,147,102.0,3.0,0.75,0.12,0.0,0.0,0.0,0.0,0.05,0.07,0.05,1.0,19.0,0.2,0.48,0.36,0.35,0.01
01_041,"Sorghum, whole grains, red, raw",Sorghum bicolor,10.1,50.0,11.9,24.0,9.5,193.0,307,387.0,9.0,1.97,0.26,1.0,0.0,0.0,0.0,0.28,0.29,0.28,3.7,64.0,0.5,1.2,0.89,0.86,0.03
01_139,"Sorghum, whole grains, red, boiled* (as part of a recipe)",Sorghum bicolor,4.2,20.9,4.9,10.0,4.0,81.0,128,161.0,4.0,0.82,0.11,0.0,0.0,0.0,0.0,0.09,0.09,0.12,1.5,21.0,0.21,0.5,0.37,0.36,0.01
01_070,"Sorghum, whole grains, red, boiled* (without salt), drained",Sorghum bicolor,4.2,20.9,4.9,10.0,4.0,81.0,122,129.0,3.0,0.78,0.11,0.0,0.0,0.0,0.0,0.06,0.06,0.09,1.2,19.0,0.21,0.5,0.37,0.36,0.01
01_040,"Sorghum, whole grains, white, raw",Sorghum bicolor,10.1,50.5,11.9,21.0,5.2,109.0,308,265.0,6.0,2.08,0.18,0.0,0.0,0.0,0.0,0.28,0.23,0.11,3.3,64.0,0.47,1.14,0.84,0.82,0.03
01_140,"Sorghum, whole grains, white, boiled* (as part of a recipe)",Sorghum bicolor,4.2,21.1,4.9,9.0,2.2,45.0,128,111.0,3.0,0.87,0.08,0.0,0.0,0.0,0.0,0.09,0.07,0.05,1.3,21.0,0.2,0.47,0.35,0.34,0.01
01_071,"Sorghum, whole grains, white, boiled* (without salt), drained",Sorghum bicolor,4.2,21.1,4.9,9.0,2.2,45.0,122,89.0,2.0,0.82,0.08,0.0,0.0,0.0,0.0,0.06,0.05,0.04,1.0,19.0,0.2,0.47,0.35,0.34,0.01
01_184,"Teff, whole grains, raw",Eragrostis tef,13.3,57.1,8.0,180.0,7.6,184.0,429,427.0,12.0,3.63,0.81,0.0,3.0,0.0,0.0,0.48,0.39,0.27,3.4,170.0,0.37,0.48,0.87,,0.11
01_186,"Teff, whole grains, boiled* (as part of a recipe)",Eragrostis tef,7.5,32.1,4.5,101.0,4.3,103.0,241,240.0,7.0,2.04,0.46,0.0,1.0,0.0,0.0,0.22,0.16,0.15,1.8,75.0,0.21,0.27,0.49,,0.06
01_185,"Teff, whole grains, boiled* (without salt), drained",Eragrostis tef,7.5,32.1,4.5,101.0,4.3,103.0,229,192.0,5.0,1.94,0.46,0.0,1.0,0.0,0.0,0.14,0.11,0.11,1.4,65.0,0.21,0.27,0.49,,0.06
01_183,"Weet-Bix (breakfast cereal), unfortified",,6.3,62.6,11.0,31.0,4.1,110.0,290,107.0,290.0,2.7,,0.0,0.0,0.0,0.0,0.01,0.34,0.1,5.0,90.0,0.19,0.18,0.64,0.6,0.04
01_169,Wèsln né souma (Burkina Faso)*: couscous from yellow maize with bambara groundnuts,,5.2,10.499999999999998,6.9,14.0,0.9,42.0,64,253.0,100.0,0.57,0.18,2.0,0.0,0.0,0.0,0.05,0.04,0.04,0.4,14.0,0.36,0.23,0.45,0.42,0.02
01_043,"Wheat flour, white, unfortified",Triticum spp.,10.4,69.4,2.8,17.0,2.0,20.0,100,111.0,4.0,0.5,0.1,0.0,0.0,0.0,0.0,0.45,0.21,0.09,2.4,240.0,0.24,0.21,0.76,0.71,0.05
01_083,"Wheat flour, white, fortified with iron, zinc, folic acid and vitamins B1, B2, B3, B6, B12 (Benin)",Triticum spp.,10.4,69.4,2.8,17.0,4.0,20.0,100,111.0,4.0,4.9,0.1,0.0,0.0,0.0,1.5,0.68,0.42,0.3,5.1,500.0,0.24,0.21,0.76,0.71,0.05
01_084,"Wheat flour, white, fortified with iron, zinc, folic acid and vitamin B12 (Burkina Faso, Togo)",Triticum spp.,10.4,69.4,2.8,17.0,4.0,20.0,100,111.0,4.0,4.9,0.1,0.0,0.0,0.0,1.5,0.45,0.21,0.09,2.4,500.0,0.24,0.21,0.76,0.71,0.05
01_085,"Wheat flour, white, fortified with iron and folic acid (Cabo Verde)",Triticum spp.,10.4,69.4,2.8,17.0,8.0,20.0,100,111.0,4.0,0.5,0.1,0.0,0.0,0.0,0.0,0.45,0.21,0.09,2.4,500.0,0.24,0.21,0.76,0.71,0.05
01_087,"Wheat flour, white, fortified with iron, zinc, folic acid and vitamins A, B1, B2, B3, B12 (Ghana, Sierra Leone)",Triticum spp.,10.4,69.4,2.8,17.0,7.8,20.0,100,111.0,4.0,3.33,0.1,200.0,0.0,0.0,1.0,0.45,1.1,0.54,8.3,450.0,0.24,0.21,0.76,0.71,0.05
01_090,"Wheat flour, white, fortified with iron, zinc, folic acid and vitamins B1, B2, B3, B12 (Guinea)",Triticum spp.,10.4,69.4,2.8,17.0,8.0,20.0,100,111.0,4.0,6.0,0.1,0.0,0.0,0.0,2.0,0.45,0.62,0.27,5.2,500.0,0.24,0.21,0.76,0.71,0.05
01_086,"Wheat flour, white, fortified with iron, zinc, folic acid and vitamins B1, B2, B3, B12 (Côte d’Ivoire, Mali, Niger, Senegal)",Triticum spp.,10.4,69.4,2.8,17.0,8.0,20.0,100,111.0,4.0,4.9,0.1,0.0,0.0,0.0,1.5,0.45,0.42,0.3,5.1,500.0,0.24,0.21,0.76,0.71,0.05
01_088,"Wheat flour, white, fortified with iron, zinc, folic acid and vitamins B1, B2, B3, B12 (Liberia)",Triticum spp.,10.4,69.4,2.8,17.0,8.0,20.0,100,111.0,4.0,10.0,0.1,0.0,0.0,0.0,4.0,0.45,1.1,0.59,8.3,500.0,0.24,0.21,0.76,0.71,0.05
01_089,"Wheat flour, white, fortified with iron and vitamins A, B1, B2, B3 (Nigeria)",Triticum spp.,10.4,69.4,2.8,17.0,6.1,20.0,100,111.0,4.0,0.5,0.1,900.0,0.0,0.0,0.0,0.45,0.83,0.46,7.3,240.0,0.24,0.21,0.76,0.71,0.05
01_082,"Wheat flour, wholemeal, unfortified",Triticum spp.,12.0,53.1,12.2,45.0,4.9,68.0,244,356.0,5.0,2.0,0.27,0.0,0.0,0.0,0.0,0.49,0.37,0.09,3.3,40.0,0.31,0.32,0.97,0.9,0.07
01_073,"Wheat, bran, raw",Triticum spp.,15.1,-18.7,42.0,71.0,10.1,483.0,1030,1220.0,4.0,6.69,1.02,0.0,0.0,0.0,0.0,0.87,0.71,0.31,20.0,85.0,0.73,0.69,2.37,1.68,0.12
01_074,"Wheat, whole grains, raw",Triticum spp.,12.0,46.900000000000006,12.2,39.0,5.8,68.0,284,356.0,5.0,2.0,0.27,0.0,0.0,0.0,0.0,0.49,0.52,0.09,5.4,40.0,0.31,0.32,0.97,0.9,0.07
01_142,"Wheat, whole grains, boiled* (as part of a recipe)",Triticum spp.,6.7,26.300000000000004,6.9,22.0,3.2,38.0,160,200.0,3.0,1.12,0.15,0.0,0.0,0.0,0.0,0.22,0.22,0.05,2.9,18.0,0.18,0.18,0.55,0.51,0.04
01_141,"Wheat, whole grains, boiled* (without salt), drained",Triticum spp.,6.7,26.300000000000004,6.9,22.0,3.2,38.0,152,160.0,2.0,1.07,0.15,0.0,0.0,0.0,0.0,0.14,0.15,0.04,2.3,16.0,0.18,0.18,0.55,0.51,0.04
02_093,Banakou né barâand kanss saagbo (Burkina Faso)*: foutou of cassava and unripe plantain,,1.2,21.3,3.7,21.0,0.9,18.0,32,286.0,13.0,1.15,0.08,1.0,18.0,0.0,0.0,0.08,0.04,0.03,0.4,13.0,0.13,0.03,0.22,0.16,0.06
02_091,Banakou né barâand moomd saagbo (Burkina Faso)*: foutou of cassava and ripe plantain,,1.1,23.1,2.8,26.0,1.1,15.0,37,186.0,4.0,1.37,0.05,11.0,19.0,0.0,0.0,0.09,0.04,0.03,0.5,14.0,0.07,0.01,0.09,0.08,0.01
02_092,Banakou né kou saagbo (Burkina Faso)*: foutou of yam and cassava,,1.5,17.6,3.9,23.0,1.2,14.0,40,244.0,6.0,0.86,0.07,2.0,12.0,0.0,0.0,0.13,0.04,0.02,0.5,15.0,0.07,0.02,0.12,0.1,0.02
02_021,"Cassava, sweet, tuber, white flesh, dried",Manihot esculenta,1.3,70.9,9.1,121.0,3.7,31.0,118,410.0,5.0,0.9,0.15,1.0,7.0,0.0,0.0,0.17,0.11,0.07,1.4,46.0,0.14,0.02,0.22,0.19,0.03
02_041,"Cassava, fermented paste from white cassava flour (wet fufu)",Manihot esculenta,1.0,37.0,1.7,20.0,0.9,19.0,28,208.0,4.0,0.56,0.07,0.0,27.0,0.0,0.6,0.04,0.04,0.03,0.8,69.0,0.12,0.09,0.07,0.06,0.01
02_038,"Cassava, flour, from fermented white cassava (alibo/elubo/lafun)",Manihot esculenta,1.5,77.3,3.9,68.0,3.4,41.0,137,488.0,1.0,0.47,0.14,0.0,4.0,0.0,1.0,0.08,0.1,0.08,1.7,140.0,0.21,0.16,0.13,0.11,0.02
02_040,"Cassava, flour, from fermented white cassava (dry fufu)",Manihot esculenta,2.1,77.30000000000001,3.6,52.0,1.8,30.0,127,434.0,7.0,1.17,0.14,0.0,4.0,0.0,1.0,0.08,0.1,0.08,1.7,140.0,0.24,0.19,0.15,0.13,0.03
02_004,"Cassava, flour, from white cassava",Manihot esculenta,1.6,75.60000000000001,4.3,66.0,2.0,51.0,104,209.0,3.0,0.17,0.08,0.0,1.0,0.0,0.0,0.04,0.09,0.04,1.4,100.0,0.25,0.22,0.08,0.07,0.01
02_039,"Cassava, grated, from fermented white cassava, toasted without oil (white gari)",Manihot esculenta,1.2,77.9,5.0,42.0,1.6,23.0,104,309.0,2.0,0.67,0.1,0.0,2.0,0.0,1.0,0.07,0.22,0.02,0.9,49.0,0.11,0.14,0.14,0.11,0.03
02_001,"Cassava, tuber, white flesh, raw",Manihot esculenta,1.3,27.9,3.7,37.0,1.5,13.0,50,167.0,2.0,2.05,0.04,2.0,30.0,0.0,0.0,0.07,0.05,0.03,0.6,24.0,0.09,0.01,0.13,0.12,0.02
02_051,"Cassava, tuber, white flesh, boiled* (as part of a recipe)",Manihot esculenta,1.1,23.8,3.2,32.0,1.3,11.0,43,142.0,2.0,1.75,0.04,2.0,23.0,0.0,0.0,0.06,0.04,0.02,0.5,16.0,0.07,0.01,0.11,0.1,0.02
02_003,"Cassava, tuber, white flesh, boiled* (without salt), drained",Manihot esculenta,1.1,23.8,3.2,30.0,1.2,10.0,40,114.0,1.0,1.58,0.03,2.0,18.0,0.0,0.0,0.05,0.03,0.02,0.4,13.0,0.07,0.01,0.11,0.1,0.02
02_002,"Cassava, tuber, white flesh, dried",Manihot esculenta,1.7,73.7,5.6,67.0,1.4,67.0,60,394.0,5.0,0.44,0.26,1.0,7.0,0.0,0.0,0.16,0.1,0.07,1.3,44.0,0.28,0.04,0.43,0.37,0.06
02_037,"Cassava, tuber, yellow flesh, raw",Manihot esculenta,0.7,13.7,2.9,21.0,0.7,7.0,28,94.0,1.0,0.9,0.02,38.0,17.0,0.0,0.0,0.06,0.03,0.02,0.3,14.0,0.05,0.01,0.08,0.07,0.01
02_053,"Cassava, tuber, yellow flesh, boiled* (as part of a recipe)",Manihot esculenta,0.6,11.7,2.5,18.0,0.6,6.0,24,81.0,1.0,0.76,0.02,32.0,13.0,0.0,0.0,0.04,0.02,0.01,0.3,9.0,0.04,0.01,0.06,0.06,0.01
02_052,"Cassava, tuber, yellow flesh, boiled* (without salt), drained",Manihot esculenta,0.6,11.7,2.5,17.0,0.6,5.0,22,64.0,1.0,0.69,0.02,31.0,10.0,0.0,0.0,0.04,0.02,0.01,0.2,7.0,0.04,0.01,0.06,0.06,0.01
02_005,"Cocoyam, tuber, white, raw",Xanthosoma sagittifolium,3.3,26.9,2.0,15.0,0.7,13.0,59,531.0,9.0,0.34,0.15,0.0,8.0,0.0,0.0,0.32,0.1,0.03,0.9,23.0,0.08,0.04,0.14,0.13,0.02
02_054,"Cocoyam, tuber, white, boiled* (as part of a recipe)",Xanthosoma sagittifolium,3.4,28.3,2.1,16.0,0.8,14.0,62,559.0,10.0,0.36,0.16,0.0,8.0,0.0,0.0,0.31,0.09,0.03,0.9,19.0,0.08,0.04,0.15,0.13,0.02
02_006,"Cocoyam, tuber, white, boiled* (without salt), drained",Xanthosoma sagittifolium,3.4,28.3,2.1,15.0,0.7,12.0,58,447.0,8.0,0.32,0.15,0.0,6.0,0.0,0.0,0.25,0.08,0.03,0.7,15.0,0.08,0.04,0.15,0.13,0.02
02_043,"Cocoyam, tuber, yellow, raw",Xanthosoma sagittifolium,3.3,21.2,2.0,15.0,0.7,13.0,59,531.0,9.0,0.34,0.15,46.0,8.0,0.0,0.0,0.32,0.1,0.03,0.9,23.0,0.05,0.03,0.1,0.09,0.01
02_056,"Cocoyam, tuber, yellow, boiled* (as part of a recipe)",Xanthosoma sagittifolium,3.4,22.3,2.1,16.0,0.8,14.0,62,559.0,10.0,0.36,0.16,49.0,8.0,0.0,0.0,0.31,0.09,0.03,0.9,19.0,0.05,0.03,0.1,0.09,0.01
02_055,"Cocoyam, tuber, yellow, boiled* (without salt), drained",Xanthosoma sagittifolium,3.4,22.3,2.1,15.0,0.7,12.0,58,447.0,8.0,0.32,0.15,46.0,6.0,0.0,0.0,0.25,0.08,0.03,0.7,15.0,0.05,0.03,0.1,0.09,0.01
02_086,Cou nin zindo (Burkina Faso)*: yam and vegetable stew,,1.8,12.7,3.8,23.0,1.1,16.0,42,290.0,308.0,0.45,0.11,42.0,12.0,0.0,0.0,0.16,0.05,0.03,0.6,15.0,1.13,2.35,3.75,3.69,0.05
02_081,"French fries, deep fried in unfortified vegetable oil*",,2.6,27.4,2.9,11.0,1.7,45.0,89,818.0,182.0,0.64,0.18,0.0,2.0,0.0,0.0,0.18,0.1,0.07,2.2,13.0,1.65,3.64,5.73,5.67,0.06
02_089,Fufu of ripe and unripe plantain with red palm oil (Burkina Faso)*,,1.3,22.5,3.5,15.0,1.6,32.0,23,487.0,278.0,0.22,0.11,1310.0,14.0,0.0,0.0,0.18,0.04,0.04,0.5,12.0,11.06,8.37,2.44,2.3,0.13
02_088,Fufu of ripe plantain with red palm oil (Burkina Faso)*,,1.2,26.7,2.0,9.0,0.9,34.0,24,434.0,494.0,0.13,0.08,415.0,16.0,0.0,0.0,0.24,0.04,0.04,0.5,15.0,3.13,2.35,0.66,0.63,0.03
02_096,Fufu of unripe plantain with red palm oil (Burkina Faso)*,,1.5,20.1,5.1,10.0,0.4,31.0,21,557.0,540.0,0.33,0.15,378.0,14.0,0.0,0.0,0.13,0.04,0.04,0.5,10.0,3.43,2.51,1.08,0.92,0.15
02_099,Fufu of unripe plantain with shea butter (Burkina Faso)*,,1.3,18.0,4.6,11.0,0.4,29.0,19,498.0,467.0,0.31,0.17,0.0,13.0,0.0,0.0,0.12,0.03,0.03,0.4,9.0,4.14,3.77,0.82,0.26,0.12
02_094,Kou né barâand kanss saagbo (Burkina Faso)*: foutou of yam and unripe plantain,,1.6,16.200000000000003,4.4,16.0,0.9,19.0,34,359.0,13.0,0.43,0.1,2.0,10.0,0.0,0.0,0.15,0.04,0.02,0.5,14.0,0.11,0.03,0.21,0.15,0.06
02_098,Kou né barâand moomd saagbo (Burkina Faso)*: foutou of yam with ripe plantain,,1.9,19.3,4.6,21.0,1.3,20.0,43,358.0,7.0,0.5,0.1,11.0,11.0,0.0,0.0,0.2,0.05,0.02,0.6,18.0,0.09,0.03,0.13,0.1,0.03
02_090,Kou né kamoag fufu (Burkina Faso)*: fufu of yam with shea butter,,1.6,14.0,4.0,20.0,1.1,14.0,37,269.0,169.0,0.46,0.11,2.0,8.0,0.0,0.0,0.15,0.04,0.02,0.5,15.0,3.35,3.12,0.48,0.09,0.03
02_087,Kou né téhi kaam fufu (Burkina Faso)*: fufu of yam and red palm oil,,2.0,17.0,4.8,23.0,1.3,16.0,45,326.0,132.0,0.54,0.1,499.0,10.0,0.0,0.0,0.19,0.05,0.02,0.6,18.0,4.28,3.23,0.99,0.94,0.06
02_097,Kou saagbo (Burkina Faso)*: foutou of yam,,1.8,15.3,4.3,21.0,1.2,16.0,40,293.0,156.0,0.49,0.09,2.0,9.0,0.0,0.0,0.17,0.05,0.02,0.5,16.0,0.07,0.02,0.13,0.1,0.03
02_084,"Plantain, deep fried in unfortified vegetable oil*",,2.1,48.0,3.7,12.0,1.7,59.0,42,785.0,325.0,0.22,0.13,20.0,29.0,0.0,0.0,0.44,0.07,0.08,1.0,27.0,2.51,5.29,8.3,8.21,0.09
02_042,"Plantain, ripe, ivory flesh, raw",Musa paradisica,1.4,30.6,2.3,6.0,1.1,37.0,27,499.0,4.0,0.14,0.08,63.0,20.0,0.0,0.0,0.3,0.05,0.05,0.7,22.0,0.09,0.02,0.04,0.03,0.01
02_058,"Plantain, ripe, ivory flesh, boiled* (as part of a recipe)",Musa paradisica,1.3,29.1,2.2,6.0,1.0,35.0,26,475.0,4.0,0.13,0.08,60.0,17.0,0.0,0.0,0.26,0.04,0.05,0.6,16.0,0.09,0.02,0.04,0.03,0.01
02_057,"Plantain, ripe, ivory flesh, boiled* (without salt), drained",Musa paradisica,1.4,32.1,2.5,6.0,1.0,35.0,26,420.0,3.0,0.13,0.08,63.0,15.0,0.0,0.0,0.24,0.04,0.05,0.6,15.0,0.09,0.02,0.05,0.03,0.01
02_044,"Plantain, ripe, orange flesh, raw",Musa spp.,1.2,28.1,2.3,8.0,1.3,37.0,38,499.0,4.0,0.14,0.08,86.0,20.0,0.0,0.0,0.3,0.05,0.05,0.7,22.0,0.14,0.03,0.07,0.05,0.02
02_060,"Plantain, ripe, orange flesh, boiled* (as part of a recipe)",Musa spp.,1.1,26.7,2.2,8.0,1.2,35.0,36,475.0,4.0,0.13,0.08,82.0,17.0,0.0,0.0,0.26,0.04,0.05,0.6,16.0,0.13,0.03,0.06,0.04,0.02
02_059,"Plantain, ripe, orange flesh, boiled* (without salt), drained",Musa spp.,1.1,26.7,2.2,7.0,1.2,32.0,34,380.0,3.0,0.12,0.07,77.0,13.0,0.0,0.0,0.21,0.04,0.04,0.5,13.0,0.13,0.03,0.06,0.04,0.02
02_046,"Plantain, unripe, ivory flesh, raw",Musa spp.,1.9,25.4,6.5,8.0,0.5,38.0,26,705.0,34.0,0.42,0.18,71.0,20.0,0.0,0.0,0.18,0.05,0.05,0.7,16.0,0.29,0.08,0.54,0.37,0.17
02_065,"Plantain, unripe, ivory flesh, boiled* (as part of a recipe)",Musa spp.,1.8,24.1,6.2,8.0,0.5,36.0,25,671.0,32.0,0.4,0.17,68.0,17.0,0.0,0.0,0.16,0.04,0.05,0.6,12.0,0.27,0.08,0.51,0.35,0.16
02_064,"Plantain, unripe, ivory flesh, boiled* (without salt), drained",Musa spp.,1.8,24.1,6.2,8.0,0.5,32.0,23,537.0,26.0,0.36,0.15,65.0,13.0,0.0,0.0,0.13,0.04,0.04,0.5,10.0,0.27,0.08,0.51,0.35,0.16
02_047,"Plantain, unripe, orange flesh, raw",Musa spp.,1.9,25.4,6.5,8.0,0.5,38.0,26,705.0,34.0,0.42,0.18,128.0,20.0,0.0,0.0,0.18,0.05,0.05,0.7,16.0,0.29,0.08,0.54,0.37,0.17
02_067,"Plantain, unripe, orange flesh, boiled* (as part of a recipe)",Musa spp.,1.8,24.1,6.2,8.0,0.5,36.0,25,671.0,32.0,0.4,0.17,122.0,17.0,0.0,0.0,0.16,0.04,0.05,0.6,12.0,0.27,0.08,0.51,0.35,0.16
02_066,"Plantain, unripe, orange flesh, boiled* (without salt), drained",Musa spp.,1.8,24.1,6.2,8.0,0.5,32.0,23,537.0,26.0,0.36,0.15,115.0,13.0,0.0,0.0,0.13,0.04,0.04,0.5,10.0,0.27,0.08,0.51,0.35,0.16
02_045,"Plantain, unripe, pale flesh, raw",Musa spp.,1.9,25.4,6.5,8.0,0.5,38.0,26,705.0,34.0,0.42,0.18,0.0,20.0,0.0,0.0,0.18,0.05,0.05,0.7,16.0,0.29,0.08,0.54,0.37,0.17
02_063,"Plantain, unripe, pale flesh, boiled* (as part of a recipe)",Musa spp.,1.8,24.1,6.2,8.0,0.5,36.0,25,671.0,32.0,0.4,0.17,0.0,17.0,0.0,0.0,0.16,0.04,0.05,0.6,12.0,0.27,0.08,0.51,0.35,0.16
02_062,"Plantain, unripe, pale flesh, boiled* (without salt), drained",Musa spp.,1.8,24.1,6.2,8.0,0.5,32.0,23,537.0,26.0,0.36,0.15,0.0,13.0,0.0,0.0,0.13,0.04,0.04,0.5,10.0,0.27,0.08,0.51,0.35,0.16
02_048,"Plantain, unripe, pale flesh, flour",Musa spp.,4.2,51.6,13.1,22.0,1.6,78.0,102,966.0,68.0,0.84,0.26,0.0,4.0,0.0,0.0,0.34,0.09,0.1,1.3,25.0,0.75,0.21,1.41,0.96,0.45
02_095,"Porridge, tô, from gari and tomato paste (Burkina Faso)*",,0.7,29.2,2.1,19.0,0.6,13.0,43,173.0,240.0,0.3,0.08,11.0,1.0,0.0,0.33,0.04,0.08,0.02,0.5,15.0,0.05,0.06,0.07,0.05,0.01
02_085,Potato nin zindo (Burkina Faso)*: potato and vegetable stew,,1.5,11.9,1.6,11.0,0.8,23.0,46,385.0,347.0,0.33,0.12,9.0,10.0,0.0,0.0,0.1,0.06,0.04,1.0,7.0,1.98,4.32,6.75,6.68,0.06
02_009,"Potato, raw",Solanum tuberosum,1.5,15.7,1.7,6.0,1.0,26.0,51,469.0,8.0,0.37,0.1,0.0,14.0,0.0,0.0,0.12,0.07,0.04,1.3,10.0,0.01,0.0,0.02,0.01,0.01
02_068,"Potato, boiled* (as part of a recipe)",Solanum tuberosum,1.5,15.7,1.7,6.0,1.0,26.0,51,469.0,8.0,0.37,0.1,0.0,12.0,0.0,0.0,0.11,0.07,0.04,1.2,8.0,0.01,0.0,0.02,0.01,0.01
02_010,"Potato, boiled* (without salt), drained",Solanum tuberosum,1.5,15.7,1.7,5.0,0.9,23.0,47,375.0,6.0,0.33,0.09,0.0,10.0,0.0,0.0,0.09,0.06,0.03,1.0,6.0,0.01,0.0,0.02,0.01,0.01
02_011,"Sweet potato, deep yellow flesh, raw",Ipomoea spp.,1.6,22.5,3.0,33.0,2.0,18.0,38,283.0,31.0,0.54,0.45,200.0,37.0,0.0,0.0,0.1,0.09,0.04,0.7,26.0,0.06,0.01,0.1,0.08,0.01
02_070,"Sweet potato, deep yellow flesh, boiled* (as part of a recipe)",Ipomoea spp.,1.6,22.5,3.0,33.0,2.0,18.0,38,283.0,31.0,0.54,0.45,200.0,33.0,0.0,0.0,0.09,0.08,0.04,0.6,20.0,0.06,0.01,0.1,0.08,0.01
02_012,"Sweet potato, deep yellow flesh, boiled* (without salt), drained",Ipomoea spp.,1.6,22.5,3.0,31.0,1.9,16.0,35,226.0,25.0,0.49,0.41,190.0,26.0,0.0,0.0,0.07,0.07,0.04,0.5,17.0,0.06,0.01,0.1,0.08,0.01
02_049,"Sweet potato, orange flesh, raw",Ipomoea batatas,1.0,16.8,3.0,54.0,0.9,28.0,44,288.0,20.0,0.62,0.09,791.0,31.0,0.0,0.0,0.1,0.03,0.05,1.0,11.0,0.06,0.0,0.1,0.08,0.02
02_073,"Sweet potato, orange flesh, boiled* (as part of a recipe)",Ipomoea batatas,1.0,16.8,3.0,54.0,0.9,28.0,44,288.0,20.0,0.62,0.09,791.0,28.0,0.0,0.0,0.09,0.03,0.05,0.9,9.0,0.06,0.0,0.1,0.08,0.02
02_072,"Sweet potato, orange flesh, boiled* (without salt), drained",Ipomoea batatas,1.0,16.8,3.0,52.0,0.9,25.0,41,230.0,16.0,0.56,0.09,751.0,22.0,0.0,0.0,0.08,0.02,0.04,0.8,7.0,0.06,0.0,0.1,0.08,0.02
02_022,"Sweet potato, pale flesh (white/cream/pale yellow), raw",Ipomoea batatas,1.5,17.5,3.0,34.0,1.3,18.0,39,283.0,31.0,0.54,0.45,5.0,22.0,0.0,0.0,0.1,0.09,0.04,0.6,26.0,0.06,0.01,0.12,0.1,0.02
02_069,"Sweet potato, pale flesh (white/cream/pale yellow), boiled* (as part of a recipe)",Ipomoea batatas,1.5,17.5,3.0,34.0,1.3,18.0,39,283.0,31.0,0.54,0.45,5.0,20.0,0.0,0.0,0.09,0.08,0.03,0.5,20.0,0.06,0.01,0.12,0.1,0.02
02_023,"Sweet potato, pale flesh (white/cream/pale yellow), boiled* (without salt), drained",Ipomoea batatas,1.5,17.5,3.0,32.0,1.2,16.0,37,226.0,25.0,0.49,0.41,5.0,16.0,0.0,0.0,0.07,0.07,0.03,0.5,17.0,0.06,0.01,0.12,0.1,0.02
02_013,"Sweet potato, yellow flesh, raw",Ipomoea batatas,1.5,22.5,3.0,40.0,1.9,18.0,38,283.0,20.0,0.54,0.26,127.0,31.0,0.0,0.0,0.27,0.09,0.03,0.7,52.0,0.06,0.01,0.1,0.08,0.01
02_071,"Sweet potato, yellow flesh, boiled* (as part of a recipe)",Ipomoea batatas,1.5,22.5,3.0,40.0,1.9,18.0,38,283.0,20.0,0.54,0.26,127.0,27.0,0.0,0.0,0.25,0.08,0.03,0.6,41.0,0.06,0.01,0.1,0.08,0.01
02_014,"Sweet potato, yellow flesh, boiled* (without salt), drained",Ipomoea batatas,1.5,22.5,3.0,38.0,1.8,16.0,35,226.0,16.0,0.49,0.23,121.0,21.0,0.0,0.0,0.2,0.07,0.03,0.5,33.0,0.06,0.01,0.1,0.08,0.01
02_083,"Sweet potato, deep fried in unfortified vegetable oil*",Ipomoea batatas,3.1,46.4,6.2,83.0,3.9,37.0,79,584.0,295.0,1.11,0.54,53.0,59.0,0.0,0.0,0.52,0.15,0.07,1.4,84.0,1.47,3.01,4.91,4.83,0.07
02_015,"Taro, tuber, white, raw",Colocasia esculenta,2.7,21.1,4.1,26.0,1.6,30.0,88,350.0,17.0,0.61,0.84,2.0,8.0,0.0,0.0,0.24,0.1,0.03,0.8,22.0,0.19,0.1,0.34,0.31,0.04
02_074,"Taro, tuber, white, boiled* (as part of a recipe)",Colocasia esculenta,2.6,20.8,4.1,26.0,1.6,30.0,87,346.0,16.0,0.6,0.84,2.0,7.0,0.0,0.0,0.22,0.09,0.03,0.7,17.0,0.18,0.1,0.34,0.3,0.04
02_016,"Taro, tuber, white, boiled* (without salt), drained",Colocasia esculenta,2.6,20.8,4.1,25.0,1.5,27.0,81,277.0,13.0,0.54,0.75,2.0,6.0,0.0,0.0,0.18,0.08,0.03,0.6,14.0,0.18,0.1,0.34,0.3,0.04
02_026,"Tiger nut, tuber, dried",Colocasia esculenta,4.8,36.8,11.7,41.0,6.4,102.0,227,563.0,26.0,2.6,0.63,0.0,14.0,0.0,0.0,0.18,0.23,0.39,1.8,160.0,6.15,11.11,3.22,3.14,0.08
02_024,"Tiger nut, tuber, raw",Colocasia esculenta,4.4,23.700000000000003,8.4,15.0,3.8,76.0,190,297.0,11.0,0.92,0.15,0.0,9.0,0.0,0.0,0.13,0.22,0.29,1.4,120.0,4.85,8.75,2.54,2.47,0.06
02_075,"Tiger nut, tuber, boiled* (as part of a recipe)",Colocasia esculenta,4.6,24.9,8.9,15.0,4.0,80.0,199,313.0,12.0,0.97,0.16,0.0,8.0,0.0,0.0,0.13,0.21,0.29,1.3,94.0,5.1,9.21,2.67,2.6,0.07
02_025,"Tiger nut, tuber, boiled* (without salt), drained",Colocasia esculenta,4.6,24.9,8.9,15.0,3.7,72.0,186,250.0,9.0,0.88,0.14,0.0,6.0,0.0,0.0,0.1,0.18,0.27,1.1,76.0,5.1,9.21,2.67,2.6,0.07
02_017,"Water yam, tuber, raw",Dioscorea alata,2.4,11.900000000000002,9.7,15.0,0.8,8.0,65,281.0,6.0,0.43,0.21,3.0,15.0,0.0,0.0,0.03,0.05,0.03,0.5,26.0,0.03,0.01,0.06,0.05,0.01
02_076,"Water yam, tuber, boiled* (as part of a recipe)",Dioscorea alata,2.5,12.5,10.2,16.0,0.9,8.0,68,296.0,6.0,0.46,0.22,3.0,14.0,0.0,0.0,0.03,0.05,0.03,0.5,21.0,0.04,0.01,0.06,0.05,0.01
02_018,"Water yam, tuber, boiled* (without salt), drained",Dioscorea alata,2.5,12.5,10.2,15.0,0.8,7.0,63,237.0,5.0,0.41,0.2,3.0,11.0,0.0,0.0,0.02,0.04,0.03,0.4,17.0,0.04,0.01,0.06,0.05,0.01
02_082,"Yam, tuber, deep fried in unfortified vegetable oil*",,3.6,30.8,8.8,43.0,2.5,31.0,85,621.0,162.0,1.03,0.18,1.0,19.0,0.0,0.0,0.36,0.09,0.04,1.2,34.0,1.21,2.5,3.93,3.84,0.09
02_036,"Yam, tuber, flour, from white yam tuber",Dioscorea spp.,6.8,51.9,14.4,66.0,2.0,48.0,110,976.0,19.0,1.62,0.29,,3.0,0.0,0.0,0.56,0.1,0.08,1.1,64.0,0.16,0.05,0.27,0.21,0.06
02_019,"Yam, tuber, pale, raw",Dioscorea spp.,2.3,19.9,5.6,26.0,1.6,19.0,53,383.0,7.0,0.64,0.11,3.0,13.0,0.0,0.0,0.23,0.07,0.02,0.8,27.0,0.1,0.03,0.16,0.13,0.04
02_077,"Yam, tuber, pale, boiled* (as part of a recipe)",Dioscorea spp.,2.4,20.9,5.9,27.0,1.6,20.0,55,403.0,8.0,0.67,0.12,3.0,12.0,0.0,0.0,0.23,0.06,0.02,0.7,22.0,0.1,0.03,0.17,0.13,0.04
02_020,"Yam, tuber, pale, boiled* (without salt), drained",Dioscorea spp.,2.4,20.9,5.9,26.0,1.5,18.0,52,322.0,6.0,0.6,0.11,3.0,9.0,0.0,0.0,0.19,0.05,0.02,0.6,18.0,0.1,0.03,0.17,0.13,0.04
02_027,"Yam, tuber, Isu akoko, raw (Nigeria), n=1",Dioscorea spp.,2.0,23.200000000000003,6.1,12.0,0.3,8.0,54,383.0,5.0,0.43,0.19,,13.0,0.0,0.0,0.26,0.07,0.02,0.8,29.0,0.05,0.02,0.09,0.07,0.02
02_028,"Yam, tuber, Isu oko, raw (Nigeria), n=1",Dioscorea spp.,1.6,19.1,5.0,9.0,0.3,8.0,51,383.0,5.0,0.38,0.16,,13.0,0.0,0.0,0.21,0.07,0.02,0.8,24.0,0.03,0.01,0.06,0.04,0.01
02_029,"Yam, tuber, Amara, raw (Nigeria), n=1",Dioscorea dumetorum,1.9,24.3,6.4,10.0,0.4,9.0,76,383.0,4.0,0.48,0.2,,13.0,0.0,0.0,0.27,0.07,0.02,0.8,30.0,0.04,0.01,0.07,0.06,0.02
02_030,"Yam, tuber, Chika, kundu, raw (Nigeria), n=1",Dioscorea dumetorum,1.6,21.4,5.6,7.0,0.4,8.0,37,383.0,6.0,0.39,0.14,,13.0,0.0,0.0,0.23,0.07,0.02,0.8,27.0,0.03,0.01,0.05,0.04,0.01
02_033,"Yam, tuber, Giwa, raw (Nigeria), n=1",Dioscorea dumetorum,1.9,22.200000000000003,5.9,8.0,0.3,10.0,52,383.0,5.0,0.41,0.15,,13.0,0.0,0.0,0.24,0.07,0.02,0.8,28.0,0.05,0.02,0.08,0.07,0.02
02_031,"Yam, tuber, Isu Abuja, raw (Nigeria), n=1",Dioscorea spp.,1.6,17.8,4.7,10.0,0.2,7.0,58,383.0,3.0,0.36,0.15,,13.0,0.0,0.0,0.2,0.07,0.02,0.8,22.0,0.03,0.01,0.05,0.04,0.01
02_032,"Yam, tuber, Pepa, raw (Nigeria), n=1",Dioscorea dumetorum,2.0,22.9,6.1,10.0,0.3,8.0,88,383.0,5.0,0.46,0.15,,13.0,0.0,0.0,0.25,0.07,0.02,0.8,29.0,0.04,0.01,0.07,0.05,0.02
02_034,"Yam, tuber, combined cultivars, raw (Nigeria)",Dioscorea spp.,1.8,21.5,5.7,9.0,0.3,8.0,59,383.0,5.0,0.41,0.16,,13.0,0.0,0.0,0.24,0.07,0.02,0.8,27.0,0.04,0.01,0.07,0.05,0.01
02_078,"Yam, tuber, combined cultivars (Nigeria), boiled* (as part of a recipe)",Dioscorea spp.,1.9,22.7,6.0,10.0,0.3,9.0,62,403.0,5.0,0.44,0.17,,12.0,0.0,0.0,0.23,0.06,0.02,0.7,22.0,0.04,0.01,0.07,0.06,0.02
02_035,"Yam, tuber, combined cultivars (Nigeria), boiled* (without salt), drained",Dioscorea spp.,1.9,22.7,6.0,9.0,0.3,8.0,58,322.0,4.0,0.39,0.15,,9.0,0.0,0.0,0.19,0.05,0.02,0.6,18.0,0.04,0.01,0.07,0.06,0.02
02_050,"Yam, tuber, three-leaved, pale, raw",Dioscorea dumetorum,1.8,18.700000000000003,5.1,14.0,0.3,15.0,66,241.0,5.0,0.6,0.22,5.0,13.0,0.0,0.0,0.21,0.07,0.05,0.7,23.0,0.04,0.01,0.07,0.06,0.02
02_080,"Yam, tuber, three-leaved, pale, boiled* (as part of a recipe)",Dioscorea dumetorum,1.9,19.700000000000003,5.4,15.0,0.3,16.0,70,254.0,5.0,0.63,0.23,5.0,12.0,0.0,0.0,0.21,0.07,0.05,0.7,19.0,0.05,0.01,0.08,0.06,0.02
02_079,"Yam, tuber, three-leaved, pale, boiled* (without salt, drained)",Dioscorea dumetorum,1.9,19.700000000000003,5.4,14.0,0.3,15.0,65,203.0,4.0,0.57,0.21,5.0,9.0,0.0,0.0,0.17,0.06,0.05,0.6,15.0,0.05,0.01,0.08,0.06,0.02
03_009,"African locust bean, dry, raw",Parkia biglobosa,29.0,30.6,7.2,330.0,14.0,168.0,319,505.0,49.0,5.15,1.26,0.0,6.0,0.0,0.0,0.42,0.3,0.68,3.0,380.0,1.75,2.58,6.38,5.64,0.74
03_042,"African locust bean, fermented (soumbala)",Parkia biglobosa,33.1,3.899999999999999,14.5,435.0,15.2,154.0,443,465.0,45.0,4.74,1.21,,0.0,0.0,,0.39,0.13,0.63,2.6,130.0,2.91,3.1,6.08,5.71,0.37
03_063,"African locust bean, not soaked, boiled* (without salt), drained",Parkia biglobosa,11.1,11.7,2.8,107.0,4.6,55.0,110,145.0,14.0,1.78,0.34,0.0,1.0,0.0,0.0,0.11,0.07,0.2,0.7,72.0,0.67,0.99,2.44,2.16,0.28
03_064,"African locust bean, not soaked, boiled* (without salt), with cooking liquid",Parkia biglobosa,7.0,7.499999999999999,1.7,80.0,3.4,41.0,77,122.0,12.0,1.25,0.3,0.0,1.0,0.0,0.0,0.08,0.06,0.17,0.6,55.0,0.42,0.62,1.54,1.36,0.18
03_065,"African locust bean, soaked, boiled in different water* (without salt), drained",Parkia biglobosa,12.6,13.3,3.1,122.0,5.2,62.0,125,165.0,16.0,2.01,0.38,0.0,2.0,0.0,0.0,0.13,0.08,0.22,0.8,82.0,0.76,1.12,2.77,2.45,0.32
03_066,"African locust bean, soaked, boiled in different water* (without salt), with cooking liquid",Parkia biglobosa,9.1,9.6,2.2,103.0,4.4,52.0,100,158.0,15.0,1.61,0.39,0.0,1.0,0.0,0.0,0.1,0.08,0.21,0.8,71.0,0.55,0.81,1.99,1.76,0.23
03_010,"African yam bean, dry, raw",Sphenostylis stenocarpa,20.5,30.000000000000004,16.7,40.0,4.1,186.0,253,1290.0,2.0,2.0,0.95,1.0,2.0,0.0,0.0,0.34,0.67,0.18,2.4,480.0,0.33,0.16,0.66,0.36,0.3
03_011,"African yam bean, not soaked, boiled* (without salt), drained",Sphenostylis stenocarpa,7.9,11.4,6.4,13.0,1.3,61.0,87,370.0,1.0,0.69,0.25,0.0,0.0,0.0,0.0,0.09,0.17,0.05,0.6,92.0,0.13,0.06,0.25,0.14,0.12
03_060,"African yam bean, not soaked, boiled* (without salt), with cooking liquid",Sphenostylis stenocarpa,5.0,7.300000000000001,4.0,10.0,1.0,45.0,61,311.0,1.0,0.48,0.23,0.0,0.0,0.0,0.0,0.07,0.13,0.04,0.5,70.0,0.08,0.04,0.16,0.09,0.07
03_061,"African yam bean, soaked, boiled in different water* (without salt), drained",Sphenostylis stenocarpa,9.0,12.9,7.3,15.0,1.5,69.0,99,419.0,1.0,0.78,0.29,1.0,1.0,0.0,0.0,0.1,0.19,0.06,0.7,100.0,0.15,0.07,0.29,0.15,0.13
03_062,"African yam bean, soaked, boiled in different water* (without salt), with cooking liquid",Sphenostylis stenocarpa,6.5,9.3,5.2,13.0,1.3,58.0,79,402.0,1.0,0.62,0.3,0.0,0.0,0.0,0.0,0.09,0.17,0.06,0.6,90.0,0.1,0.05,0.21,0.11,0.1
03_044,"Afzelia africana, shelled, roasted, milled",Afzelia africana,18.0,-24.700000000000003,32.2,291.0,9.6,,421,,,3.71,,,,0.0,0.0,,,,,,,,,,
03_001,"Bambara groundnut, dry, raw",Vigna subterranea,19.5,4.700000000000003,28.9,53.0,3.2,174.0,267,1160.0,2.0,2.4,0.76,,,0.0,0.0,0.17,0.19,0.14,2.0,100.0,1.64,0.96,1.93,1.82,0.11
03_012,"Bambara groundnut, not soaked, boiled* (without salt), drained",Vigna subterranea,9.8,2.3000000000000007,14.5,22.0,1.4,74.0,120,433.0,1.0,1.08,0.27,,,0.0,0.0,0.06,0.06,0.05,0.7,25.0,0.82,0.48,0.97,0.91,0.06
03_068,"Bambara groundnut, soaked, boiled in different water* (without salt), drained",Vigna subterranea,9.8,2.3000000000000007,14.5,22.0,1.4,74.0,120,433.0,1.0,1.08,0.27,,,0.0,0.0,0.06,0.06,0.05,0.7,25.0,0.82,0.48,0.97,0.91,0.06
03_013,"Bambara groundnut, black white-eye, dry, raw (Ghana), n=1",Vigna subterranea,24.5,0.6000000000000014,28.9,62.0,6.0,174.0,283,1160.0,2.0,2.4,0.76,,,0.0,0.0,0.17,0.19,0.14,2.0,100.0,1.21,0.7,1.42,1.34,0.08
03_014,"Bambara groundnut, brown white-eye, dry, raw (Ghana), n=1",Vigna subterranea,20.6,2.5,28.9,64.0,4.1,174.0,236,1160.0,2.0,2.4,0.76,,,0.0,0.0,0.17,0.19,0.14,2.0,100.0,1.63,0.95,1.92,1.8,0.11
03_015,"Bambara groundnut, cream black-eye, dry, raw (Ghana), n=1",Vigna subterranea,17.6,6.5,28.9,73.0,3.0,174.0,262,1160.0,2.0,2.4,0.76,,,0.0,0.0,0.17,0.19,0.14,2.0,100.0,1.71,1.0,2.02,1.9,0.12
03_016,"Bambara groundnut, cream pink-eye, dry, raw (Ghana), n=1",Vigna subterranea,23.2,1.900000000000002,28.9,63.0,3.6,174.0,305,1160.0,2.0,2.4,0.76,,,0.0,0.0,0.17,0.19,0.14,2.0,100.0,1.33,0.78,1.57,1.48,0.09
03_017,"Bambara groundnut, maroon white-eye, dry, raw (Ghana), n=1",Vigna subterranea,18.1,4.5,28.9,57.0,5.6,174.0,284,1160.0,2.0,2.4,0.76,,,0.0,0.0,0.17,0.19,0.14,2.0,100.0,1.78,1.04,2.09,1.97,0.12
03_018,"Bambara groundnut, combined varieties, dry, raw (Ghana)",Vigna subterranea,20.8,3.200000000000003,28.9,64.0,4.5,174.0,274,1160.0,2.0,2.4,0.76,,,0.0,0.0,0.17,0.19,0.14,2.0,100.0,1.53,0.89,1.8,1.7,0.1
03_019,"Bambara groundnut, combined varieties (Ghana), not soaked, boiled* (without salt), drained",Vigna subterranea,10.4,1.5,14.5,27.0,1.9,74.0,123,433.0,1.0,1.08,0.27,,,0.0,0.0,0.06,0.06,0.05,0.7,25.0,0.77,0.45,0.9,0.85,0.05
03_071,"Bambara groundnut, combined varieties (Ghana), soaked, boiled in different water* (without salt), drained",Vigna subterranea,10.4,1.5,14.5,27.0,1.9,74.0,123,433.0,1.0,1.08,0.27,,,0.0,0.0,0.06,0.06,0.05,0.7,25.0,0.77,0.45,0.9,0.85,0.05
03_002,"Bambara groundnut, red, dry, raw",Vigna subterranea,18.4,-3.6000000000000014,34.0,35.0,3.3,178.0,272,1290.0,2.0,2.02,0.64,,,0.0,0.0,0.17,0.19,0.14,2.0,100.0,1.67,0.98,1.97,1.85,0.11
03_020,"Bambara groundnut, red, not soaked, boiled* (without salt), drained",Vigna subterranea,9.2,-1.8000000000000007,17.0,15.0,1.4,76.0,122,484.0,1.0,0.91,0.22,,,0.0,0.0,0.06,0.06,0.05,0.7,26.0,0.84,0.49,0.98,0.93,0.06
03_074,"Bambara groundnut, red, soaked, boiled in different water* (without salt), drained",Vigna subterranea,9.2,-1.8000000000000007,17.0,15.0,1.4,76.0,122,484.0,1.0,0.91,0.22,,,0.0,0.0,0.06,0.06,0.05,0.7,26.0,0.84,0.49,0.98,0.93,0.06
03_003,"Bambara groundnut, white, dry, raw",Vigna subterranea,20.0,8.900000000000002,26.8,50.0,3.3,185.0,309,1370.0,2.0,2.39,0.82,,,0.0,0.0,0.17,0.19,0.14,2.0,100.0,1.66,0.99,2.39,1.64,0.75
03_021,"Bambara groundnut, white, not soaked, boiled* (without salt), drained",Vigna subterranea,10.0,4.499999999999998,13.4,21.0,1.4,79.0,139,513.0,1.0,1.08,0.29,,,0.0,0.0,0.06,0.06,0.05,0.7,26.0,0.83,0.5,1.19,0.82,0.38
03_077,"Bambara groundnut, white, soaked, boiled in different water* (without salt), drained",Vigna subterranea,10.0,4.499999999999998,13.4,21.0,1.4,79.0,139,513.0,1.0,1.08,0.29,,,0.0,0.0,0.06,0.06,0.05,0.7,26.0,0.83,0.5,1.19,0.82,0.38
03_022,"Bean, white, dry, raw",Phaseolus vulgaris,21.3,25.6,18.6,127.0,8.8,197.0,399,1700.0,33.0,3.19,0.9,0.0,0.0,0.0,0.0,0.42,0.89,0.11,1.5,410.0,0.44,0.22,1.14,0.43,0.71
03_023,"Bean, white, not soaked, boiled* (without salt), drained",Phaseolus vulgaris,8.2,9.9,7.1,41.0,2.9,64.0,138,491.0,9.0,1.11,0.24,0.0,0.0,0.0,0.0,0.11,0.22,0.03,0.4,78.0,0.17,0.08,0.44,0.17,0.27
03_079,"Bean, white, not soaked, boiled* (without salt), with cooking liquid",Phaseolus vulgaris,4.9,5.9,4.3,29.0,2.0,45.0,92,393.0,8.0,0.74,0.21,0.0,0.0,0.0,0.0,0.08,0.16,0.03,0.3,56.0,0.1,0.05,0.26,0.1,0.16
03_081,"Bean, white, soaked, boiled in different water* (without salt), drained",Phaseolus vulgaris,8.2,9.9,7.1,41.0,2.9,64.0,138,491.0,9.0,1.11,0.24,0.0,0.0,0.0,0.0,0.11,0.22,0.03,0.4,78.0,0.17,0.08,0.44,0.17,0.27
03_082,"Bean, white, soaked, boiled in different water* (without salt), with cooking liquid",Phaseolus vulgaris,4.9,5.9,4.3,29.0,2.0,45.0,92,393.0,8.0,0.74,0.21,0.0,0.0,0.0,0.0,0.08,0.16,0.03,0.3,56.0,0.1,0.05,0.26,0.1,0.16
03_144,"Beng rougougdga (Burkina Faso)*: cowpeas and vegetables, boiled",,7.2,12.5,4.2,38.0,2.8,83.0,137,399.0,182.0,1.16,0.28,5.0,2.0,0.0,0.0,0.11,0.17,0.05,0.7,91.0,1.24,2.47,4.1,3.96,0.13
03_148,Beng rougougdga né ki wesla (Burkina Faso)*: cowpeas with pearl millet couscous,,7.2,23.9,4.1,30.0,3.4,86.0,170,346.0,236.0,1.4,0.28,0.0,0.0,0.0,0.0,0.14,0.16,0.06,0.7,80.0,0.51,0.8,1.5,1.39,0.11
03_149,"Beng rougougdga né kmaan (Burkina Faso)*: cowpeas and degermed white maize, boiled",,6.5,21.3,3.9,24.0,2.0,61.0,102,261.0,167.0,0.86,0.19,0.0,0.0,0.0,0.0,0.09,0.13,0.05,0.5,65.0,0.12,0.07,0.24,0.17,0.07
03_150,"Beng rougougdga né kui wesla (Burkina Faso)*: cowpeas and fonio, boiled",,8.2,24.4,4.2,46.0,3.9,91.0,149,390.0,505.0,1.4,0.42,0.0,0.0,0.0,0.0,0.12,0.18,0.07,0.8,98.0,0.89,1.66,2.82,2.69,0.13
03_151,Beng saagbo (Burkina Faso)*: tô (porridge) from cowpeas with maize flour and potash,,6.7,14.6,3.7,37.0,3.1,76.0,118,324.0,217.0,1.02,0.22,0.0,0.0,0.0,0.0,0.1,0.15,0.04,0.5,80.0,0.95,1.86,3.1,2.98,0.11
03_154,Boussan touba (Burkina Faso)*: fried cowpea pancakes,,12.6,21.9,5.8,67.0,6.5,126.0,229,632.0,699.0,2.07,0.54,0.0,0.0,0.0,0.0,0.11,0.09,0.05,0.7,140.0,1.37,2.56,4.39,4.17,0.21
03_024,"Broad bean, dry, raw",Vicia faba,25.2,19.1,21.6,107.0,5.0,135.0,302,1200.0,26.0,1.83,0.85,2.0,1.0,0.0,0.0,0.32,0.58,0.24,2.5,260.0,0.34,0.46,0.87,0.47,0.4
03_025,"Broad bean, not soaked, boiled* (without salt), drained",Vicia faba,9.0,6.8,7.7,33.0,1.5,41.0,97,322.0,7.0,0.59,0.21,1.0,0.0,0.0,0.0,0.08,0.13,0.06,0.6,46.0,0.12,0.16,0.31,0.17,0.14
03_083,"Broad bean, not soaked, boiled* (without salt), with cooking liquid",Vicia faba,5.5,4.1000000000000005,4.7,23.0,1.1,29.0,66,261.0,6.0,0.4,0.19,1.0,0.0,0.0,0.0,0.06,0.1,0.05,0.4,34.0,0.07,0.1,0.19,0.1,0.09
03_084,"Broad bean, soaked, boiled in different water* (without salt), drained",Vicia faba,9.0,6.8,7.7,33.0,1.5,41.0,97,322.0,7.0,0.59,0.21,1.0,0.0,0.0,0.0,0.08,0.13,0.06,0.6,46.0,0.12,0.16,0.31,0.17,0.14
03_085,"Broad bean, soaked, boiled in different water* (without salt), with cooking liquid",Vicia faba,5.5,4.1000000000000005,4.7,23.0,1.1,29.0,66,261.0,6.0,0.4,0.19,1.0,0.0,0.0,0.0,0.06,0.1,0.05,0.4,34.0,0.07,0.1,0.19,0.1,0.09
03_004,"Cowpea, dry, raw",Vigna unguiculata,22.6,36.4,12.6,82.0,6.2,249.0,416,1120.0,22.0,3.55,0.75,1.0,1.0,0.0,0.0,0.36,0.58,0.15,2.0,420.0,0.36,0.08,0.7,0.44,0.26
03_007,"Cowpea, not soaked, boiled* (without salt), drained",Vigna unguiculata,8.5,13.6,4.7,26.0,2.0,79.0,140,314.0,6.0,1.2,0.2,1.0,0.0,0.0,0.0,0.09,0.14,0.04,0.5,78.0,0.13,0.03,0.26,0.16,0.1
03_089,"Cowpea, not soaked, boiled* (without salt), with cooking liquid",Vigna unguiculata,5.1,8.3,2.8,19.0,1.4,56.0,94,253.0,5.0,0.8,0.17,0.0,0.0,0.0,0.0,0.06,0.11,0.03,0.4,57.0,0.08,0.02,0.16,0.1,0.06
03_090,"Cowpea, soaked, boiled in different water* (without salt), drained",Vigna unguiculata,8.5,13.6,4.7,26.0,2.0,79.0,140,314.0,6.0,1.2,0.2,1.0,0.0,0.0,0.0,0.09,0.14,0.04,0.5,78.0,0.13,0.03,0.26,0.16,0.1
03_091,"Cowpea, soaked, boiled in different water* (without salt), with cooking liquid",Vigna unguiculata,5.1,8.3,2.8,19.0,1.4,56.0,94,253.0,5.0,0.8,0.17,0.0,0.0,0.0,0.0,0.06,0.11,0.03,0.4,57.0,0.08,0.02,0.16,0.1,0.06
03_005,"Cowpea, black, dry, raw",Vigna unguiculata,20.5,19.8,21.0,80.0,5.8,202.0,402,1380.0,22.0,3.88,0.6,2.0,1.0,0.0,0.0,0.35,0.57,0.15,2.0,410.0,0.38,0.08,0.74,0.46,0.28
03_026,"Cowpea, black, not soaked, boiled* (without salt), drained",Vigna unguiculata,8.2,6.9,7.9,24.0,1.7,64.0,137,387.0,6.0,1.3,0.16,1.0,0.0,0.0,0.0,0.09,0.14,0.04,0.5,77.0,0.14,0.03,0.28,0.17,0.11
03_092,"Cowpea, black, not soaked, boiled* (without salt), with cooking liquid",Vigna unguiculata,4.9,4.2,4.7,17.0,1.2,46.0,92,312.0,5.0,0.87,0.14,0.0,0.0,0.0,0.0,0.06,0.1,0.03,0.4,56.0,0.09,0.02,0.17,0.11,0.06
03_093,"Cowpea, black, soaked, boiled in different water* (without salt), drained",Vigna unguiculata,8.2,6.9,7.9,24.0,1.7,64.0,137,387.0,6.0,1.3,0.16,1.0,0.0,0.0,0.0,0.09,0.14,0.04,0.5,77.0,0.14,0.03,0.28,0.17,0.11
03_094,"Cowpea, black, soaked, boiled in different water* (without salt), with cooking liquid",Vigna unguiculata,4.9,4.2,4.7,17.0,1.2,46.0,92,312.0,5.0,0.87,0.14,0.0,0.0,0.0,0.0,0.06,0.1,0.03,0.4,56.0,0.09,0.02,0.17,0.11,0.06
03_027,"Cowpea, brown, dry, raw",Vigna unguiculata,23.6,34.3,12.8,78.0,6.8,310.0,450,1090.0,23.0,3.96,0.84,1.0,0.0,0.0,0.0,0.29,0.32,0.09,1.6,420.0,0.47,0.1,0.91,0.57,0.34
03_028,"Cowpea, brown, not soaked, boiled* (without salt), drained",Vigna unguiculata,8.9,12.8,4.8,25.0,2.2,99.0,152,306.0,7.0,1.33,0.22,0.0,0.0,0.0,0.0,0.08,0.08,0.02,0.4,78.0,0.18,0.04,0.34,0.21,0.13
03_095,"Cowpea, brown, not soaked, boiled* (without salt), with cooking liquid",Vigna unguiculata,5.3,7.799999999999999,2.9,18.0,1.5,70.0,102,246.0,5.0,0.9,0.19,0.0,0.0,0.0,0.0,0.05,0.06,0.02,0.3,57.0,0.11,0.02,0.21,0.13,0.08
03_096,"Cowpea, brown, soaked, boiled in different water* (without salt), drained",Vigna unguiculata,8.9,12.8,4.8,25.0,2.2,99.0,152,306.0,7.0,1.33,0.22,0.0,0.0,0.0,0.0,0.08,0.08,0.02,0.4,78.0,0.18,0.04,0.34,0.21,0.13
03_097,"Cowpea, brown, soaked, boiled in different water* (without salt), with cooking liquid",Vigna unguiculata,5.3,7.799999999999999,2.9,18.0,1.5,70.0,102,246.0,5.0,0.9,0.19,0.0,0.0,0.0,0.0,0.05,0.06,0.02,0.3,57.0,0.11,0.02,0.21,0.13,0.08
03_006,"Cowpea, white, dry, raw",Vigna unguiculata,23.0,39.7,10.6,75.0,6.7,218.0,414,1100.0,24.0,3.77,0.96,1.0,0.0,0.0,0.0,0.26,0.21,0.09,1.5,420.0,0.44,0.11,0.85,0.52,0.32
03_029,"Cowpea, white, not soaked, boiled* (without salt), drained",Vigna unguiculata,8.6,14.8,4.0,24.0,2.1,69.0,139,310.0,7.0,1.27,0.25,0.0,0.0,0.0,0.0,0.07,0.05,0.02,0.4,78.0,0.16,0.04,0.32,0.2,0.12
03_098,"Cowpea, white, not soaked, boiled* (without salt), with cooking liquid",Vigna unguiculata,5.2,9.0,2.4,17.0,1.5,49.0,94,250.0,5.0,0.85,0.22,0.0,0.0,0.0,0.0,0.05,0.04,0.02,0.3,57.0,0.1,0.02,0.19,0.12,0.07
03_099,"Cowpea, white, soaked, boiled in different water* (without salt), drained",Vigna unguiculata,8.6,14.8,4.0,24.0,2.1,69.0,139,310.0,7.0,1.27,0.25,0.0,0.0,0.0,0.0,0.07,0.05,0.02,0.4,78.0,0.16,0.04,0.32,0.2,0.12
03_100,"Cowpea, white, soaked, boiled in different water* (without salt), with cooking liquid",Vigna unguiculata,5.2,9.0,2.4,17.0,1.5,49.0,94,250.0,5.0,0.85,0.22,0.0,0.0,0.0,0.0,0.05,0.04,0.02,0.3,57.0,0.1,0.02,0.19,0.12,0.07
03_045,"Cowpea, dehulled, raw",Vigna unguiculata,23.1,37.5,13.1,119.0,3.9,155.0,416,1270.0,10.0,2.49,0.97,1.0,0.0,0.0,0.0,0.19,0.35,0.12,1.8,430.0,0.34,0.05,0.73,0.52,0.22
03_101,"Cowpea, dehulled, not soaked, boiled* (without salt), drained",Vigna unguiculata,8.6,14.1,4.9,38.0,1.3,49.0,140,356.0,3.0,0.84,0.25,1.0,0.0,0.0,0.0,0.05,0.09,0.03,0.4,80.0,0.13,0.02,0.28,0.19,0.08
03_102,"Cowpea, dehulled, not soaked, boiled* (without salt), with cooking liquid",Vigna unguiculata,5.2,8.5,3.0,27.0,0.9,35.0,94,287.0,2.0,0.56,0.22,0.0,0.0,0.0,0.0,0.03,0.06,0.03,0.3,58.0,0.08,0.01,0.17,0.12,0.05
03_103,"Cowpea, dehulled, soaked, boiled in different water* (without salt), drained",Vigna unguiculata,8.6,14.1,4.9,38.0,1.3,49.0,140,356.0,3.0,0.84,0.25,1.0,0.0,0.0,0.0,0.05,0.09,0.03,0.4,80.0,0.13,0.02,0.28,0.19,0.08
03_104,"Cowpea, dehulled, soaked, boiled in different water* (without salt), with cooking liquid",Vigna unguiculata,5.2,8.5,3.0,27.0,0.9,35.0,94,287.0,2.0,0.56,0.22,0.0,0.0,0.0,0.0,0.03,0.06,0.03,0.3,58.0,0.08,0.01,0.17,0.12,0.05
03_143,"Cowpeas and rice, boiled (Burkina Faso)*",,6.2,19.3,3.2,26.0,2.1,64.0,123,278.0,166.0,1.01,0.22,0.0,0.0,0.0,0.0,0.08,0.12,0.04,0.5,60.0,0.12,0.04,0.23,0.16,0.08
03_146,"Faro with eggs, cowpea, potash and vegetables (Burkina Faso)*",,8.7,10.1,4.1,64.0,3.2,84.0,157,400.0,252.0,1.29,0.25,45.0,6.0,0.3,0.17,0.13,0.15,0.12,0.3,86.0,1.07,1.67,2.31,2.12,0.13
03_147,Haricot bambara (Burkina Faso)*: fried paste of cowpea and okra powder with egg and onion,,10.1,11.6,4.5,80.0,4.3,62.0,186,437.0,616.0,1.14,0.34,26.0,0.0,0.4,0.28,0.1,0.12,0.15,0.7,110.0,1.5,2.47,3.3,3.11,0.1
03_152,Gonré-1 (Burkina Faso)*: steamed paste of dehulled cowpea and potash,,10.1,16.5,5.7,64.0,3.0,71.0,183,566.0,114.0,1.09,0.43,1.0,0.0,0.0,0.0,0.07,0.12,0.05,0.6,110.0,0.15,0.02,0.32,0.23,0.09
03_153,Gonré-2 (Burkina Faso)*: steamed paste of non-dehulled cowpea and potash,,7.7,12.1,3.9,85.0,6.3,83.0,139,435.0,310.0,1.25,0.34,22.0,4.0,0.0,0.0,0.09,0.07,0.07,0.6,88.0,0.14,0.04,0.28,0.17,0.1
03_057,"Ground bean, dry, raw",Macrotyloma geocarpum,23.8,25.300000000000004,17.9,60.0,10.0,186.0,367,264.0,9.0,1.12,0.52,1.0,2.0,0.0,0.0,0.34,0.77,0.19,2.3,480.0,0.38,0.17,1.02,0.55,0.47
03_113,"Ground bean, not soaked, boiled* (without salt), drained",Macrotyloma geocarpum,9.1,9.6,6.9,20.0,3.3,61.0,127,76.0,3.0,0.39,0.14,0.0,0.0,0.0,0.0,0.09,0.19,0.05,0.6,92.0,0.15,0.07,0.39,0.21,0.18
03_114,"Ground bean, not soaked, boiled* (without salt), with cooking liquid",Macrotyloma geocarpum,5.8,6.2,4.3,15.0,2.4,45.0,89,64.0,2.0,0.27,0.13,0.0,0.0,0.0,0.0,0.07,0.15,0.05,0.4,70.0,0.09,0.04,0.25,0.13,0.11
03_115,"Ground bean, soaked, boiled in different water* (without salt), drained",Macrotyloma geocarpum,9.1,9.6,6.9,20.0,3.3,61.0,127,76.0,3.0,0.39,0.14,0.0,0.0,0.0,0.0,0.09,0.19,0.05,0.6,92.0,0.15,0.07,0.39,0.21,0.18
03_116,"Ground bean, soaked, boiled in different water* (without salt), with cooking liquid",Macrotyloma geocarpum,5.8,6.2,4.3,15.0,2.4,45.0,89,64.0,2.0,0.27,0.13,0.0,0.0,0.0,0.0,0.07,0.15,0.05,0.4,70.0,0.09,0.04,0.25,0.13,0.11
03_052,"Jack bean, whole, dry, raw",Canavalia ensiformis,24.1,26.8,15.6,119.0,4.4,126.0,305,889.0,6.0,2.42,0.7,1.0,2.0,0.0,0.0,0.34,0.5,0.02,1.4,480.0,0.73,1.69,0.81,0.37,0.42
03_109,"Jack bean, not soaked, boiled* (without salt), drained",Canavalia ensiformis,9.2,10.3,6.0,39.0,1.4,41.0,105,255.0,2.0,0.84,0.19,0.0,0.0,0.0,0.0,0.09,0.12,0.01,0.3,92.0,0.28,0.65,0.31,0.14,0.16
03_110,"Jack bean, not soaked, boiled* (without salt), with cooking liquid",Canavalia ensiformis,5.8,6.500000000000001,3.8,29.0,1.1,30.0,74,215.0,2.0,0.59,0.17,0.0,0.0,0.0,0.0,0.07,0.1,0.0,0.3,70.0,0.18,0.41,0.2,0.09,0.1
03_111,"Jack bean, soaked, boiled in different water* (without salt), drained",Canavalia ensiformis,9.2,10.3,6.0,39.0,1.4,41.0,105,255.0,2.0,0.84,0.19,0.0,0.0,0.0,0.0,0.09,0.12,0.01,0.3,92.0,0.28,0.65,0.31,0.14,0.16
03_112,"Jack bean, soaked, boiled in different water* (without salt), with cooking liquid",Canavalia ensiformis,5.8,6.500000000000001,3.8,29.0,1.1,30.0,74,215.0,2.0,0.59,0.17,0.0,0.0,0.0,0.0,0.07,0.1,0.0,0.3,70.0,0.18,0.41,0.2,0.09,0.1
03_030,"Lentil, dry, raw",Lens culinaris,23.6,29.3,17.0,74.0,6.7,118.0,392,691.0,50.0,3.89,0.91,2.0,7.0,0.0,0.0,0.4,0.33,0.13,2.5,150.0,0.23,0.28,0.77,0.62,0.15
03_031,"Lentil, not soaked, boiled* (without salt), drained",Lens culinaris,8.9,11.1,6.4,24.0,2.1,38.0,133,196.0,14.0,1.32,0.24,1.0,2.0,0.0,0.0,0.1,0.08,0.04,0.6,28.0,0.09,0.11,0.29,0.23,0.06
03_086,"Lentil, not soaked, boiled* (without salt), with cooking liquid",Lens culinaris,5.6,6.9,4.0,17.0,1.6,28.0,92,163.0,12.0,0.91,0.22,0.0,1.0,0.0,0.0,0.07,0.06,0.03,0.5,21.0,0.05,0.07,0.18,0.15,0.04
03_087,"Lentil, soaked, boiled in different water* (without salt), drained",Lens culinaris,8.9,11.1,6.4,24.0,2.1,38.0,133,196.0,14.0,1.32,0.24,1.0,2.0,0.0,0.0,0.1,0.08,0.04,0.6,28.0,0.09,0.11,0.29,0.23,0.06
03_088,"Lentil, soaked, boiled in different water* (without salt), with cooking liquid",Lens culinaris,5.6,6.9,4.0,17.0,1.6,28.0,92,163.0,12.0,0.91,0.22,0.0,1.0,0.0,0.0,0.07,0.06,0.03,0.5,21.0,0.05,0.07,0.18,0.15,0.04
03_058,"Lima bean, dry, raw",Phaseolus lunatus,21.6,26.9,17.9,56.0,4.6,140.0,383,1350.0,5.0,1.97,0.5,,0.0,0.0,0.0,0.21,0.44,0.14,2.7,180.0,0.4,0.08,0.69,0.52,0.18
03_117,"Lima bean, not soaked, boiled* (without salt), drained",Phaseolus lunatus,8.6,10.7,7.2,19.0,1.6,48.0,138,404.0,2.0,0.71,0.14,,0.0,0.0,0.0,0.06,0.11,0.04,0.7,37.0,0.16,0.03,0.28,0.21,0.07
03_118,"Lima bean, not soaked, boiled* (without salt), with cooking liquid",Phaseolus lunatus,5.0,6.200000000000001,4.1,13.0,1.1,32.0,89,311.0,1.0,0.45,0.12,,0.0,0.0,0.0,0.04,0.08,0.03,0.5,26.0,0.09,0.02,0.16,0.12,0.04
03_119,"Lima bean, soaked, boiled in different water* (without salt), drained",Phaseolus lunatus,8.6,10.7,7.2,19.0,1.6,48.0,138,404.0,2.0,0.71,0.14,,0.0,0.0,0.0,0.06,0.11,0.04,0.7,37.0,0.16,0.03,0.28,0.21,0.07
03_120,"Lima bean, soaked, boiled in different water* (without salt), with cooking liquid",Phaseolus lunatus,5.0,6.200000000000001,4.1,13.0,1.1,32.0,89,311.0,1.0,0.45,0.12,,0.0,0.0,0.0,0.04,0.08,0.03,0.5,26.0,0.09,0.02,0.16,0.12,0.04
03_032,"Pigeon pea, dry, raw",Cajanus cajan,20.8,20.6,21.0,121.0,4.5,191.0,322,1660.0,3.0,2.49,1.11,8.0,1.0,0.0,0.0,0.25,0.82,0.16,2.6,340.0,0.45,0.13,1.02,0.94,0.08
03_033,"Pigeon pea, not soaked, boiled* (without salt), drained",Cajanus cajan,9.0,9.000000000000002,9.1,45.0,1.7,71.0,126,542.0,1.0,0.98,0.34,4.0,0.0,0.0,0.0,0.07,0.23,0.05,0.7,74.0,0.19,0.05,0.45,0.41,0.04
03_121,"Pigeon pea, not soaked, boiled* (without salt), with cooking liquid",Cajanus cajan,6.5,6.4,6.6,38.0,1.4,60.0,101,520.0,1.0,0.78,0.35,3.0,0.0,0.0,0.0,0.06,0.2,0.05,0.6,64.0,0.14,0.04,0.32,0.29,0.03
03_122,"Pigeon pea, soaked, boiled in different water* (without salt), drained",Cajanus cajan,9.0,9.000000000000002,9.1,45.0,1.7,71.0,126,542.0,1.0,0.98,0.34,4.0,0.0,0.0,0.0,0.07,0.23,0.05,0.7,74.0,0.19,0.05,0.45,0.41,0.04
03_123,"Pigeon pea, soaked, boiled in different water* (without salt), with cooking liquid",Cajanus cajan,6.5,6.4,6.6,38.0,1.4,60.0,101,520.0,1.0,0.78,0.35,3.0,0.0,0.0,0.0,0.06,0.2,0.05,0.6,64.0,0.14,0.04,0.32,0.29,0.03
03_055,"Pigeon pea, brown, dry, raw",Cajanus cajan,20.6,20.9,20.9,109.0,4.6,187.0,328,1800.0,2.0,2.4,1.09,8.0,1.0,0.0,0.0,0.25,0.82,0.16,2.6,340.0,0.43,0.12,0.98,0.9,0.08
03_132,"Pigeon pea, brown, not soaked, boiled* (without salt), drained",Cajanus cajan,9.0,9.1,9.1,40.0,1.7,69.0,128,588.0,1.0,0.94,0.33,4.0,0.0,0.0,0.0,0.07,0.23,0.05,0.7,74.0,0.19,0.05,0.43,0.39,0.03
03_133,"Pigeon pea, brown, not soaked, boiled* (without salt), with cooking liquid",Cajanus cajan,6.5,6.6,6.5,34.0,1.5,58.0,102,563.0,1.0,0.75,0.34,3.0,0.0,0.0,0.0,0.06,0.2,0.05,0.7,64.0,0.13,0.04,0.31,0.28,0.02
03_134,"Pigeon pea, brown, soaked, boiled in different water* (without salt), drained",Cajanus cajan,9.0,9.1,9.1,40.0,1.7,69.0,128,588.0,1.0,0.94,0.33,4.0,0.0,0.0,0.0,0.07,0.23,0.05,0.7,74.0,0.19,0.05,0.43,0.39,0.03
03_135,"Pigeon pea, brown, soaked, boiled in different water* (without salt), with cooking liquid",Cajanus cajan,6.5,6.6,6.5,34.0,1.5,58.0,102,563.0,1.0,0.75,0.34,3.0,0.0,0.0,0.0,0.06,0.2,0.05,0.7,64.0,0.13,0.04,0.31,0.28,0.02
03_054,"Pigeon pea, cream, dry, raw",Cajanus cajan,18.4,22.6,20.1,135.0,4.7,169.0,337,1700.0,2.0,2.9,0.99,8.0,1.0,0.0,0.0,0.24,0.8,0.15,2.5,330.0,0.43,0.12,1.0,0.91,0.08
03_128,"Pigeon pea, cream, not soaked, boiled* (without salt), drained",Cajanus cajan,8.0,9.8,8.8,50.0,1.8,63.0,132,555.0,1.0,1.13,0.3,4.0,0.0,0.0,0.0,0.07,0.23,0.05,0.7,72.0,0.19,0.05,0.43,0.4,0.04
03_129,"Pigeon pea, cream, not soaked, boiled* (without salt), with cooking liquid",Cajanus cajan,5.8,7.000000000000001,6.3,42.0,1.5,53.0,105,532.0,1.0,0.91,0.31,3.0,0.0,0.0,0.0,0.06,0.2,0.05,0.6,62.0,0.14,0.04,0.31,0.29,0.03
03_130,"Pigeon pea, cream, soaked, boiled in different water* (without salt), drained",Cajanus cajan,8.0,9.8,8.8,50.0,1.8,63.0,132,555.0,1.0,1.13,0.3,4.0,0.0,0.0,0.0,0.07,0.23,0.05,0.7,72.0,0.19,0.05,0.43,0.4,0.04
03_131,"Pigeon pea, cream, soaked, boiled in different water* (without salt), with cooking liquid",Cajanus cajan,5.8,7.000000000000001,6.3,42.0,1.5,53.0,105,532.0,1.0,0.91,0.31,3.0,0.0,0.0,0.0,0.06,0.2,0.05,0.6,62.0,0.14,0.04,0.31,0.29,0.03
03_053,"Pigeon pea, white, dry, raw",Cajanus cajan,16.6,21.8,20.6,36.0,4.4,187.0,316,1630.0,3.0,1.01,1.09,8.0,1.0,0.0,0.0,0.24,0.8,0.15,2.6,330.0,0.79,0.22,1.82,1.67,0.15
03_124,"Pigeon pea, white, not soaked, boiled* (without salt), drained",Cajanus cajan,7.2,9.499999999999998,8.9,13.0,1.6,69.0,123,532.0,1.0,0.39,0.33,4.0,0.0,0.0,0.0,0.07,0.23,0.05,0.7,73.0,0.34,0.1,0.79,0.72,0.06
03_125,"Pigeon pea, white, not soaked, boiled* (without salt), with cooking liquid",Cajanus cajan,5.2,6.799999999999999,6.4,11.0,1.4,59.0,99,510.0,1.0,0.31,0.34,3.0,0.0,0.0,0.0,0.06,0.2,0.05,0.6,63.0,0.25,0.07,0.57,0.52,0.05
03_126,"Pigeon pea, white, soaked, boiled in different water* (without salt), drained",Cajanus cajan,7.2,9.499999999999998,8.9,13.0,1.6,69.0,123,532.0,1.0,0.39,0.33,4.0,0.0,0.0,0.0,0.07,0.23,0.05,0.7,73.0,0.34,0.1,0.79,0.72,0.06
03_127,"Pigeon pea, white, soaked, boiled in different water* (without salt), with cooking liquid",Cajanus cajan,5.2,6.799999999999999,6.4,11.0,1.4,59.0,99,510.0,1.0,0.31,0.34,3.0,0.0,0.0,0.0,0.06,0.2,0.05,0.6,63.0,0.25,0.07,0.57,0.52,0.05
03_142,"Porridge of cowpeas, yam and potash (Burkina Faso)*",,6.5,16.0,4.3,66.0,6.9,72.0,124,436.0,394.0,1.15,0.29,1.0,4.0,0.0,0.0,0.12,0.06,0.03,0.5,71.0,0.14,0.04,0.26,0.17,0.09
03_145,Soumma (Burkina Faso)*: bambara groundnuts boiled with potash,,9.7,2.799999999999999,14.4,39.0,2.7,95.0,134,588.0,239.0,1.22,0.41,0.0,0.0,0.0,0.0,0.07,0.08,0.07,0.8,30.0,0.82,0.48,0.97,0.91,0.06
03_008,"Soya bean, dry, raw",Glycine max,31.3,-9.2,23.4,232.0,7.8,245.0,468,1740.0,5.0,4.73,1.48,0.0,,0.0,0.0,0.45,0.7,0.28,2.0,380.0,2.51,4.03,9.25,8.15,1.1
03_034,"Soya bean, not soaked, boiled* (without salt), drained",Glycine max,12.9,-3.8,9.6,81.0,2.7,86.0,173,538.0,2.0,1.75,0.43,0.0,,0.0,0.0,0.13,0.19,0.08,0.5,77.0,1.03,1.66,3.81,3.35,0.45
03_136,"Soya bean, soaked, boiled in different water* (without salt), drained",Glycine max,12.9,-3.8,9.6,81.0,2.7,86.0,173,538.0,2.0,1.75,0.43,0.0,,0.0,0.0,0.13,0.19,0.08,0.5,77.0,1.03,1.66,3.81,3.35,0.45
03_036,"Soya bean, Anidaso variety, dry, raw (Ghana), n=1",Glycine max,35.9,-11.6,23.7,208.0,7.3,248.0,577,1770.0,5.0,4.79,1.5,0.0,,0.0,0.0,0.46,0.71,0.28,2.0,380.0,2.34,3.75,8.62,7.6,1.03
03_038,"Soya bean, Jenguma variety, dry, raw (Ghana), n=1",Glycine max,31.9,-10.3,23.5,201.0,6.5,247.0,566,1750.0,5.0,4.75,1.49,0.0,,0.0,0.0,0.45,0.71,0.28,2.0,380.0,2.75,4.41,10.13,8.93,1.21
03_037,"Soya bean, Quarshie variety, dry, raw (Ghana), n=1",Glycine max,35.4,-6.200000000000003,24.1,197.0,3.9,253.0,400,1800.0,5.0,4.87,1.52,0.0,,0.0,0.0,0.46,0.73,0.28,2.1,390.0,1.93,3.09,7.11,6.27,0.85
03_035,"Soya bean, Salintuya-1 variety, dry, raw (Ghana), n=1",Glycine max,35.5,-11.5,23.7,219.0,8.3,248.0,601,1770.0,5.0,4.79,1.5,0.0,,0.0,0.0,0.46,0.71,0.28,2.0,380.0,2.38,3.81,8.76,7.72,1.04
03_039,"Soya bean, combined varieties, dry, raw (Ghana)",Glycine max,34.7,-10.0,23.8,206.0,6.5,249.0,536,1770.0,5.0,4.8,1.5,0.0,,0.0,0.0,0.46,0.72,0.28,2.0,380.0,2.35,3.77,8.66,0.0,0.0
03_040,"Soya bean, combined varieties (Ghana), not soaked, boiled* (without salt), drained",Glycine max,14.3,-4.1000000000000005,9.8,72.0,2.3,87.0,199,547.0,2.0,1.78,0.43,0.0,,0.0,0.0,0.13,0.19,0.09,0.5,78.0,0.97,1.55,3.56,0.0,0.0
03_137,"Soya bean, combined varieties (Ghana), soaked, boiled in different water* (without salt), drained",Glycine max,14.3,-4.1000000000000005,9.8,72.0,2.3,87.0,199,547.0,2.0,1.78,0.43,0.0,,0.0,0.0,0.13,0.19,0.09,0.5,78.0,0.97,1.55,3.56,0.0,0.0
03_051,"Sweet dattock, whole, raw",Detarium microcarpum,10.6,14.299999999999995,19.6,300.0,7.5,206.0,154,1460.0,120.0,3.64,1.17,0.0,0.0,0.0,0.0,0.39,0.54,0.22,1.9,270.0,2.61,3.85,9.52,8.42,1.11
03_105,"Sweet dattock, not soaked, boiled* (without salt), drained",Detarium microcarpum,4.1,5.5,7.5,98.0,2.5,67.0,53,421.0,35.0,1.26,0.31,0.0,0.0,0.0,0.0,0.1,0.13,0.06,0.5,52.0,1.0,1.47,3.65,3.23,0.42
03_106,"Sweet dattock, not soaked, boiled* (without salt), with cooking liquid",Detarium microcarpum,2.6,3.499999999999999,4.7,73.0,1.8,50.0,37,355.0,29.0,0.88,0.28,0.0,0.0,0.0,0.0,0.08,0.1,0.05,0.4,39.0,0.63,0.93,2.31,2.04,0.27
03_107,"Sweet dattock, soaked, boiled in different water* (without salt), drained",Detarium microcarpum,4.1,5.5,7.5,98.0,2.5,67.0,53,421.0,35.0,1.26,0.31,0.0,0.0,0.0,0.0,0.1,0.13,0.06,0.5,52.0,1.0,1.47,3.65,3.23,0.42
03_108,"Sweet dattock, soaked, boiled in different water* (without salt), with cooking liquid",Detarium microcarpum,2.6,3.499999999999999,4.7,73.0,1.8,50.0,37,355.0,29.0,0.88,0.28,0.0,0.0,0.0,0.0,0.08,0.1,0.05,0.4,39.0,0.63,0.93,2.31,2.04,0.27
03_059,"Velvet bean, dry, raw",Mucuna pruriens,28.8,13.5,20.4,96.0,5.4,129.0,401,987.0,0.0,3.1,1.57,,0.0,0.0,0.0,0.79,0.16,0.24,1.9,140.0,1.34,0.38,1.93,1.76,0.17
03_138,"Velvet bean, not soaked, boiled* (without salt), drained",Mucuna pruriens,11.0,5.2,7.8,31.0,1.8,42.0,138,284.0,0.0,1.07,0.42,,0.0,0.0,0.0,0.21,0.04,0.07,0.5,27.0,0.51,0.15,0.74,0.68,0.07
03_139,"Velvet bean, not soaked, boiled* (without salt), with cooking liquid",Mucuna pruriens,7.0,3.299999999999999,4.9,23.0,1.3,31.0,97,239.0,0.0,0.75,0.38,,0.0,0.0,0.0,0.15,0.03,0.06,0.4,21.0,0.32,0.09,0.47,0.43,0.04
03_140,"Velvet bean, soaked, boiled in different water* (without salt), drained",Mucuna pruriens,11.0,5.2,7.8,31.0,1.8,42.0,138,284.0,0.0,1.07,0.42,,0.0,0.0,0.0,0.21,0.04,0.07,0.5,27.0,0.51,0.15,0.74,0.68,0.07
03_141,"Velvet bean, soaked, boiled in different water* (without salt), with cooking liquid",Mucuna pruriens,7.0,3.299999999999999,4.9,23.0,1.3,31.0,97,239.0,0.0,0.75,0.38,,0.0,0.0,0.0,0.15,0.03,0.06,0.4,21.0,0.32,0.09,0.47,0.43,0.04
04_023,"Amaranth, leaves, fresh, raw",Amaranthus spp.,4.1,-0.7999999999999998,3.8,368.0,7.2,160.0,69,545.0,7.0,0.66,0.29,225.0,67.0,0.0,0.0,0.21,0.05,0.19,0.7,76.0,0.11,0.03,0.21,0.06,0.14
04_086,"Amaranth, leaves, fresh, boiled* (as part of a recipe)",Amaranthus spp.,4.4,-0.8999999999999995,4.1,391.0,7.7,171.0,74,580.0,7.0,0.7,0.31,216.0,43.0,0.0,0.0,0.2,0.04,0.2,0.7,57.0,0.12,0.03,0.22,0.07,0.15
04_024,"Amaranth, leaves, fresh, boiled* (without salt), drained",Amaranthus spp.,4.2,-0.7999999999999998,3.9,357.0,5.5,98.0,64,278.0,5.0,0.51,0.28,207.0,27.0,0.0,0.0,0.14,0.03,0.13,0.5,39.0,0.11,0.03,0.21,0.07,0.15
04_002,"Baobab, leaves, dried",Adansonia digitata,13.7,-23.1,42.9,1244.0,13.7,206.0,336,1490.0,166.0,3.56,0.72,143.0,19.0,0.0,0.0,1.5,0.1,0.15,,300.0,0.64,0.16,1.06,0.35,0.71
04_001,"Baobab, leaves, fresh, raw",Adansonia digitata,3.9,-5.4,10.8,313.0,3.5,52.0,85,376.0,42.0,0.9,0.18,213.0,47.0,0.0,0.0,0.4,0.03,0.04,0.7,97.0,0.1,0.03,0.17,0.06,0.12
04_087,"Baobab, leaves, fresh, boiled* (as part of a recipe)",Adansonia digitata,4.2,-5.8,11.5,333.0,3.7,55.0,90,400.0,44.0,0.95,0.19,204.0,30.0,0.0,0.0,0.39,0.03,0.04,0.7,72.0,0.11,0.03,0.18,0.06,0.12
04_025,"Baobab, leaves, fresh, boiled* (without salt), drained",Adansonia digitata,4.0,-5.5,11.0,304.0,2.6,32.0,78,192.0,32.0,0.69,0.18,196.0,19.0,0.0,0.0,0.27,0.02,0.03,0.5,49.0,0.11,0.03,0.18,0.06,0.12
04_081,"Bay, leaves, dried",Laurus nobilis,7.6,22.4,26.3,834.0,43.0,120.0,113,529.0,23.0,3.7,0.42,309.0,47.0,0.0,0.0,1.7,0.01,0.42,2.0,180.0,2.27,1.63,2.28,,
04_003,"Bean, green, raw",Phaseolus vulgaris,2.0,0.7999999999999998,4.4,41.0,1.2,43.0,75,250.0,2.0,0.2,0.11,19.0,11.0,0.0,0.0,0.37,0.11,0.1,0.8,36.0,0.07,0.01,0.13,0.06,0.07
04_088,"Bean, green, boiled* (as part of a recipe)",Phaseolus vulgaris,2.1,0.8999999999999995,4.7,44.0,1.3,46.0,81,269.0,2.0,0.22,0.12,18.0,9.0,0.0,0.0,0.36,0.11,0.1,0.8,27.0,0.08,0.01,0.14,0.06,0.07
04_026,"Bean, green, boiled* (without salt), drained",Phaseolus vulgaris,2.2,1.0,4.8,43.0,1.0,28.0,74,137.0,2.0,0.16,0.11,19.0,8.0,0.0,0.0,0.26,0.08,0.07,0.6,20.0,0.08,0.01,0.14,0.07,0.08
04_005,"Cabbage, white, raw",Brassica oleracea var. capitata,1.6,1.4,2.2,43.0,1.2,9.0,45,313.0,13.0,0.16,0.03,,54.0,0.0,0.0,0.13,0.04,0.04,0.3,15.0,0.02,0.01,0.04,0.02,0.02
04_090,"Cabbage, white, boiled* (as part of a recipe)",Brassica oleracea var. capitata,1.8,1.5,2.4,46.0,1.3,10.0,48,336.0,14.0,0.17,0.03,,35.0,0.0,0.0,0.13,0.04,0.04,0.3,11.0,0.02,0.01,0.04,0.02,0.02
04_089,"Cabbage, white, boiled* (without salt), drained",Brassica oleracea var. capitata,1.7,1.4000000000000004,2.3,41.0,0.9,6.0,41,159.0,10.0,0.12,0.03,,22.0,0.0,0.0,0.09,0.03,0.03,0.2,8.0,0.02,0.01,0.04,0.02,0.02
04_006,"Carrot, raw",Daucus carota,0.9,2.3,3.2,36.0,0.8,14.0,48,225.0,35.0,0.25,0.07,637.0,7.0,0.0,0.0,0.25,0.04,0.05,0.6,17.0,0.03,0.01,0.09,0.08,0.01
04_091,"Carrot, boiled* (as part of a recipe)",Daucus carota,1.0,2.4,3.4,38.0,0.9,15.0,50,234.0,36.0,0.26,0.08,597.0,6.0,0.0,0.0,0.23,0.04,0.05,0.6,12.0,0.03,0.01,0.09,0.08,0.01
04_007,"Carrot, boiled* (without salt), drained",Daucus carota,1.0,2.5000000000000004,3.4,37.0,65.2,9.0,46,108.0,20.0,0.2,0.07,610.0,3.0,0.0,0.0,0.19,0.03,0.03,0.4,9.0,0.03,0.01,0.1,0.09,0.01
04_008,"Cassava, leaves, fresh, raw",Manihot esculenta,7.6,1.1999999999999993,7.9,298.0,5.5,73.0,145,711.0,6.0,1.29,0.16,287.0,33.0,0.0,0.0,0.48,0.25,0.46,2.4,120.0,0.31,0.08,0.52,0.17,0.35
04_092,"Cassava, leaves, fresh, boiled* (as part of a recipe)",Manihot esculenta,8.0,1.299999999999999,8.4,317.0,5.9,77.0,154,757.0,6.0,1.38,0.17,275.0,21.0,0.0,0.0,0.46,0.24,0.46,2.4,86.0,0.34,0.09,0.56,0.18,0.37
04_028,"Cassava, leaves, fresh, boiled* (without salt), drained",Manihot esculenta,7.7,1.200000000000001,8.1,289.0,4.2,44.0,133,363.0,4.0,0.99,0.16,264.0,13.0,0.0,0.0,0.32,0.17,0.3,1.6,59.0,0.32,0.08,0.53,0.18,0.36
04_009,"Cocoyam, leaves, fresh, raw",Xanthosoma sagittifolium,3.5,-2.1,4.5,74.0,2.1,42.0,52,443.0,2.0,0.62,0.28,298.0,29.0,0.0,0.0,0.1,0.08,0.42,0.8,130.0,0.2,0.02,0.33,0.17,0.16
04_097,"Cocoyam, leaves, fresh, boiled* (as part of a recipe)",Xanthosoma sagittifolium,3.7,-2.2,4.7,79.0,2.3,44.0,56,471.0,2.0,0.66,0.3,285.0,19.0,0.0,0.0,0.09,0.08,0.42,0.8,94.0,0.21,0.02,0.35,0.18,0.17
04_029,"Cocoyam, leaves, fresh, boiled* (without salt), drained",Xanthosoma sagittifolium,3.6,-2.1,4.5,72.0,1.6,25.0,48,226.0,2.0,0.47,0.27,273.0,12.0,0.0,0.0,0.06,0.05,0.28,0.5,64.0,0.21,0.02,0.33,0.17,0.16
04_031,"Cowpea, leaves, dried",Vigna unguiculata,24.4,-14.200000000000005,34.1,1059.0,35.0,380.0,364,3300.0,290.0,3.91,1.88,300.0,40.0,0.0,0.0,1.6,1.0,2.4,14.0,640.0,0.49,0.18,0.76,0.43,0.32
04_010,"Cowpea, leaves, fresh, raw",Vigna unguiculata,4.4,-3.2,4.9,258.0,4.9,55.0,66,475.0,32.0,0.56,0.27,204.0,57.0,0.0,0.0,0.24,0.2,0.37,2.1,120.0,0.08,0.03,0.12,0.07,0.05
04_098,"Cowpea, leaves, fresh, boiled* (as part of a recipe)",Vigna unguiculata,4.6,-3.4000000000000004,5.2,274.0,5.2,58.0,70,505.0,34.0,0.6,0.29,195.0,36.0,0.0,0.0,0.23,0.19,0.37,2.1,88.0,0.08,0.03,0.13,0.07,0.05
04_030,"Cowpea, leaves, fresh, boiled* (without salt), drained",Vigna unguiculata,4.5,-3.2,5.0,250.0,3.7,33.0,61,242.0,24.0,0.43,0.26,187.0,23.0,0.0,0.0,0.16,0.13,0.25,1.4,60.0,0.08,0.03,0.12,0.07,0.05
04_032,"Cucumber, unpeeled, raw",Cucumis sativus,0.7,-1.2000000000000002,2.1,13.0,0.6,20.0,29,134.0,10.0,0.17,0.04,2.0,14.0,0.0,0.0,0.04,0.02,0.01,0.3,6.0,0.04,0.01,0.04,0.03,0.0
04_012,"Eggplant, fruit, raw",Solanum melongena,1.1,0.0,4.0,14.0,1.4,8.0,26,295.0,4.0,0.28,0.22,4.0,9.0,0.0,0.0,0.1,0.05,0.05,0.5,29.0,0.07,0.02,0.15,0.13,0.02
04_102,"Eggplant, fruit, boiled* (as part of a recipe)",Solanum melongena,1.4,-0.0999999999999996,5.0,18.0,1.7,10.0,33,369.0,5.0,0.34,0.28,4.0,9.0,0.0,0.0,0.11,0.06,0.06,0.6,25.0,0.09,0.03,0.19,0.16,0.03
04_034,"Eggplant, fruit, boiled* (without salt), drained",Solanum melongena,1.2,0.0,4.3,14.0,1.1,5.0,25,159.0,3.0,0.22,0.22,4.0,6.0,0.0,0.0,0.07,0.03,0.03,0.3,16.0,0.08,0.02,0.17,0.14,0.03
04_013,"Eggplant, leaves, fresh, raw",Solanum melongena,4.4,-0.5,4.2,332.0,4.3,81.0,44,443.0,26.0,0.73,0.21,297.0,79.0,0.0,0.0,0.29,0.08,0.17,0.7,69.0,0.22,0.06,0.36,0.12,0.24
04_105,"Eggplant, leaves, fresh, boiled* (as part of a recipe)",Solanum melongena,4.7,-0.5000000000000004,4.4,353.0,4.6,86.0,46,471.0,28.0,0.78,0.23,284.0,50.0,0.0,0.0,0.28,0.08,0.18,0.7,52.0,0.23,0.06,0.39,0.13,0.26
04_035,"Eggplant, leaves, fresh, boiled* (without salt), drained",Solanum melongena,4.5,-0.5999999999999996,4.3,321.0,3.3,50.0,40,226.0,20.0,0.56,0.21,272.0,32.0,0.0,0.0,0.19,0.05,0.12,0.5,35.0,0.22,0.06,0.37,0.12,0.25
04_014,"False sesame, leaves, dried",Ceratotheca sesamoides,17.7,4.600000000000001,24.5,1311.0,14.2,500.0,284,1800.0,155.0,4.23,2.19,259.0,12.0,0.0,0.0,1.4,0.37,0.85,3.4,280.0,1.0,0.26,1.65,0.54,1.11
04_036,"False sesame, leaves, fresh, raw",Ceratotheca sesamoides,5.3,-0.0999999999999996,5.5,442.0,3.2,107.0,63,584.0,35.0,0.9,0.28,291.0,28.0,0.0,0.0,0.34,0.1,0.2,0.8,81.0,0.21,0.05,0.35,0.11,0.23
04_106,"False sesame, leaves, fresh, boiled* (as part of a recipe)",Ceratotheca sesamoides,5.6,-0.1000000000000005,5.9,470.0,3.4,114.0,67,621.0,37.0,0.96,0.3,279.0,18.0,0.0,0.0,0.32,0.09,0.2,0.8,60.0,0.22,0.06,0.37,0.12,0.25
04_037,"False sesame, leaves, fresh, boiled* (without salt), drained",Ceratotheca sesamoides,5.4,-0.0999999999999996,5.6,428.0,2.4,66.0,58,298.0,27.0,0.69,0.27,267.0,11.0,0.0,0.0,0.22,0.06,0.13,0.5,41.0,0.21,0.06,0.36,0.12,0.24
04_015,"Garlic, flesh, raw",Allium sativum,6.5,16.3,5.3,33.0,1.7,26.0,195,442.0,10.0,0.85,0.15,0.0,10.0,0.0,0.0,0.67,0.18,0.24,0.4,3.0,0.07,0.03,0.14,0.13,0.01
04_082,"Ginger, root, raw",Zingiber officinale,2.2,3.6,5.4,19.0,1.9,55.0,44,407.0,10.0,0.39,0.13,7.0,5.0,0.0,0.0,0.2,0.04,0.04,0.4,11.0,0.23,0.07,0.38,0.3,0.08
04_131,"Green leafy vegetable, average, fresh, raw",Brassica nigra,3.3,0.1999999999999997,3.9,213.0,3.9,76.0,55,413.0,25.0,0.64,0.2,291.0,50.0,0.0,0.0,0.24,0.07,0.14,0.6,57.0,0.18,0.05,0.3,0.1,0.2
04_133,"Green leafy vegetable, average, fresh, boiled* (as part of a recipe)",Brassica nigra,3.6,0.2000000000000001,4.1,227.0,4.2,81.0,58,439.0,26.0,0.68,0.21,279.0,32.0,0.0,0.0,0.23,0.07,0.14,0.6,42.0,0.19,0.05,0.32,0.1,0.21
04_132,"Green leafy vegetable, average, fresh, boiled* (without salt), drained",Brassica nigra,3.4,0.2000000000000001,4.0,207.0,3.0,46.0,50,211.0,19.0,0.49,0.19,267.0,20.0,0.0,0.0,0.16,0.05,0.09,0.4,29.0,0.18,0.05,0.3,0.1,0.2
04_073,"Hibiscus cannabinus, leaves, fresh, raw",Hibiscus cannabinus,2.8,0.6000000000000005,4.6,145.0,7.7,83.0,42,260.0,12.0,0.65,0.23,441.0,30.0,0.0,0.0,0.33,0.13,0.06,0.6,75.0,0.14,0.02,0.33,0.08,0.24
04_100,"Hibiscus cannabinus, leaves, fresh, boiled* (as part of a recipe)",Hibiscus cannabinus,3.0,0.5999999999999996,4.9,154.0,8.1,88.0,45,277.0,13.0,0.69,0.24,422.0,19.0,0.0,0.0,0.32,0.12,0.06,0.6,56.0,0.15,0.02,0.35,0.09,0.26
04_099,"Hibiscus cannabinus, leaves, fresh, boiled* (without salt), drained",Hibiscus cannabinus,2.9,0.5999999999999996,4.7,141.0,5.9,51.0,39,133.0,9.0,0.5,0.22,405.0,12.0,0.0,0.0,0.22,0.09,0.04,0.4,38.0,0.14,0.02,0.33,0.09,0.25
04_016,"Hibiscus, leaves, fresh, raw",Hibiscus sabdariffa,2.7,0.2999999999999998,4.2,212.0,5.0,79.0,65,211.0,13.0,0.66,0.2,218.0,33.0,0.0,0.0,0.32,0.17,0.45,0.6,82.0,0.06,0.01,0.14,0.03,0.1
04_117,"Hibiscus, leaves, fresh, boiled* (as part of a recipe)",Hibiscus sabdariffa,2.9,0.2999999999999998,4.5,226.0,5.3,84.0,69,224.0,14.0,0.71,0.21,208.0,21.0,0.0,0.0,0.31,0.16,0.45,0.6,61.0,0.06,0.01,0.14,0.04,0.11
04_056,"Hibiscus, leaves, fresh, boiled* (without salt), drained",Hibiscus sabdariffa,2.8,0.2999999999999998,4.3,206.0,3.8,49.0,59,107.0,10.0,0.51,0.19,200.0,14.0,0.0,0.0,0.21,0.11,0.3,0.4,42.0,0.06,0.01,0.14,0.03,0.1
04_075,"Jute mallow (bush-okra), leaves, dried",Corchorus spp.,22.4,-14.2,34.9,1416.0,42.6,401.0,333,1390.0,63.0,2.89,1.05,965.0,38.0,0.0,0.0,2.8,0.16,2.5,4.9,460.0,0.43,0.19,1.36,1.32,0.02
04_038,"Jute mallow (bush-okra), leaves, fresh, raw",Corchorus spp.,4.2,-5.1000000000000005,8.3,282.0,7.2,77.0,111,273.0,12.0,0.76,0.46,275.0,74.0,0.0,0.0,0.6,0.12,0.31,1.0,120.0,0.06,0.03,0.18,0.18,0.0
04_107,"Jute mallow (bush-okra), leaves, fresh, boiled* (as part of a recipe)",Corchorus spp.,4.6,-5.4,8.8,300.0,7.7,82.0,118,290.0,12.0,0.81,0.49,263.0,47.0,0.0,0.0,0.57,0.11,0.32,1.0,87.0,0.06,0.03,0.2,0.19,0.0
04_039,"Jute mallow (bush-okra), leaves, fresh, boiled* (without salt), drained",Corchorus spp.,4.4,-5.2,8.4,273.0,5.5,47.0,102,139.0,9.0,0.58,0.45,252.0,30.0,0.0,0.0,0.4,0.08,0.21,0.7,59.0,0.06,0.03,0.19,0.18,0.0
04_040,"Lettuce, raw",Lactuca sativa,1.0,-0.1,1.8,29.0,0.9,8.0,31,230.0,12.0,0.25,0.06,96.0,3.0,0.0,0.0,0.08,0.06,0.15,0.4,54.0,0.07,0.01,0.12,0.04,0.08
04_076,"Maize, seeds, fresh, raw",Zea mays,5.8,7.699999999999999,16.1,25.0,1.5,39.0,140,250.0,2.0,0.62,0.68,6.0,4.0,0.0,0.0,0.1,0.16,0.08,1.3,78.0,0.56,0.81,1.37,1.34,0.03
04_109,"Maize, seeds, fresh, boiled* (as part of a recipe)",Zea mays,6.0,8.0,16.8,26.0,1.6,40.0,146,260.0,2.0,0.65,0.71,5.0,3.0,0.0,0.0,0.08,0.12,0.08,1.3,65.0,0.59,0.84,1.43,1.39,0.04
04_108,"Maize, seeds, fresh, boiled* (without salt), drained",Zea mays,6.0,8.0,16.8,26.0,1.6,40.0,139,208.0,2.0,0.61,0.71,5.0,3.0,0.0,0.0,0.05,0.08,0.06,1.0,57.0,0.59,0.84,1.43,1.39,0.04
04_085,"Mint, leaves, raw",Mentha spp.,4.7,-3.6000000000000005,5.9,205.0,8.6,110.0,65,539.0,17.0,0.75,0.37,384.0,17.0,0.0,0.0,0.17,0.02,0.19,0.7,100.0,0.15,0.02,0.42,0.08,0.34
04_011,"Moringa (drumstick), leaves, fresh, raw",Moringa oleifera,8.4,-3.6999999999999993,8.2,595.0,10.3,68.0,91,405.0,9.0,1.2,0.21,1640.0,221.0,0.0,0.0,1.2,0.22,0.77,0.8,40.0,0.49,0.09,0.58,0.19,0.39
04_101,"Moringa (drumstick), leaves, fresh, boiled* (as part of a recipe)",Moringa oleifera,8.9,-3.9,8.7,633.0,10.9,73.0,103,428.0,10.0,1.28,0.22,1570.0,141.0,0.0,0.0,1.2,0.21,0.78,0.8,30.0,0.52,0.09,0.62,0.21,0.41
04_033,"Moringa (drumstick), leaves, fresh, boiled* (without salt), drained",Moringa oleifera,8.5,-3.8000000000000007,8.4,577.0,7.9,42.0,89,205.0,7.0,0.92,0.2,1510.0,90.0,0.0,0.0,0.8,0.15,0.51,0.5,20.0,0.5,0.09,0.59,0.2,0.4
04_074,"Native eggplant, fruit, raw",Solanum macrocarpon,1.3,-0.1,4.0,12.0,1.1,24.0,29,239.0,4.0,0.23,0.13,11.0,2.0,0.0,0.0,0.06,0.07,0.11,0.6,33.0,0.09,0.03,0.2,0.17,0.04
04_104,"Native eggplant, fruit, boiled* (as part of a recipe)",Solanum macrocarpon,1.7,-0.2000000000000001,5.0,15.0,1.4,30.0,36,299.0,4.0,0.29,0.16,12.0,2.0,0.0,0.0,0.07,0.08,0.14,0.7,29.0,0.12,0.03,0.25,0.21,0.04
04_103,"Native eggplant, fruit, boiled* (without salt), drained",Solanum macrocarpon,1.4,-0.0999999999999996,4.3,12.0,0.9,16.0,28,128.0,3.0,0.19,0.13,11.0,1.0,0.0,0.0,0.04,0.05,0.08,0.4,18.0,0.1,0.03,0.22,0.18,0.04
04_004,"Okra, leaves, fresh, raw",Abelmoschus esculentus,2.5,0.1999999999999993,4.9,303.0,0.6,59.0,70,297.0,6.0,0.46,0.01,67.0,64.0,0.0,0.0,0.24,0.16,0.4,0.2,57.0,0.16,0.04,0.26,0.09,0.17
04_110,"Okra, leaves, fresh, boiled* (as part of a recipe)",Abelmoschus esculentus,2.6,0.2000000000000001,5.2,322.0,0.7,62.0,74,316.0,6.0,0.49,0.01,64.0,41.0,0.0,0.0,0.23,0.15,0.4,0.2,42.0,0.17,0.04,0.28,0.09,0.19
04_041,"Okra, leaves, fresh, boiled* (without salt), drained",Abelmoschus esculentus,2.5,0.2000000000000001,5.0,293.0,0.5,36.0,64,151.0,4.0,0.35,0.01,61.0,26.0,0.0,0.0,0.16,0.11,0.27,0.1,29.0,0.16,0.04,0.26,0.09,0.18
04_077,"Okra, fruit, dried",Abelmoschus esculentus,12.8,-23.5,45.3,781.0,6.4,548.0,435,2530.0,77.0,4.64,0.9,25.0,16.0,0.0,0.0,2.1,0.32,0.57,8.5,570.0,0.52,0.06,0.82,0.58,0.24
04_017,"Okra, fruit, fresh, raw",Abelmoschus esculentus,1.7,0.1000000000000005,4.1,87.0,0.8,77.0,54,382.0,11.0,0.55,0.09,43.0,28.0,0.0,0.0,0.27,0.04,0.08,1.0,88.0,0.07,0.01,0.11,0.08,0.03
04_111,"Okra, fruit, fresh, boiled* (as part of a recipe)",Abelmoschus esculentus,1.7,0.1000000000000005,4.1,87.0,0.8,77.0,54,382.0,11.0,0.55,0.09,39.0,22.0,0.0,0.0,0.24,0.04,0.08,1.0,62.0,0.07,0.01,0.11,0.08,0.03
04_042,"Okra, fruit, fresh, boiled* (without salt), drained",Abelmoschus esculentus,1.5,0.0999999999999996,3.7,75.0,0.5,42.0,44,174.0,8.0,0.38,0.08,35.0,16.0,0.0,0.0,0.16,0.02,0.05,0.6,40.0,0.06,0.01,0.1,0.07,0.03
04_044,"Onion, dried",Allium cepa,9.6,60.39999999999999,10.7,239.0,2.1,64.0,282,1510.0,21.0,1.8,0.42,1.0,54.0,0.0,0.0,1.6,0.37,0.1,0.9,110.0,0.21,0.17,0.48,0.45,0.03
04_018,"Onion, fresh, raw",Allium cepa,1.1,5.3,1.8,25.0,0.7,12.0,44,162.0,10.0,0.28,0.14,0.0,11.0,0.0,0.0,0.08,0.02,0.04,0.2,17.0,0.03,0.01,0.05,0.04,0.0
04_112,"Onion, fresh, boiled* (as part of a recipe)",Allium cepa,1.4,6.499999999999999,2.2,30.0,0.8,15.0,53,197.0,12.0,0.35,0.17,0.0,12.0,0.0,0.0,0.08,0.02,0.05,0.2,14.0,0.03,0.02,0.06,0.05,0.0
04_043,"Onion, fresh, boiled* (without salt), drained",Allium cepa,1.4,6.499999999999999,2.2,28.0,62.9,9.0,48,89.0,6.0,0.26,0.16,0.0,6.0,0.0,0.0,0.06,0.02,0.04,0.2,10.0,0.03,0.02,0.06,0.05,0.0
04_045,"Parsley, fresh, raw",Petroselinum crispum,3.5,-0.8999999999999999,4.8,217.0,2.0,17.0,47,949.0,53.0,1.06,0.16,313.0,163.0,0.0,0.0,0.14,0.18,0.25,0.9,100.0,0.1,0.01,0.13,0.06,0.07
04_049,"Pepper, sweet, green, fresh, raw",Capsicum annuum,0.9,3.2,2.4,28.0,0.9,10.0,23,177.0,10.0,0.24,0.17,61.0,140.0,0.0,0.0,0.15,0.11,0.13,0.6,24.0,0.09,0.02,0.21,0.17,0.05
04_114,"Pepper, sweet, green, fresh, boiled* (as part of a recipe)",Capsicum annuum,1.0,3.7,2.7,32.0,1.0,11.0,26,203.0,11.0,0.28,0.2,63.0,129.0,0.0,0.0,0.16,0.11,0.14,0.7,19.0,0.11,0.02,0.24,0.19,0.05
04_050,"Pepper, sweet, green, fresh, boiled* (without salt), drained",Capsicum annuum,1.0,3.7,2.7,30.0,0.8,7.0,24,102.0,9.0,0.21,0.19,63.0,105.0,0.0,0.0,0.11,0.08,0.09,0.4,14.0,0.11,0.02,0.24,0.19,0.05
04_047,"Pepper, sweet, red, fresh, raw",Capsicum annuum,2.0,4.6,2.5,22.0,2.2,20.0,50,177.0,10.0,0.12,0.07,104.0,190.0,0.0,0.0,0.37,0.11,0.16,2.1,24.0,0.16,0.09,0.4,0.33,0.07
04_113,"Pepper, sweet, red, fresh, boiled* (as part of a recipe)",Capsicum annuum,2.3,5.199999999999999,2.9,25.0,2.5,22.0,58,203.0,11.0,0.14,0.08,107.0,175.0,0.0,0.0,0.38,0.11,0.17,2.2,19.0,0.18,0.1,0.45,0.38,0.08
04_048,"Pepper, sweet, red, fresh, boiled* (without salt), drained",Capsicum annuum,2.3,5.199999999999999,2.9,24.0,1.9,13.0,52,102.0,9.0,0.1,0.08,107.0,142.0,0.0,0.0,0.28,0.08,0.12,1.5,14.0,0.18,0.1,0.45,0.38,0.08
04_046,"Pepper, chilli, fresh, raw",Capsicum spp.,1.8,4.0,3.5,16.0,1.3,28.0,39,345.0,2.0,0.3,0.22,46.0,132.0,0.0,0.0,0.28,0.05,0.03,1.1,15.0,0.05,0.01,0.17,0.15,0.02
04_055,"Pumpkin, leaves, dried",Cucurbita pepo,38.3,0.6000000000000014,17.7,1222.0,17.3,1118.0,1023,3940.0,87.0,7.08,1.02,177.0,9.0,0.0,0.0,1.2,0.54,0.6,6.6,220.0,0.95,0.06,1.12,0.05,1.06
04_053,"Pumpkin, leaves, fresh, raw",Cucurbita pepo/Curcurbita maxima,4.1,0.1,2.3,383.0,2.2,142.0,130,500.0,11.0,0.9,0.13,112.0,11.0,0.0,0.0,0.17,0.08,0.08,0.9,36.0,0.06,0.0,0.07,0.0,0.07
04_116,"Pumpkin, leaves, fresh, boiled* (as part of a recipe)",Cucurbita pepo/Curcurbita maxima,4.3,0.1,2.4,407.0,2.3,151.0,138,532.0,12.0,0.96,0.14,108.0,7.0,0.0,0.0,0.16,0.08,0.08,0.9,27.0,0.07,0.0,0.08,0.0,0.07
04_054,"Pumpkin, leaves, fresh, boiled* (without salt), drained",Cucurbita pepo/Curcurbita maxima,4.0,0.1999999999999997,2.2,360.0,1.6,84.0,116,248.0,8.0,0.67,0.12,100.0,4.0,0.0,0.0,0.11,0.05,0.05,0.6,18.0,0.06,0.0,0.07,0.0,0.07
04_051,"Pumpkin, squash, light orange flesh, raw",Cucurbita pepo,1.0,3.6,2.4,19.0,1.0,15.0,33,280.0,0.0,0.29,0.07,71.0,8.0,0.0,0.0,0.25,0.05,0.02,0.5,8.0,0.02,0.01,0.05,0.02,0.03
04_115,"Pumpkin, squash, light orange flesh, boiled* (as part of a recipe)",Cucurbita pepo,0.9,3.2,2.1,17.0,0.9,14.0,29,248.0,0.0,0.26,0.06,56.0,6.0,0.0,0.0,0.2,0.04,0.02,0.4,5.0,0.02,0.01,0.04,0.02,0.03
04_052,"Pumpkin, squash, light orange flesh, boiled* (without salt), drained",Cucurbita pepo,1.1,4.0,2.6,20.0,0.8,10.0,32,152.0,0.0,0.24,0.07,69.0,6.0,0.0,0.0,0.18,0.04,0.01,0.4,4.0,0.03,0.01,0.05,0.02,0.03
04_071,"Sicklepod, leaves, dried",Senna tora/Senna obtusifolia,21.4,16.9,20.9,388.0,16.1,112.0,359,2790.0,166.0,2.14,0.36,249.0,15.0,0.0,0.0,1.5,0.17,0.3,4.6,300.0,0.24,0.06,0.4,0.13,0.27
04_084,"Sicklepod, leaves, fresh, raw",Senna tora/Senna obtusifolia,5.9,6.7,7.2,134.0,6.0,39.0,124,963.0,57.0,0.74,0.16,291.0,50.0,0.0,0.0,0.55,0.07,0.14,0.5,130.0,0.04,0.01,0.07,0.02,0.05
04_094,"Sicklepod, leaves, fresh, boiled* (as part of a recipe)",Senna tora/Senna obtusifolia,6.3,7.1000000000000005,7.7,142.0,6.4,41.0,132,1020.0,61.0,0.79,0.17,279.0,32.0,0.0,0.0,0.53,0.07,0.14,0.5,99.0,0.05,0.01,0.08,0.03,0.05
04_093,"Sicklepod, leaves, fresh, boiled* (without salt), drained",Senna tora/Senna obtusifolia,6.1,6.9,7.3,130.0,4.6,24.0,114,491.0,44.0,0.56,0.16,267.0,20.0,0.0,0.0,0.37,0.05,0.09,0.3,68.0,0.04,0.01,0.07,0.02,0.05
04_072,"Spider plant, leaves, fresh, raw",Cleome gynandra,4.8,-2.4,4.3,268.0,6.9,92.0,46,478.0,19.0,0.75,0.42,265.0,64.0,0.0,0.0,0.35,0.1,0.09,1.3,350.0,0.18,0.04,0.5,0.16,0.33
04_096,"Spider plant, leaves, fresh, boiled* (as part of a recipe)",Cleome gynandra,5.1,-2.6,4.6,285.0,7.4,98.0,49,509.0,21.0,0.8,0.45,254.0,41.0,0.0,0.0,0.33,0.1,0.09,1.3,260.0,0.19,0.04,0.53,0.17,0.36
04_095,"Spider plant, leaves, fresh, boiled* (without salt), drained",Cleome gynandra,4.9,-2.4000000000000004,4.4,259.0,5.3,57.0,42,244.0,15.0,0.58,0.41,244.0,26.0,0.0,0.0,0.23,0.07,0.06,0.9,180.0,0.19,0.04,0.51,0.17,0.34
04_057,"Spinach, leaves, fresh, raw",Spinacia oleracea,2.9,-2.0,2.7,99.0,2.7,79.0,49,558.0,79.0,0.53,0.13,159.0,28.0,0.0,0.0,0.2,0.08,0.19,0.7,190.0,0.11,0.03,0.18,0.05,0.14
04_118,"Spinach, leaves, fresh, boiled* (as part of a recipe)",Spinacia oleracea,3.4,-2.3000000000000003,3.2,118.0,3.2,94.0,58,664.0,94.0,0.63,0.15,171.0,20.0,0.0,0.0,0.21,0.09,0.21,0.8,160.0,0.13,0.03,0.22,0.05,0.16
04_058,"Spinach, leaves, fresh, boiled* (without salt), drained",Spinacia oleracea,3.0,-2.0,2.8,99.0,2.1,50.0,46,294.0,62.0,0.42,0.13,151.0,12.0,0.0,0.0,0.13,0.05,0.13,0.5,100.0,0.12,0.03,0.19,0.05,0.14
04_059,"Sweet potato, leaves, fresh, raw",Ipomoea batatas,4.6,-0.3999999999999994,5.3,78.0,3.6,70.0,84,569.0,6.0,0.29,0.04,142.0,11.0,0.0,0.0,0.19,0.1,0.28,0.9,80.0,0.05,0.01,0.1,0.09,0.02
04_121,"Sweet potato, leaves, fresh, boiled* (as part of a recipe)",Ipomoea batatas,4.9,-0.3999999999999994,5.6,83.0,3.8,74.0,89,605.0,6.0,0.31,0.04,136.0,7.0,0.0,0.0,0.18,0.1,0.28,0.9,60.0,0.05,0.01,0.11,0.09,0.02
04_060,"Sweet potato, leaves, fresh, boiled* (without salt), drained",Ipomoea batatas,4.8,-0.4000000000000003,5.5,77.0,2.8,44.0,79,296.0,5.0,0.23,0.04,134.0,5.0,0.0,0.0,0.13,0.07,0.19,0.6,42.0,0.05,0.01,0.11,0.09,0.02
04_062,"Tamarind, leaves, dried",Tamarindus indica,14.0,-20.300000000000004,46.7,227.0,12.4,184.0,379,1090.0,14.0,2.7,0.26,12.0,3.0,0.0,0.0,0.57,0.38,0.46,3.3,400.0,0.96,0.25,1.59,0.52,1.07
04_019,"Tamarind, leaves, fresh, raw",Tamarindus indica,3.1,-4.9,10.7,52.0,2.8,42.0,87,465.0,13.0,1.0,0.56,14.0,6.0,0.0,0.0,0.14,0.1,0.11,0.8,120.0,0.21,0.05,0.37,0.09,0.28
04_122,"Tamarind, leaves, fresh, boiled* (as part of a recipe)",Tamarindus indica,3.3,-5.2,11.4,55.0,3.0,45.0,92,495.0,14.0,1.06,0.6,13.0,4.0,0.0,0.0,0.13,0.1,0.11,0.8,87.0,0.23,0.05,0.4,0.1,0.3
04_061,"Tamarind, leaves, fresh, boiled* (without salt), drained",Tamarindus indica,3.2,-5.0,10.9,50.0,2.2,26.0,80,237.0,10.0,0.77,0.54,13.0,2.0,0.0,0.0,0.09,0.07,0.07,0.5,60.0,0.22,0.05,0.38,0.1,0.29
04_020,"Taro, leaves, fresh, raw",Colocasia esculenta,2.5,-2.8999999999999995,5.6,190.0,1.5,59.0,49,597.0,12.0,0.39,0.11,150.0,69.0,0.0,0.0,0.29,0.17,0.35,0.8,130.0,0.24,0.03,0.38,0.2,0.19
04_123,"Taro, leaves, fresh, boiled* (as part of a recipe)",Colocasia esculenta,2.7,-3.2,6.0,202.0,1.6,63.0,52,635.0,13.0,0.42,0.12,144.0,44.0,0.0,0.0,0.28,0.16,0.35,0.8,94.0,0.25,0.03,0.41,0.21,0.2
04_063,"Taro, leaves, fresh, boiled* (without salt), drained",Colocasia esculenta,2.6,-3.0,5.7,184.0,1.2,36.0,45,304.0,9.0,0.3,0.11,138.0,28.0,0.0,0.0,0.19,0.11,0.23,0.5,64.0,0.24,0.03,0.39,0.2,0.19
04_083,"Thyme, dried",Brassica nigra,9.1,-6.800000000000001,37.0,1070.0,46.1,423.0,280,1610.0,24.0,4.78,1.47,190.0,50.0,0.0,0.0,0.55,0.51,0.4,4.9,120.0,3.7,0.64,1.61,,
04_065,"Tomato, canned, packed in juice",,1.0,0.1,1.9,25.0,0.6,11.0,18,210.0,99.0,0.17,0.08,25.0,12.0,0.0,0.0,0.11,0.22,0.04,0.7,17.0,0.03,0.04,0.1,0.1,0.0
04_066,"Tomato, paste, concentrated, without salt",,3.2,9.5,4.1,31.0,0.8,47.0,73,862.0,31.0,0.74,0.54,175.0,14.0,0.0,0.0,0.22,0.14,0.17,2.8,21.0,0.08,0.09,0.21,0.2,0.01
04_067,"Tomato, powder",,12.9,41.7,16.5,166.0,4.6,178.0,295,1930.0,134.0,1.71,1.24,862.0,117.0,0.0,0.0,0.46,0.91,0.76,9.1,120.0,0.07,0.08,0.21,0.17,0.01
04_021,"Tomato, red, ripe, raw",Solanum lycopersicum,1.1,2.0,1.4,14.0,0.7,13.0,33,235.0,13.0,0.22,0.06,44.0,28.0,0.0,0.0,0.07,0.06,0.04,0.6,23.0,0.03,0.02,0.08,0.07,0.01
04_124,"Tomato, red, ripe, boiled* (as part of a recipe)",Solanum lycopersicum,1.4,2.6000000000000005,1.8,17.0,0.9,17.0,42,301.0,16.0,0.29,0.08,51.0,29.0,0.0,0.0,0.08,0.07,0.05,0.7,20.0,0.04,0.03,0.1,0.09,0.01
04_064,"Tomato, red, ripe, boiled* (without salt), drained",Solanum lycopersicum,1.4,2.6000000000000005,1.8,17.0,0.6,10.0,38,150.0,12.0,0.21,0.07,51.0,24.0,0.0,0.0,0.06,0.05,0.03,0.5,15.0,0.04,0.03,0.1,0.09,0.01
04_068,"Turnip, raw",Brassica rapa,1.0,1.9000000000000004,2.5,41.0,0.3,15.0,35,262.0,44.0,0.22,0.1,4.0,24.0,0.0,0.0,0.08,0.04,0.04,0.5,24.0,0.03,0.01,0.12,0.03,0.09
04_125,"Turnip, boiled* (as part of a recipe)",Brassica rapa,1.1,2.0,2.8,45.0,0.3,16.0,39,291.0,49.0,0.24,0.11,4.0,22.0,0.0,0.0,0.08,0.04,0.04,0.5,19.0,0.03,0.02,0.13,0.03,0.1
04_069,"Turnip, boiled* (without salt), drained",Brassica rapa,1.1,2.0,2.8,43.0,20.8,10.0,35,131.0,27.0,0.18,0.1,4.0,11.0,0.0,0.0,0.06,0.03,0.03,0.4,13.0,0.03,0.02,0.13,0.03,0.1
04_022,"Vernonia, leaves, bitter, fresh, raw",Gymnanthemum amygdalinum,5.0,1.6000000000000003,5.1,170.0,2.1,95.0,75,594.0,11.0,1.88,0.75,242.0,29.0,0.0,0.0,0.24,0.09,0.2,0.6,57.0,0.25,0.06,0.41,0.13,0.27
04_126,"Vernonia, leaves, bitter, fresh, boiled* (as part of a recipe)",Gymnanthemum amygdalinum,5.3,1.6999999999999993,5.4,181.0,2.2,101.0,80,632.0,12.0,2.0,0.8,232.0,18.0,0.0,0.0,0.23,0.09,0.2,0.6,42.0,0.26,0.07,0.44,0.14,0.29
04_070,"Vernonia, leaves, bitter, fresh, boiled* (without salt), drained",Gymnanthemum amygdalinum,5.1,1.5999999999999996,5.2,165.0,1.6,58.0,69,303.0,9.0,1.44,0.73,222.0,12.0,0.0,0.0,0.16,0.06,0.13,0.4,29.0,0.25,0.06,0.42,0.14,0.28
04_079,"Vernonia, leaves, sweet, fresh, raw",Baccharoides calvoana subsp. calvoana,2.5,5.6000000000000005,3.3,134.0,1.3,93.0,67,509.0,30.0,0.78,0.24,291.0,15.0,0.0,0.0,0.29,0.08,0.18,0.7,70.0,0.1,0.03,0.17,0.06,0.12
04_128,"Vernonia, leaves, sweet, fresh, boiled* (as part of a recipe)",Baccharoides calvoana subsp. calvoana,2.6,6.0,3.5,143.0,1.4,99.0,72,541.0,32.0,0.83,0.26,279.0,10.0,0.0,0.0,0.28,0.08,0.18,0.7,52.0,0.11,0.03,0.18,0.06,0.12
04_127,"Vernonia, leaves, sweet, fresh, boiled* (without salt), drained",Baccharoides calvoana subsp. calvoana,2.5,5.699999999999999,3.4,130.0,1.0,57.0,62,259.0,23.0,0.6,0.24,267.0,6.0,0.0,0.0,0.19,0.06,0.12,0.5,36.0,0.11,0.03,0.18,0.06,0.12
04_078,"Waterleaf, leaves, fresh, raw",Talinum fruticosum,2.3,0.3999999999999999,3.9,100.0,1.1,163.0,27,413.0,38.0,0.84,0.05,277.0,34.0,0.0,0.0,0.24,0.03,0.17,0.5,24.0,0.18,0.05,0.3,0.1,0.2
04_120,"Waterleaf, leaves, fresh, boiled* (as part of a recipe)",Talinum fruticosum,2.5,0.5,4.1,107.0,1.1,173.0,29,439.0,40.0,0.9,0.05,265.0,22.0,0.0,0.0,0.23,0.03,0.17,0.5,18.0,0.19,0.05,0.31,0.1,0.21
04_119,"Waterleaf, leaves, fresh, boiled* (without salt), drained",Talinum fruticosum,2.4,0.4000000000000003,4.0,97.0,0.8,100.0,25,211.0,29.0,0.65,0.05,255.0,14.0,0.0,0.0,0.16,0.02,0.11,0.3,12.0,0.18,0.05,0.3,0.1,0.2
04_080,"Wild spinach, leaves, fresh, raw",Gnetum africanum,5.1,-1.7999999999999998,4.3,233.0,4.3,83.0,60,452.0,27.0,0.7,0.22,75.0,44.0,0.0,0.0,0.26,0.07,0.16,0.6,62.0,0.18,0.05,0.3,0.1,0.2
04_130,"Wild spinach, leaves, fresh, boiled* (as part of a recipe)",Gnetum africanum,5.4,-1.9,4.5,248.0,4.6,88.0,64,480.0,29.0,0.74,0.23,72.0,28.0,0.0,0.0,0.25,0.07,0.16,0.6,46.0,0.19,0.05,0.31,0.1,0.21
04_129,"Wild spinach, leaves, fresh, boiled* (without salt), drained",Gnetum africanum,5.2,-1.7999999999999998,4.3,226.0,3.3,51.0,55,230.0,21.0,0.53,0.21,69.0,18.0,0.0,0.0,0.17,0.05,0.1,0.4,32.0,0.18,0.05,0.3,0.1,0.2
05_055,"African black plum/chocolate berry, ripe, raw",Vitex doniana,0.4,25.0,1.4,25.0,1.1,21.0,53,637.0,8.0,0.0,0.0,,10.0,0.0,0.0,,0.14,0.02,0.4,,,,,,
05_023,"African fan palm, fruit, raw",Borassus aethiopum,0.5,6.4,2.4,16.0,2.5,2.0,30,158.0,1.0,0.05,0.01,,3.0,0.0,0.0,0.07,0.03,0.01,0.3,24.0,0.02,0.02,0.04,0.03,0.01
05_024,"African locust bean, flour from fruit",Parkia biglobosa,4.6,22.1,30.1,162.0,3.8,94.0,132,1780.0,6.0,1.09,0.02,43.0,25.0,0.0,0.0,,0.99,0.72,1.0,,,,,,
05_001,"African locust bean, fruit, raw",Parkia biglobosa,3.3,21.6,28.2,118.0,3.6,88.0,123,1670.0,6.0,0.77,0.02,203.0,234.0,0.0,0.0,,1.1,0.7,1.0,,,,,,
05_053,"African star apple, fruit, raw",Chrysophyllum albidum,3.4,13.3,3.1,24.0,1.5,23.0,19,355.0,3.0,0.98,0.65,0.0,127.0,0.0,0.0,1.64,1.4,0.87,1.5,,,,,,
05_025,"Akee, fruit, raw",Blighia sapida,4.4,3.3000000000000003,1.4,36.0,2.7,97.0,51,340.0,,,,46.0,26.0,0.0,0.0,0.08,0.13,0.14,0.8,54.0,,,,,
05_046,"Apple, green, with skin, raw",Malus domestica,0.2,9.5,2.6,4.0,0.4,2.0,8,82.0,5.0,0.07,0.07,1.0,6.0,0.0,0.0,0.08,0.02,0.01,0.2,1.0,0.12,0.04,0.23,0.18,0.05
05_047,"Apple, red, with skin, raw",Malus domestica,0.2,10.4,2.3,6.0,0.3,4.0,8,129.0,1.0,0.1,0.09,1.0,5.0,0.0,0.0,0.04,0.02,0.01,0.2,1.0,0.16,0.05,0.26,0.22,0.04
05_026,"Apple, with skin, raw",Malus domestica,0.3,9.9,2.3,5.0,0.3,3.0,9,99.0,4.0,0.09,0.07,1.0,4.0,0.0,0.0,0.05,0.02,0.02,0.2,1.0,0.12,0.04,0.19,0.16,0.03
05_027,"Apple, without skin, raw",Malus domestica,0.2,11.5,1.7,4.0,0.1,3.0,7,113.0,0.0,0.04,0.03,2.0,4.0,0.0,0.11,0.04,0.02,0.01,0.1,0.0,0.06,0.01,0.1,0.08,0.02
05_002,"Avocado, fruit, raw",Persea americana,1.6,-1.9,4.0,14.0,1.3,25.0,47,414.0,4.0,0.36,0.3,2.0,18.0,0.0,0.0,0.22,0.05,0.15,1.8,22.0,1.57,11.08,1.45,1.37,0.08
05_048,"Banana, sweet, flesh, unripe (green), raw",Musa spp.,1.0,21.3,3.6,2.0,0.4,35.0,29,335.0,0.0,0.16,0.08,27.0,18.0,0.0,0.0,0.59,0.04,0.05,0.3,19.0,0.12,0.03,0.23,0.16,0.07
05_003,"Banana, white flesh, ripe, raw",Musa spp.,1.3,25.8,1.9,8.0,0.9,31.0,23,329.0,2.0,0.21,0.06,3.0,10.0,0.0,0.0,0.36,0.03,0.03,0.6,17.0,0.07,0.01,0.08,0.03,0.04
05_028,"Banana, yellow flesh, ripe, raw",Musa spp.,1.3,16.5,2.7,9.0,0.3,16.0,29,293.0,2.0,0.28,0.03,119.0,10.0,0.0,0.0,0.35,0.03,0.03,0.6,19.0,0.07,0.01,0.07,0.03,0.04
05_004,"Baobab, fruit/monkey bread, raw",Adansonia digitata,2.1,63.0,7.0,254.0,6.4,139.0,73,1920.0,23.0,1.44,0.53,6.0,251.0,0.0,0.0,0.02,0.04,0.2,1.5,50.0,,,,,
05_005,"Breadfruit, fruit, raw",Artocarpus altilis,1.4,9.599999999999998,8.3,29.0,2.5,36.0,34,282.0,2.0,0.15,0.11,1.0,31.0,0.0,0.0,0.1,0.08,0.05,0.9,14.0,0.06,0.05,0.09,0.06,0.02
05_050,"Carambola (star fruit), raw",Averrhoa carambola,0.8,1.7999999999999998,2.8,5.0,0.5,12.0,12,159.0,2.0,0.24,0.07,0.0,34.0,0.0,0.0,0.06,0.08,0.02,0.3,12.0,0.02,0.04,0.21,0.16,0.04
05_006,"Cashew apple, fruit, raw",Anacardium occidentale,1.0,9.2,1.7,12.0,1.4,10.0,45,124.0,3.0,0.1,0.07,8.0,252.0,0.0,0.0,,0.03,0.12,0.4,,,,,,
05_029,"Clementine, raw",Citrus clementina,0.9,8.600000000000001,1.7,30.0,0.1,10.0,21,177.0,1.0,0.06,0.04,6.0,49.0,0.0,0.0,0.08,0.09,0.03,0.6,24.0,0.03,0.04,0.05,0.04,0.01
05_031,"Date, dried, raw",Phoenix dactylifera,2.2,56.3,7.8,62.0,3.4,48.0,52,510.0,8.0,0.28,0.26,1.0,4.0,0.0,0.0,0.13,0.06,0.11,1.6,13.0,0.04,0.01,0.06,0.05,0.01
05_030,"Date, soft, raw",Phoenix dactylifera,1.6,40.2,5.6,38.0,2.5,30.0,33,295.0,5.0,0.17,0.17,3.0,18.0,0.0,0.0,0.12,0.06,0.07,0.7,25.0,0.06,0.04,0.01,,
05_008,"Dattock, fruit, dried",Detarium senegalense,3.4,64.10000000000001,7.1,110.0,1.4,53.0,125,897.0,5.0,0.26,0.27,7.0,3.0,0.0,0.0,0.14,0.29,0.12,1.5,14.0,0.31,0.08,0.45,0.39,0.05
05_007,"Dattock, fruit, raw",Detarium senegalense,1.9,25.0,2.3,27.0,0.5,20.0,48,345.0,2.0,0.1,0.1,14.0,1130.0,0.0,0.0,0.07,0.13,0.05,0.6,15.0,0.16,0.12,0.04,,
05_033,"Fig, dried",Ficus carica,3.1,46.7,9.3,144.0,2.2,59.0,68,712.0,11.0,0.51,0.31,5.0,1.0,0.0,0.0,0.22,0.07,0.09,0.7,8.0,0.21,0.24,0.51,0.51,0.0
05_032,"Fig, raw",Ficus carica,1.0,9.3,4.6,52.0,0.6,25.0,22,235.0,4.0,0.26,0.07,11.0,1.0,0.0,0.0,0.12,0.06,0.02,0.5,20.0,0.17,0.08,0.19,0.1,0.09
05_009,"Fig, sycomorus, raw",Ficus sycomorus,1.4,10.1,2.3,90.0,2.4,31.0,41,347.0,6.0,0.37,0.1,17.0,12.0,0.0,0.0,0.12,0.04,0.05,0.5,7.0,0.27,0.13,0.29,0.15,0.14
05_034,"Fruit cocktail, canned in syrup, undrained",,0.4,16.2,1.0,6.0,0.3,5.0,11,88.0,6.0,0.08,0.07,5.0,3.0,0.0,0.0,0.05,0.02,0.02,0.4,3.0,0.01,0.02,0.05,0.04,0.01
05_035,"Grapefruit, white, raw",Citrus × paradisi,0.7,4.6,1.6,23.0,0.5,9.0,19,177.0,4.0,0.05,0.04,1.0,37.0,0.0,0.0,0.03,0.06,0.03,0.2,12.0,0.02,0.02,0.04,0.03,0.01
05_051,"Grapes, raw",Vitis vinifera,0.6,14.7,1.3,10.0,0.3,7.0,22,215.0,2.0,0.06,0.08,2.0,3.0,0.0,0.0,0.1,0.06,0.01,0.2,4.0,0.1,0.01,0.12,0.09,0.04
05_010,"Guava, fruit, raw",Psidium guajava,1.0,6.6000000000000005,5.7,24.0,1.3,15.0,33,290.0,3.0,0.22,0.02,22.0,268.0,0.0,0.0,0.14,0.06,0.04,1.3,7.0,0.06,0.04,0.22,0.2,0.02
05_011,"Gumvine, fruit, raw",Saba senegalensis,0.6,15.7,1.3,54.0,1.3,116.0,33,,,,0.03,,30.0,0.0,0.0,0.02,0.1,0.03,0.8,,,,,,
05_012,"Jujube, raw",Ziziphus spp.,0.7,0.8999999999999995,3.7,32.0,0.8,4.0,15,256.0,6.0,0.03,0.02,0.0,66.0,0.0,0.0,0.08,0.01,0.01,0.6,6.0,0.03,0.03,0.01,0.01,0.0
05_013,"Landolphia, fruit, raw",Landolphia spp.,0.7,19.0,0.8,11.0,0.6,31.0,14,185.0,5.0,0.32,0.26,,44.0,0.0,0.0,0.06,0.05,0.13,0.8,,,,,,
05_014,"Lemon, raw",Citrus limon,0.7,3.3,2.5,21.0,0.6,12.0,20,157.0,4.0,0.1,0.12,1.0,43.0,0.0,0.0,0.04,0.04,0.02,0.3,17.0,0.16,0.04,0.27,0.21,0.06
05_036,"Mango, deep orange flesh, raw",Mangifera indica,0.4,16.099999999999998,1.6,12.0,0.1,9.0,14,157.0,2.0,0.09,0.09,364.0,66.0,0.0,0.0,0.13,0.09,0.03,0.4,40.0,0.06,0.05,0.03,0.01,0.03
05_015,"Mango, orange flesh, ripe, raw",Mangifera indica,0.6,13.5,1.8,17.0,0.7,9.0,18,194.0,3.0,0.1,0.06,202.0,35.0,0.0,0.0,0.13,0.03,0.05,0.4,40.0,0.08,0.07,0.05,0.01,0.04
05_037,"Mango, pale flesh, raw",Mangifera indica,0.9,8.6,2.1,8.0,0.1,7.0,14,138.0,,0.08,0.06,44.0,8.0,0.0,0.0,0.03,0.03,0.04,0.4,40.0,0.07,0.06,0.04,0.01,0.03
05_039,"Melon, cantaloupe, orange flesh, raw",Cucumis melo,0.8,7.0,1.0,11.0,0.4,13.0,14,376.0,17.0,0.1,0.1,64.0,39.0,0.0,0.0,0.04,0.04,0.01,0.7,22.0,0.03,0.01,0.05,0.03,0.02
05_038,"Melon, honeydew, pale green flesh, raw",Cucumis melo,0.7,7.9,1.1,7.0,0.3,9.0,21,270.0,11.0,0.09,0.06,3.0,27.0,0.0,0.0,0.04,0.04,0.01,0.5,16.0,0.06,0.02,0.09,0.05,0.03
05_052,"Mombin/hog-plum, fruit, raw",Spondias mombin,1.6,10.7,1.9,30.0,3.0,16.0,36,233.0,16.0,0.2,0.1,50.0,37.0,0.0,0.0,,0.09,0.07,0.5,,,,,,
05_040,"Oil palm, fruit, raw",Elaeis guineensis,1.9,9.3,3.6,61.0,4.8,60.0,56,231.0,16.0,0.39,0.92,5310.0,8.0,0.0,0.0,,0.13,0.08,1.4,,18.01,19.24,4.61,0.49,0.01
05_016,"Orange, raw",Citrus aurantium,0.7,6.999999999999999,1.7,29.0,0.2,11.0,19,162.0,2.0,0.08,0.05,8.0,46.0,0.0,0.0,0.05,0.02,0.03,0.2,37.0,0.1,0.05,0.13,0.1,0.03
05_017,"Papaya, fruit, ripe, raw",Carica papaya,0.4,10.9,2.1,21.0,0.8,8.0,16,220.0,4.0,0.15,0.01,63.0,52.0,0.0,0.0,0.02,0.03,0.03,0.4,37.0,0.05,0.02,0.04,0.01,0.03
05_018,"Pineapple, fruit, raw",Ananas comosus,0.4,9.6,1.8,22.0,0.6,13.0,13,233.0,2.0,0.24,0.33,6.0,34.0,0.0,0.0,0.09,0.07,0.03,0.2,18.0,0.06,0.04,0.06,0.02,0.04
05_041,"Pomegranate, fruit, raw",Punica granatum,1.3,10.9,4.0,13.0,0.8,6.0,31,246.0,4.0,0.4,0.12,3.0,20.0,0.0,0.0,0.16,0.07,0.04,0.3,24.0,0.08,0.08,0.08,0.08,0.0
05_044,"Shea, fruit, raw",Vitellaria paradoxa,1.5,16.0,3.8,37.0,1.2,9.0,26,18.0,6.0,0.29,0.08,66.0,28.0,0.0,0.0,,0.01,0.03,1.0,,,,,,
05_019,"Soapberry, fruit, raw",Lepisanthes senegalensis,1.6,25.0,0.5,22.0,3.0,2.0,90,,,,0.05,30.0,52.0,0.0,0.0,,0.03,0.04,,,,,,,
05_054,"Soursop, fruit, raw",Annona spp.,1.2,8.9,5.0,20.0,0.4,18.0,41,264.0,7.0,0.17,0.14,0.0,60.0,0.0,0.0,0.03,0.03,0.04,0.9,6.0,0.27,0.08,0.27,0.16,0.11
05_045,"Sweet apple, fruit, raw",Annona squamosa,1.5,13.7,5.1,23.0,0.8,31.0,36,264.0,9.0,0.2,0.15,0.0,36.0,0.0,0.0,0.2,0.11,0.13,0.9,12.0,0.06,0.02,0.06,0.03,0.02
05_056,Sweet baobab paste (Burkina Faso)*,,0.4,20.9,1.5,54.0,1.4,30.0,15,407.0,7.0,0.31,0.12,1.0,47.0,0.0,0.0,0.0,0.01,0.04,0.3,8.0,0.0,0.0,0.0,0.0,0.0
05_020,"Tamarind, immature fruit, raw",Tamarindus indica,2.0,-0.200000000000001,8.4,60.0,0.7,19.0,97,308.0,3.0,0.15,0.13,1.0,9.0,0.0,0.0,0.02,0.18,0.09,0.4,2.0,0.05,0.07,0.04,0.01,0.03
05_021,"Tamarind, fruit, ripe, raw",Tamarindus indica,3.7,56.4,4.9,166.0,3.1,80.0,135,733.0,6.0,0.54,0.46,4.0,10.0,0.0,0.0,0.07,0.18,0.17,1.7,9.0,0.26,0.33,0.17,0.05,0.12
05_022,"Watermelon, fruit, raw",Citrullus lanatus,0.5,4.1,0.9,7.0,0.3,9.0,9,109.0,4.0,0.1,0.09,25.0,6.0,0.0,0.0,0.07,0.03,0.04,0.1,8.0,0.03,0.01,0.04,0.03,0.01
06_031,"African breadfruit, seed without hull, dried",Treculia Africana,13.3,68.5,2.4,33.0,4.5,44.0,269,540.0,4.0,4.27,1.1,11.0,25.0,0.0,0.0,0.65,0.1,0.5,0.5,100.0,0.31,0.14,0.59,0.21,0.1
06_039,"Benniseed, dried, raw",Sesamum radiatum,17.4,3.5000000000000018,13.6,693.0,42.3,265.0,403,278.0,228.0,2.72,1.62,1.0,0.0,0.0,0.0,0.79,0.68,0.19,3.4,100.0,5.9,14.2,18.59,18.39,0.17
06_033,"Bitter cola, seeds, dried, raw",Garcinia kola,5.2,72.39999999999999,3.9,59.0,4.9,138.0,447,577.0,9.0,3.33,2.98,0.0,13.0,0.0,0.0,0.34,0.39,0.13,1.1,62.0,1.58,1.36,1.25,1.2,0.05
06_032,"Bitter cola, seeds, fresh, raw",Garcinia kola,2.6,35.4,1.9,29.0,2.4,67.0,218,282.0,4.0,1.63,1.46,0.0,6.0,0.0,0.0,0.16,0.19,0.06,0.6,30.0,0.77,0.66,0.61,0.58,0.03
06_001,"Cashew nut, raw",Anacardium occidentale,16.1,24.3,3.5,48.0,7.4,162.0,438,489.0,95.0,5.34,2.23,0.0,0.0,0.0,0.0,0.16,0.46,0.24,1.6,68.0,7.85,28.03,7.51,7.46,0.06
06_005,"Coconut, kernel, dried, raw",Cocos nucifera,7.3,-1.700000000000001,15.9,40.0,3.1,97.0,150,651.0,35.0,1.41,0.9,0.0,0.0,0.0,0.0,0.15,0.04,0.04,0.7,9.0,43.63,3.75,0.94,0.94,0.0
06_004,"Coconut, immature kernel, fresh, raw",Cocos nucifera,1.5,2.8,3.3,19.0,2.2,18.0,111,218.0,8.0,0.22,0.18,0.0,7.0,0.0,0.0,0.02,0.07,0.05,0.6,1.0,10.44,0.82,0.23,0.23,0.0
06_002,"Coconut, mature kernel, fresh, raw",Cocos nucifera,3.3,-4.5,9.5,16.0,2.6,36.0,118,409.0,20.0,0.9,0.42,0.0,3.0,0.0,0.0,0.07,0.04,0.02,0.6,26.0,31.04,2.36,1.75,1.75,0.0
06_006,"Coconut milk, fresh or canned",Cocos nucifera ,0.1,2.6,1.3,13.0,1.9,31.0,73,210.0,16.0,0.5,0.24,0.0,1.0,0.0,0.0,0.02,0.02,,0.5,15.0,18.14,0.81,0.19,0.19,0.0
06_019,"Cola nut, dried, raw",Cola nitida,7.0,5.199999999999996,35.7,73.0,5.3,181.0,147,1320.0,5.0,2.49,0.54,1.0,0.0,0.0,0.0,0.27,0.3,0.56,2.2,140.0,0.89,0.51,0.61,0.42,0.2
06_018,"Cola nut, fresh, raw",Cola nitida,2.8,3.1999999999999997,17.0,43.0,2.1,86.0,155,629.0,3.0,1.18,0.26,2.0,0.0,0.0,0.0,0.14,0.14,0.26,1.1,88.0,0.42,0.24,0.29,0.2,0.09
06_008,"Dikanut, kernel, dried, raw",Irvingia gabonensis,7.6,-11.8,17.3,105.0,3.4,287.0,192,16.0,2.0,3.21,0.14,0.0,5.0,0.0,0.0,0.34,0.16,0.08,1.1,62.0,,,,,
06_009,"False sesame seeds, dried, raw",Ceratotheca sesamoides,15.4,-2.900000000000002,23.3,846.0,35.0,287.0,485,666.0,28.0,3.21,1.7,2.0,0.0,0.0,0.0,0.34,0.75,0.3,4.4,62.0,,,,,
06_028,"Groundnut flour, partially defatted",Arachis hypogaea,42.5,6.800000000000001,15.8,60.0,3.4,209.0,634,1320.0,91.0,5.55,1.92,0.0,0.0,0.0,0.0,0.4,0.54,0.2,31.0,190.0,1.38,4.94,3.15,3.13,0.01
06_027,"Groundnut flour, with fat",Arachis hypogaea,25.9,-0.3000000000000007,9.9,62.0,3.5,187.0,455,892.0,18.0,2.8,0.8,2.0,1.0,0.0,0.0,0.23,0.39,0.14,9.9,110.0,9.35,21.66,13.34,13.28,0.05
06_026,"Groundnut paste, from groundnuts only",Arachis hypogaea,23.9,2.6999999999999997,8.3,64.0,3.2,200.0,363,619.0,6.0,2.61,0.79,0.0,1.0,0.0,0.0,0.33,0.39,0.14,15.0,110.0,10.06,23.29,14.35,14.28,0.05
06_023,"Groundnut, Chinese, shelled, dried, raw (Ghana), n=1",Arachis hypogaea,20.5,14.9,8.3,48.0,3.2,200.0,396,619.0,6.0,2.61,0.79,2.0,1.0,0.0,0.0,0.23,0.87,0.14,15.0,110.0,8.29,19.2,11.83,11.77,0.04
06_025,"Groundnut, combined varieties, shelled, dried, raw (Ghana)",Arachis hypogaea,22.4,6.1,8.6,51.0,6.2,200.0,394,619.0,6.0,2.61,0.79,2.0,1.0,0.0,0.0,0.23,0.87,0.14,15.0,110.0,8.96,20.76,12.79,12.72,0.04
06_021,"Groundnut, F-mix variety, shelled, dried, raw (Ghana), n=1",Arachis hypogaea,22.3,2.1,8.3,49.0,5.3,200.0,400,619.0,6.0,2.61,0.79,2.0,1.0,0.0,0.0,0.23,0.87,0.14,15.0,110.0,9.59,22.2,13.68,13.61,0.05
06_022,"Groundnut, JL 24 variety, shelled, dried, raw (Ghana), n=1",Arachis hypogaea,25.2,9.3,8.3,50.0,6.7,200.0,411,619.0,6.0,2.61,0.79,2.0,1.0,0.0,0.0,0.23,0.87,0.14,15.0,110.0,7.68,17.79,10.96,10.9,0.04
06_024,"Groundnut, Manipintar variety, shelled, dried, raw (Ghana), n=1",Arachis hypogaea,23.3,3.3999999999999986,8.3,53.0,8.2,200.0,347,619.0,6.0,2.61,0.79,2.0,1.0,0.0,0.0,0.23,0.87,0.14,15.0,110.0,9.42,21.8,13.43,13.36,0.05
06_012,"Groundnut, red, shelled, dried, raw (Benin)",Arachis hypogaea,21.7,7.1,9.4,44.0,2.3,193.0,335,791.0,6.0,2.84,1.04,2.0,1.0,0.0,0.0,0.23,0.87,0.14,15.0,110.0,9.09,21.04,12.96,12.9,0.05
06_011,"Groundnut, rose, shelled, dried, raw (Benin)",Arachis hypogaea,20.4,12.6,7.7,34.0,3.7,195.0,336,711.0,6.0,3.65,1.12,2.0,1.0,0.0,0.0,0.23,0.87,0.14,15.0,110.0,8.72,20.18,12.44,12.37,0.04
06_010,"Groundnut, shelled, dried, raw",Arachis hypogaea,22.4,9.099999999999998,8.3,45.0,3.5,200.0,445,619.0,6.0,2.61,0.79,2.0,1.0,0.0,0.0,0.23,0.87,0.14,15.0,110.0,8.92,20.65,12.72,12.65,0.04
06_020,"Groundnut, Sinkarzie variety, shelled, dried, raw (Ghana), n=1",Arachis hypogaea,20.6,3.3999999999999986,8.3,56.0,7.4,200.0,415,619.0,6.0,2.61,0.79,2.0,1.0,0.0,0.0,0.23,0.87,0.14,15.0,110.0,9.84,22.78,14.03,13.96,0.05
06_030,"Hibiscus seed, red, dried, raw",Hibiscus sabdariffa ,0.6,47.1,11.0,362.0,4.5,48.0,462,666.0,28.0,4.3,0.31,2.0,0.0,0.0,0.0,0.34,0.09,0.25,1.4,62.0,,,,,
06_035,"Melon seed (citrullus spp.), kernel only, dried, raw",Citrullus spp.,19.5,13.0,6.0,37.0,8.7,454.0,434,485.0,233.0,4.93,1.56,0.0,0.0,0.0,0.0,0.09,0.1,0.12,2.1,58.0,10.94,7.57,23.89,23.54,0.14
06_013,"Melon seed, kernel only, dried, raw",Cucumeropsis edulis/cucumeropsis mannii,27.6,5.6,6.0,118.0,6.3,383.0,836,610.0,37.0,4.54,1.51,0.0,0.0,0.0,0.0,0.09,0.1,0.12,2.1,58.0,11.11,7.68,24.26,23.9,0.14
06_036,"Melon seed, small, elongated, kernel only, dried, raw",Citrullus spp.,15.1,23.0,6.0,58.0,9.0,454.0,680,485.0,233.0,4.93,1.56,0.0,0.0,0.0,0.0,0.14,0.1,0.12,2.1,58.0,10.34,7.15,22.57,22.24,0.13
06_037,"Melon seed, small, flat, kernel only, dried, raw",Cucumeropsis edulis,23.3,6.6,6.0,80.0,6.1,454.0,867,648.0,99.0,4.93,1.56,0.0,0.0,0.0,0.0,0.14,0.06,0.64,2.1,58.0,11.83,8.18,25.82,25.44,0.15
06_029,"Oil palm, nut (kernel), shelled, raw",Elaeis guineensis,6.2,24.1,4.0,81.0,8.0,232.0,239,270.0,68.0,2.37,1.49,0.0,1.0,0.0,0.0,0.31,0.36,0.12,1.1,57.0,37.78,5.28,0.74,0.74,0.0
06_038,"Pumpkin seed, kernel only, dried, raw",Curcubita spp.,27.7,3.0,6.0,62.0,8.3,534.0,1484,579.0,5.0,8.89,4.68,2.0,2.0,0.0,0.0,0.14,0.25,0.24,3.3,58.0,8.19,15.37,19.84,19.55,0.11
06_015,"Sesame seed, whole, dried, raw",Sesame spp.,16.6,-9.4,14.3,777.0,11.2,347.0,631,458.0,45.0,2.1,1.65,1.0,0.0,0.0,0.0,0.79,0.68,0.19,3.4,100.0,7.89,18.98,24.85,24.57,0.23
06_016,"Shea nut, kernel, dried, raw",Vitellaria paradoxa,6.8,28.200000000000003,5.9,100.0,3.4,287.0,82,666.0,28.0,3.21,1.72,0.0,1.0,0.0,0.0,0.34,0.52,0.13,1.1,62.0,20.23,19.1,2.26,2.24,0.01
07_008,"Ant, flying, dried",Various species,42.2,4.499999999999999,6.7,112.0,22.1,68.0,625,595.0,176.0,9.72,2.83,66.0,1.0,6.7,,0.27,0.64,3.3,5.7,95.0,14.4,17.4,2.72,,
07_026,"Bamboo caterpillar, deep fried, salted",Omphisa fuscidentalis,25.5,,,4.0,2.7,,356,674.0,609.0,,,,,,,,,,,,,,,,
07_019,"Beef kidney, raw",Bos taurus,16.4,0.0,0.0,6.0,4.1,17.0,210,257.0,179.0,2.62,0.47,131.0,9.0,0.5,27.0,0.51,0.38,2.6,8.0,80.0,1.14,0.78,0.79,0.4,0.02
07_090,"Beef kidney, boiled* (without salt), drained",Bos taurus,26.0,0.1,0.0,8.0,6.2,22.0,233,245.0,170.0,3.53,0.6,166.0,10.0,0.8,28.0,0.65,0.42,3.6,6.3,83.0,1.82,1.24,1.25,0.64,0.04
07_091,"Beef kidney, grilled* (without salt or fat)",Bos taurus,25.6,0.1,0.0,9.0,6.1,23.0,263,301.0,238.0,3.48,0.59,184.0,11.0,0.8,32.0,0.64,0.5,3.8,11.0,100.0,1.79,1.22,1.23,0.63,0.04
07_020,"Beef kidney, stewed* (as part of a recipe)",Bos taurus,26.0,0.1,0.0,10.0,6.5,27.0,333,408.0,284.0,4.16,0.75,186.0,11.0,0.8,36.0,0.69,0.54,4.0,11.0,89.0,1.82,1.24,1.25,0.64,0.04
07_001,"Beef liver, raw",Bos taurus,19.3,3.4,0.0,33.0,9.8,17.0,363,159.0,75.0,3.56,3.34,19500.0,22.0,1.1,110.0,0.94,0.23,1.5,14.0,270.0,1.43,0.59,1.08,0.3,0.08
07_018,"Beef liver, boiled* (without salt), drained",Bos taurus,29.2,5.2,0.0,40.0,14.1,20.0,385,145.0,68.0,4.59,4.05,23600.0,23.0,1.5,110.0,1.1,0.24,2.0,11.0,260.0,2.16,0.89,1.63,0.45,0.12
07_088,"Beef liver, grilled* (without salt or fat)",Bos taurus,23.8,4.2,0.0,41.0,11.5,17.0,358,147.0,79.0,3.74,3.3,21700.0,20.0,1.3,100.0,0.93,0.24,1.8,15.0,280.0,1.76,0.73,1.33,0.37,0.1
07_089,"Beef liver, stewed* (as part of a recipe)",Bos taurus,25.7,4.5,0.0,44.0,13.1,22.0,484,212.0,100.0,4.75,4.45,23400.0,24.0,1.4,130.0,1.1,0.28,2.0,17.0,250.0,1.9,0.79,1.43,0.4,0.1
07_014,"Beef meat, fatty, ca. 30% fat, raw",Bos taurus,17.5,0.0,0.0,30.0,1.1,15.0,138,232.0,91.0,3.09,0.14,28.0,0.0,0.9,1.6,0.37,0.1,0.11,4.2,10.0,14.4,11.0,1.17,0.41,0.34
07_015,"Beef meat, fatty, ca. 30% fat, boiled* (without salt), drained",Bos taurus,29.1,0.0,0.0,40.0,1.8,15.0,149,194.0,69.0,5.15,0.22,35.0,1.0,1.1,1.6,0.25,0.06,0.14,3.5,11.0,19.5,14.9,1.59,0.55,0.46
07_016,"Beef meat, fatty, ca. 30% fat, grilled* (without salt or fat)",Bos taurus,24.3,0.0,0.0,37.0,1.4,17.0,172,274.0,108.0,4.29,0.19,30.0,1.0,0.7,1.8,0.31,0.09,0.13,4.6,12.0,17.3,13.3,1.41,0.49,0.41
07_087,"Beef meat, fatty, ca. 30% fat, stewed* (as part of a recipe)",Bos taurus,24.6,0.0,0.0,42.0,1.5,21.0,194,327.0,129.0,4.35,0.19,32.0,1.0,1.0,1.6,0.31,0.08,0.15,4.7,12.0,20.2,15.5,1.65,0.57,0.47
07_023,"Beef meat, ground, ca. 10% fat, raw",Bos taurus,20.3,0.0,0.0,11.0,1.2,18.0,175,313.0,95.0,3.43,0.27,0.0,0.0,0.1,1.8,0.23,0.11,0.11,5.1,13.0,4.87,4.35,0.23,0.14,0.05
07_024,"Beef meat, ground, ca. 10% fat, grilled* (without salt or fat)",Bos taurus,28.1,0.0,0.0,14.0,1.6,21.0,219,369.0,112.0,4.76,0.37,0.0,0.0,0.1,2.0,0.19,0.1,0.14,5.7,15.0,5.48,4.9,0.26,0.15,0.05
07_134,"Beef meat, ground, ca. 10% fat, stewed* (as part of a recipe)",Bos taurus,28.1,0.0,0.0,15.0,1.7,25.0,243,435.0,131.0,4.76,0.37,0.0,0.0,0.1,1.8,0.19,0.09,0.15,5.7,14.0,6.76,6.05,0.32,0.19,0.07
07_009,"Beef meat, lean, ca. 5% fat, raw",Bos taurus,22.5,0.0,0.0,18.0,2.4,21.0,187,304.0,99.0,3.54,0.12,6.0,0.0,0.5,2.4,0.11,0.13,0.15,5.6,7.0,2.23,1.73,0.23,0.11,0.03
07_010,"Beef meat, lean, ca. 5% fat, boiled* (without salt), drained",Bos taurus,37.5,0.0,0.0,24.0,3.9,21.0,202,253.0,75.0,5.91,0.18,8.0,0.0,0.6,2.4,0.07,0.09,0.2,4.7,8.0,3.71,2.88,0.38,0.18,0.04
07_011,"Beef meat, lean, ca. 5% fat, grilled* (without salt or fat)",Bos taurus,31.3,0.0,0.0,23.0,3.1,25.0,233,359.0,117.0,4.92,0.16,7.0,0.0,0.4,2.7,0.09,0.13,0.19,6.2,9.0,3.09,2.4,0.32,0.15,0.04
07_085,"Beef meat, lean, ca. 5% fat, stewed* (as part of a recipe)",Bos taurus,31.7,0.0,0.0,26.0,3.3,29.0,263,428.0,140.0,4.99,0.16,7.0,0.0,0.6,2.4,0.09,0.11,0.21,6.3,8.0,3.13,2.43,0.32,0.15,0.04
07_017,"Beef meat, lean, cured, dried",Bos taurus,31.1,0.0,0.0,8.0,2.4,19.0,181,235.0,2790.0,4.93,0.07,0.0,0.0,0.0,1.6,0.39,0.07,0.16,5.2,10.0,0.91,0.8,0.07,0.03,0.01
07_002,"Beef meat, moderately fat, ca. 20% fat, raw",Bos taurus,18.6,0.0,0.0,15.0,1.2,20.0,164,290.0,91.0,3.4,0.24,16.0,0.0,0.5,1.1,0.48,0.1,0.11,4.1,10.0,8.51,8.37,0.5,0.29,0.08
07_012,"Beef meat, moderately fat, ca. 20% fat, boiled* (without salt), drained",Bos taurus,31.0,0.0,0.0,19.0,2.1,20.0,177,241.0,68.0,5.66,0.37,21.0,0.0,0.6,1.1,0.32,0.07,0.14,3.4,11.0,10.1,9.97,0.6,0.34,0.09
07_013,"Beef meat, moderately fat, ca. 20% fat, grilled* (without salt or fat)",Bos taurus,25.9,0.0,0.0,18.0,1.6,23.0,205,342.0,107.0,4.72,0.33,18.0,0.0,0.4,1.3,0.4,0.1,0.13,4.6,12.0,9.46,9.3,0.56,0.32,0.08
07_086,"Beef meat, moderately fat, ca. 20% fat, stewed* (as part of a recipe)",Bos taurus,26.2,0.0,0.0,20.0,1.8,28.0,231,408.0,128.0,4.78,0.33,19.0,0.0,0.6,1.1,0.41,0.09,0.15,4.6,11.0,12.0,11.8,0.71,0.4,0.11
07_021,"Beef tripe, raw",Bos taurus,12.0,0.0,0.0,43.0,0.3,14.0,37,270.0,46.0,1.1,0.09,4.0,0.0,0.2,1.4,0.09,0.13,0.25,4.1,5.0,2.19,1.41,0.08,0.04,0.01
07_022,"Beef tripe, boiled* (without salt), drained",Bos taurus,16.8,0.0,0.0,48.0,0.3,16.0,37,228.0,39.0,1.32,0.1,5.0,0.0,0.3,1.3,0.1,0.13,0.3,2.9,5.0,3.09,1.99,0.11,0.06,0.01
07_133,"Beef tripe, grilled* (without salt or fat)",Bos taurus,16.8,0.0,0.0,60.0,0.3,17.0,42,285.0,55.0,1.32,0.1,5.0,0.0,0.3,1.5,0.1,0.16,0.33,4.9,6.0,3.09,1.99,0.11,0.06,0.01
07_092,"Beef tripe, stewed* (as part of a recipe)",Bos taurus,16.8,0.0,0.0,60.0,0.4,20.0,52,380.0,65.0,1.55,0.13,5.0,0.0,0.3,1.7,0.11,0.16,0.35,5.2,5.0,3.09,1.99,0.11,0.06,0.01
07_025,"Beef, corned beef, canned",Bos taurus,17.2,3.6,0.0,45.0,2.0,12.0,110,114.0,750.0,2.06,0.12,10.0,0.0,0.2,3.2,0.04,,0.07,2.3,9.0,6.87,6.05,0.26,0.14,0.09
07_064,"Camel meat, raw",Camelus dromedarius,19.9,0.0,0.0,10.0,3.2,19.0,187,243.0,70.0,3.55,0.16,1.0,0.0,0.4,1.7,0.53,0.04,0.2,6.0,8.0,3.84,2.53,0.69,0.46,0.09
07_093,"Camel meat, boiled* (without salt), drained",Camelus dromedarius,33.1,0.0,0.0,13.0,5.3,21.0,249,223.0,70.0,5.92,0.25,1.0,0.0,0.5,1.7,0.35,0.03,0.18,5.0,8.0,4.07,2.68,0.73,0.49,0.1
07_094,"Camel meat, grilled* (without salt or fat)",Camelus dromedarius,27.6,0.0,0.0,14.0,4.2,23.0,220,287.0,83.0,4.93,0.2,1.0,0.0,0.4,1.9,0.48,0.03,0.25,6.6,8.0,3.97,2.62,0.71,0.48,0.1
07_095,"Camel meat, stewed* (as part of a recipe)",Gallus gallus domesticus,28.0,0.0,0.0,14.0,4.5,27.0,263,343.0,99.0,5.0,0.23,1.0,0.0,0.5,1.7,0.56,0.04,0.28,6.7,8.0,5.4,3.56,0.97,0.65,0.13
07_039,"Chicken giblets, raw",Gallus gallus domesticus,17.6,1.0,0.0,10.0,6.1,17.0,177,239.0,80.0,3.1,0.28,4080.0,13.0,2.1,12.0,0.36,0.1,0.47,6.1,400.0,2.36,1.96,1.93,1.36,0.27
07_106,"Chicken giblets, boiled* (without salt), drained",Gallus gallus domesticus,25.9,1.5,0.0,12.0,8.5,20.0,182,210.0,70.0,3.87,0.33,4800.0,13.0,2.8,11.0,0.42,0.1,0.61,4.5,390.0,2.3,1.91,1.88,1.32,0.26
07_107,"Chicken giblets, grilled* (without salt or fat)",Gallus gallus domesticus,25.5,1.4,0.0,15.0,8.3,21.0,205,259.0,98.0,3.81,0.32,5320.0,14.0,2.9,13.0,0.42,0.12,0.65,7.5,500.0,2.3,1.91,1.88,1.33,0.26
07_040,"Chicken giblets, stewed* (as part of a recipe)",Gallus gallus domesticus,25.5,1.4,0.0,15.0,8.8,25.0,257,346.0,115.0,4.49,0.4,5320.0,15.0,2.9,14.0,0.44,0.12,0.69,7.9,410.0,3.42,2.84,2.8,1.97,0.39
07_041,"Chicken liver, raw",Gallus gallus domesticus,18.3,1.3,0.0,6.0,9.5,18.0,280,240.0,69.0,3.16,0.43,7020.0,21.0,1.3,23.0,0.87,0.34,1.5,8.6,1000.0,1.22,0.85,0.9,0.24,0.04
07_108,"Chicken liver, boiled* (without salt), drained",Gallus gallus domesticus,27.7,2.0,0.0,7.0,13.6,22.0,297,218.0,62.0,4.06,0.52,8510.0,23.0,1.8,22.0,1.1,0.36,2.0,6.5,1000.0,1.85,1.29,1.36,0.37,0.06
07_109,"Chicken liver, grilled* (without salt or fat)",Gallus gallus domesticus,22.6,1.6,0.0,7.0,11.1,19.0,277,222.0,72.0,3.31,0.42,7800.0,20.0,1.5,21.0,0.86,0.36,1.7,9.1,1100.0,1.5,1.05,1.11,0.3,0.05
07_042,"Chicken liver, stewed* (as part of a recipe)",Gallus gallus domesticus,24.4,1.7,0.0,8.0,12.6,24.0,374,320.0,92.0,4.21,0.57,8420.0,23.0,1.7,26.0,0.99,0.41,2.0,10.0,940.0,1.62,1.14,1.19,0.33,0.05
07_030,"Chicken, dark meat with skin, raw",Gallus gallus domesticus,16.7,0.0,0.0,11.0,1.0,19.0,136,178.0,73.0,1.58,0.05,49.0,0.0,1.1,0.29,0.25,0.06,0.15,5.2,7.0,5.4,7.86,4.07,3.24,0.15
07_031,"Chicken, dark meat with skin, boiled* (without salt), drained",Gallus gallus domesticus,22.0,0.0,0.0,12.0,1.0,18.0,125,94.0,38.0,2.08,0.04,36.0,0.0,0.8,0.19,0.2,0.04,0.18,4.1,5.0,5.9,8.58,4.44,3.54,0.16
07_032,"Chicken, dark meat with skin, grilled* (without salt or fat)",Gallus gallus domesticus,21.4,0.0,0.0,13.0,1.1,18.0,139,183.0,75.0,2.03,0.07,47.0,0.0,1.0,0.24,0.19,0.05,0.17,5.3,5.0,5.85,8.5,4.4,3.51,0.16
07_103,"Chicken, dark meat with skin, stewed* (as part of a recipe)",Gallus gallus domesticus,23.8,0.0,0.0,16.0,1.4,27.0,194,254.0,104.0,2.26,0.08,56.0,0.0,1.2,0.29,0.29,0.06,0.21,6.0,7.0,7.72,11.2,5.81,4.63,0.21
07_003,"Chicken, dark meat without skin, raw",Gallus gallus domesticus,19.4,0.0,0.0,11.0,1.3,23.0,197,294.0,85.0,1.65,0.07,24.0,3.0,0.1,0.37,0.2,0.11,0.12,3.5,2.0,2.07,3.15,1.99,1.87,0.09
07_028,"Chicken, dark meat without skin, boiled* (without salt), drained",Gallus gallus domesticus,25.5,0.0,0.0,12.0,1.4,21.0,181,155.0,45.0,2.17,0.05,17.0,4.0,0.1,0.24,0.16,0.08,0.15,2.8,1.0,2.12,3.23,2.04,1.92,0.09
07_029,"Chicken, dark meat without skin, grilled* (without salt or fat)",Gallus gallus domesticus,24.8,0.0,0.0,13.0,1.5,22.0,202,302.0,87.0,2.12,0.09,23.0,3.0,0.1,0.3,0.15,0.09,0.14,3.6,1.0,2.11,3.22,2.03,1.91,0.09
07_102,"Chicken, dark meat without skin, stewed* (as part of a recipe)",Gallus gallus domesticus,27.7,0.0,0.0,15.0,1.9,33.0,281,420.0,121.0,2.36,0.1,27.0,3.0,0.1,0.37,0.23,0.11,0.18,4.0,2.0,2.95,4.5,2.84,2.67,0.12
07_036,"Chicken, light meat with skin, raw",Gallus gallus domesticus,20.1,0.0,0.0,12.0,0.4,24.0,217,260.0,39.0,0.67,0.04,22.0,0.0,0.8,0.7,0.64,0.09,0.17,9.3,0.0,2.9,4.67,1.31,1.15,0.09
07_037,"Chicken, light meat with skin, boiled* (without salt), drained",Gallus gallus domesticus,26.4,0.0,0.0,13.0,0.5,22.0,200,137.0,21.0,0.88,0.03,16.0,0.0,0.6,0.46,0.51,0.07,0.22,7.4,0.0,3.14,5.05,1.42,1.24,0.1
07_038,"Chicken, light meat with skin, grilled* (without salt or fat)",Gallus gallus domesticus,25.8,0.0,0.0,15.0,0.5,23.0,223,267.0,40.0,0.86,0.05,21.0,0.0,0.8,0.58,0.49,0.07,0.2,9.5,0.0,3.11,5.01,1.4,1.23,0.1
07_104,"Chicken, light meat with skin, stewed* (as part of a recipe)",Gallus gallus domesticus,28.7,0.0,0.0,17.0,0.6,34.0,310,371.0,56.0,0.96,0.06,25.0,0.0,0.9,0.7,0.73,0.09,0.25,11.0,0.0,4.15,6.67,1.87,1.64,0.13
07_033,"Chicken, light meat without skin, raw",Gallus gallus domesticus,23.0,0.0,0.0,14.0,1.1,28.0,224,309.0,43.0,0.74,0.06,8.0,1.0,0.2,0.23,0.61,0.13,0.08,5.7,1.0,0.77,1.08,0.7,0.66,0.02
07_034,"Chicken, light meat without skin, boiled* (without salt), drained",Gallus gallus domesticus,30.3,0.0,0.0,16.0,1.2,26.0,206,163.0,23.0,0.97,0.04,6.0,1.0,0.1,0.15,0.48,0.09,0.1,4.5,1.0,1.02,1.42,0.92,0.87,0.03
07_035,"Chicken, light meat without skin, grilled* (without salt or fat)",Gallus gallus domesticus,29.5,0.0,0.0,17.0,1.3,27.0,230,317.0,44.0,0.95,0.07,8.0,1.0,0.2,0.19,0.47,0.1,0.09,5.8,1.0,0.99,1.38,0.9,0.85,0.03
07_105,"Chicken, light meat without skin, stewed* (as part of a recipe)",Gallus gallus domesticus,32.9,0.0,0.0,20.0,1.6,40.0,320,441.0,61.0,1.06,0.09,9.0,1.0,0.2,0.23,0.7,0.13,0.11,6.5,1.0,1.1,1.54,1.0,0.94,0.03
07_075,"Cricket, dried, raw",Various species,54.5,-8.5,10.0,244.0,26.1,154.0,790,1120.0,326.0,13.8,4.48,2.0,1.0,,12.0,0.66,0.44,5.0,7.2,370.0,6.48,4.32,7.9,5.78,2.05
07_074,"Cricket, fresh, raw",Various species,19.0,-3.1,3.5,85.0,9.1,40.0,276,389.0,114.0,6.7,0.56,1.0,0.0,,5.4,0.23,0.22,2.0,3.2,150.0,2.3,1.53,2.8,2.05,0.73
07_076,"Cricket, bush (katydid), raw",Ruspolia differens,13.6,-0.4999999999999999,1.4,8.0,4.7,11.0,41,100.0,93.0,4.69,0.17,76.0,,,,,,0.55,1.8,170.0,5.04,3.46,4.46,3.97,0.49
07_044,"Crocodile meat, raw",Crocodylus  spp.,19.4,0.0,0.0,6.0,0.2,21.0,189,370.0,61.0,1.8,,0.0,0.0,,5.0,0.51,0.07,0.05,4.7,0.0,1.39,1.84,1.13,0.57,0.03
07_045,"Crocodile meat, boiled* (without salt), drained",Crocodylus  spp.,33.5,0.0,0.0,9.0,0.2,25.0,228,255.0,42.0,3.1,,0.0,0.0,,4.3,0.53,0.07,0.08,4.9,0.0,2.4,3.18,1.95,0.99,0.04
07_110,"Crocodile meat, grilled* (without salt or fat)",Crocodylus  spp.,33.5,0.0,0.0,10.0,0.2,27.0,260,510.0,83.0,3.1,,0.0,0.0,,5.6,0.53,0.07,0.08,6.5,0.0,2.4,3.18,1.95,0.99,0.04
07_111,"Crocodile meat, stewed* (as part of a recipe)",Crocodylus  spp.,33.5,0.0,0.0,10.0,0.3,36.0,325,638.0,104.0,3.1,,0.0,0.0,,6.0,0.7,0.08,0.09,6.5,0.0,2.4,3.18,1.95,0.99,0.04
07_136,Fried mopane worms with vegetables (Burkina Faso)*,,9.2,2.1,2.6,39.0,4.5,36.0,97,313.0,949.0,2.06,0.12,24.0,8.0,0.0,0.0,0.06,0.08,0.7,1.8,5.0,1.55,3.33,5.19,5.14,0.05
07_027,"Game meat, dried, salted",,66.7,0.0,0.0,15.0,9.9,67.0,586,923.0,2210.0,6.06,0.73,0.0,0.0,0.0,3.7,1.1,0.64,1.4,19.0,12.0,2.92,2.05,1.44,0.59,0.35
07_069,"Goat meat, lean, raw",Capra aegagrus hircus,19.2,0.0,0.0,45.0,5.5,29.0,276,243.0,156.0,3.66,0.26,7.0,0.0,0.4,3.1,0.4,0.14,0.27,4.4,2.0,2.01,1.62,0.29,0.14,0.04
07_113,"Goat meat, lean, boiled* (without salt), drained",Capra aegagrus hircus,28.6,0.0,0.0,53.0,8.1,28.0,330,199.0,139.0,5.46,0.37,9.0,1.0,0.5,2.8,0.24,0.08,0.22,3.3,2.0,2.99,2.42,0.43,0.2,0.06
07_114,"Goat meat, lean, grilled* (without salt or fat)",Capra aegagrus hircus,27.8,0.0,0.0,65.0,7.5,36.0,340,299.0,192.0,5.3,0.34,8.0,1.0,0.5,3.6,0.38,0.12,0.35,5.1,2.0,2.91,2.35,0.42,0.2,0.06
07_115,"Goat meat, lean, stewed* (as part of a recipe)",Capra aegagrus hircus,33.6,0.0,0.0,78.0,9.6,51.0,485,426.0,273.0,6.41,0.46,10.0,1.0,0.6,3.8,0.53,0.17,0.48,6.1,2.0,3.52,2.85,0.51,0.24,0.07
07_046,"Goat meat, moderately fat, ca. 10% fat, raw",Capra aegagrus hircus,17.6,0.0,0.0,27.0,2.2,24.0,194,291.0,101.0,3.39,0.16,9.0,0.0,0.5,1.7,0.29,0.18,0.26,4.7,3.0,4.91,3.63,0.6,0.25,0.1
07_047,"Goat meat, moderately fat, ca. 10% fat, boiled* (without salt), drained",Capra aegagrus hircus,26.3,0.0,0.0,32.0,3.3,24.0,231,239.0,91.0,5.05,0.23,11.0,1.0,0.6,1.6,0.17,0.11,0.21,3.5,3.0,5.64,4.16,0.69,0.29,0.11
07_048,"Goat meat, moderately fat, ca. 10% fat, grilled* (without salt or fat)",Capra aegagrus hircus,25.6,0.0,0.0,39.0,3.1,30.0,239,359.0,125.0,4.91,0.21,10.0,0.0,0.6,2.0,0.27,0.15,0.33,5.4,3.0,5.57,4.11,0.68,0.29,0.11
07_112,"Goat meat, moderately fat, ca. 10% fat, stewed* (as part of a recipe)",Capra aegagrus hircus,31.0,0.0,0.0,48.0,3.9,43.0,340,511.0,178.0,5.94,0.28,13.0,1.0,0.8,2.1,0.38,0.22,0.45,6.5,4.0,8.62,6.36,1.05,0.44,0.17
07_070,"Guinea fowl meat, raw",Numida meleagris,21.5,0.0,0.0,24.0,1.2,24.0,118,128.0,17.0,1.38,0.05,12.0,2.0,1.0,0.37,0.47,0.13,0.21,6.6,6.0,0.71,0.61,0.79,0.65,0.02
07_116,"Guinea fowl meat, boiled* (without salt), drained",Numida meleagris,28.3,0.0,0.0,27.0,1.2,22.0,109,72.0,9.0,1.82,0.03,9.0,2.0,0.7,0.24,0.37,0.09,0.25,5.2,4.0,0.94,0.81,1.04,0.85,0.03
07_117,"Guinea fowl meat, grilled* (without salt or fat)",Numida meleagris,27.6,0.0,0.0,28.0,1.1,25.0,121,131.0,22.0,1.77,0.06,12.0,2.0,1.0,0.31,0.36,0.1,0.24,6.8,5.0,0.91,0.79,1.01,0.83,0.03
07_118,"Guinea fowl meat, stewed* (as part of a recipe)",Numida meleagris,30.7,0.0,0.0,35.0,1.7,34.0,169,182.0,25.0,1.97,0.07,14.0,2.0,1.2,0.37,0.54,0.13,0.29,7.5,5.0,1.02,0.88,1.13,0.92,0.03
07_135,Kédjénou (Burkina Faso)*: chicken stew with vegetables,,4.9,1.4,0.6,12.0,0.4,12.0,62,124.0,490.0,0.24,0.04,10.0,6.0,0.1,0.11,0.14,0.03,0.05,1.8,4.0,0.67,1.05,0.31,0.28,0.02
07_051,"Lamb brain, raw",Ovis aries,13.1,0.1,0.0,10.0,1.9,14.0,271,312.0,122.0,1.11,0.28,2.0,10.0,1.1,11.0,0.33,0.12,0.21,2.7,2.0,2.04,1.18,0.87,0.04,0.09
07_129,"Lamb brain, boiled* (without salt), drained",Ovis aries,16.3,0.1,0.0,10.0,2.3,14.0,237,234.0,92.0,1.18,0.28,2.0,9.0,1.2,9.2,0.33,0.11,0.23,1.7,2.0,2.06,1.19,0.88,0.04,0.09
07_130,"Lamb brain, grilled* (without salt or fat)",Ovis aries,16.3,0.1,0.0,13.0,2.3,15.0,271,293.0,130.0,1.18,0.28,2.0,9.0,1.3,11.0,0.33,0.13,0.25,2.8,2.0,2.06,1.19,0.88,0.04,0.09
07_052,"Lamb brain, stewed* (as part of a recipe)",Ovis aries,16.3,0.1,0.0,13.0,2.4,18.0,339,390.0,153.0,1.39,0.35,2.0,10.0,1.3,12.0,0.35,0.14,0.26,3.0,2.0,2.55,1.48,1.08,0.05,0.11
07_053,"Lamb liver, raw",Ovis aries,19.5,7.0,0.0,7.0,10.1,24.0,304,322.0,65.0,3.52,14.1,14100.0,20.0,0.3,90.0,0.26,0.3,2.5,16.0,210.0,2.48,1.05,1.38,0.47,0.1
07_054,"Lamb liver, boiled* (without salt), drained",Ovis aries,29.5,10.6,0.0,9.0,14.6,29.0,322,293.0,59.0,4.53,17.0,17100.0,21.0,0.4,89.0,0.32,0.32,3.3,12.0,200.0,2.4,1.02,1.34,0.46,0.1
07_131,"Lamb liver, grilled* (without salt or fat)",Ovis aries,24.0,8.6,0.0,9.0,11.9,25.0,300,298.0,68.0,3.69,13.9,15700.0,19.0,0.4,83.0,0.26,0.31,2.9,16.0,220.0,2.44,1.03,1.36,0.46,0.1
07_132,"Lamb liver, stewed* (as part of a recipe)",Ovis aries,26.0,9.3,0.0,10.0,13.5,32.0,405,429.0,87.0,4.69,18.7,16900.0,21.0,0.4,100.0,0.29,0.36,3.3,19.0,190.0,3.3,1.4,1.84,0.63,0.14
07_072,"Lamb/mutton meat, lean, ca. 10% fat, raw",Ovis aries,19.3,0.0,0.0,7.0,1.0,21.0,189,283.0,83.0,2.25,0.09,7.0,0.0,1.3,3.0,0.2,0.07,0.06,4.1,2.0,3.22,2.86,0.27,0.19,0.02
07_126,"Lamb/mutton meat, lean, ca. 10% fat, boiled* (without salt), drained",Ovis aries,28.7,0.0,0.0,9.0,1.4,21.0,226,233.0,75.0,3.36,0.12,8.0,0.0,1.6,2.6,0.12,0.04,0.05,3.0,2.0,3.21,2.84,0.27,0.19,0.02
07_127,"Lamb/mutton meat, lean, ca. 10% fat, grilled* (without salt or fat)",Ovis aries,27.9,0.0,0.0,11.0,1.3,26.0,233,349.0,102.0,3.26,0.11,7.0,0.0,1.5,3.4,0.19,0.06,0.08,4.7,2.0,3.21,2.84,0.27,0.19,0.02
07_128,"Lamb/mutton meat, lean, ca. 10% fat, stewed* (as part of a recipe)",Ovis aries,30.6,0.0,0.0,12.0,1.5,34.0,300,450.0,132.0,3.57,0.14,9.0,0.0,1.7,3.3,0.24,0.08,0.1,5.2,2.0,5.12,4.53,0.43,0.31,0.03
07_004,"Lamb/mutton meat, moderately fat, ca. 20% fat, raw",Ovis aries,16.3,0.0,0.0,10.0,2.1,21.0,149,250.0,61.0,2.3,0.09,17.0,0.0,0.1,2.9,0.4,0.13,0.19,4.2,12.0,10.1,8.77,1.27,0.62,0.38
07_049,"Lamb/mutton meat, moderately fat, ca. 20% fat, boiled* (without salt), drained",Ovis aries,24.3,0.0,0.0,12.0,3.2,20.0,178,205.0,55.0,3.43,0.13,20.0,0.0,0.1,2.6,0.24,0.08,0.15,3.1,10.0,12.0,10.4,1.51,0.74,0.45
07_050,"Lamb/mutton meat, moderately fat, ca. 20% fat, grilled* (without salt or fat)",Ovis aries,23.6,0.0,0.0,15.0,2.9,25.0,184,308.0,75.0,3.33,0.12,19.0,0.0,0.1,3.4,0.38,0.12,0.24,4.8,12.0,11.9,10.3,1.49,0.73,0.44
07_125,"Lamb/mutton meat, moderately fat, ca. 20% fat, stewed* (as part of a recipe)",Ovis aries,25.9,0.0,0.0,16.0,3.4,33.0,237,397.0,97.0,3.65,0.15,22.0,0.0,0.1,3.2,0.48,0.15,0.29,5.3,13.0,16.0,13.9,2.01,0.99,0.6
07_079,"Larvae, fresh, raw",Various species,15.2,0.3999999999999999,2.4,110.0,3.5,91.0,248,439.0,69.0,3.72,0.53,,2.0,,0.34,,0.21,0.88,3.1,110.0,,,,,
07_056,"Mopane worm, canned",Gonimbrasia belina,14.1,-1.9,2.6,39.0,7.0,36.0,123,232.0,234.0,3.18,0.21,,0.0,,,,0.13,1.1,2.7,,,,,,
07_067,"Ostrich meat, raw",Struthio camelus,21.0,0.0,0.0,8.0,2.3,22.0,213,269.0,84.0,2.01,0.1,0.0,0.0,,4.9,0.5,0.32,0.58,4.6,8.0,0.57,0.96,0.72,0.38,0.04
07_099,"Ostrich meat, boiled* (without salt), drained",Struthio camelus,27.6,0.0,0.0,9.0,2.4,20.0,196,152.0,44.0,2.64,0.07,0.0,0.0,,3.2,0.39,0.21,0.71,3.6,5.0,0.75,1.26,0.94,0.5,0.05
07_100,"Ostrich meat, grilled* (without salt or fat)",Struthio camelus,26.9,0.0,0.0,9.0,2.2,23.0,218,276.0,108.0,2.58,0.12,0.0,0.0,,4.1,0.38,0.25,0.67,4.7,6.0,0.73,1.23,0.92,0.49,0.05
07_101,"Ostrich meat, stewed* (as part of a recipe)",Struthio camelus,30.0,0.0,0.0,11.0,3.3,31.0,304,384.0,120.0,2.87,0.14,0.0,0.0,,4.9,0.57,0.32,0.83,5.2,7.0,0.82,1.37,1.02,0.54,0.06
07_005,"Pork meat, fatty, ca. 40% fat, raw",Sus domesticus,12.5,0.0,0.0,11.0,1.9,13.0,153,253.0,42.0,1.59,0.06,2.0,0.0,1.7,0.61,0.38,0.6,0.14,3.1,4.0,14.0,17.9,4.28,3.7,0.34
07_059,"Pork meat, fatty, ca. 40% fat, boiled* (without salt), drained",Sus domesticus,19.2,0.0,0.0,13.0,2.9,12.0,141,195.0,29.0,1.96,0.08,2.0,0.0,2.0,0.56,0.26,0.28,0.15,2.4,4.0,19.0,24.3,5.79,5.0,0.46
07_060,"Pork meat, fatty, ca. 40% fat, grilled* (without salt or fat)",Sus domesticus,17.9,0.0,0.0,11.0,2.2,18.0,196,307.0,54.0,2.27,0.07,2.0,0.0,1.9,0.78,0.35,0.6,0.17,3.5,5.0,18.0,23.0,5.48,4.74,0.44
07_123,"Pork meat, fatty, ca. 40% fat, stewed* (as part of a recipe)",Sus domesticus,19.2,0.0,0.0,16.0,2.9,20.0,235,389.0,65.0,2.45,0.08,2.0,0.0,2.1,0.75,0.35,0.65,0.22,3.8,5.0,21.5,27.6,6.58,5.68,0.53
07_071,"Pork meat, lean, ca. 10% fat, raw",Sus domesticus,18.6,0.0,0.0,31.0,0.1,21.0,167,316.0,83.0,0.23,0.22,2.0,0.0,0.5,0.3,0.36,0.41,0.02,5.2,8.0,3.07,3.18,1.57,1.24,0.27
07_119,"Pork meat, lean, ca. 10% fat, boiled* (without salt), drained",Sus domesticus,28.5,0.0,0.0,39.0,0.2,20.0,154,243.0,58.0,0.28,0.32,2.0,0.0,0.6,0.28,0.25,0.19,0.02,4.0,9.0,3.38,3.5,1.73,1.37,0.29
07_120,"Pork meat, lean, ca. 10% fat, grilled* (without salt or fat)",Sus domesticus,26.5,0.0,0.0,34.0,0.1,29.0,215,384.0,107.0,0.33,0.3,2.0,0.0,0.6,0.39,0.33,0.41,0.02,5.9,10.0,3.32,3.43,1.7,1.34,0.29
07_121,"Pork meat, lean, ca. 10% fat, stewed* (as part of a recipe)",Sus domesticus,24.7,0.0,0.0,42.0,0.1,28.0,223,422.0,111.0,0.31,0.29,2.0,0.0,0.5,0.32,0.29,0.38,0.03,5.5,9.0,4.1,4.24,2.1,1.66,0.36
07_006,"Pork meat, moderately fat, ca. 20% fat, raw",Sus domesticus,16.3,0.0,0.0,10.0,2.0,15.0,157,234.0,55.0,2.08,0.23,5.0,0.0,1.7,0.4,0.41,0.61,0.1,4.0,7.0,9.0,10.6,2.78,2.4,0.22
07_057,"Pork meat, moderately fat, ca. 20% fat, boiled* (without salt), drained",Sus domesticus,25.0,0.0,0.0,12.0,3.1,14.0,145,180.0,38.0,2.56,0.34,6.0,0.0,2.0,0.37,0.28,0.28,0.11,3.1,8.0,11.2,13.2,3.45,2.98,0.28
07_058,"Pork meat, moderately fat, ca. 20% fat, grilled* (without salt or fat)",Sus domesticus,23.2,0.0,0.0,11.0,2.3,20.0,202,284.0,71.0,2.97,0.31,5.0,0.0,1.9,0.51,0.38,0.61,0.12,4.6,9.0,10.7,12.6,3.32,2.86,0.27
07_122,"Pork meat, moderately fat, ca. 20% fat, stewed* (as part of a recipe)",Sus domesticus,25.0,0.0,0.0,15.0,3.1,23.0,242,360.0,85.0,3.2,0.35,6.0,0.0,2.1,0.49,0.38,0.66,0.15,4.9,9.0,13.9,16.3,4.28,3.7,0.34
07_007,"Rabbit meat, raw",Oryctolagus cuniculus,21.3,0.0,0.0,31.0,1.8,29.0,243,375.0,52.0,1.62,0.3,6.0,0.0,0.6,5.3,0.27,0.03,0.11,5.6,2.0,2.47,1.88,1.4,0.96,0.3
07_124,"Rabbit meat, boiled* (without salt), drained",Oryctolagus cuniculus,30.9,0.0,0.0,39.0,2.1,29.0,246,217.0,30.0,2.35,0.22,5.0,0.0,0.5,3.8,0.23,0.02,0.15,4.9,1.0,2.34,1.78,1.33,0.91,0.29
07_062,"Rabbit meat, grilled* (without salt or fat)",Oryctolagus cuniculus,30.9,0.0,0.0,43.0,2.3,31.0,281,434.0,60.0,2.35,0.41,7.0,0.0,0.6,5.0,0.23,0.02,0.14,6.5,2.0,2.34,1.78,1.33,0.91,0.29
07_061,"Rabbit meat, stewed* (as part of a recipe)",Oryctolagus cuniculus,30.9,0.0,0.0,46.0,2.6,42.0,352,543.0,75.0,2.35,0.44,7.0,0.0,0.7,5.4,0.31,0.03,0.15,6.5,2.0,3.58,2.72,2.03,1.39,0.44
07_063,"Sausage, wiener (beef, pork, chicken) canned",,12.4,1.2,0.0,10.0,0.9,7.0,49,101.0,879.0,1.6,0.03,8.0,0.0,0.6,1.0,0.12,0.09,0.11,1.6,4.0,7.49,10.1,1.36,1.19,0.12
07_083,"Snail, raw",Achatina spp.,14.6,3.6,0.0,196.0,3.4,59.0,102,35.0,138.0,1.17,2.8,30.0,15.0,0.0,0.92,0.03,0.02,0.01,1.7,9.0,0.39,0.27,0.53,0.25,0.03
07_084,"Snail, cooked",Achatina spp.,25.2,8.3,0.0,105.0,2.9,102.0,177,25.0,55.0,2.86,1.49,47.0,21.0,0.0,1.4,0.04,0.03,0.02,2.3,12.0,0.08,0.06,0.19,0.06,0.01
07_066,"Springbok meat, raw",Antidorcas marsupialis,23.1,0.0,0.0,3.0,3.2,27.0,188,353.0,51.0,1.28,0.18,0.0,0.0,,1.9,0.34,0.32,0.58,5.4,4.0,0.83,0.54,0.49,0.2,0.12
07_096,"Springbok meat, boiled* (without salt), drained",Antidorcas marsupialis,38.5,0.0,0.0,4.0,5.3,29.0,251,324.0,51.0,2.13,0.29,0.0,0.0,,1.9,0.23,0.21,0.53,4.5,4.0,1.38,0.89,0.82,0.34,0.2
07_097,"Springbok meat, grilled* (without salt or fat)",Antidorcas marsupialis,32.1,0.0,0.0,4.0,4.2,32.0,222,417.0,60.0,1.78,0.23,0.0,0.0,,2.1,0.31,0.27,0.73,6.0,4.0,1.15,0.75,0.68,0.28,0.17
07_098,"Springbok meat, stewed* (as part of a recipe)",Antidorcas marsupialis,32.6,0.0,0.0,4.0,4.5,38.0,265,497.0,72.0,1.8,0.25,0.0,0.0,,1.8,0.36,0.32,0.82,6.1,4.0,1.17,0.76,0.69,0.28,0.17
07_082,"Termite, dried, raw",Macrotermes spp.,34.1,4.9,3.8,166.0,28.6,68.0,427,205.0,73.0,9.72,2.83,66.0,1.0,6.7,,0.27,0.06,3.2,5.8,95.0,17.4,2.72,0.32,,
07_081,"Termite, fresh, raw",Various species,11.9,0.5,2.7,72.0,16.3,44.0,205,153.0,50.0,4.74,0.91,28.0,0.0,2.2,,0.09,0.02,4.2,2.8,190.0,4.27,1.67,0.08,,
08_005,"Egg, chicken, local breed, raw",Gallus gallus domesticus,12.7,0.8,0.0,72.0,2.1,11.0,263,156.0,165.0,1.6,0.06,88.0,0.0,4.5,1.2,0.12,0.14,0.05,0.1,47.0,3.03,4.05,1.55,1.24,0.02
08_010,"Egg, chicken, local breed, boiled* (without salt)",Gallus gallus,12.7,0.8,0.0,69.0,2.0,10.0,250,148.0,157.0,1.52,0.06,83.0,0.0,4.3,1.0,0.1,0.11,0.04,0.1,38.0,3.03,4.05,1.55,1.24,0.02
08_001,"Egg, chicken, raw",Gallus gallus domesticus,13.5,0.2,0.0,57.0,2.2,14.0,233,150.0,165.0,1.51,0.12,122.0,0.0,2.0,1.4,0.13,0.12,0.51,0.3,83.0,2.89,3.68,2.24,1.79,0.03
08_002,"Egg, chicken, boiled* (without salt)",Gallus gallus domesticus,13.5,0.2,0.0,54.0,2.1,13.0,221,143.0,157.0,1.43,0.11,116.0,0.0,1.9,1.1,0.1,0.09,0.4,0.2,66.0,2.89,3.68,2.24,1.79,0.03
08_003,"Egg, chicken, fried in oil",Gallus gallus domesticus,13.6,2.0,0.0,51.0,2.1,13.0,194,151.0,162.0,1.22,0.08,142.0,0.0,2.2,1.3,0.12,0.06,0.44,0.1,89.0,3.0,6.71,2.65,2.18,0.29
08_009,"Egg, duck, raw",Anas platyrhynchos,11.8,2.4,0.0,52.0,2.5,12.0,247,228.0,113.0,1.49,0.11,184.0,0.0,2.7,5.4,0.15,0.18,0.07,0.1,80.0,3.41,6.14,1.7,1.47,0.05
08_014,"Egg, duck, boiled* (without salt)",Anas platyrhynchos,11.8,2.4,0.0,50.0,2.3,11.0,235,217.0,107.0,1.42,0.1,175.0,0.0,2.5,4.3,0.12,0.14,0.06,0.1,64.0,3.41,6.14,1.7,1.47,0.05
08_008,"Egg, guinea fowl, raw",Numida meleagris,12.9,2.2,0.0,103.0,7.2,11.0,386,378.0,250.0,2.8,0.09,236.0,0.0,5.7,8.2,0.04,0.15,0.05,0.1,66.0,3.4,5.13,2.92,2.57,0.05
08_013,"Egg, guinea fowl, boiled* (without salt)",Numida meleagris,12.9,2.2,0.0,98.0,6.8,10.0,367,359.0,238.0,2.66,0.09,224.0,0.0,5.4,6.6,0.03,0.12,0.04,0.1,53.0,3.4,5.13,2.92,2.57,0.05
08_006,"Egg, quail, raw",Coturnix japonica,15.6,2.7,0.0,81.0,5.3,11.0,319,173.0,179.0,2.2,0.09,42.0,0.0,5.7,2.0,0.13,0.15,0.07,0.1,66.0,2.93,4.43,2.52,2.22,0.05
08_011,"Egg, quail, boiled* (without salt)",Coturnix japonica,15.6,2.7,0.0,76.0,5.0,10.0,303,164.0,170.0,2.09,0.09,40.0,0.0,5.4,1.6,0.1,0.12,0.06,0.1,53.0,2.93,4.43,2.52,2.22,0.05
08_007,"Egg, turkey, raw",Meleagris gallopavo,11.5,5.1,0.0,99.0,6.3,13.0,265,197.0,203.0,2.6,0.06,80.0,0.0,0.8,2.2,0.14,0.11,0.05,,71.0,3.97,5.0,1.81,1.45,0.03
08_012,"Egg, turkey, boiled* (without salt)",Meleagris gallopavo,11.5,5.1,0.0,94.0,6.0,12.0,251,187.0,193.0,2.47,0.06,76.0,0.0,0.8,1.8,0.11,0.09,0.04,,57.0,3.97,5.0,1.81,1.45,0.03
08_004,"Omelette, from chicken egg",,10.6,0.6,0.0,48.0,1.5,11.0,167,117.0,155.0,1.09,0.06,172.0,0.0,1.7,0.8,0.14,0.09,0.39,0.1,39.0,2.95,4.31,2.41,1.93,0.03
09_007,"African carp, fillet, raw",Labeo spp.,18.2,0.0,0.0,34.0,0.9,29.0,185,317.0,51.0,1.03,0.05,4.0,0.0,0.8,2.7,0.24,,0.04,2.3,13.0,0.51,0.65,0.46,0.2,0.03
09_061,"African carp, fillet, boiled* (as part of a recipe)",Labeo spp.,22.0,0.0,0.0,41.0,1.1,35.0,222,381.0,62.0,1.24,0.06,4.0,0.0,0.9,3.0,0.25,,0.05,2.7,13.0,0.62,0.79,0.55,0.24,0.03
09_009,"African carp, fillet, grilled* (without salt or fat)",Labeo spp.,26.4,0.0,0.0,50.0,1.1,38.0,241,390.0,63.0,1.5,0.07,5.0,0.0,1.1,3.6,0.31,,0.05,3.0,15.0,0.74,0.95,0.66,0.28,0.04
09_008,"African carp, fillet, steamed* (without salt)",Labeo spp.,22.0,0.0,0.0,41.0,0.9,30.0,189,286.0,52.0,1.24,0.05,4.0,0.0,0.9,2.6,0.2,,0.03,2.0,11.0,0.62,0.79,0.55,0.24,0.03
09_012,"Anchovy, canned in oil, drained",,28.9,0.0,0.0,232.0,4.6,69.0,252,180.0,3668.0,2.44,0.34,12.0,0.0,1.7,0.88,0.2,0.05,0.36,14.0,13.0,2.3,3.94,2.68,1.73,0.2
09_001,"Anchovy, fillet, raw",Engraulis encrasicolus,18.9,0.0,0.0,89.0,1.6,47.0,218,327.0,158.0,1.47,0.16,14.0,0.0,2.8,0.62,0.1,0.05,0.15,7.5,9.0,1.36,0.76,1.88,0.05,0.0
09_062,"Anchovy, fillet, boiled* (as part of a recipe)",Engraulis encrasicolus,22.8,0.0,0.0,107.0,2.0,57.0,262,393.0,190.0,1.77,0.19,15.0,0.0,3.0,0.67,0.1,0.05,0.18,8.5,9.0,1.64,0.92,2.27,0.06,0.0
09_011,"Anchovy, fillet, grilled* (without salt or fat)",Engraulis encrasicolus,27.4,0.0,0.0,128.0,2.0,61.0,284,402.0,195.0,2.13,0.22,18.0,0.0,3.6,0.81,0.13,0.07,0.19,9.7,10.0,1.97,1.1,2.72,0.07,0.0
09_010,"Anchovy, fillet, steamed* (without salt)",Engraulis encrasicolus,22.8,0.0,0.0,107.0,1.6,48.0,223,295.0,162.0,1.77,0.17,15.0,0.0,3.0,0.6,0.09,0.05,0.12,6.3,8.0,1.64,0.92,2.27,0.06,0.0
09_048,"Atlantic cod (Northeast Atlantic), fillet, raw",Gadus morhua,18.6,0.0,0.0,10.0,0.2,24.0,199,374.0,80.0,0.37,0.02,1.0,0.0,1.3,1.1,0.19,0.05,0.05,2.7,12.0,0.1,0.07,0.26,0.07,0.0
09_068,"Atlantic cod (Northeast Atlantic), fillet, boiled* (as part of a recipe)",Gadus morhua,22.7,0.0,0.0,12.0,0.2,30.0,242,456.0,98.0,0.45,0.02,1.0,0.0,1.4,1.2,0.2,0.05,0.07,3.1,12.0,0.13,0.09,0.32,0.09,0.0
09_067,"Atlantic cod (Northeast Atlantic), fillet, grilled* (without salt or fat)",Gadus morhua,24.8,0.0,0.0,14.0,0.2,29.0,239,423.0,91.0,0.5,0.03,1.0,0.0,1.5,1.4,0.23,0.06,0.07,3.2,12.0,0.14,0.1,0.34,0.09,0.0
09_066,"Atlantic cod (Northeast Atlantic), fillet, steamed* (without salt)",Gadus morhua,22.7,0.0,0.0,12.0,0.2,25.0,206,342.0,83.0,0.45,0.02,1.0,0.0,1.4,1.1,0.16,0.04,0.05,2.3,10.0,0.13,0.09,0.32,0.09,0.0
09_049,"Atlantic horse mackerel, wild, fillet without skin, raw",Trachurus trachurus,18.6,0.0,0.0,40.0,1.1,29.0,220,379.0,65.0,0.41,0.1,4.0,0.0,27.0,6.8,0.34,0.08,0.15,4.3,2.0,1.67,1.47,1.76,0.07,0.0
09_072,"Atlantic horse mackerel, wild, fillet without skin, boiled* (as part of a recipe)",Trachurus trachurus,26.6,0.0,0.0,57.0,1.5,42.0,314,541.0,92.0,0.59,0.14,6.0,0.0,35.0,8.8,0.41,0.1,0.21,5.9,2.0,2.38,2.11,2.51,0.1,0.0
09_071,"Atlantic horse mackerel, wild, fillet without skin, grilled* (without salt or fat)",Trachurus trachurus,23.3,0.0,0.0,49.0,1.2,33.0,247,402.0,69.0,0.52,0.12,4.0,0.0,27.0,7.7,0.38,0.09,0.16,4.9,2.0,1.54,1.37,1.63,0.06,0.0
09_070,"Atlantic horse mackerel, wild, fillet without skin, steamed* (without salt)",Trachurus trachurus,26.6,0.0,0.0,57.0,1.2,35.0,267,406.0,78.0,0.59,0.13,4.0,0.0,27.0,7.8,0.34,0.09,0.15,4.3,2.0,1.45,1.29,1.53,0.06,0.0
09_002,"Barracuda, fillet, raw",Sphyraena spp.,19.0,0.0,0.0,21.0,0.8,30.0,175,453.0,39.0,0.42,0.04,25.0,0.0,1.8,3.0,0.11,0.12,0.09,3.1,8.0,0.3,0.16,0.19,0.01,0.0
09_063,"Barracuda, fillet, boiled* (as part of a recipe)",Sphyraena spp.,22.9,0.0,0.0,25.0,0.9,36.0,211,546.0,47.0,0.51,0.05,27.0,0.0,2.0,3.3,0.11,0.12,0.11,3.5,8.0,0.36,0.2,0.23,0.01,0.0
09_014,"Barracuda, fillet, grilled* (without salt or fat)",Sphyraena spp.,27.5,0.0,0.0,31.0,1.0,39.0,228,558.0,48.0,0.61,0.06,33.0,0.0,2.3,3.9,0.14,0.16,0.12,4.0,9.0,0.43,0.24,0.27,0.01,0.0
09_013,"Barracuda, fillet, steamed* (without salt)",Sphyraena spp.,22.9,0.0,0.0,25.0,0.7,31.0,179,409.0,40.0,0.51,0.04,27.0,0.0,2.0,2.9,0.09,0.11,0.08,2.6,7.0,0.36,0.2,0.23,0.01,0.0
09_015,"Bayad, fillet, raw",Bagrus spp.,17.1,0.0,0.0,61.0,1.2,25.0,197,289.0,51.0,0.8,0.07,6.0,0.0,0.9,3.5,0.25,0.23,0.06,3.2,14.0,0.34,0.18,0.46,0.02,0.0
09_064,"Bayad, fillet, boiled* (as part of a recipe)",Bagrus spp.,20.6,0.0,0.0,73.0,1.4,30.0,237,348.0,61.0,0.96,0.08,7.0,0.0,1.0,3.8,0.26,0.24,0.07,3.7,14.0,0.41,0.21,0.55,0.03,0.0
09_017,"Bayad, fillet, grilled* (without salt or fat)",Bagrus spp.,24.8,0.0,0.0,88.0,1.5,33.0,257,356.0,63.0,1.16,0.09,8.0,0.0,1.2,4.6,0.33,0.3,0.08,4.2,16.0,0.5,0.25,0.66,0.04,0.0
09_016,"Bayad, fillet, steamed* (without salt)",Bagrus spp.,20.6,0.0,0.0,73.0,1.2,26.0,202,261.0,52.0,0.96,0.07,7.0,0.0,1.0,3.4,0.21,0.21,0.05,2.7,12.0,0.41,0.21,0.55,0.03,0.0
09_021,"Carp, fillet, raw",Cyprinus carpio ,17.6,0.0,0.0,41.0,1.2,29.0,415,194.0,24.0,1.03,0.06,9.0,0.0,0.8,1.5,0.19,0.12,0.06,1.6,15.0,1.82,2.14,0.78,0.36,0.0
09_065,"Carp, fillet, boiled* (as part of a recipe)",Cyprinus carpio ,21.2,0.0,0.0,49.0,1.5,35.0,500,234.0,29.0,1.24,0.07,10.0,0.0,0.9,1.7,0.19,0.12,0.07,1.9,15.0,2.19,2.58,0.94,0.44,0.0
09_023,"Carp, fillet, grilled* (without salt or fat)",Cyprinus carpio ,25.5,0.0,0.0,59.0,1.5,38.0,541,239.0,29.0,1.5,0.08,10.0,0.0,1.0,2.0,0.25,0.15,0.07,2.1,17.0,1.54,1.81,0.66,0.31,0.0
09_022,"Carp, fillet, steamed* (without salt)",Cyprinus carpio ,21.2,0.0,0.0,49.0,1.2,30.0,425,176.0,24.0,1.24,0.06,8.0,0.0,0.7,1.5,0.16,0.1,0.05,1.4,13.0,1.69,1.99,0.72,0.34,0.0
09_018,"Catfish, fillet, raw",Synodontis spp.,16.5,0.0,0.0,78.0,1.6,25.0,202,289.0,48.0,0.7,0.07,5.0,0.0,0.9,3.5,0.25,0.14,0.07,1.6,14.0,1.38,0.83,1.21,0.82,0.06
09_108,"Catfish, fillet, boiled* (as part of a recipe)",Synodontis spp.,19.9,0.0,0.0,94.0,1.9,30.0,243,348.0,58.0,0.84,0.08,5.0,0.0,1.0,3.8,0.26,0.14,0.09,1.8,14.0,1.66,1.0,1.46,0.98,0.07
09_020,"Catfish, fillet, grilled* (without salt or fat)",Synodontis spp.,24.0,0.0,0.0,113.0,1.9,33.0,263,356.0,59.0,1.01,0.09,6.0,0.0,1.1,4.6,0.33,0.18,0.09,2.1,16.0,2.0,1.21,1.75,1.18,0.08
09_019,"Catfish, fillet, steamed* (without salt)",Synodontis spp.,19.9,0.0,0.0,94.0,1.5,26.0,206,261.0,49.0,0.84,0.07,4.0,0.0,0.8,3.4,0.21,0.13,0.06,1.4,11.0,1.66,1.0,1.46,0.98,0.07
09_055,"Crab, flesh (body and claw), raw",Callinectes spp.,16.0,4.4,0.0,63.0,1.6,24.0,240,259.0,293.0,4.27,0.73,232.0,1.0,0.6,9.0,0.15,0.05,0.04,3.0,44.0,0.28,0.23,0.48,0.02,0.0
09_098,"Crab, flesh (body and claw), boiled* (as part of a recipe)",Callinectes spp.,18.3,5.0,0.0,72.0,1.9,28.0,276,297.0,337.0,4.91,0.83,80.0,1.0,0.7,9.3,0.15,0.05,0.05,3.3,43.0,0.32,0.27,0.55,0.02,0.0
09_097,"Crab, flesh (body and claw), grilled* (without salt or fat)",Callinectes spp.,18.6,5.1,0.0,73.0,1.6,25.0,251,255.0,290.0,4.97,0.8,78.0,1.0,0.6,9.4,0.16,0.05,0.05,3.1,41.0,0.33,0.27,0.56,0.02,0.0
09_096,"Crab, flesh (body and claw), steamed* (without salt)",Callinectes spp.,18.3,5.0,0.0,72.0,1.5,23.0,235,223.0,286.0,4.91,0.75,74.0,1.0,0.6,8.3,0.12,0.04,0.04,2.4,35.0,0.32,0.27,0.55,0.02,0.0
09_053,"Fish, whole, dried",Various species,60.4,0.0,0.0,1939.0,7.4,75.0,1525,707.0,147.0,7.67,0.2,141.0,0.0,12.0,60.0,0.7,0.17,0.34,12.0,46.0,2.97,1.74,2.68,0.2,0.22
09_003,"Mackerel, fillet, raw",Scomberomorus spp.,19.6,0.0,0.0,34.0,1.6,37.0,221,360.0,130.0,0.74,0.08,82.0,0.0,1.6,10.0,0.16,0.12,0.23,8.1,15.0,1.97,0.95,1.22,0.05,0.0
09_069,"Mackerel, fillet, boiled* (as part of a recipe)",Scomberomorus spp.,28.0,0.0,0.0,49.0,2.3,53.0,316,514.0,186.0,1.06,0.11,105.0,0.0,2.0,13.0,0.19,0.14,0.33,11.0,19.0,2.82,1.36,1.75,0.08,0.0
09_025,"Mackerel, fillet, grilled* (without salt or fat)",Scomberomorus spp.,24.5,0.0,0.0,43.0,1.7,42.0,249,383.0,138.0,0.93,0.1,92.0,0.0,1.8,11.0,0.18,0.13,0.26,9.1,15.0,2.46,1.19,1.53,0.07,0.0
09_024,"Mackerel, fillet, steamed* (without salt)",Scomberomorus spp.,28.0,0.0,0.0,49.0,1.8,45.0,269,386.0,158.0,1.06,0.1,105.0,0.0,2.0,11.0,0.16,0.12,0.23,8.1,15.0,2.82,1.36,1.75,0.08,0.0
09_109,"Mackerel, jack, canned in oil, drained",Trachurus symmetricus,23.2,0.0,0.0,241.0,2.0,37.0,301,194.0,379.0,1.02,0.15,130.0,0.0,7.3,6.9,0.21,0.04,0.21,6.2,5.0,0.19,0.22,0.17,,
09_050,"Mahi mahi, fillet, raw",Coryphaena hippurus,22.1,0.0,0.0,9.0,0.5,32.0,258,439.0,36.0,0.36,0.05,4.0,0.0,0.4,0.6,0.13,0.06,0.04,4.3,14.0,0.44,0.2,0.46,0.01,0.0
09_075,"Mahi mahi, fillet, boiled* (as part of a recipe)",Coryphaena hippurus,26.6,0.0,0.0,11.0,0.6,39.0,311,529.0,44.0,0.43,0.06,4.0,0.0,0.5,0.65,0.13,0.06,0.05,4.9,14.0,0.53,0.24,0.55,0.02,0.0
09_074,"Mahi mahi, fillet, grilled* (without salt or fat)",Coryphaena hippurus,32.0,0.0,0.0,14.0,0.6,42.0,337,541.0,45.0,0.52,0.07,5.0,0.0,0.6,0.78,0.17,0.08,0.05,5.6,16.0,0.64,0.29,0.66,0.02,0.0
09_073,"Mahi mahi, fillet, steamed* (without salt)",Coryphaena hippurus,26.6,0.0,0.0,11.0,0.5,33.0,264,397.0,37.0,0.43,0.05,4.0,0.0,0.5,0.58,0.11,0.05,0.03,3.6,12.0,0.53,0.24,0.55,0.02,0.0
09_051,"Mola carplet, small whole fish, viscera, fins and scales removed, raw",Amblypharyngodon mola,16.0,0.0,0.0,1127.0,5.7,42.0,700,105.0,35.0,3.7,0.05,332.0,0.0,5.4,7.0,0.2,0.06,0.08,3.0,4.0,1.53,1.1,1.48,0.1,0.05
09_078,"Mola carplet, small whole fish, viscera, fins and scales removed, boiled* (as part of a recipe)",Amblypharyngodon mola,19.3,0.0,0.0,1357.0,6.9,51.0,843,127.0,42.0,4.46,0.06,359.0,0.0,5.9,7.5,0.21,0.06,0.09,3.4,4.0,1.84,1.32,1.78,0.12,0.05
09_077,"Mola carplet, small whole fish, viscera, fins and scales removed, grilled* (without salt or fat)",Amblypharyngodon mola,23.2,0.0,0.0,1633.0,7.0,55.0,913,129.0,43.0,5.36,0.06,432.0,0.0,7.1,9.0,0.26,0.08,0.1,3.9,5.0,2.22,1.59,2.14,0.15,0.07
09_076,"Mola carplet, small whole fish, viscera, fins and scales removed, steamed* (without salt)",Amblypharyngodon mola,19.3,0.0,0.0,1357.0,5.5,43.0,717,95.0,36.0,4.46,0.05,359.0,0.0,5.9,6.7,0.17,0.06,0.06,2.5,4.0,1.84,1.32,1.78,0.12,0.05
09_026,"Mormyrid, fillet, raw",Mormyrus spp.,18.2,0.0,0.0,123.0,1.2,30.0,268,353.0,41.0,0.58,0.09,17.0,0.0,2.6,2.7,0.2,0.06,0.09,1.0,11.0,0.4,0.29,0.39,0.03,0.01
09_079,"Mormyrid, fillet, boiled* (as part of a recipe)",Mormyrus spp.,21.9,0.0,0.0,148.0,1.4,36.0,323,425.0,49.0,0.7,0.11,19.0,0.0,2.9,3.0,0.21,0.06,0.11,1.1,12.0,0.49,0.35,0.47,0.03,0.01
09_028,"Mormyrid, fillet, grilled* (without salt or fat)",Mormyrus spp.,26.3,0.0,0.0,178.0,1.4,39.0,350,435.0,50.0,0.84,0.13,23.0,0.0,3.4,3.6,0.26,0.07,0.12,1.3,13.0,0.59,0.42,0.56,0.04,0.02
09_027,"Mormyrid, fillet, steamed* (without salt)",Mormyrus spp.,21.9,0.0,0.0,148.0,1.1,31.0,274,319.0,41.0,0.7,0.1,19.0,0.0,2.9,2.6,0.17,0.05,0.08,0.8,10.0,0.49,0.35,0.47,0.03,0.01
09_052,"Mullet, fillet, raw",Mugil cephalus,20.5,0.0,0.0,34.0,1.3,15.0,222,331.0,66.0,0.45,0.02,18.0,0.0,0.3,0.22,0.14,0.05,0.09,2.5,12.0,0.46,0.31,0.32,0.01,0.0
09_085,"Mullet, fillet, boiled* (as part of a recipe)",Mugil cephalus,24.7,0.0,0.0,41.0,1.6,18.0,267,399.0,80.0,0.54,0.02,20.0,0.0,0.3,0.24,0.14,0.05,0.11,2.9,12.0,0.55,0.37,0.39,0.02,0.0
09_084,"Mullet, fillet, grilled* (without salt or fat)",Mugil cephalus,29.7,0.0,0.0,49.0,1.6,20.0,290,408.0,81.0,0.65,0.02,24.0,0.0,0.4,0.29,0.18,0.07,0.12,3.3,14.0,0.66,0.45,0.47,0.02,0.0
09_083,"Mullet, fillet, steamed* (without salt)",Mugil cephalus,24.7,0.0,0.0,41.0,1.3,15.0,227,299.0,68.0,0.54,0.02,20.0,0.0,0.3,0.21,0.12,0.05,0.08,2.1,10.0,0.55,0.37,0.39,0.02,0.0
09_060,"North African catfish, fillet, raw",Clarias gariepinus,17.8,0.0,0.0,23.0,0.5,24.0,180,301.0,41.0,1.07,0.04,9.0,0.0,1.0,3.5,0.25,0.07,0.03,3.0,14.0,1.19,0.78,1.16,0.42,0.03
09_082,"North African catfish, fillet, boiled* (as part of a recipe)",Clarias gariepinus,21.5,0.0,0.0,28.0,0.6,29.0,217,363.0,49.0,1.29,0.05,10.0,0.0,1.1,3.8,0.26,0.07,0.04,3.4,14.0,1.43,0.94,1.39,0.51,0.03
09_081,"North African catfish, fillet, grilled* (without salt or fat)",Clarias gariepinus,25.8,0.0,0.0,33.0,0.6,31.0,235,371.0,51.0,1.55,0.06,12.0,0.0,1.3,4.6,0.33,0.09,0.04,3.9,16.0,1.72,1.13,1.67,0.61,0.04
09_080,"North African catfish, fillet, steamed* (without salt)",Clarias gariepinus,21.5,0.0,0.0,28.0,0.5,25.0,184,272.0,42.0,1.29,0.04,10.0,0.0,1.1,3.4,0.21,0.06,0.03,2.5,12.0,1.43,0.94,1.39,0.51,0.03
09_032,"Perch, Nile, fillet, raw",Lates niloticus,20.5,0.0,0.0,111.0,1.0,29.0,209,222.0,97.0,0.56,0.08,15.0,0.0,1.1,1.3,0.09,0.01,0.04,2.0,7.0,0.34,0.2,0.42,0.03,
09_086,"Perch, Nile, fillet, boiled* (as part of a recipe)",Lates niloticus,24.7,0.0,0.0,134.0,1.2,35.0,252,267.0,117.0,0.67,0.1,16.0,0.0,1.1,1.4,0.09,0.01,0.05,2.3,8.0,0.41,0.24,0.51,0.03,
09_034,"Perch, Nile, fillet, grilled* (without salt or fat)",Lates niloticus,29.7,0.0,0.0,161.0,1.2,38.0,273,273.0,119.0,0.81,0.11,20.0,0.0,1.4,1.7,0.12,0.01,0.05,2.6,8.0,0.49,0.29,0.61,0.04,
09_033,"Perch, Nile, fillet, steamed* (without salt)",Lates niloticus,24.7,0.0,0.0,134.0,1.0,30.0,214,200.0,99.0,0.67,0.09,16.0,0.0,1.1,1.3,0.08,0.01,0.03,1.7,6.0,0.41,0.24,0.51,0.03,
09_037,"Sardine, canned in oil, drained, with bones",Sardinella spp.,24.8,0.0,0.0,421.0,2.4,48.0,470,350.0,438.0,1.77,0.15,49.0,0.0,4.2,9.0,0.15,0.03,0.26,6.8,6.0,3.54,4.66,6.12,2.24,0.42
09_004,"Sardine, fillet, raw",Sardinella spp.,19.8,0.0,0.0,50.0,1.7,44.0,363,228.0,54.0,1.53,0.05,13.0,0.0,3.5,8.3,1.3,0.01,0.17,9.1,23.0,1.22,0.82,0.61,0.03,0.0
09_087,"Sardine, fillet, boiled* (as part of a recipe)",Sardinella spp.,23.8,0.0,0.0,60.0,2.1,53.0,438,275.0,65.0,1.85,0.07,14.0,0.0,3.8,9.0,1.3,0.01,0.21,10.0,23.0,1.47,0.99,0.74,0.04,0.0
09_036,"Sardine, fillet, grilled* (without salt or fat)",Sardinella spp.,28.7,0.0,0.0,72.0,2.1,57.0,474,281.0,66.0,2.22,0.07,17.0,0.0,4.6,11.0,1.7,0.02,0.23,12.0,26.0,1.77,1.19,0.89,0.05,0.0
09_035,"Sardine, fillet, steamed* (without salt)",Sardinella spp.,23.8,0.0,0.0,60.0,1.7,45.0,372,206.0,55.0,1.85,0.06,14.0,0.0,3.8,8.0,1.1,0.01,0.15,7.7,19.0,1.47,0.99,0.74,0.04,0.0
09_056,"Sea snail/whelk, flesh, raw",Family: Buccinidae,23.8,7.8,0.0,57.0,5.0,86.0,141,347.0,206.0,1.63,1.03,26.0,4.0,0.0,9.0,0.34,0.03,0.11,1.1,6.0,0.06,0.06,0.05,0.01,0.0
09_101,"Sea snail/whelk, boiled* (as part of a recipe)",Family: Buccinidae,28.7,9.3,0.0,69.0,6.1,104.0,170,418.0,248.0,1.96,1.24,28.0,4.0,0.0,9.8,0.35,0.03,0.13,1.2,6.0,0.07,0.06,0.05,0.01,0.0
09_100,"Sea snail/whelk, grilled* (without salt or fat)",Family: Buccinidae,34.6,11.2,0.0,83.0,6.2,112.0,184,427.0,254.0,2.36,1.42,33.0,5.0,0.0,12.0,0.45,0.03,0.14,1.4,7.0,0.08,0.07,0.06,0.01,0.0
09_099,"Sea snail/whelk, steamed* (without salt)",Family: Buccinidae,28.7,9.3,0.0,69.0,4.8,88.0,144,314.0,211.0,1.96,1.12,26.0,4.0,0.0,8.7,0.29,0.02,0.09,0.9,5.0,0.07,0.06,0.05,0.01,0.0
09_038,"Shiny-nose, fillet, raw",Polydactylus spp.,21.1,0.0,0.0,104.0,0.2,30.0,112,375.0,52.0,1.0,0.02,2.0,0.0,1.2,2.7,0.11,0.02,0.01,0.7,7.0,0.4,0.19,0.29,0.02,0.0
09_088,"Shiny-nose, fillet, boiled* (as part of a recipe)",Polydactylus spp.,25.5,0.0,0.0,125.0,0.2,37.0,134,452.0,63.0,1.2,0.02,2.0,0.0,1.3,3.0,0.11,0.02,0.01,0.8,7.0,0.48,0.23,0.35,0.02,0.0
09_040,"Shiny-nose, fillet, grilled* (without salt or fat)",Polydactylus spp.,30.7,0.0,0.0,150.0,0.2,40.0,145,462.0,64.0,1.45,0.03,2.0,0.0,1.5,3.5,0.14,0.03,0.01,1.0,8.0,0.58,0.28,0.42,0.03,0.0
09_039,"Shiny-nose, fillet, steamed* (without salt)",Polydactylus spp.,25.5,0.0,0.0,125.0,0.2,31.0,114,339.0,54.0,1.2,0.02,2.0,0.0,1.3,2.6,0.09,0.02,0.01,0.6,6.0,0.48,0.23,0.35,0.02,0.0
09_057,"Shrimp (crayfish), whole, dried",Families: Palaemonidae/Penaeidae,63.1,7.9,0.0,2522.0,25.3,670.0,1332,1107.0,1298.0,6.83,2.0,9.0,37.0,0.0,5.9,0.7,0.03,0.22,2.3,140.0,1.83,0.92,1.05,0.24,0.0
09_058,"Shrimp, palaemonid, flesh, raw",Family: Palaemonidae,22.2,0.3,0.0,44.0,2.7,53.0,242,270.0,158.0,2.28,1.02,6.0,1.0,0.0,7.0,0.05,0.03,0.11,2.4,13.0,0.36,0.22,0.52,0.13,0.0
09_104,"Shrimp, palaemonid, flesh, boiled* (as part of a recipe)",Family: Palaemonidae,26.7,0.3,0.0,53.0,3.3,63.0,292,325.0,191.0,2.75,1.22,4.0,1.0,0.0,7.6,0.05,0.03,0.14,2.8,13.0,0.43,0.27,0.63,0.16,0.0
09_103,"Shrimp, palaemonid, flesh, grilled* (without salt or fat)",Family: Palaemonidae,25.8,0.3,0.0,51.0,2.7,55.0,253,267.0,156.0,2.65,1.12,3.0,0.0,0.0,7.3,0.05,0.03,0.12,2.5,12.0,0.41,0.26,0.61,0.15,0.0
09_102,"Shrimp, palaemonid, flesh, steamed* (without salt)",Family: Palaemonidae,26.7,0.3,0.0,53.0,2.6,54.0,248,244.0,162.0,2.75,1.1,3.0,0.0,0.0,6.8,0.04,0.03,0.1,2.0,11.0,0.43,0.27,0.63,0.16,0.0
09_059,"Shrimp, penaeid, flesh, raw",Family: Penaeidae,21.6,1.0,0.0,66.0,1.6,37.0,267,196.0,126.0,1.3,0.43,56.0,0.0,1.9,2.1,0.11,0.03,0.05,1.9,14.0,0.2,0.11,0.26,0.03,0.0
09_107,"Shrimp, penaeid, flesh, boiled* (as part of a recipe)",Family: Penaeidae,26.0,1.3,0.0,79.0,1.9,44.0,322,236.0,152.0,1.56,0.52,17.0,0.0,2.0,2.3,0.11,0.03,0.06,2.2,14.0,0.24,0.14,0.32,0.03,0.0
09_106,"Shrimp, penaeid, flesh, grilled* (without salt or fat)",Family: Penaeidae,25.1,1.2,0.0,76.0,1.6,39.0,279,194.0,125.0,1.51,0.48,16.0,0.0,1.9,2.2,0.12,0.03,0.05,2.0,13.0,0.23,0.13,0.31,0.03,0.0
09_105,"Shrimp, penaeid, flesh, steamed* (without salt)",Family: Penaeidae,26.0,1.3,0.0,79.0,1.5,38.0,273,177.0,129.0,1.56,0.47,16.0,0.0,1.9,2.1,0.09,0.02,0.04,1.6,11.0,0.24,0.14,0.32,0.03,0.0
09_041,"Tilapia, fillet, raw",Oreochromis spp./Tilappia spp.,18.6,0.0,0.0,109.0,1.7,31.0,255,266.0,64.0,0.91,0.05,10.0,0.0,2.0,1.5,0.18,0.02,0.09,3.2,5.0,0.49,0.46,0.3,0.16,0.02
09_089,"Tilapia, fillet, boiled* (as part of a recipe)",Oreochromis spp./Tilappia spp.,21.4,0.0,0.0,125.0,2.0,35.0,293,305.0,74.0,1.05,0.05,10.0,0.0,2.0,1.6,0.18,0.02,0.11,3.5,5.0,0.56,0.53,0.34,0.19,0.02
09_043,"Tilapia, fillet, grilled* (without salt or fat)",Oreochromis spp./Tilappia spp.,23.6,0.0,0.0,138.0,1.9,35.0,290,286.0,69.0,1.15,0.06,11.0,0.0,2.3,1.7,0.21,0.02,0.1,3.7,5.0,0.62,0.58,0.38,0.2,0.03
09_042,"Tilapia, fillet, steamed* (without salt)",Oreochromis spp./Tilappia spp.,21.4,0.0,0.0,125.0,1.6,30.0,249,229.0,63.0,1.05,0.05,10.0,0.0,2.0,1.4,0.14,0.02,0.07,2.6,4.0,0.56,0.53,0.34,0.19,0.02
09_110,"Tuna, canned in water, drained",,24.9,0.0,0.0,11.0,1.3,28.0,184,229.0,302.0,0.76,0.05,15.0,0.0,1.6,2.2,0.25,0.02,0.08,9.8,9.0,0.2,0.13,0.24,0.01,0.0
09_111,"Tuna, canned in oil, drained",,25.4,0.0,0.0,7.0,0.9,33.0,224,292.0,402.0,0.72,0.09,17.0,0.0,1.1,2.3,0.35,0.03,0.1,9.8,3.0,0.09,0.19,0.3,0.27,0.01
09_005,"Tuna, fillet, raw",Thunnus spp.,23.6,0.0,0.0,11.0,1.0,40.0,256,351.0,50.0,0.39,0.06,14.0,0.0,3.4,4.6,0.66,0.15,0.12,12.0,6.0,0.78,0.6,0.91,0.05,0.0
09_092,"Tuna, fillet, boiled* (as part of a recipe)",Thunnus spp.,29.5,0.0,0.0,14.0,1.2,50.0,320,439.0,62.0,0.49,0.07,16.0,0.0,3.9,5.2,0.7,0.16,0.15,15.0,6.0,0.98,0.75,1.14,0.06,0.01
09_091,"Tuna, fillet, grilled* (without salt or fat)",Thunnus spp.,31.9,0.0,0.0,15.0,1.1,48.0,312,404.0,57.0,0.53,0.07,17.0,0.0,4.2,5.6,0.81,0.18,0.14,15.0,6.0,1.06,0.81,1.23,0.07,0.01
09_090,"Tuna, fillet, steamed* (without salt)",Thunnus spp.,29.5,0.0,0.0,14.0,1.0,42.0,272,329.0,53.0,0.49,0.06,16.0,0.0,3.9,4.6,0.58,0.14,0.1,11.0,5.0,0.98,0.75,1.14,0.06,0.01
09_054,"Venus clams, flesh, raw",Family: Veneridae,9.2,3.5,0.0,183.0,6.6,80.0,133,202.0,510.0,1.17,0.15,80.0,1.0,2.1,38.0,0.04,0.03,0.17,2.3,49.0,0.3,0.19,0.34,0.01,0.0
09_095,"Venus clams, flesh, boiled* (as part of a recipe)",Family: Veneridae,14.6,5.5,0.0,290.0,10.5,127.0,211,321.0,809.0,1.85,0.23,115.0,1.0,3.0,54.0,0.05,0.03,0.27,3.4,66.0,0.51,0.33,0.58,0.02,0.0
09_094,"Venus clams, flesh, steamed* (without salt)",Family: Veneridae,14.6,5.5,0.0,290.0,8.4,108.0,179,241.0,688.0,1.85,0.21,106.0,1.0,2.7,48.0,0.04,0.03,0.19,2.5,54.0,0.51,0.33,0.58,0.02,0.0
09_006,"White grouper, fillet, raw",Epinephelus spp.,19.4,0.0,0.0,33.0,1.3,35.0,188,358.0,51.0,1.3,0.05,2.0,0.0,0.9,0.6,0.09,0.07,0.05,1.2,11.0,0.87,0.41,0.52,0.02,0.0
09_093,"White grouper, fillet, boiled* (as part of a recipe)",Epinephelus spp.,23.3,0.0,0.0,39.0,1.6,42.0,227,432.0,61.0,1.57,0.05,2.0,0.0,1.0,0.65,0.14,0.07,0.05,1.4,12.0,1.05,0.49,0.62,0.03,0.0
09_047,"White grouper, fillet, grilled* (without salt or fat)",Epinephelus spp.,28.0,0.0,0.0,47.0,1.6,46.0,245,442.0,63.0,1.88,0.06,3.0,0.0,1.2,0.78,0.17,0.08,0.06,1.6,13.0,1.26,0.59,0.75,0.03,0.0
09_046,"White grouper, fillet, steamed* (without salt)",Epinephelus spp.,23.3,0.0,0.0,39.0,1.3,36.0,193,324.0,52.0,1.57,0.05,2.0,0.0,1.0,0.58,0.11,0.06,0.04,1.0,10.0,1.05,0.49,0.62,0.03,0.0
10_019,"Breastmilk, colostrum",,1.9,7.1,0.0,28.0,0.1,3.0,14,70.0,47.0,0.6,0.05,166.0,7.0,,0.1,,,0.03,0.1,2.0,1.08,1.08,0.3,0.22,0.02
10_004,"Breastmilk, mature",,1.1,8.4,0.0,26.0,0.2,3.0,16,60.0,6.0,0.2,0.05,61.0,4.0,0.1,0.05,0.01,0.02,0.04,0.2,5.0,1.62,1.29,0.41,0.3,0.02
10_006,"Cheese, cheddar, from cow’s milk",,24.7,1.8,0.0,788.0,0.7,30.0,532,82.0,487.0,3.93,0.07,263.0,0.0,0.5,1.8,0.05,0.04,0.36,0.1,18.0,20.6,9.07,0.84,0.47,0.19
10_028,"Cheese, fresh curd, from cow’s milk",,15.5,3.8,0.0,630.0,1.1,31.0,443,153.0,31.0,0.61,0.1,114.0,0.0,0.1,0.59,0.05,0.03,0.13,0.1,33.0,9.81,4.51,0.54,0.23,0.07
10_008,"Cheese, Gouda, from cow’s milk",,23.9,0.3,0.0,806.0,0.8,31.0,565,71.0,511.0,3.74,0.06,210.0,0.0,0.4,1.7,0.06,0.04,0.34,0.1,21.0,20.4,8.6,0.81,0.52,0.23
10_007,"Cheese, hard type, from goat’s milk",,30.5,1.2,0.0,895.0,1.9,54.0,729,116.0,423.0,1.59,0.09,486.0,0.0,0.7,0.12,0.08,0.14,0.17,0.5,4.0,24.7,8.13,0.85,0.69,0.12
10_027,"Cheese, processed, spreadable, shelf-stable (e.g. Laughing Cow)",,14.8,7.0,0.0,524.0,0.3,26.0,837,220.0,1000.0,2.33,0.19,195.0,0.0,0.2,0.62,0.05,0.06,0.39,0.1,11.0,13.2,5.41,0.63,0.39,0.15
10_009,"Cream, from cow’s milk, ca. 38% fat",,2.1,3.5,0.0,73.0,0.3,7.0,58,139.0,39.0,0.53,0.03,417.0,1.0,1.0,0.1,0.02,0.02,0.08,0.1,25.0,23.2,10.4,0.93,0.49,0.14
10_010,"Cream, from cow’s milk, reduced fat, ca. 18% fat",,2.7,4.0,0.0,83.0,0.1,9.0,77,113.0,49.0,0.27,0.01,193.0,1.0,1.1,0.21,0.02,0.02,0.16,0.1,24.0,11.0,4.71,0.68,0.36,0.1
10_011,"Infant formula, powder, for 3 months, fortified",,12.1,55.4,0.0,358.0,9.3,31.0,280,482.0,140.0,3.9,0.37,467.0,43.0,7.8,1.0,0.33,0.52,0.78,3.9,39.0,11.7,8.54,5.91,,
10_012,"Infant formula, powder, for 6 months, fortified",,18.0,56.6,0.0,810.0,8.5,66.0,458,704.0,225.0,3.5,0.41,488.0,46.0,8.5,0.9,0.34,0.57,0.85,4.3,42.0,8.33,6.08,4.21,,
10_018,"Milk, camel, fresh",Camelus dromedarius ,3.0,2.4,0.0,116.0,0.2,13.0,87,151.0,61.0,0.35,0.15,13.0,4.0,,,,,0.06,,,1.74,1.07,0.15,0.06,0.04
10_015,"Milk, cow, canned, condensed, sweetened",,7.5,55.6,0.0,279.0,0.4,28.0,238,372.0,325.0,0.95,0.1,90.0,4.0,,0.5,0.05,0.09,0.38,0.2,11.0,5.35,2.46,0.22,0.14,0.07
10_016,"Milk, cow, canned, evaporated",,7.4,12.6,0.0,258.0,0.2,60.0,233,253.0,106.0,0.96,0.04,80.0,1.0,,0.15,0.04,0.12,0.35,0.6,6.0,5.72,2.21,0.16,0.09,0.03
10_017,"Milk, cow, powder, skimmed, unfortified",,36.4,50.4,0.0,1270.0,0.9,123.0,1010,1680.0,468.0,3.77,0.08,5.0,17.0,,3.0,0.34,0.34,1.6,0.9,50.0,0.64,0.26,0.04,0.03,0.01
10_002,"Milk, cow, powder, whole, unfortified",,25.8,37.3,0.0,925.0,0.8,85.0,680,1140.0,380.0,3.34,0.08,329.0,13.0,,1.8,0.25,0.3,1.2,0.8,37.0,16.7,7.91,0.67,0.46,0.18
10_013,"Milk, cow, reduced fat, 1.5–2% fat",Bos taurus,3.4,4.6,0.0,128.0,0.1,31.0,85,150.0,50.0,0.39,0.02,22.0,2.0,,0.32,0.04,0.04,0.17,0.1,4.0,1.07,0.54,0.06,0.03,0.01
10_014,"Milk, cow, skimmed, 0.5% fat",Bos taurus,3.5,4.6,0.0,138.0,,22.0,97,113.0,63.0,0.4,0.01,0.0,1.0,,0.4,0.04,0.04,0.14,0.1,5.0,0.36,0.17,0.02,0.01,0.0
10_022,"Milk, cow, whole, fermented",,3.3,4.0,0.0,117.0,0.1,11.0,96,126.0,43.0,0.28,0.02,39.0,1.0,0.1,0.19,0.02,0.04,0.2,,1.0,2.2,1.09,0.12,0.04,0.02
10_001,"Milk, cow, whole, pasteurized or UHT, 3.5% fat",Bos taurus,3.3,5.1,0.0,119.0,0.1,12.0,111,147.0,45.0,0.63,0.01,42.0,0.0,0.1,0.59,0.03,0.04,0.27,0.1,8.0,2.11,0.98,0.12,0.05,0.01
10_029,"Milk, cow, whole, raw, 4.5% fat",Bos taurus,3.1,5.0,0.0,191.0,0.1,13.0,90,159.0,45.0,0.32,0.01,29.0,1.0,0.1,0.4,0.03,0.04,0.2,0.1,6.0,3.14,1.45,0.17,0.07,0.02
10_003,"Milk, goat, fresh",Capra aegagrus hircus,3.9,4.9,0.0,159.0,0.1,20.0,116,185.0,55.0,0.38,0.02,37.0,1.0,0.1,0.1,0.03,0.07,0.17,0.4,1.0,3.22,1.45,0.32,0.22,0.07
10_024,"Milk, sheep or goat, fermented",,4.8,6.4,0.0,145.0,0.1,13.0,129,166.0,48.0,0.48,0.02,41.0,1.0,0.1,0.3,0.05,0.04,0.13,0.4,1.0,2.72,1.22,0.27,0.17,0.05
10_023,"Milk, sheep, fresh",,5.9,4.7,0.0,164.0,0.1,15.0,141,146.0,40.0,0.62,0.02,45.0,3.0,0.2,0.5,0.08,0.05,0.18,0.5,5.0,4.11,1.61,0.33,0.15,0.06
10_026,"Yoghurt, from reduced fat/skimmed cow’s milk, sweetened/with fruit",,3.5,13.8,0.2,147.0,0.1,17.0,102,182.0,64.0,0.42,0.01,18.0,0.0,0.0,0.25,0.08,0.04,0.18,0.1,10.0,0.9,0.35,0.07,0.03,0.01
10_025,"Yoghurt, plain, from reduced fat/skimmed cow’s milk",,3.8,7.5,0.0,149.0,0.1,15.0,110,194.0,66.0,0.81,0.01,21.0,1.0,0.1,0.5,0.04,0.02,0.19,0.1,10.0,0.89,0.42,0.04,0.02,0.01
10_005,"Yoghurt, plain, from whole cow’s milk",,2.9,7.1,0.0,123.0,0.1,13.0,76,135.0,29.0,0.35,0.01,26.0,1.0,0.1,0.4,0.04,0.03,0.16,0.1,7.0,2.98,1.28,0.14,0.06,0.02
11_011,"Butter, from cow’s milk, salted",,1.0,0.2,0.0,12.0,,2.0,15,12.0,716.0,0.08,0.01,838.0,0.0,0.5,0.16,0.0,0.01,0.01,0.6,5.0,54.5,20.1,2.53,1.45,0.44
11_001,"Butter, from cow’s milk, unsalted",,1.0,1.2,0.0,12.0,,2.0,15,12.0,22.0,0.08,0.01,838.0,0.0,0.5,0.16,0.0,0.01,0.01,0.6,5.0,53.8,20.7,2.5,1.44,0.44
11_002,"Coconut oil, unfortified",Cocos nucifera,0.0,0.0,0.0,0.0,0.0,0.0,2,1.0,1.0,0.01,0.0,0.0,0.0,0.0,0.0,0.0,0.0,0.0,0.0,0.0,88.3,4.67,1.18,1.18,0.0
11_018,"Coconut oil, fortified with vitamin A, 600–1000 mcg/100g (Ghana, Nigeria, Sierra Leone)",Cocos nucifera,0.0,0.0,0.0,0.0,0.0,0.0,2,1.0,1.0,0.01,0.0,800.0,0.0,0.0,0.0,0.0,0.0,0.0,0.0,0.0,88.3,4.67,1.18,1.18,0.0
11_017,"Coconut oil, fortified with vitamin A, 1100–2400 mcg/100g (Benin, Burkina Faso, Côte d’Ivoire, Guinea, Guinea-Bissau, Liberia, Mali, Niger, Senegal, Togo)",Cocos nucifera,0.0,0.0,0.0,0.0,0.0,0.0,2,1.0,1.0,0.01,0.0,1750.0,0.0,0.0,0.0,0.0,0.0,0.0,0.0,0.0,88.3,4.67,1.18,1.18,0.0
11_013,"Corn (maize) oil, unfortified",Zea mays,0.0,0.0,0.0,0.0,,0.0,0,0.0,0.0,0.01,0.01,0.0,0.0,0.0,0.0,0.0,0.0,0.0,0.0,0.0,15.1,34.0,46.4,42.1,0.37
11_033,"Corn (maize) oil, fortified with vitamin A, 600–1000 mcg/100g (Ghana, Nigeria, Sierra Leone)",Zea mays,0.0,0.0,0.0,0.0,,0.0,0,0.0,0.0,0.01,0.01,800.0,0.0,0.0,0.0,0.0,0.0,0.0,0.0,0.0,15.1,34.0,46.4,42.1,0.37
11_032,"Corn (maize) oil, fortified with vitamin A, 1100–2400 mcg/100g (Benin, Burkina Faso, Côte d’Ivoire, Guinea, Guinea-Bissau, Liberia, Mali, Niger, Senegal, Togo)",Zea mays,0.0,0.0,0.0,0.0,,0.0,0,0.0,0.0,0.01,0.01,1750.0,0.0,0.0,0.0,0.0,0.0,0.0,0.0,0.0,15.1,34.0,46.4,42.1,0.37
11_005,"Cottonseed oil, yellow brown, unfortified",Gossypium spp.,0.0,0.0,0.0,0.0,0.0,0.0,0,0.0,0.0,0.0,0.0,0.0,0.0,0.0,0.0,0.0,0.0,0.0,0.0,0.0,26.1,18.1,51.3,51.2,0.1
11_020,"Cottonseed oil, fortified with vitamin A, 600–1000 mcg/100g (Ghana, Nigeria, Sierra Leone)",Gossypium spp.,0.0,0.0,0.0,0.0,0.0,0.0,0,0.0,0.0,0.0,0.0,800.0,0.0,0.0,0.0,0.0,0.0,0.0,0.0,0.0,26.1,18.1,51.3,51.2,0.1
11_019,"Cottonseed oil, fortified with vitamin A, 1100–2400 mcg/100g (Benin, Burkina Faso, Côte d’Ivoire, Guinea, Guinea-Bissau, Liberia, Mali, Niger, Senegal, Togo)",Gossypium spp.,0.0,0.0,0.0,0.0,0.0,0.0,0,0.0,0.0,0.0,0.0,1750.0,0.0,0.0,0.0,0.0,0.0,0.0,0.0,0.0,26.1,18.1,51.3,51.2,0.1
11_003,"Groundnut oil, unfortified",Arachis hypogaea,0.0,0.0,0.0,0.0,0.1,1.0,2,0.0,0.0,0.06,0.0,0.0,0.0,0.0,0.0,0.0,0.0,0.0,0.0,0.0,19.9,45.4,30.2,30.1,0.13
11_021,"Groundnut oil, fortified with vitamin A, 1100–2400 mcg/100g (Benin, Burkina Faso, Côte d’Ivoire, Guinea, Guinea-Bissau, Liberia, Mali, Niger, Senegal, Togo)",Arachis hypogaea,0.0,0.0,0.0,0.0,0.1,1.0,2,0.0,0.0,0.06,0.0,1750.0,0.0,0.0,0.0,0.0,0.0,0.0,0.0,0.0,19.9,45.4,30.2,30.1,0.13
11_022,"Groundnut oil, fortified with vitamin A, 600–1000 mcg/100g (Ghana, Nigeria, Sierra Leone)",Arachis hypogaea,0.0,0.0,0.0,0.0,0.1,1.0,2,0.0,0.0,0.06,0.0,800.0,0.0,0.0,0.0,0.0,0.0,0.0,0.0,0.0,19.9,45.4,30.2,30.1,0.13
11_029,"Margarine, fortified with vitamin A and D (Nigeria)",,0.4,0.8,0.0,7.0,,3.0,11,26.0,941.0,0.0,0.0,937.0,0.0,74.0,0.0,0.0,0.01,0.02,0.1,0.0,25.3,36.4,15.1,13.5,0.82
11_006,"Margarine, fortified with vitamin A",,0.4,0.8,0.0,7.0,,3.0,11,26.0,941.0,0.0,0.0,937.0,0.0,0.0,0.05,0.0,0.01,0.02,0.1,1.0,25.3,36.4,15.1,13.5,0.82
11_012,"Palm kernel oil, unfortified",Elaeis guineensis,0.0,0.0,0.0,10.0,10.0,4.0,3,40.0,37.0,2.82,0.0,0.0,0.0,0.0,0.0,0.0,0.0,0.0,0.0,0.0,82.4,11.5,1.62,1.62,0.0
11_026,"Palm kernel oil, fortified with vitamin A, 600–1000 mcg/100g (Ghana, Nigeria, Sierra Leone)",Elaeis guineensis,0.0,0.0,0.0,10.0,10.0,4.0,3,40.0,37.0,2.82,0.0,800.0,0.0,0.0,0.0,0.0,0.0,0.0,0.0,0.0,82.4,11.5,1.62,1.62,0.0
11_025,"Palm kernel oil, fortified with vitamin A, 1100–2400 mcg/100g (Benin, Burkina Faso, Côte d’Ivoire, Guinea, Guinea-Bissau, Liberia, Mali, Niger, Senegal, Togo)",Elaeis guineensis,0.0,0.0,0.0,10.0,10.0,4.0,3,40.0,37.0,2.82,0.0,1750.0,0.0,0.0,0.0,0.0,0.0,0.0,0.0,0.0,82.4,11.5,1.62,1.62,0.0
11_004,"Palm oil, red",Elaeis guineensis,0.0,0.0,0.0,2.0,0.2,0.0,2,0.0,0.0,0.0,0.0,5720.0,0.0,0.0,0.0,0.0,0.01,0.02,0.0,0.0,48.5,37.0,9.84,9.56,0.28
11_007,"Palm oil, refined and decoloured, unfortified",Elaeis guineensis,0.0,0.0,0.0,0.0,0.2,0.0,0,0.0,0.0,0.0,0.0,0.0,0.0,0.0,0.0,0.0,0.0,0.0,0.0,0.0,48.6,37.1,9.87,9.58,0.29
11_024,"Palm oil, refined and decoloured, fortified with vitamin A, 600–1000 mcg/100g (Ghana, Nigeria, Sierra Leone)",Elaeis guineensis,0.0,0.0,0.0,0.0,0.2,0.0,0,0.0,0.0,0.0,0.0,800.0,0.0,0.0,0.0,0.0,0.0,0.0,0.0,0.0,48.6,37.1,9.87,9.58,0.29
11_023,"Palm oil, refined and decoloured, fortified with vitamin A, 1100–2400 mcg/100g (Benin, Burkina Faso, Côte d’Ivoire, Guinea, Guinea-Bissau, Liberia, Mali, Niger, Senegal, Togo)",Elaeis guineensis,0.0,0.0,0.0,0.0,0.2,0.0,0,0.0,0.0,0.0,0.0,1750.0,0.0,0.0,0.0,0.0,0.0,0.0,0.0,0.0,48.6,37.1,9.87,9.58,0.29
11_008,"Shea butter, white",Butyrospermum parkii,0.0,0.0,0.0,15.0,0.1,1.0,0,4.0,11.0,0.1,0.41,0.0,0.0,0.0,0.0,0.0,0.0,0.0,0.0,0.0,46.5,43.9,5.19,,
11_009,"Soya oil, unfortified",Glycine max,0.0,0.0,0.0,0.0,0.1,0.0,0,0.0,0.0,0.01,0.01,0.0,0.0,0.0,0.0,0.0,0.0,0.0,0.0,0.0,15.8,24.5,55.3,46.6,4.07
11_027,"Soya oil, fortified with vitamin A, 1100–2400 mcg/100g (Benin, Burkina Faso, Côte d’Ivoire, Guinea, Guinea-Bissau, Liberia, Mali, Niger, Senegal, Togo)",Glycine max,0.0,0.0,0.0,0.0,0.1,0.0,0,0.0,0.0,0.01,0.01,1750.0,0.0,0.0,0.0,0.0,0.0,0.0,0.0,0.0,15.8,24.5,55.3,46.6,4.07
11_028,"Soya oil, fortified with vitamin A, 600–1000 mcg/100g (Ghana, Nigeria, Sierra Leone)",Glycine max,0.0,0.0,0.0,0.0,0.1,0.0,0,0.0,0.0,0.01,0.01,800.0,0.0,0.0,0.0,0.0,0.0,0.0,0.0,0.0,15.8,24.5,55.3,46.6,4.07
11_016,"Sunflower oil, unfortified",Helianthus annuus,0.0,0.0,0.0,0.0,,0.0,0,0.0,0.0,0.01,0.01,0.0,0.0,0.0,0.0,0.0,0.0,0.0,0.0,0.0,11.3,22.8,61.4,61.2,0.2
11_035,"Sunflower oil, fortified with vitamin A, 600–1000 mcg/100g (Ghana, Nigeria, Sierra Leone)",Helianthus annuus,0.0,0.0,0.0,0.0,,0.0,0,0.0,0.0,0.01,0.01,800.0,0.0,0.0,0.0,0.0,0.0,0.0,0.0,0.0,11.3,22.8,61.4,61.2,0.2
11_034,"Sunflower oil, fortified with vitamin A, 1100–2400 mcg/100g (Benin, Burkina Faso, Côte d’Ivoire, Guinea, Guinea-Bissau, Liberia, Mali, Niger, Senegal, Togo)",Helianthus annuus,0.0,0.0,0.0,0.0,,0.0,0,0.0,0.0,0.01,0.01,1750.0,0.0,0.0,0.0,0.0,0.0,0.0,0.0,0.0,11.3,22.8,61.4,61.2,0.2
11_015,"Oil, from cow’s milk butter (ghee)",,0.2,0.0,0.0,3.0,0.0,0.0,3,5.0,2.0,0.01,0.0,893.0,0.0,0.6,0.01,,0.0,0.01,0.0,0.0,63.7,26.5,3.43,2.17,1.08
11_014,Olive oil,Olea europaea,0.0,0.0,0.0,1.0,0.3,0.0,1,1.0,1.0,0.01,0.01,0.0,0.0,0.0,0.0,0.0,0.0,0.0,0.0,0.0,14.4,72.1,9.1,8.47,0.63
11_010,"Vegetable oil, unfortified",,0.0,0.0,0.0,0.0,,0.0,0,0.0,0.0,0.0,0.0,0.0,0.0,0.0,0.0,0.0,0.0,0.0,0.0,0.0,14.3,31.7,49.6,49.2,0.42
11_031,"Vegetable oil, fortified with vitamin A, 600–1000 mcg/100g (Ghana, Nigeria, Sierra Leone)",,0.0,0.0,0.0,0.0,,0.0,0,0.0,0.0,0.0,0.0,800.0,0.0,0.0,0.0,0.0,0.0,0.0,0.0,0.0,14.3,31.7,49.6,49.2,0.42
11_030,"Vegetable oil, fortified with vitamin A, 1100–2400 mcg/100g (Benin, Burkina Faso, Côte d’Ivoire, Guinea, Guinea-Bissau, Liberia, Mali, Niger, Senegal, Togo)",,0.0,0.0,0.0,0.0,,0.0,0,0.0,0.0,0.0,0.0,1750.0,0.0,0.0,0.0,0.0,0.0,0.0,0.0,0.0,14.3,31.7,49.6,49.2,0.42
12_001,"Beer, European (4.6% v/v alcohol)",,0.3,3.7,0.0,4.0,,9.0,26,33.0,10.0,0.01,0.01,0.0,0.0,0.0,,0.03,0.01,0.02,0.5,6.0,0.0,0.0,0.0,0.0,0.0
12_020,"Beer, European (>6% v/v alcohol)",,0.2,4.9,0.0,,,10.0,69,2.0,1.0,0.03,0.01,0.0,0.0,0.0,0.2,0.07,0.01,0.04,0.9,6.0,0.0,0.0,0.0,0.0,0.0
12_002,"Beer, maize (ca. 3% v/v alcohol)",,0.6,3.2,0.1,4.0,0.2,14.0,6,80.0,3.0,0.07,0.01,0.0,0.0,0.0,,0.05,0.01,0.03,0.3,6.0,0.0,0.0,0.0,0.0,0.0
12_003,"Beer, millet (ca. 3% v/v alcohol)",,0.7,5.6000000000000005,0.1,8.0,0.6,14.0,16,80.0,3.0,0.07,0.01,0.0,0.0,0.0,,0.05,0.02,0.04,0.3,6.0,0.0,0.0,0.0,0.0,0.0
12_004,"Beer, sorghum (ca. 3% v/v alcohol)",,0.4,1.7999999999999998,0.1,17.0,0.2,14.0,7,80.0,3.0,0.07,0.01,0.0,0.0,0.0,,0.05,0.04,0.05,0.4,6.0,0.0,0.0,0.0,0.0,0.0
12_024,"Carbonated drink (e.g. Coca-Cola, Sprite)",,,9.9,0.0,2.0,0.1,1.0,5,2.0,9.0,0.06,0.01,0.0,0.0,0.0,0.0,0.0,0.0,0.0,,0.0,0.0,0.0,0.0,,
12_023,Coconut water,Cocos nucifera,0.2,4.2,0.0,24.0,0.2,23.0,22,205.0,41.0,0.1,0.04,0.0,2.0,0.0,0.0,0.03,0.02,0.04,0.1,9.0,0.34,0.09,0.01,0.01,0.0
12_005,"Coffee, instant, powder",,17.5,59.8,5.0,145.0,4.1,337.0,312,3670.0,60.0,0.72,0.46,0.0,1.0,0.0,0.0,0.03,0.02,0.3,36.0,7.0,0.2,0.04,0.2,0.19,0.02
12_009,"Coffee, liquid",,0.1,0.3,0.1,3.0,0.1,4.0,3,37.0,4.0,0.01,0.01,0.0,0.0,0.0,0.0,0.0,0.0,0.0,0.3,0.0,0.0,0.0,0.0,0.0,0.0
12_012,"Juice, canned or bottled, sweetened (e.g. apple)",,0.1,11.3,0.2,9.0,0.3,5.0,6,80.0,10.0,0.04,0.01,0.0,1.0,0.0,0.0,0.03,0.02,0.02,0.1,0.0,0.0,0.0,0.0,0.0,0.0
12_013,"Juice, canned or bottled, unsweetened (e.g. grapefruit)",,0.3,7.9,0.0,9.0,0.1,8.0,12,112.0,14.0,0.06,0.04,0.0,28.0,0.0,0.0,0.01,0.04,0.01,0.2,2.0,0.0,0.0,0.0,0.0,0.0
12_010,"Juice, lemon, fresh, unsweetened",,0.4,8.200000000000001,0.1,7.0,0.1,6.0,7,123.0,1.0,0.05,0.04,0.0,37.0,0.0,0.0,0.05,0.04,0.01,0.1,16.0,0.0,0.0,0.0,0.0,0.0
12_011,"Juice, orange, fresh, unsweetened",,0.7,9.2,0.1,17.0,0.4,11.0,16,182.0,1.0,0.04,0.06,9.0,44.0,0.0,0.0,0.05,0.09,0.03,0.3,37.0,0.0,0.0,0.0,0.0,0.0
12_016,"Ovaltine beverage with reduced fat milk, without sugar, fortified*",,3.9,12.4,0.5,202.0,1.6,70.0,123,150.0,58.0,1.46,0.17,108.0,1.0,0.6,0.28,0.19,0.16,0.31,1.9,26.0,1.08,0.54,0.07,0.04,0.01
12_017,"Ovaltine beverage with skimmed milk, without sugar, fortified*",,3.9,12.5,0.5,212.0,1.6,61.0,133,118.0,69.0,1.47,0.17,89.0,1.0,0.6,0.36,0.19,0.16,0.28,1.9,27.0,0.45,0.21,0.03,0.02,0.0
12_015,"Ovaltine beverage with whole milk, without sugar, fortified*",,3.6,12.9,0.5,241.0,1.7,53.0,134,153.0,53.0,1.48,0.17,123.0,1.0,0.7,0.44,0.18,0.16,0.34,1.9,28.0,2.71,1.25,0.16,0.07,0.02
12_014,"Nectar, mango, canned",,0.1,12.5,0.3,17.0,0.4,3.0,2,24.0,5.0,0.02,0.02,36.0,15.0,0.0,0.0,0.02,,,0.1,7.0,0.0,0.0,0.0,0.0,0.0
12_006,Palm wine (ca. 3.8% v/v alcohol),,0.4,2.5,0.0,2.0,0.5,9.0,5,84.0,2.0,0.01,0.01,0.0,4.0,0.0,0.0,0.03,0.03,0.01,0.3,1.0,0.0,0.0,0.0,0.0,0.0
12_007,"Sap, palm, fresh (0.3% v/v alcohol)",,0.3,10.8,0.0,2.0,0.4,9.0,6,84.0,2.0,0.01,0.02,0.0,14.0,0.0,0.0,0.03,0.01,0.01,0.4,1.0,0.0,0.0,0.0,0.0,0.0
12_025,"Soybean milk, fluid, from soybeans only, unfortified",Glycine max,3.0,3.3,0.6,12.0,0.5,15.0,50,120.0,24.0,0.2,0.07,0.0,0.0,0.0,0.0,0.03,0.02,0.03,0.1,14.0,0.29,0.38,1.01,0.98,0.03
12_008,"Tea, infusion",,0.1,0.0,0.0,2.0,0.1,1.0,1,18.0,1.0,0.03,0.03,0.0,1.0,0.0,0.0,,0.0,0.02,0.1,5.0,0.0,0.0,0.0,0.0,0.0
12_019,"Water, tap",,0.0,0.0,0.0,1.0,,1.0,0,0.0,2.0,,0.01,0.0,0.0,0.0,0.0,0.0,0.0,0.0,0.0,0.0,0.0,0.0,0.0,0.0,0.0
12_021,"Water with fresh lemon juice, unsweetened*",,0.1,1.3,0.0,1.0,0.0,2.0,1,18.0,2.0,0.01,0.01,0.0,5.0,0.0,0.0,0.01,0.01,0.0,0.0,2.0,0.0,0.0,0.0,0.0,0.0
12_022,"Water with fresh lemon juice, sweetened*",,0.1,11.1,0.0,1.0,0.0,2.0,1,16.0,2.0,0.01,0.01,0.0,5.0,0.0,0.0,0.01,0.01,0.0,0.0,2.0,0.0,0.0,0.0,0.0,0.0
13_016,"Allspice, ground",Pimenta dioica,6.1,28.9,21.6,661.0,7.1,135.0,113,1040.0,77.0,1.01,0.55,27.0,39.0,0.0,0.0,0.21,0.1,0.06,2.9,36.0,2.55,0.66,2.36,,
13_004,Anis seed,Pimpinella anisum,17.6,20.8,14.6,646.0,37.0,170.0,440,1440.0,16.0,5.3,0.91,16.0,21.0,0.0,0.0,0.65,0.34,0.29,3.1,10.0,0.59,9.78,3.15,,
13_019,Baking soda (sodium bicarbonate),,0.0,0.0,0.0,0.0,0.0,0.0,0,0.0,27400.0,0.0,0.0,0.0,0.0,0.0,0.0,0.0,0.0,0.0,0.0,0.0,0.0,0.0,0.0,0.0,0.0
13_020,"Calabash nutmeg, seed, dried",Monodora myristica,9.7,29.0,18.0,463.0,22.3,329.0,680,348.0,131.0,2.17,0.63,,,0.0,0.0,0.0,,0.0,0.1,,,,,,
13_006,"Chilli pepper, dried",Capsicum spp.,15.0,-9.900000000000002,31.1,150.0,12.6,183.0,256,2040.0,20.0,1.2,0.94,839.0,0.0,0.0,0.0,0.42,0.35,0.85,8.8,19.0,2.41,2.53,7.49,7.03,0.46
13_007,"Cinnamon, ground",Cinnamomum verum,4.0,-25.6,53.1,1000.0,8.3,60.0,64,431.0,10.0,1.83,0.34,15.0,4.0,0.0,0.0,0.16,0.02,0.04,1.3,6.0,0.35,0.25,0.07,,0.01
13_008,"Cube, beef, dry",,15.5,15.5,0.0,57.0,2.0,36.0,222,381.0,19000.0,0.47,0.35,1.0,0.0,0.0,0.5,0.26,0.17,0.19,3.2,23.0,3.46,2.82,0.68,0.59,0.06
13_009,"Cumin, seed",Cuminum cyminum,13.9,-13.4,30.4,878.0,20.6,442.0,382,1890.0,125.0,4.29,1.14,7.0,0.0,0.0,0.0,0.39,0.52,0.13,2.9,10.0,0.99,13.4,6.9,6.83,0.07
13_022,Curry powder,,11.9,-46.400000000000006,53.2,583.0,19.1,268.0,319,1500.0,251.0,4.4,1.12,1.0,1.0,0.0,0.0,0.11,0.21,0.24,3.4,56.0,1.46,7.78,2.71,,0.23
13_011,"Ginger, root, dried",Zingiber officinale,7.6,45.0,14.1,180.0,33.3,172.0,154,1120.0,31.0,4.17,0.47,10.0,0.0,0.0,0.0,0.63,0.16,0.27,7.4,13.0,1.87,0.72,0.42,0.33,0.09
13_001,Honey,,0.4,80.8,0.2,11.0,0.6,2.0,4,52.0,4.0,0.22,0.05,0.0,1.0,0.0,0.0,0.02,0.0,0.05,0.1,2.0,0.0,0.0,0.0,0.0,0.0
13_023,Jam or marmalade,,0.4,68.5,0.9,24.0,1.0,6.0,16,85.0,15.0,0.2,0.16,2.0,7.0,0.0,0.0,0.03,0.0,0.0,0.0,2.0,0.0,0.0,0.0,0.0,0.0
13_013,"Mustard, prepared, yellow",,3.7,-2.2,4.0,63.0,1.6,48.0,108,152.0,1100.0,0.64,0.07,5.0,0.0,0.0,0.0,0.07,0.18,0.07,0.6,7.0,0.21,2.18,0.78,0.36,0.37
13_012,"Mustard, powder",Brassica nigra,26.1,3.700000000000001,12.2,266.0,9.2,370.0,828,738.0,13.0,6.08,0.65,2.0,7.0,0.0,0.0,0.4,0.81,0.26,4.7,8.0,1.99,22.6,10.1,5.59,3.79
13_014,"Pepper, black",Piper nigrum,10.1,3.0,33.2,405.0,11.9,196.0,144,1490.0,24.0,1.24,1.76,77.0,0.0,0.0,0.0,0.27,0.06,0.09,0.9,14.0,0.78,0.55,1.29,0.98,0.31
13_024,"Potash, solid",,0.0,0.0,0.0,1890.0,229.0,459.0,212,2210.0,18400.0,0.41,0.34,0.0,0.0,0.0,0.0,0.0,0.0,0.0,0.0,0.0,0.0,0.0,0.0,0.0,0.0
13_015,Salt,,0.0,0.0,0.0,216.0,1.3,39.0,5,5.0,38800.0,0.1,0.08,0.0,0.0,0.0,0.0,0.0,0.0,0.0,0.0,0.0,0.0,0.0,0.0,0.0,0.0
13_002,"Sugar, white",,0.0,100.0,0.0,1.0,0.1,0.0,0,2.0,1.0,0.03,0.04,0.0,0.0,0.0,0.0,0.0,0.0,0.02,0.0,0.0,0.0,0.0,0.0,0.0,0.0
13_027,"Sugar, white, fortified with vitamin A (Nigeria)",,0.0,100.0,0.0,1.0,0.1,0.0,0,2.0,1.0,0.03,0.04,750.0,0.0,0.0,0.0,0.0,0.0,0.02,0.0,0.0,0.0,0.0,0.0,0.0,0.0
13_021,"Sweets, chocolate, milk",,4.4,48.1,7.0,45.0,4.3,114.0,172,400.0,24.0,1.38,0.81,21.0,0.0,0.0,0.08,0.04,0.05,0.08,0.7,12.0,18.6,9.95,1.14,1.04,0.09
13_028,"Ovaltine powder, fortified",,7.3,75.8,4.3,800.0,14.0,375.0,425,156.0,120.0,10.0,1.41,801.0,80.0,5.0,2.5,1.4,1.1,1.4,16.0,200.0,1.14,0.5,0.14,0.12,0.02
13_026,"Uda (Ethiopian pepper), fruit/seed, dried",Xylopia aethiopica,9.4,17.599999999999998,26.3,259.0,1.4,229.0,65,167.0,91.0,6.35,1.24,,1.0,0.0,0.0,0.02,,,,,,,,,
13_003,Vinegar,,0.1,4.7,0.0,3.0,,2.0,6,14.0,4.0,0.04,0.01,0.0,0.0,0.0,0.0,0.0,0.0,0.0,0.0,0.0,0.0,0.0,0.0,0.0,0.0
13_017,"Yeast, dried",,38.4,-2.1000000000000014,23.3,24.0,2.8,75.0,749,1210.0,111.0,13.0,0.44,0.0,0.0,0.0,0.04,1.2,5.8,2.1,34.0,3200.0,0.83,3.57,0.01,0.01,
13_018,"Yeast extract, Marmite",,27.5,5.699999999999999,3.0,86.0,3.7,180.0,104,2600.0,3600.0,2.1,0.3,0.0,0.0,0.0,12.0,1.3,9.7,14.0,97.0,2300.0,0.07,0.28,,,
14_021,"Babenda-1 (Burkina Faso)*: sauce from green leaves (amaranth, tchénébdo and hibiscus), groundnut powder, rice and onion",,3.2,4.300000000000001,2.1,102.0,2.3,54.0,61,194.0,262.0,0.47,0.15,64.0,10.0,0.0,0.0,0.1,0.05,0.11,0.8,23.0,0.61,1.32,0.87,0.82,0.04
14_030,"Babenda-2 (Burkina Faso)*: sauce from green leaves (amaranth, hibiscus and spider plant), rice and groundnut powder",,3.0,4.800000000000001,1.9,89.0,2.5,49.0,52,188.0,7.0,0.44,0.16,81.0,10.0,0.0,0.0,0.09,0.04,0.05,0.7,36.0,0.53,1.13,0.8,0.73,0.07
14_025,"Banakou vand zéédo (Burkina Faso)*: cassava leaf sauce with fish, vegetables and red palm oil",,6.4,1.0999999999999996,3.5,132.0,2.6,38.0,101,368.0,432.0,0.68,0.09,762.0,10.0,0.2,1.4,0.22,0.11,0.22,2.2,36.0,11.4,8.53,2.63,2.24,0.21
14_029,"Bengedo (Burkina Faso)*: cowpea leaf sauce with fish, vegetables, groundnut paste and fermented African locust beans",,7.5,0.8999999999999999,2.0,51.0,1.5,44.0,102,267.0,369.0,0.59,0.18,42.0,5.0,0.3,1.9,0.11,0.08,0.12,3.2,22.0,2.33,4.47,4.79,4.5,0.04
14_014,"Bite zindo (Burkina Faso)*: hibiscus leaf sauce with fish, fermented African locust beans and tomatoes",,3.5,1.4,2.2,88.0,2.3,36.0,59,169.0,332.0,0.46,0.14,74.0,14.0,0.1,0.62,0.13,0.07,0.18,0.9,25.0,1.27,2.4,3.8,3.64,0.07
14_015,"Blouvank koèég zéédo (Burkina Faso)*: jute mallow leaf sauce with lamb, vegetables, fermented African locust beans and red palm oil",,3.4,0.6000000000000001,1.0,52.0,2.7,20.0,43,114.0,524.0,0.5,0.08,30.0,6.0,0.0,0.26,0.09,0.03,0.06,0.6,10.0,1.95,2.43,2.2,2.08,0.09
14_016,"Blouvank zéédo (Burkina Faso)*: jute mallow leaf sauce with fish, vegetables and red palm oil",,3.1,1.1,1.4,78.0,1.1,23.0,51,162.0,419.0,0.25,0.04,259.0,14.0,0.2,1.0,0.08,0.05,0.12,1.0,13.0,2.61,1.91,0.69,0.5,0.05
14_012,"Clear sauce with fish, red palm oil and vegetables (Burkina Faso)*",,5.4,0.8,1.3,22.0,0.9,20.0,69,196.0,615.0,0.31,0.09,215.0,3.0,0.3,2.1,0.07,0.04,0.08,2.1,12.0,2.49,1.77,0.77,0.47,0.02
14_027,Curry sauce with beef meat and vegetables (Burkina Faso)*,,4.2,2.7,1.1,16.0,0.7,12.0,46,120.0,355.0,0.75,0.04,8.0,4.0,0.1,0.14,0.08,0.03,0.03,0.8,11.0,2.29,3.16,2.53,2.43,0.04
14_003,"Éindo tomate ne ziim zéindo (Burkina Faso)*: sauce with fish, tomato and fermented African locust beans",,7.2,2.7,1.5,39.0,1.2,25.0,162,243.0,533.0,0.63,0.15,27.0,9.0,0.2,0.41,0.11,0.06,0.07,1.0,13.0,2.69,5.22,7.43,7.12,0.07
14_004,Epinard zéédo (Burkina Faso)*: spinach sauce with fish and vegetables,,6.7,1.2999999999999998,2.2,69.0,2.0,56.0,96,470.0,814.0,0.57,0.16,100.0,15.0,0.3,2.1,0.16,0.08,0.17,2.4,73.0,2.3,4.14,6.49,6.09,0.12
14_001,Fish and vegetable soup for children (Burkina Faso)*,,6.5,4.9,0.9,18.0,0.9,22.0,89,284.0,270.0,0.38,0.07,75.0,6.0,0.4,2.7,0.1,0.06,0.09,2.8,9.0,0.6,0.29,0.39,0.03,0.0
14_008,Groundnut sauce with fish and vegetables (Burkina Faso)*,,6.6,2.7,2.6,26.0,1.3,41.0,114,298.0,297.0,0.61,0.2,19.0,9.0,0.2,1.2,0.1,0.13,0.08,3.1,18.0,2.36,4.82,4.75,4.55,0.04
14_026,Intro sauce with fish and vegetables (Burkina Faso)*,,2.8,-0.8000000000000003,3.2,64.0,1.4,33.0,53,211.0,505.0,0.36,0.14,228.0,7.0,0.1,0.73,0.15,0.04,0.08,1.1,28.0,2.16,1.59,0.61,0.49,0.03
14_031,"Katre nagouri vând koèng zéindo (Burkina Faso)*: dried sicklepod leaf sauce with vegetables, shea butter, groundnut paste and fermented African locust beans",,4.6,2.3000000000000003,2.6,49.0,2.3,36.0,75,258.0,507.0,0.56,0.2,18.0,11.0,0.0,0.0,0.12,0.06,0.06,1.6,22.0,5.62,8.03,5.87,5.42,0.06
14_032,"Katre nagouri vând maasse zéindo (Burkina Faso)*: fresh sicklepod leaf sauce with vegetables, shea butter, groundnut paste and fermented African locust beans",,4.1,3.2,3.3,59.0,2.7,32.0,76,393.0,266.0,0.51,0.16,87.0,14.0,0.0,0.0,0.19,0.05,0.07,1.1,37.0,3.0,4.55,3.44,3.22,0.04
14_013,Koum péèleg zindo (Burkina Faso)*: white eggplant sauce with lamb and vegetables,,4.0,1.8000000000000005,1.9,15.0,1.1,14.0,52,239.0,286.0,0.64,0.13,19.0,13.0,0.0,0.38,0.12,0.05,0.07,1.0,12.0,2.95,3.85,3.69,3.53,0.11
14_011,Koum vând zéédo (Burkina Faso)*: wild eggplant leaf sauce with fish and vegetables,,4.0,2.4,2.4,131.0,2.5,52.0,65,309.0,428.0,0.45,0.16,90.0,23.0,0.1,0.79,0.13,0.05,0.1,1.1,25.0,2.82,5.76,9.06,8.81,0.14
14_007,Koum zindo (Burkina Faso)*: eggplant sauce with fish and vegetables,,4.1,2.3,2.5,30.0,1.2,18.0,67,311.0,343.0,0.36,0.15,59.0,18.0,0.2,1.3,0.12,0.06,0.08,1.6,16.0,2.13,4.1,6.43,6.19,0.07
14_018,"Maân koèg zéindo-1 (Burkina Faso)*: djoumblé (dried okra) sauce with beef, vegetables and red palm oil",,6.0,-0.2000000000000001,2.6,48.0,0.8,36.0,75,250.0,348.0,1.2,0.07,334.0,6.0,0.1,0.21,0.19,0.04,0.07,1.4,25.0,5.59,4.75,0.85,0.76,0.05
14_017,"Maân koèg zéindo-2 (Burkina Faso)*: dried okra sauce with lamb, vegetables and fermented African locust beans",,4.7,-0.6999999999999997,2.9,57.0,1.5,40.0,65,235.0,415.0,0.78,0.08,10.0,4.0,0.0,0.37,0.17,0.04,0.08,1.2,26.0,3.13,4.25,4.4,4.22,0.12
14_019,"Maân mâass zéindo (Burkina Faso)*: fresh okra sauce with fish, vegetables, red palm oil and fermented African locust beans",,3.4,1.0,1.6,63.0,1.4,30.0,55,183.0,508.0,0.32,0.06,233.0,10.0,0.2,1.0,0.1,0.04,0.09,1.2,18.0,2.4,1.76,0.69,0.51,0.04
14_009,"Nayoungn vand zindo (Burkina Faso)*: sweet potato leaf sauce, fish, red palm oil and vegetables",,5.0,1.5999999999999996,2.7,42.0,1.8,37.0,81,354.0,413.0,0.33,0.07,403.0,12.0,0.2,1.2,0.12,0.07,0.15,1.6,28.0,6.04,4.52,1.4,1.2,0.04
14_002,"Pésgo né tomate zéindo (Burkina Faso)*: sauce with lamb, tomato and vegetables",,5.9,2.9000000000000004,1.5,21.0,1.3,19.0,74,275.0,514.0,0.91,0.08,39.0,9.0,0.0,0.6,0.19,0.06,0.09,1.4,10.0,4.41,5.64,5.12,4.87,0.16
14_006,"Siikam zéédo (Burkina Faso)*: groundnut sauce with vegetables, fish and fermented African locust beans",,5.7,1.0,2.3,48.0,1.5,47.0,85,282.0,208.0,0.59,0.18,170.0,8.0,0.1,0.84,0.11,0.07,0.09,2.3,33.0,3.44,4.25,2.22,2.05,0.05
14_028,Siné zindo (Burkina Faso)*: sesame sauce with fish and vegetables,,6.3,-0.1,3.2,157.0,2.5,78.0,160,220.0,349.0,0.59,0.38,22.0,5.0,0.2,1.3,0.16,0.13,0.08,1.8,16.0,2.77,5.87,8.24,7.99,0.07
14_033,"Soup from chicken, beer yeast, vegetables and fermented African locust beans (Burkina Faso)*",,5.4,0.9000000000000001,1.2,14.0,0.5,13.0,74,129.0,478.0,0.6,0.04,7.0,5.0,0.1,0.09,0.13,0.12,0.11,1.1,57.0,1.08,2.03,1.95,1.9,0.04
14_034,Soup with cabbage and vegetables (Burkina Faso)*,,1.1,1.8000000000000005,1.4,25.0,0.7,11.0,29,204.0,533.0,0.16,0.07,13.0,17.0,0.0,0.0,0.07,0.03,0.03,0.3,8.0,0.04,0.03,0.04,0.03,0.01
14_005,Téi kam zéédo (Burkina Faso)*: red palm oil sauce with fish and vegetables,,5.7,1.6999999999999995,2.1,25.0,1.1,34.0,85,239.0,490.0,0.5,0.17,106.0,6.0,0.2,1.0,0.09,0.07,0.07,2.5,15.0,2.95,3.94,2.11,1.95,0.02
14_024,"Téi né maane zéindo (Burkina Faso)*: oil palm fruit sauce with okra powder, fish and vegetables",,2.7,1.4,1.4,28.0,1.0,24.0,42,128.0,312.0,0.23,0.17,572.0,3.0,0.2,0.95,0.05,0.03,0.05,1.2,9.0,2.77,2.83,0.8,0.09,0.01
14_023,Téi zéindo (Burkina Faso)*: simple oil palm fruit sauce with fish and vegetables,,1.7,3.7,1.4,26.0,1.8,26.0,34,113.0,305.0,0.2,0.34,1410.0,4.0,0.1,0.42,0.01,0.04,0.04,0.8,1.0,6.47,6.85,1.69,0.18,0.01
14_020,"Toeg koing zéédo (Burkina Faso)*: dried baobab leaf sauce with fish, vegetables and fermented African locust beans",,2.8,-0.1,1.8,64.0,1.9,19.0,42,130.0,389.0,0.28,0.07,22.0,5.0,0.1,0.79,0.07,0.02,0.04,1.0,11.0,0.5,0.69,1.09,0.95,0.04
14_022,"Toeg maas zéédo (Burkina Faso)*: fresh baobab leaf sauce with fish, vegetables and fermented African locust beans",,3.1,0.0,1.9,66.0,1.5,19.0,46,144.0,416.0,0.3,0.07,48.0,9.0,0.1,0.92,0.09,0.02,0.05,1.0,14.0,0.74,1.2,1.87,1.71,0.04
14_010,"Yassa sauce with lamb, onion and mustard (Burkina Faso)*",,4.3,3.2,1.9,31.0,1.1,20.0,74,175.0,759.0,0.67,0.1,4.0,6.0,0.0,0.33,0.11,0.05,0.07,0.8,9.0,4.09,7.0,8.46,8.21,0.19
